access,w_eff,n_vis,eps_idle,eps_coll,T,rho
rts,105,5,0.08,0.02,0.68889,0.15429
rts,105,5,0.08,0.03304,0.68889,0.15429
rts,105,5,0.08,0.05458,0.68889,0.15429
rts,105,5,0.08,0.09016,0.68892,0.14744
rts,105,5,0.08,0.14894,0.68819,0.14102
rts,105,5,0.08,0.24604,0.68878,0.13046
rts,105,5,0.08,0.40644,0.68824,0.12814
rts,105,5,0.08,0.67142,0.68962,0.1254
rts,105,5,0.08,1.10914,0.68968,0.12359
rts,105,5,0.08,1.83223,0.68756,0.10853
rts,105,5,0.08,3.02674,0.68622,0.10534
rts,105,5,0.08,5.0,0.68654,0.10092
rts,105,5,0.11476,0.02,0.68954,0.16208
rts,105,5,0.11476,0.03304,0.68954,0.16208
rts,105,5,0.11476,0.05458,0.68954,0.16208
rts,105,5,0.11476,0.09016,0.68935,0.15916
rts,105,5,0.11476,0.14894,0.68935,0.15736
rts,105,5,0.11476,0.24604,0.68881,0.14317
rts,105,5,0.11476,0.40644,0.68924,0.13535
rts,105,5,0.11476,0.67142,0.68889,0.12829
rts,105,5,0.11476,1.10914,0.69014,0.12848
rts,105,5,0.11476,1.83223,0.68798,0.10984
rts,105,5,0.11476,3.02674,0.68665,0.10666
rts,105,5,0.11476,5.0,0.68697,0.10224
rts,105,5,0.16462,0.02,0.6873,0.18693
rts,105,5,0.16462,0.03304,0.6873,0.18693
rts,105,5,0.16462,0.05458,0.6873,0.18693
rts,105,5,0.16462,0.09016,0.68875,0.179
rts,105,5,0.16462,0.14894,0.68859,0.1706
rts,105,5,0.16462,0.24604,0.68822,0.16385
rts,105,5,0.16462,0.40644,0.68902,0.15025
rts,105,5,0.16462,0.67142,0.68848,0.13909
rts,105,5,0.16462,1.10914,0.68925,0.13693
rts,105,5,0.16462,1.83223,0.68889,0.12387
rts,105,5,0.16462,3.02674,0.68797,0.11829
rts,105,5,0.16462,5.0,0.68727,0.11391
rts,105,5,0.23615,0.02,0.69006,0.2231
rts,105,5,0.23615,0.03304,0.68944,0.2291
rts,105,5,0.23615,0.05458,0.68776,0.22454
rts,105,5,0.23615,0.09016,0.68776,0.22454
rts,105,5,0.23615,0.14894,0.68952,0.21057
rts,105,5,0.23615,0.24604,0.68916,0.20384
rts,105,5,0.23615,0.40644,0.69024,0.19862
rts,105,5,0.23615,0.67142,0.69021,0.17883
rts,105,5,0.23615,1.10914,0.69003,0.15631
rts,105,5,0.23615,1.83223,0.69165,0.15126
rts,105,5,0.23615,3.02674,0.69098,0.14293
rts,105,5,0.23615,5.0,0.69049,0.13855
rts,105,5,0.33876,0.02,0.68656,0.28909
rts,105,5,0.33876,0.03304,0.68502,0.27841
rts,105,5,0.33876,0.05458,0.68533,0.27724
rts,105,5,0.33876,0.09016,0.68717,0.27324
rts,105,5,0.33876,0.14894,0.68654,0.26378
rts,105,5,0.33876,0.24604,0.68987,0.24808
rts,105,5,0.33876,0.40644,0.68992,0.21486
rts,105,5,0.33876,0.67142,0.69127,0.20377
rts,105,5,0.33876,1.10914,0.69243,0.16835
rts,105,5,0.33876,1.83223,0.69062,0.16417
rts,105,5,0.33876,3.02674,0.69086,0.15288
rts,105,5,0.33876,5.0,0.69002,0.14534
rts,105,5,0.48596,0.02,0.686,0.35825
rts,105,5,0.48596,0.03304,0.68829,0.37139
rts,105,5,0.48596,0.05458,0.68798,0.36456
rts,105,5,0.48596,0.09016,0.68403,0.36416
rts,105,5,0.48596,0.14894,0.68167,0.33468
rts,105,5,0.48596,0.24604,0.68167,0.3198
rts,105,5,0.48596,0.40644,0.68189,0.28848
rts,105,5,0.48596,0.67142,0.67806,0.26279
rts,105,5,0.48596,1.10914,0.68611,0.22078
rts,105,5,0.48596,1.83223,0.68557,0.19525
rts,105,5,0.48596,3.02674,0.68141,0.18575
rts,105,5,0.48596,5.0,0.68335,0.18794
rts,105,5,0.69711,0.02,0.68143,0.41614
rts,105,5,0.69711,0.03304,0.68294,0.40651
rts,105,5,0.69711,0.05458,0.68205,0.40271
rts,105,5,0.69711,0.09016,0.67819,0.43491
rts,105,5,0.69711,0.14894,0.67889,0.41496
rts,105,5,0.69711,0.24604,0.67724,0.40149
rts,105,5,0.69711,0.40644,0.68051,0.41286
rts,105,5,0.69711,0.67142,0.6819,0.37584
rts,105,5,0.69711,1.10914,0.68308,0.3372
rts,105,5,0.69711,1.83223,0.68724,0.25838
rts,105,5,0.69711,3.02674,0.685,0.26236
rts,105,5,0.69711,5.0,0.6851,0.26364
rts,105,5,1.0,0.02,0.66398,0.67486
rts,105,5,1.0,0.03304,0.66438,0.67317
rts,105,5,1.0,0.05458,0.66679,0.67673
rts,105,5,1.0,0.09016,0.66875,0.64292
rts,105,5,1.0,0.14894,0.67232,0.66316
rts,105,5,1.0,0.24604,0.66759,0.62556
rts,105,5,1.0,0.40644,0.66521,0.60969
rts,105,5,1.0,0.67142,0.67306,0.55878
rts,105,5,1.0,1.10914,0.6714,0.53024
rts,105,5,1.0,1.83223,0.66779,0.53174
rts,105,5,1.0,3.02674,0.67398,0.39976
rts,105,5,1.0,5.0,0.67429,0.40636
rts,105,10,0.08,0.02,0.68329,0.237
rts,105,10,0.08,0.03304,0.68329,0.237
rts,105,10,0.08,0.05458,0.68359,0.23968
rts,105,10,0.08,0.09016,0.68194,0.23849
rts,105,10,0.08,0.14894,0.68329,0.23765
rts,105,10,0.08,0.24604,0.68206,0.23519
rts,105,10,0.08,0.40644,0.68148,0.21117
rts,105,10,0.08,0.67142,0.68224,0.18934
rts,105,10,0.08,1.10914,0.68181,0.18536
rts,105,10,0.08,1.83223,0.68138,0.16857
rts,105,10,0.08,3.02674,0.67921,0.16415
rts,105,10,0.08,5.0,0.67613,0.15945
rts,105,10,0.11476,0.02,0.68476,0.24868
rts,105,10,0.11476,0.03304,0.68476,0.24868
rts,105,10,0.11476,0.05458,0.68476,0.24868
rts,105,10,0.11476,0.09016,0.68221,0.24226
rts,105,10,0.11476,0.14894,0.68235,0.24235
rts,105,10,0.11476,0.24604,0.68417,0.2553
rts,105,10,0.11476,0.40644,0.68219,0.23133
rts,105,10,0.11476,0.67142,0.68402,0.19502
rts,105,10,0.11476,1.10914,0.68365,0.19308
rts,105,10,0.11476,1.83223,0.682,0.18089
rts,105,10,0.11476,3.02674,0.67983,0.17652
rts,105,10,0.11476,5.0,0.67633,0.17161
rts,105,10,0.16462,0.02,0.68356,0.25943
rts,105,10,0.16462,0.03304,0.68356,0.25943
rts,105,10,0.16462,0.05458,0.68363,0.25568
rts,105,10,0.16462,0.09016,0.68227,0.25377
rts,105,10,0.16462,0.14894,0.68175,0.25071
rts,105,10,0.16462,0.24604,0.68313,0.24932
rts,105,10,0.16462,0.40644,0.68516,0.24432
rts,105,10,0.16462,0.67142,0.6856,0.20008
rts,105,10,0.16462,1.10914,0.68437,0.18342
rts,105,10,0.16462,1.83223,0.68205,0.17785
rts,105,10,0.16462,3.02674,0.67987,0.17347
rts,105,10,0.16462,5.0,0.67638,0.16854
rts,105,10,0.23615,0.02,0.68506,0.29153
rts,105,10,0.23615,0.03304,0.68506,0.29153
rts,105,10,0.23615,0.05458,0.68735,0.29693
rts,105,10,0.23615,0.09016,0.68192,0.28393
rts,105,10,0.23615,0.14894,0.68133,0.27798
rts,105,10,0.23615,0.24604,0.68387,0.27119
rts,105,10,0.23615,0.40644,0.68413,0.25104
rts,105,10,0.23615,0.67142,0.68689,0.25281
rts,105,10,0.23615,1.10914,0.68598,0.21431
rts,105,10,0.23615,1.83223,0.68249,0.19043
rts,105,10,0.23615,3.02674,0.68251,0.18796
rts,105,10,0.23615,5.0,0.67995,0.18577
rts,105,10,0.33876,0.02,0.67537,0.32857
rts,105,10,0.33876,0.03304,0.67421,0.32028
rts,105,10,0.33876,0.05458,0.67575,0.31636
rts,105,10,0.33876,0.09016,0.67425,0.29389
rts,105,10,0.33876,0.14894,0.67624,0.27566
rts,105,10,0.33876,0.24604,0.67856,0.2873
rts,105,10,0.33876,0.40644,0.6801,0.27508
rts,105,10,0.33876,0.67142,0.68216,0.25465
rts,105,10,0.33876,1.10914,0.68313,0.24579
rts,105,10,0.33876,1.83223,0.68254,0.19363
rts,105,10,0.33876,3.02674,0.68105,0.19909
rts,105,10,0.33876,5.0,0.67773,0.18882
rts,105,10,0.48596,0.02,0.67251,0.43405
rts,105,10,0.48596,0.03304,0.67333,0.43121
rts,105,10,0.48596,0.05458,0.66848,0.43164
rts,105,10,0.48596,0.09016,0.67003,0.4349
rts,105,10,0.48596,0.14894,0.67032,0.3911
rts,105,10,0.48596,0.24604,0.67576,0.4026
rts,105,10,0.48596,0.40644,0.66921,0.34203
rts,105,10,0.48596,0.67142,0.67313,0.28618
rts,105,10,0.48596,1.10914,0.68171,0.26865
rts,105,10,0.48596,1.83223,0.6761,0.24651
rts,105,10,0.48596,3.02674,0.6793,0.22619
rts,105,10,0.48596,5.0,0.6791,0.22537
rts,105,10,0.69711,0.02,0.67162,0.50279
rts,105,10,0.69711,0.03304,0.67116,0.50011
rts,105,10,0.69711,0.05458,0.67038,0.48496
rts,105,10,0.69711,0.09016,0.66868,0.49925
rts,105,10,0.69711,0.14894,0.66924,0.46706
rts,105,10,0.69711,0.24604,0.66175,0.4425
rts,105,10,0.69711,0.40644,0.66659,0.45439
rts,105,10,0.69711,0.67142,0.67505,0.41159
rts,105,10,0.69711,1.10914,0.6691,0.33198
rts,105,10,0.69711,1.83223,0.67959,0.31345
rts,105,10,0.69711,3.02674,0.68079,0.29256
rts,105,10,0.69711,5.0,0.67725,0.26962
rts,105,10,1.0,0.02,0.65884,0.60954
rts,105,10,1.0,0.03304,0.65925,0.60824
rts,105,10,1.0,0.05458,0.65783,0.62838
rts,105,10,1.0,0.09016,0.66113,0.62294
rts,105,10,1.0,0.14894,0.65508,0.60596
rts,105,10,1.0,0.24604,0.65871,0.59115
rts,105,10,1.0,0.40644,0.65848,0.57092
rts,105,10,1.0,0.67142,0.66067,0.55245
rts,105,10,1.0,1.10914,0.65884,0.52955
rts,105,10,1.0,1.83223,0.66573,0.43609
rts,105,10,1.0,3.02674,0.68,0.40509
rts,105,10,1.0,5.0,0.67856,0.36932
rts,105,20,0.08,0.02,0.68859,0.29332
rts,105,20,0.08,0.03304,0.68859,0.29332
rts,105,20,0.08,0.05458,0.68878,0.29037
rts,105,20,0.08,0.09016,0.68649,0.28912
rts,105,20,0.08,0.14894,0.68381,0.28903
rts,105,20,0.08,0.24604,0.68229,0.30004
rts,105,20,0.08,0.40644,0.68306,0.25923
rts,105,20,0.08,0.67142,0.6799,0.23743
rts,105,20,0.08,1.10914,0.68305,0.21727
rts,105,20,0.08,1.83223,0.68216,0.21085
rts,105,20,0.08,3.02674,0.68663,0.21561
rts,105,20,0.08,5.0,0.68489,0.2162
rts,105,20,0.11476,0.02,0.68662,0.29198
rts,105,20,0.11476,0.03304,0.68838,0.29534
rts,105,20,0.11476,0.05458,0.68808,0.29361
rts,105,20,0.11476,0.09016,0.68895,0.29303
rts,105,20,0.11476,0.14894,0.68956,0.30088
rts,105,20,0.11476,0.24604,0.68384,0.30173
rts,105,20,0.11476,0.40644,0.68073,0.25767
rts,105,20,0.11476,0.67142,0.68124,0.24182
rts,105,20,0.11476,1.10914,0.68183,0.24074
rts,105,20,0.11476,1.83223,0.68121,0.21995
rts,105,20,0.11476,3.02674,0.68741,0.22528
rts,105,20,0.11476,5.0,0.68567,0.22588
rts,105,20,0.16462,0.02,0.68373,0.30662
rts,105,20,0.16462,0.03304,0.68424,0.30688
rts,105,20,0.16462,0.05458,0.68424,0.30079
rts,105,20,0.16462,0.09016,0.68483,0.30154
rts,105,20,0.16462,0.14894,0.68663,0.31087
rts,105,20,0.16462,0.24604,0.68852,0.29663
rts,105,20,0.16462,0.40644,0.68256,0.27205
rts,105,20,0.16462,0.67142,0.68175,0.25568
rts,105,20,0.16462,1.10914,0.67805,0.22933
rts,105,20,0.16462,1.83223,0.68213,0.2206
rts,105,20,0.16462,3.02674,0.6851,0.21175
rts,105,20,0.16462,5.0,0.68351,0.21326
rts,105,20,0.23615,0.02,0.68335,0.35445
rts,105,20,0.23615,0.03304,0.68365,0.35806
rts,105,20,0.23615,0.05458,0.68251,0.35534
rts,105,20,0.23615,0.09016,0.67949,0.35005
rts,105,20,0.23615,0.14894,0.68103,0.34335
rts,105,20,0.23615,0.24604,0.68032,0.33864
rts,105,20,0.23615,0.40644,0.68517,0.29377
rts,105,20,0.23615,0.67142,0.68079,0.25772
rts,105,20,0.23615,1.10914,0.68349,0.25513
rts,105,20,0.23615,1.83223,0.68176,0.23119
rts,105,20,0.23615,3.02674,0.68348,0.2257
rts,105,20,0.23615,5.0,0.68238,0.23039
rts,105,20,0.33876,0.02,0.68229,0.3876
rts,105,20,0.33876,0.03304,0.68252,0.392
rts,105,20,0.33876,0.05458,0.68221,0.37061
rts,105,20,0.33876,0.09016,0.68235,0.37842
rts,105,20,0.33876,0.14894,0.68476,0.38077
rts,105,20,0.33876,0.24604,0.68363,0.40143
rts,105,20,0.33876,0.40644,0.68263,0.34241
rts,105,20,0.33876,0.67142,0.67938,0.33034
rts,105,20,0.33876,1.10914,0.67683,0.2968
rts,105,20,0.33876,1.83223,0.67806,0.27782
rts,105,20,0.33876,3.02674,0.67727,0.24661
rts,105,20,0.33876,5.0,0.67857,0.25204
rts,105,20,0.48596,0.02,0.67759,0.42627
rts,105,20,0.48596,0.03304,0.67806,0.42671
rts,105,20,0.48596,0.05458,0.67735,0.41373
rts,105,20,0.48596,0.09016,0.67897,0.41628
rts,105,20,0.48596,0.14894,0.68179,0.39793
rts,105,20,0.48596,0.24604,0.67622,0.41498
rts,105,20,0.48596,0.40644,0.67821,0.40418
rts,105,20,0.48596,0.67142,0.68163,0.4135
rts,105,20,0.48596,1.10914,0.6737,0.32811
rts,105,20,0.48596,1.83223,0.67741,0.26589
rts,105,20,0.48596,3.02674,0.67967,0.2407
rts,105,20,0.48596,5.0,0.67984,0.23563
rts,105,20,0.69711,0.02,0.65405,0.51165
rts,105,20,0.69711,0.03304,0.65581,0.51467
rts,105,20,0.69711,0.05458,0.65406,0.50825
rts,105,20,0.69711,0.09016,0.65897,0.4924
rts,105,20,0.69711,0.14894,0.67171,0.43297
rts,105,20,0.69711,0.24604,0.66795,0.46567
rts,105,20,0.69711,0.40644,0.66338,0.46967
rts,105,20,0.69711,0.67142,0.66713,0.42917
rts,105,20,0.69711,1.10914,0.67138,0.39187
rts,105,20,0.69711,1.83223,0.66844,0.34237
rts,105,20,0.69711,3.02674,0.66965,0.30876
rts,105,20,0.69711,5.0,0.67129,0.27531
rts,105,20,1.0,0.02,0.63978,0.65317
rts,105,20,1.0,0.03304,0.6391,0.66657
rts,105,20,1.0,0.05458,0.64149,0.6532
rts,105,20,1.0,0.09016,0.64587,0.65519
rts,105,20,1.0,0.14894,0.64732,0.60675
rts,105,20,1.0,0.24604,0.64625,0.60208
rts,105,20,1.0,0.40644,0.65222,0.55473
rts,105,20,1.0,0.67142,0.65022,0.52872
rts,105,20,1.0,1.10914,0.65657,0.48473
rts,105,20,1.0,1.83223,0.65963,0.43296
rts,105,20,1.0,3.02674,0.66848,0.37473
rts,105,20,1.0,5.0,0.66686,0.35279
rts,105,50,0.08,0.02,0.6694,0.50226
rts,105,50,0.08,0.03304,0.6689,0.50607
rts,105,50,0.08,0.05458,0.6701,0.50145
rts,105,50,0.08,0.09016,0.67498,0.50882
rts,105,50,0.08,0.14894,0.67417,0.48929
rts,105,50,0.08,0.24604,0.67141,0.47363
rts,105,50,0.08,0.40644,0.67348,0.41044
rts,105,50,0.08,0.67142,0.67308,0.36396
rts,105,50,0.08,1.10914,0.67214,0.34012
rts,105,50,0.08,1.83223,0.66114,0.2764
rts,105,50,0.08,3.02674,0.66257,0.25807
rts,105,50,0.08,5.0,0.66041,0.24969
rts,105,50,0.11476,0.02,0.67138,0.5073
rts,105,50,0.11476,0.03304,0.66922,0.50034
rts,105,50,0.11476,0.05458,0.6671,0.50131
rts,105,50,0.11476,0.09016,0.6706,0.51692
rts,105,50,0.11476,0.14894,0.67735,0.50991
rts,105,50,0.11476,0.24604,0.67003,0.48319
rts,105,50,0.11476,0.40644,0.67303,0.42441
rts,105,50,0.11476,0.67142,0.67305,0.37761
rts,105,50,0.11476,1.10914,0.67073,0.33303
rts,105,50,0.11476,1.83223,0.66251,0.28282
rts,105,50,0.11476,3.02674,0.66098,0.26022
rts,105,50,0.11476,5.0,0.65735,0.24914
rts,105,50,0.16462,0.02,0.66776,0.50702
rts,105,50,0.16462,0.03304,0.66662,0.51867
rts,105,50,0.16462,0.05458,0.66573,0.50065
rts,105,50,0.16462,0.09016,0.6693,0.51656
rts,105,50,0.16462,0.14894,0.67095,0.52451
rts,105,50,0.16462,0.24604,0.67056,0.51318
rts,105,50,0.16462,0.40644,0.67048,0.45918
rts,105,50,0.16462,0.67142,0.67213,0.39261
rts,105,50,0.16462,1.10914,0.67176,0.33864
rts,105,50,0.16462,1.83223,0.65983,0.31272
rts,105,50,0.16462,3.02674,0.66143,0.28193
rts,105,50,0.16462,5.0,0.65997,0.28131
rts,105,50,0.23615,0.02,0.66889,0.55652
rts,105,50,0.23615,0.03304,0.66641,0.55095
rts,105,50,0.23615,0.05458,0.6666,0.53477
rts,105,50,0.23615,0.09016,0.66887,0.54138
rts,105,50,0.23615,0.14894,0.67543,0.50533
rts,105,50,0.23615,0.24604,0.66944,0.49391
rts,105,50,0.23615,0.40644,0.6656,0.4769
rts,105,50,0.23615,0.67142,0.66202,0.44024
rts,105,50,0.23615,1.10914,0.66879,0.3639
rts,105,50,0.23615,1.83223,0.66229,0.33011
rts,105,50,0.23615,3.02674,0.66321,0.31667
rts,105,50,0.23615,5.0,0.65989,0.30227
rts,105,50,0.33876,0.02,0.66265,0.56972
rts,105,50,0.33876,0.03304,0.65903,0.56042
rts,105,50,0.33876,0.05458,0.65992,0.54561
rts,105,50,0.33876,0.09016,0.65622,0.56517
rts,105,50,0.33876,0.14894,0.66037,0.54285
rts,105,50,0.33876,0.24604,0.66505,0.51817
rts,105,50,0.33876,0.40644,0.66532,0.5092
rts,105,50,0.33876,0.67142,0.6589,0.47305
rts,105,50,0.33876,1.10914,0.66205,0.38536
rts,105,50,0.33876,1.83223,0.65622,0.31157
rts,105,50,0.33876,3.02674,0.65676,0.30563
rts,105,50,0.33876,5.0,0.65844,0.29524
rts,105,50,0.48596,0.02,0.65162,0.63753
rts,105,50,0.48596,0.03304,0.65403,0.64424
rts,105,50,0.48596,0.05458,0.6557,0.62982
rts,105,50,0.48596,0.09016,0.65349,0.61367
rts,105,50,0.48596,0.14894,0.65665,0.61066
rts,105,50,0.48596,0.24604,0.65863,0.54601
rts,105,50,0.48596,0.40644,0.66838,0.55349
rts,105,50,0.48596,0.67142,0.65386,0.4679
rts,105,50,0.48596,1.10914,0.6581,0.43557
rts,105,50,0.48596,1.83223,0.65446,0.36625
rts,105,50,0.48596,3.02674,0.65959,0.33296
rts,105,50,0.48596,5.0,0.65657,0.32678
rts,105,50,0.69711,0.02,0.64451,0.63585
rts,105,50,0.69711,0.03304,0.647,0.6546
rts,105,50,0.69711,0.05458,0.6491,0.63476
rts,105,50,0.69711,0.09016,0.6444,0.65219
rts,105,50,0.69711,0.14894,0.63786,0.64281
rts,105,50,0.69711,0.24604,0.64032,0.6285
rts,105,50,0.69711,0.40644,0.63379,0.6563
rts,105,50,0.69711,0.67142,0.64584,0.57015
rts,105,50,0.69711,1.10914,0.65703,0.47799
rts,105,50,0.69711,1.83223,0.65265,0.39277
rts,105,50,0.69711,3.02674,0.65775,0.34131
rts,105,50,0.69711,5.0,0.6527,0.31331
rts,105,50,1.0,0.02,0.60684,0.7089
rts,105,50,1.0,0.03304,0.60565,0.7247
rts,105,50,1.0,0.05458,0.60229,0.69823
rts,105,50,1.0,0.09016,0.61025,0.7075
rts,105,50,1.0,0.14894,0.61944,0.69543
rts,105,50,1.0,0.24604,0.60327,0.70328
rts,105,50,1.0,0.40644,0.63084,0.67607
rts,105,50,1.0,0.67142,0.6359,0.64733
rts,105,50,1.0,1.10914,0.64292,0.57905
rts,105,50,1.0,1.83223,0.63924,0.48459
rts,105,50,1.0,3.02674,0.64116,0.3843
rts,105,50,1.0,5.0,0.64387,0.3563
rts,210,5,0.08,0.02,0.71353,0.16147
rts,210,5,0.08,0.03304,0.7134,0.16297
rts,210,5,0.08,0.05458,0.71342,0.15676
rts,210,5,0.08,0.09016,0.7124,0.15591
rts,210,5,0.08,0.14894,0.71237,0.14853
rts,210,5,0.08,0.24604,0.71124,0.14987
rts,210,5,0.08,0.40644,0.71105,0.13916
rts,210,5,0.08,0.67142,0.71132,0.12428
rts,210,5,0.08,1.10914,0.71355,0.11689
rts,210,5,0.08,1.83223,0.71376,0.11262
rts,210,5,0.08,3.02674,0.71461,0.11025
rts,210,5,0.08,5.0,0.71604,0.1084
rts,210,5,0.11476,0.02,0.71312,0.16186
rts,210,5,0.11476,0.03304,0.71312,0.16186
rts,210,5,0.11476,0.05458,0.71386,0.16497
rts,210,5,0.11476,0.09016,0.714,0.16033
rts,210,5,0.11476,0.14894,0.71298,0.15715
rts,210,5,0.11476,0.24604,0.71263,0.15549
rts,210,5,0.11476,0.40644,0.71197,0.14009
rts,210,5,0.11476,0.67142,0.71221,0.13804
rts,210,5,0.11476,1.10914,0.7136,0.11711
rts,210,5,0.11476,1.83223,0.71424,0.11257
rts,210,5,0.11476,3.02674,0.71509,0.11021
rts,210,5,0.11476,5.0,0.71602,0.10757
rts,210,5,0.16462,0.02,0.71178,0.21536
rts,210,5,0.16462,0.03304,0.71255,0.21499
rts,210,5,0.16462,0.05458,0.7116,0.21979
rts,210,5,0.16462,0.09016,0.71229,0.21059
rts,210,5,0.16462,0.14894,0.71202,0.19569
rts,210,5,0.16462,0.24604,0.71202,0.17619
rts,210,5,0.16462,0.40644,0.71254,0.16002
rts,210,5,0.16462,0.67142,0.71101,0.16579
rts,210,5,0.16462,1.10914,0.7105,0.13656
rts,210,5,0.16462,1.83223,0.71303,0.13056
rts,210,5,0.16462,3.02674,0.71452,0.12446
rts,210,5,0.16462,5.0,0.71547,0.1218
rts,210,5,0.23615,0.02,0.70923,0.32792
rts,210,5,0.23615,0.03304,0.70932,0.32523
rts,210,5,0.23615,0.05458,0.71054,0.31257
rts,210,5,0.23615,0.09016,0.71119,0.30449
rts,210,5,0.23615,0.14894,0.70979,0.29881
rts,210,5,0.23615,0.24604,0.71102,0.25912
rts,210,5,0.23615,0.40644,0.71081,0.22878
rts,210,5,0.23615,0.67142,0.71206,0.19558
rts,210,5,0.23615,1.10914,0.70617,0.16743
rts,210,5,0.23615,1.83223,0.70935,0.15088
rts,210,5,0.23615,3.02674,0.71049,0.14323
rts,210,5,0.23615,5.0,0.71206,0.14067
rts,210,5,0.33876,0.02,0.7112,0.41473
rts,210,5,0.33876,0.03304,0.71182,0.4158
rts,210,5,0.33876,0.05458,0.71091,0.40709
rts,210,5,0.33876,0.09016,0.71237,0.40953
rts,210,5,0.33876,0.14894,0.71407,0.40239
rts,210,5,0.33876,0.24604,0.71321,0.38852
rts,210,5,0.33876,0.40644,0.71141,0.34248
rts,210,5,0.33876,0.67142,0.71072,0.2741
rts,210,5,0.33876,1.10914,0.7068,0.23304
rts,210,5,0.33876,1.83223,0.70842,0.19036
rts,210,5,0.33876,3.02674,0.71233,0.17708
rts,210,5,0.33876,5.0,0.71439,0.17041
rts,210,5,0.48596,0.02,0.70537,0.69073
rts,210,5,0.48596,0.03304,0.70498,0.69925
rts,210,5,0.48596,0.05458,0.70883,0.68402
rts,210,5,0.48596,0.09016,0.70921,0.66536
rts,210,5,0.48596,0.14894,0.71133,0.65722
rts,210,5,0.48596,0.24604,0.71085,0.62879
rts,210,5,0.48596,0.40644,0.70772,0.51735
rts,210,5,0.48596,0.67142,0.71154,0.50036
rts,210,5,0.48596,1.10914,0.70985,0.37895
rts,210,5,0.48596,1.83223,0.70889,0.27659
rts,210,5,0.48596,3.02674,0.7084,0.24314
rts,210,5,0.48596,5.0,0.71001,0.22421
rts,210,5,0.69711,0.02,0.69082,0.97659
rts,210,5,0.69711,0.03304,0.68503,0.99311
rts,210,5,0.69711,0.05458,0.68979,0.96906
rts,210,5,0.69711,0.09016,0.68891,1.00728
rts,210,5,0.69711,0.14894,0.69192,0.95776
rts,210,5,0.69711,0.24604,0.69551,0.88835
rts,210,5,0.69711,0.40644,0.69792,0.83114
rts,210,5,0.69711,0.67142,0.70607,0.75013
rts,210,5,0.69711,1.10914,0.70356,0.68952
rts,210,5,0.69711,1.83223,0.7033,0.50348
rts,210,5,0.69711,3.02674,0.70723,0.40072
rts,210,5,0.69711,5.0,0.70935,0.37895
rts,210,5,1.0,0.02,0.66363,1.30531
rts,210,5,1.0,0.03304,0.6659,1.28036
rts,210,5,1.0,0.05458,0.66506,1.31869
rts,210,5,1.0,0.09016,0.66933,1.3657
rts,210,5,1.0,0.14894,0.67201,1.33927
rts,210,5,1.0,0.24604,0.67759,1.27191
rts,210,5,1.0,0.40644,0.67412,1.35362
rts,210,5,1.0,0.67142,0.68053,1.1702
rts,210,5,1.0,1.10914,0.68721,1.14134
rts,210,5,1.0,1.83223,0.69251,1.00064
rts,210,5,1.0,3.02674,0.69517,0.75275
rts,210,5,1.0,5.0,0.69345,0.65936
rts,210,10,0.08,0.02,0.71558,0.21785
rts,210,10,0.08,0.03304,0.71574,0.21572
rts,210,10,0.08,0.05458,0.71467,0.21549
rts,210,10,0.08,0.09016,0.71457,0.21454
rts,210,10,0.08,0.14894,0.71566,0.21621
rts,210,10,0.08,0.24604,0.71596,0.21414
rts,210,10,0.08,0.40644,0.71451,0.19047
rts,210,10,0.08,0.67142,0.71512,0.17837
rts,210,10,0.08,1.10914,0.71616,0.15965
rts,210,10,0.08,1.83223,0.7169,0.13931
rts,210,10,0.08,3.02674,0.71377,0.12062
rts,210,10,0.08,5.0,0.71339,0.11988
rts,210,10,0.11476,0.02,0.71135,0.25297
rts,210,10,0.11476,0.03304,0.70989,0.25139
rts,210,10,0.11476,0.05458,0.71388,0.23431
rts,210,10,0.11476,0.09016,0.71267,0.22905
rts,210,10,0.11476,0.14894,0.71395,0.21277
rts,210,10,0.11476,0.24604,0.71425,0.21768
rts,210,10,0.11476,0.40644,0.71326,0.19973
rts,210,10,0.11476,0.67142,0.7124,0.17945
rts,210,10,0.11476,1.10914,0.71406,0.16585
rts,210,10,0.11476,1.83223,0.71459,0.13163
rts,210,10,0.11476,3.02674,0.71229,0.11797
rts,210,10,0.11476,5.0,0.711,0.11607
rts,210,10,0.16462,0.02,0.70964,0.29751
rts,210,10,0.16462,0.03304,0.70906,0.29158
rts,210,10,0.16462,0.05458,0.70973,0.29209
rts,210,10,0.16462,0.09016,0.70965,0.28194
rts,210,10,0.16462,0.14894,0.70979,0.26232
rts,210,10,0.16462,0.24604,0.71091,0.2442
rts,210,10,0.16462,0.40644,0.71419,0.2335
rts,210,10,0.16462,0.67142,0.71115,0.19758
rts,210,10,0.16462,1.10914,0.71264,0.18523
rts,210,10,0.16462,1.83223,0.7115,0.1573
rts,210,10,0.16462,3.02674,0.71051,0.13364
rts,210,10,0.16462,5.0,0.70963,0.13193
rts,210,10,0.23615,0.02,0.71014,0.40283
rts,210,10,0.23615,0.03304,0.71032,0.39211
rts,210,10,0.23615,0.05458,0.71144,0.37195
rts,210,10,0.23615,0.09016,0.7123,0.36167
rts,210,10,0.23615,0.14894,0.71151,0.33356
rts,210,10,0.23615,0.24604,0.70981,0.31692
rts,210,10,0.23615,0.40644,0.71006,0.25184
rts,210,10,0.23615,0.67142,0.71171,0.24163
rts,210,10,0.23615,1.10914,0.70999,0.1859
rts,210,10,0.23615,1.83223,0.70883,0.16717
rts,210,10,0.23615,3.02674,0.70663,0.13988
rts,210,10,0.23615,5.0,0.7066,0.13126
rts,210,10,0.33876,0.02,0.70688,0.47706
rts,210,10,0.33876,0.03304,0.7069,0.4842
rts,210,10,0.33876,0.05458,0.70844,0.47148
rts,210,10,0.33876,0.09016,0.70576,0.45085
rts,210,10,0.33876,0.14894,0.70908,0.43875
rts,210,10,0.33876,0.24604,0.70735,0.4155
rts,210,10,0.33876,0.40644,0.71242,0.38244
rts,210,10,0.33876,0.67142,0.71002,0.30753
rts,210,10,0.33876,1.10914,0.71062,0.26342
rts,210,10,0.33876,1.83223,0.7127,0.22069
rts,210,10,0.33876,3.02674,0.71285,0.21385
rts,210,10,0.33876,5.0,0.71136,0.19609
rts,210,10,0.48596,0.02,0.70226,0.6499
rts,210,10,0.48596,0.03304,0.70387,0.65222
rts,210,10,0.48596,0.05458,0.70101,0.64055
rts,210,10,0.48596,0.09016,0.70279,0.64552
rts,210,10,0.48596,0.14894,0.70917,0.62354
rts,210,10,0.48596,0.24604,0.70874,0.60096
rts,210,10,0.48596,0.40644,0.70682,0.5634
rts,210,10,0.48596,0.67142,0.70724,0.53674
rts,210,10,0.48596,1.10914,0.7073,0.3798
rts,210,10,0.48596,1.83223,0.70476,0.2811
rts,210,10,0.48596,3.02674,0.7075,0.23178
rts,210,10,0.48596,5.0,0.71011,0.22791
rts,210,10,0.69711,0.02,0.68394,0.84194
rts,210,10,0.69711,0.03304,0.68198,0.85994
rts,210,10,0.69711,0.05458,0.68274,0.85638
rts,210,10,0.69711,0.09016,0.68557,0.81605
rts,210,10,0.69711,0.14894,0.69042,0.79133
rts,210,10,0.69711,0.24604,0.6975,0.82597
rts,210,10,0.69711,0.40644,0.69787,0.75179
rts,210,10,0.69711,0.67142,0.70215,0.72695
rts,210,10,0.69711,1.10914,0.70619,0.62814
rts,210,10,0.69711,1.83223,0.70443,0.47615
rts,210,10,0.69711,3.02674,0.71167,0.40352
rts,210,10,0.69711,5.0,0.70937,0.38661
rts,210,10,1.0,0.02,0.64495,1.08186
rts,210,10,1.0,0.03304,0.64821,1.06772
rts,210,10,1.0,0.05458,0.65286,1.06557
rts,210,10,1.0,0.09016,0.64997,1.04921
rts,210,10,1.0,0.14894,0.66384,1.02453
rts,210,10,1.0,0.24604,0.66777,0.99067
rts,210,10,1.0,0.40644,0.67456,1.03604
rts,210,10,1.0,0.67142,0.67592,1.01684
rts,210,10,1.0,1.10914,0.68041,0.91791
rts,210,10,1.0,1.83223,0.68406,0.79479
rts,210,10,1.0,3.02674,0.69482,0.69355
rts,210,10,1.0,5.0,0.69839,0.62454
rts,210,20,0.08,0.02,0.71603,0.31937
rts,210,20,0.08,0.03304,0.71611,0.31509
rts,210,20,0.08,0.05458,0.71623,0.31316
rts,210,20,0.08,0.09016,0.71661,0.30928
rts,210,20,0.08,0.14894,0.71821,0.29203
rts,210,20,0.08,0.24604,0.7164,0.29651
rts,210,20,0.08,0.40644,0.71572,0.25883
rts,210,20,0.08,0.67142,0.7162,0.24837
rts,210,20,0.08,1.10914,0.71981,0.20791
rts,210,20,0.08,1.83223,0.71901,0.18842
rts,210,20,0.08,3.02674,0.71971,0.17292
rts,210,20,0.08,5.0,0.71953,0.16833
rts,210,20,0.11476,0.02,0.71345,0.33262
rts,210,20,0.11476,0.03304,0.7139,0.33751
rts,210,20,0.11476,0.05458,0.7177,0.33487
rts,210,20,0.11476,0.09016,0.71706,0.32472
rts,210,20,0.11476,0.14894,0.71896,0.31858
rts,210,20,0.11476,0.24604,0.71811,0.29162
rts,210,20,0.11476,0.40644,0.71487,0.28014
rts,210,20,0.11476,0.67142,0.71689,0.26978
rts,210,20,0.11476,1.10914,0.72179,0.22784
rts,210,20,0.11476,1.83223,0.71997,0.20327
rts,210,20,0.11476,3.02674,0.71595,0.18316
rts,210,20,0.11476,5.0,0.71589,0.17512
rts,210,20,0.16462,0.02,0.71037,0.38523
rts,210,20,0.16462,0.03304,0.71152,0.38665
rts,210,20,0.16462,0.05458,0.71017,0.37977
rts,210,20,0.16462,0.09016,0.71111,0.36291
rts,210,20,0.16462,0.14894,0.70924,0.35249
rts,210,20,0.16462,0.24604,0.71525,0.34127
rts,210,20,0.16462,0.40644,0.71437,0.31711
rts,210,20,0.16462,0.67142,0.7182,0.27987
rts,210,20,0.16462,1.10914,0.72183,0.25316
rts,210,20,0.16462,1.83223,0.72175,0.21822
rts,210,20,0.16462,3.02674,0.71516,0.19035
rts,210,20,0.16462,5.0,0.71515,0.17902
rts,210,20,0.23615,0.02,0.71155,0.43518
rts,210,20,0.23615,0.03304,0.71216,0.42722
rts,210,20,0.23615,0.05458,0.7115,0.42631
rts,210,20,0.23615,0.09016,0.7101,0.41305
rts,210,20,0.23615,0.14894,0.71045,0.39896
rts,210,20,0.23615,0.24604,0.71286,0.39028
rts,210,20,0.23615,0.40644,0.71197,0.34641
rts,210,20,0.23615,0.67142,0.71152,0.32111
rts,210,20,0.23615,1.10914,0.72124,0.27928
rts,210,20,0.23615,1.83223,0.71814,0.23092
rts,210,20,0.23615,3.02674,0.71463,0.20439
rts,210,20,0.23615,5.0,0.7155,0.1875
rts,210,20,0.33876,0.02,0.70764,0.51893
rts,210,20,0.33876,0.03304,0.70811,0.52142
rts,210,20,0.33876,0.05458,0.70929,0.53131
rts,210,20,0.33876,0.09016,0.70898,0.50603
rts,210,20,0.33876,0.14894,0.7104,0.48385
rts,210,20,0.33876,0.24604,0.71317,0.457
rts,210,20,0.33876,0.40644,0.70934,0.42357
rts,210,20,0.33876,0.67142,0.71371,0.39787
rts,210,20,0.33876,1.10914,0.70933,0.33088
rts,210,20,0.33876,1.83223,0.71737,0.291
rts,210,20,0.33876,3.02674,0.71486,0.23904
rts,210,20,0.33876,5.0,0.71496,0.21718
rts,210,20,0.48596,0.02,0.70203,0.64725
rts,210,20,0.48596,0.03304,0.70469,0.6314
rts,210,20,0.48596,0.05458,0.70774,0.6384
rts,210,20,0.48596,0.09016,0.69827,0.63905
rts,210,20,0.48596,0.14894,0.70233,0.65154
rts,210,20,0.48596,0.24604,0.70565,0.60048
rts,210,20,0.48596,0.40644,0.70294,0.55702
rts,210,20,0.48596,0.67142,0.70433,0.50918
rts,210,20,0.48596,1.10914,0.71125,0.44581
rts,210,20,0.48596,1.83223,0.709,0.33901
rts,210,20,0.48596,3.02674,0.70931,0.26528
rts,210,20,0.48596,5.0,0.70729,0.2461
rts,210,20,0.69711,0.02,0.68033,0.8144
rts,210,20,0.69711,0.03304,0.67522,0.79752
rts,210,20,0.69711,0.05458,0.68378,0.77429
rts,210,20,0.69711,0.09016,0.68204,0.7931
rts,210,20,0.69711,0.14894,0.68026,0.78994
rts,210,20,0.69711,0.24604,0.68009,0.76287
rts,210,20,0.69711,0.40644,0.69463,0.69485
rts,210,20,0.69711,0.67142,0.69712,0.65458
rts,210,20,0.69711,1.10914,0.70142,0.54211
rts,210,20,0.69711,1.83223,0.70568,0.47161
rts,210,20,0.69711,3.02674,0.70201,0.36545
rts,210,20,0.69711,5.0,0.7069,0.35589
rts,210,20,1.0,0.02,0.63539,0.91708
rts,210,20,1.0,0.03304,0.63262,0.92514
rts,210,20,1.0,0.05458,0.63363,0.90724
rts,210,20,1.0,0.09016,0.64399,0.8918
rts,210,20,1.0,0.14894,0.64555,0.92607
rts,210,20,1.0,0.24604,0.65489,0.89452
rts,210,20,1.0,0.40644,0.66351,0.87235
rts,210,20,1.0,0.67142,0.67298,0.83372
rts,210,20,1.0,1.10914,0.67666,0.76683
rts,210,20,1.0,1.83223,0.67883,0.65918
rts,210,20,1.0,3.02674,0.68558,0.58149
rts,210,20,1.0,5.0,0.69353,0.5134
rts,210,50,0.08,0.02,0.71402,0.47194
rts,210,50,0.08,0.03304,0.71362,0.4733
rts,210,50,0.08,0.05458,0.71293,0.48006
rts,210,50,0.08,0.09016,0.71393,0.47884
rts,210,50,0.08,0.14894,0.71159,0.45798
rts,210,50,0.08,0.24604,0.71779,0.4205
rts,210,50,0.08,0.40644,0.7141,0.38054
rts,210,50,0.08,0.67142,0.71107,0.32224
rts,210,50,0.08,1.10914,0.71623,0.29348
rts,210,50,0.08,1.83223,0.71133,0.24629
rts,210,50,0.08,3.02674,0.71379,0.23698
rts,210,50,0.08,5.0,0.71411,0.23794
rts,210,50,0.11476,0.02,0.71098,0.49268
rts,210,50,0.11476,0.03304,0.71264,0.48537
rts,210,50,0.11476,0.05458,0.71294,0.48291
rts,210,50,0.11476,0.09016,0.71575,0.47437
rts,210,50,0.11476,0.14894,0.71425,0.48537
rts,210,50,0.11476,0.24604,0.7114,0.44126
rts,210,50,0.11476,0.40644,0.71718,0.39727
rts,210,50,0.11476,0.67142,0.71312,0.34117
rts,210,50,0.11476,1.10914,0.71606,0.30229
rts,210,50,0.11476,1.83223,0.71198,0.26142
rts,210,50,0.11476,3.02674,0.71275,0.23445
rts,210,50,0.11476,5.0,0.71333,0.23719
rts,210,50,0.16462,0.02,0.70886,0.52977
rts,210,50,0.16462,0.03304,0.70765,0.53107
rts,210,50,0.16462,0.05458,0.71221,0.52962
rts,210,50,0.16462,0.09016,0.71161,0.50205
rts,210,50,0.16462,0.14894,0.7105,0.50425
rts,210,50,0.16462,0.24604,0.71248,0.49068
rts,210,50,0.16462,0.40644,0.7144,0.46115
rts,210,50,0.16462,0.67142,0.71863,0.3839
rts,210,50,0.16462,1.10914,0.71431,0.32072
rts,210,50,0.16462,1.83223,0.70873,0.27347
rts,210,50,0.16462,3.02674,0.70967,0.23313
rts,210,50,0.16462,5.0,0.71016,0.24433
rts,210,50,0.23615,0.02,0.70861,0.58826
rts,210,50,0.23615,0.03304,0.70792,0.5766
rts,210,50,0.23615,0.05458,0.7046,0.57878
rts,210,50,0.23615,0.09016,0.71133,0.57314
rts,210,50,0.23615,0.14894,0.71091,0.55995
rts,210,50,0.23615,0.24604,0.71649,0.52394
rts,210,50,0.23615,0.40644,0.70867,0.4808
rts,210,50,0.23615,0.67142,0.7135,0.42323
rts,210,50,0.23615,1.10914,0.71144,0.35638
rts,210,50,0.23615,1.83223,0.71102,0.27915
rts,210,50,0.23615,3.02674,0.71391,0.26903
rts,210,50,0.23615,5.0,0.71275,0.25767
rts,210,50,0.33876,0.02,0.70197,0.65388
rts,210,50,0.33876,0.03304,0.69787,0.6489
rts,210,50,0.33876,0.05458,0.70206,0.66198
rts,210,50,0.33876,0.09016,0.7056,0.64492
rts,210,50,0.33876,0.14894,0.70349,0.61889
rts,210,50,0.33876,0.24604,0.70568,0.59161
rts,210,50,0.33876,0.40644,0.71413,0.563
rts,210,50,0.33876,0.67142,0.71192,0.49156
rts,210,50,0.33876,1.10914,0.71117,0.39287
rts,210,50,0.33876,1.83223,0.71177,0.32306
rts,210,50,0.33876,3.02674,0.70752,0.29434
rts,210,50,0.33876,5.0,0.7129,0.27866
rts,210,50,0.48596,0.02,0.68579,0.71731
rts,210,50,0.48596,0.03304,0.68983,0.73332
rts,210,50,0.48596,0.05458,0.6864,0.72703
rts,210,50,0.48596,0.09016,0.6894,0.73233
rts,210,50,0.48596,0.14894,0.68798,0.69254
rts,210,50,0.48596,0.24604,0.69687,0.68536
rts,210,50,0.48596,0.40644,0.70069,0.65934
rts,210,50,0.48596,0.67142,0.70031,0.57021
rts,210,50,0.48596,1.10914,0.70706,0.50262
rts,210,50,0.48596,1.83223,0.70359,0.39321
rts,210,50,0.48596,3.02674,0.70507,0.31255
rts,210,50,0.48596,5.0,0.70631,0.28772
rts,210,50,0.69711,0.02,0.65242,0.80899
rts,210,50,0.69711,0.03304,0.66121,0.79621
rts,210,50,0.69711,0.05458,0.659,0.79607
rts,210,50,0.69711,0.09016,0.66093,0.79467
rts,210,50,0.69711,0.14894,0.67016,0.78028
rts,210,50,0.69711,0.24604,0.67559,0.75789
rts,210,50,0.69711,0.40644,0.67993,0.7374
rts,210,50,0.69711,0.67142,0.68579,0.68423
rts,210,50,0.69711,1.10914,0.68583,0.5946
rts,210,50,0.69711,1.83223,0.69925,0.49822
rts,210,50,0.69711,3.02674,0.70109,0.39199
rts,210,50,0.69711,5.0,0.69709,0.34601
rts,210,50,1.0,0.02,0.61552,0.85613
rts,210,50,1.0,0.03304,0.62599,0.8537
rts,210,50,1.0,0.05458,0.62721,0.85919
rts,210,50,1.0,0.09016,0.62648,0.84661
rts,210,50,1.0,0.14894,0.63389,0.8475
rts,210,50,1.0,0.24604,0.63505,0.82522
rts,210,50,1.0,0.40644,0.64742,0.83259
rts,210,50,1.0,0.67142,0.65084,0.80418
rts,210,50,1.0,1.10914,0.66534,0.73801
rts,210,50,1.0,1.83223,0.67023,0.61614
rts,210,50,1.0,3.02674,0.68318,0.48645
rts,210,50,1.0,5.0,0.68487,0.46091
rts,420,5,0.08,0.02,0.71725,0.13121
rts,420,5,0.08,0.03304,0.7166,0.12916
rts,420,5,0.08,0.05458,0.71609,0.12251
rts,420,5,0.08,0.09016,0.71908,0.11809
rts,420,5,0.08,0.14894,0.71763,0.1112
rts,420,5,0.08,0.24604,0.71514,0.09618
rts,420,5,0.08,0.40644,0.71597,0.0771
rts,420,5,0.08,0.67142,0.71671,0.06368
rts,420,5,0.08,1.10914,0.71778,0.05143
rts,420,5,0.08,1.83223,0.71712,0.04017
rts,420,5,0.08,3.02674,0.71764,0.03809
rts,420,5,0.08,5.0,0.71721,0.03828
rts,420,5,0.11476,0.02,0.71757,0.16096
rts,420,5,0.11476,0.03304,0.7166,0.15827
rts,420,5,0.11476,0.05458,0.71746,0.14602
rts,420,5,0.11476,0.09016,0.71775,0.14082
rts,420,5,0.11476,0.14894,0.71788,0.13205
rts,420,5,0.11476,0.24604,0.7175,0.1196
rts,420,5,0.11476,0.40644,0.71671,0.09724
rts,420,5,0.11476,0.67142,0.71842,0.0865
rts,420,5,0.11476,1.10914,0.71777,0.06475
rts,420,5,0.11476,1.83223,0.71783,0.05533
rts,420,5,0.11476,3.02674,0.71831,0.04695
rts,420,5,0.11476,5.0,0.71748,0.04717
rts,420,5,0.16462,0.02,0.71404,0.27134
rts,420,5,0.16462,0.03304,0.71304,0.2678
rts,420,5,0.16462,0.05458,0.71408,0.26344
rts,420,5,0.16462,0.09016,0.71587,0.2318
rts,420,5,0.16462,0.14894,0.71639,0.19737
rts,420,5,0.16462,0.24604,0.71868,0.16827
rts,420,5,0.16462,0.40644,0.7171,0.12838
rts,420,5,0.16462,0.67142,0.71566,0.10147
rts,420,5,0.16462,1.10914,0.71606,0.07846
rts,420,5,0.16462,1.83223,0.71612,0.06493
rts,420,5,0.16462,3.02674,0.71659,0.05622
rts,420,5,0.16462,5.0,0.71636,0.05529
rts,420,5,0.23615,0.02,0.71956,0.46756
rts,420,5,0.23615,0.03304,0.7175,0.44752
rts,420,5,0.23615,0.05458,0.71848,0.44248
rts,420,5,0.23615,0.09016,0.71838,0.41737
rts,420,5,0.23615,0.14894,0.72088,0.37538
rts,420,5,0.23615,0.24604,0.71852,0.31937
rts,420,5,0.23615,0.40644,0.71688,0.23911
rts,420,5,0.23615,0.67142,0.71994,0.1773
rts,420,5,0.23615,1.10914,0.71604,0.11565
rts,420,5,0.23615,1.83223,0.71513,0.08247
rts,420,5,0.23615,3.02674,0.71454,0.06999
rts,420,5,0.23615,5.0,0.71498,0.06435
rts,420,5,0.33876,0.02,0.71637,0.82451
rts,420,5,0.33876,0.03304,0.72081,0.79327
rts,420,5,0.33876,0.05458,0.72031,0.77306
rts,420,5,0.33876,0.09016,0.71781,0.77926
rts,420,5,0.33876,0.14894,0.71505,0.72233
rts,420,5,0.33876,0.24604,0.7167,0.60979
rts,420,5,0.33876,0.40644,0.72037,0.53782
rts,420,5,0.33876,0.67142,0.71851,0.38875
rts,420,5,0.33876,1.10914,0.71915,0.18746
rts,420,5,0.33876,1.83223,0.71843,0.1545
rts,420,5,0.33876,3.02674,0.72029,0.12561
rts,420,5,0.33876,5.0,0.72002,0.11977
rts,420,5,0.48596,0.02,0.70808,1.20267
rts,420,5,0.48596,0.03304,0.70627,1.24246
rts,420,5,0.48596,0.05458,0.70626,1.244
rts,420,5,0.48596,0.09016,0.71025,1.2162
rts,420,5,0.48596,0.14894,0.70856,1.18598
rts,420,5,0.48596,0.24604,0.71376,1.16413
rts,420,5,0.48596,0.40644,0.70729,1.00093
rts,420,5,0.48596,0.67142,0.72021,0.8183
rts,420,5,0.48596,1.10914,0.71598,0.57331
rts,420,5,0.48596,1.83223,0.71748,0.32664
rts,420,5,0.48596,3.02674,0.71782,0.22593
rts,420,5,0.48596,5.0,0.71775,0.22413
rts,420,5,0.69711,0.02,0.67085,1.65281
rts,420,5,0.69711,0.03304,0.66909,1.61142
rts,420,5,0.69711,0.05458,0.67374,1.63107
rts,420,5,0.69711,0.09016,0.67839,1.62109
rts,420,5,0.69711,0.14894,0.68471,1.61605
rts,420,5,0.69711,0.24604,0.69082,1.61245
rts,420,5,0.69711,0.40644,0.69156,1.54747
rts,420,5,0.69711,0.67142,0.70108,1.4013
rts,420,5,0.69711,1.10914,0.70411,1.19353
rts,420,5,0.69711,1.83223,0.70623,0.89646
rts,420,5,0.69711,3.02674,0.71236,0.63292
rts,420,5,0.69711,5.0,0.70735,0.51258
rts,420,5,1.0,0.02,0.59868,1.86049
rts,420,5,1.0,0.03304,0.59067,1.8918
rts,420,5,1.0,0.05458,0.59996,1.82926
rts,420,5,1.0,0.09016,0.60995,1.89338
rts,420,5,1.0,0.14894,0.62252,1.90813
rts,420,5,1.0,0.24604,0.62517,1.93947
rts,420,5,1.0,0.40644,0.62986,1.85401
rts,420,5,1.0,0.67142,0.63823,1.81038
rts,420,5,1.0,1.10914,0.64351,1.71517
rts,420,5,1.0,1.83223,0.64863,1.51561
rts,420,5,1.0,3.02674,0.64855,1.16181
rts,420,5,1.0,5.0,0.65074,0.95437
rts,420,10,0.08,0.02,0.71584,0.1905
rts,420,10,0.08,0.03304,0.71674,0.18356
rts,420,10,0.08,0.05458,0.71675,0.17041
rts,420,10,0.08,0.09016,0.71751,0.16455
rts,420,10,0.08,0.14894,0.71659,0.15337
rts,420,10,0.08,0.24604,0.71943,0.1377
rts,420,10,0.08,0.40644,0.71856,0.12146
rts,420,10,0.08,0.67142,0.71645,0.09461
rts,420,10,0.08,1.10914,0.71894,0.07017
rts,420,10,0.08,1.83223,0.71821,0.05119
rts,420,10,0.08,3.02674,0.71771,0.04466
rts,420,10,0.08,5.0,0.71771,0.04466
rts,420,10,0.11476,0.02,0.72091,0.26166
rts,420,10,0.11476,0.03304,0.72288,0.25403
rts,420,10,0.11476,0.05458,0.71829,0.24185
rts,420,10,0.11476,0.09016,0.71859,0.2293
rts,420,10,0.11476,0.14894,0.72031,0.20615
rts,420,10,0.11476,0.24604,0.71848,0.17353
rts,420,10,0.11476,0.40644,0.72004,0.14145
rts,420,10,0.11476,0.67142,0.71871,0.11836
rts,420,10,0.11476,1.10914,0.721,0.08476
rts,420,10,0.11476,1.83223,0.71682,0.05702
rts,420,10,0.11476,3.02674,0.71848,0.04807
rts,420,10,0.11476,5.0,0.7186,0.05077
rts,420,10,0.16462,0.02,0.72076,0.34079
rts,420,10,0.16462,0.03304,0.72025,0.34367
rts,420,10,0.16462,0.05458,0.72116,0.32732
rts,420,10,0.16462,0.09016,0.722,0.32017
rts,420,10,0.16462,0.14894,0.72237,0.29035
rts,420,10,0.16462,0.24604,0.72203,0.26197
rts,420,10,0.16462,0.40644,0.71859,0.19614
rts,420,10,0.16462,0.67142,0.71779,0.13889
rts,420,10,0.16462,1.10914,0.71828,0.11534
rts,420,10,0.16462,1.83223,0.71729,0.08762
rts,420,10,0.16462,3.02674,0.71689,0.0683
rts,420,10,0.16462,5.0,0.71647,0.06931
rts,420,10,0.23615,0.02,0.72017,0.51367
rts,420,10,0.23615,0.03304,0.71696,0.49473
rts,420,10,0.23615,0.05458,0.71969,0.48908
rts,420,10,0.23615,0.09016,0.71638,0.47813
rts,420,10,0.23615,0.14894,0.71857,0.42633
rts,420,10,0.23615,0.24604,0.717,0.36988
rts,420,10,0.23615,0.40644,0.72038,0.32379
rts,420,10,0.23615,0.67142,0.718,0.21127
rts,420,10,0.23615,1.10914,0.7208,0.1511
rts,420,10,0.23615,1.83223,0.71782,0.10634
rts,420,10,0.23615,3.02674,0.71815,0.08564
rts,420,10,0.23615,5.0,0.71842,0.08362
rts,420,10,0.33876,0.02,0.71451,0.76979
rts,420,10,0.33876,0.03304,0.71937,0.75314
rts,420,10,0.33876,0.05458,0.71839,0.72304
rts,420,10,0.33876,0.09016,0.71669,0.7303
rts,420,10,0.33876,0.14894,0.71732,0.67698
rts,420,10,0.33876,0.24604,0.71778,0.60254
rts,420,10,0.33876,0.40644,0.71464,0.5125
rts,420,10,0.33876,0.67142,0.71879,0.37934
rts,420,10,0.33876,1.10914,0.7211,0.25591
rts,420,10,0.33876,1.83223,0.71823,0.14754
rts,420,10,0.33876,3.02674,0.71987,0.12045
rts,420,10,0.33876,5.0,0.71901,0.10998
rts,420,10,0.48596,0.02,0.69996,1.01431
rts,420,10,0.48596,0.03304,0.70631,1.01594
rts,420,10,0.48596,0.05458,0.70116,1.00825
rts,420,10,0.48596,0.09016,0.70501,1.02375
rts,420,10,0.48596,0.14894,0.70464,0.96016
rts,420,10,0.48596,0.24604,0.71226,0.91262
rts,420,10,0.48596,0.40644,0.71328,0.83261
rts,420,10,0.48596,0.67142,0.71702,0.69881
rts,420,10,0.48596,1.10914,0.71842,0.53204
rts,420,10,0.48596,1.83223,0.7145,0.29201
rts,420,10,0.48596,3.02674,0.71792,0.22435
rts,420,10,0.48596,5.0,0.71983,0.21953
rts,420,10,0.69711,0.02,0.65517,1.23784
rts,420,10,0.69711,0.03304,0.65892,1.22775
rts,420,10,0.69711,0.05458,0.65852,1.24288
rts,420,10,0.69711,0.09016,0.67222,1.24901
rts,420,10,0.69711,0.14894,0.67924,1.22483
rts,420,10,0.69711,0.24604,0.69118,1.16627
rts,420,10,0.69711,0.40644,0.691,1.15354
rts,420,10,0.69711,0.67142,0.6974,1.06095
rts,420,10,0.69711,1.10914,0.69687,0.92872
rts,420,10,0.69711,1.83223,0.70053,0.66027
rts,420,10,0.69711,3.02674,0.70609,0.48557
rts,420,10,0.69711,5.0,0.71079,0.41844
rts,420,10,1.0,0.02,0.57483,1.34774
rts,420,10,1.0,0.03304,0.57786,1.35858
rts,420,10,1.0,0.05458,0.58438,1.36879
rts,420,10,1.0,0.09016,0.59075,1.40936
rts,420,10,1.0,0.14894,0.62189,1.37405
rts,420,10,1.0,0.24604,0.62765,1.37181
rts,420,10,1.0,0.40644,0.64744,1.35425
rts,420,10,1.0,0.67142,0.64658,1.29187
rts,420,10,1.0,1.10914,0.6623,1.21374
rts,420,10,1.0,1.83223,0.63736,1.09135
rts,420,10,1.0,3.02674,0.6484,0.90139
rts,420,10,1.0,5.0,0.64707,0.74404
rts,420,20,0.08,0.02,0.72379,0.25304
rts,420,20,0.08,0.03304,0.72471,0.2493
rts,420,20,0.08,0.05458,0.7253,0.23059
rts,420,20,0.08,0.09016,0.72342,0.21845
rts,420,20,0.08,0.14894,0.72249,0.20421
rts,420,20,0.08,0.24604,0.72073,0.18861
rts,420,20,0.08,0.40644,0.72354,0.15649
rts,420,20,0.08,0.67142,0.72056,0.13546
rts,420,20,0.08,1.10914,0.71982,0.10689
rts,420,20,0.08,1.83223,0.71963,0.08553
rts,420,20,0.08,3.02674,0.71942,0.08062
rts,420,20,0.08,5.0,0.7194,0.08055
rts,420,20,0.11476,0.02,0.7231,0.30854
rts,420,20,0.11476,0.03304,0.72351,0.30065
rts,420,20,0.11476,0.05458,0.72581,0.29182
rts,420,20,0.11476,0.09016,0.72511,0.28681
rts,420,20,0.11476,0.14894,0.72348,0.25188
rts,420,20,0.11476,0.24604,0.72269,0.2241
rts,420,20,0.11476,0.40644,0.72417,0.19011
rts,420,20,0.11476,0.67142,0.71967,0.15134
rts,420,20,0.11476,1.10914,0.71967,0.11814
rts,420,20,0.11476,1.83223,0.71857,0.09882
rts,420,20,0.11476,3.02674,0.71902,0.09394
rts,420,20,0.11476,5.0,0.71939,0.09497
rts,420,20,0.16462,0.02,0.72121,0.4115
rts,420,20,0.16462,0.03304,0.72109,0.38206
rts,420,20,0.16462,0.05458,0.72018,0.37309
rts,420,20,0.16462,0.09016,0.72392,0.38628
rts,420,20,0.16462,0.14894,0.71971,0.3266
rts,420,20,0.16462,0.24604,0.72571,0.29401
rts,420,20,0.16462,0.40644,0.72153,0.24629
rts,420,20,0.16462,0.67142,0.7189,0.18784
rts,420,20,0.16462,1.10914,0.71674,0.13983
rts,420,20,0.16462,1.83223,0.71955,0.10849
rts,420,20,0.16462,3.02674,0.71671,0.08485
rts,420,20,0.16462,5.0,0.71738,0.08345
rts,420,20,0.23615,0.02,0.71783,0.55414
rts,420,20,0.23615,0.03304,0.71731,0.53544
rts,420,20,0.23615,0.05458,0.71994,0.52033
rts,420,20,0.23615,0.09016,0.71952,0.50184
rts,420,20,0.23615,0.14894,0.71685,0.4819
rts,420,20,0.23615,0.24604,0.7201,0.43686
rts,420,20,0.23615,0.40644,0.72051,0.36184
rts,420,20,0.23615,0.67142,0.72367,0.26485
rts,420,20,0.23615,1.10914,0.71965,0.18072
rts,420,20,0.23615,1.83223,0.7152,0.1384
rts,420,20,0.23615,3.02674,0.71929,0.11034
rts,420,20,0.23615,5.0,0.71782,0.10326
rts,420,20,0.33876,0.02,0.71785,0.71333
rts,420,20,0.33876,0.03304,0.71367,0.71248
rts,420,20,0.33876,0.05458,0.71354,0.68624
rts,420,20,0.33876,0.09016,0.71537,0.68896
rts,420,20,0.33876,0.14894,0.71948,0.62657
rts,420,20,0.33876,0.24604,0.72029,0.61991
rts,420,20,0.33876,0.40644,0.71771,0.52972
rts,420,20,0.33876,0.67142,0.71828,0.42172
rts,420,20,0.33876,1.10914,0.72017,0.30189
rts,420,20,0.33876,1.83223,0.71774,0.17854
rts,420,20,0.33876,3.02674,0.72003,0.15694
rts,420,20,0.33876,5.0,0.71827,0.13721
rts,420,20,0.48596,0.02,0.69897,0.88165
rts,420,20,0.48596,0.03304,0.69304,0.89256
rts,420,20,0.48596,0.05458,0.69567,0.88554
rts,420,20,0.48596,0.09016,0.69667,0.87577
rts,420,20,0.48596,0.14894,0.70315,0.85526
rts,420,20,0.48596,0.24604,0.71205,0.81818
rts,420,20,0.48596,0.40644,0.71062,0.75558
rts,420,20,0.48596,0.67142,0.71885,0.65935
rts,420,20,0.48596,1.10914,0.7161,0.49524
rts,420,20,0.48596,1.83223,0.71587,0.30288
rts,420,20,0.48596,3.02674,0.7193,0.2439
rts,420,20,0.48596,5.0,0.71629,0.21066
rts,420,20,0.69711,0.02,0.63847,1.02303
rts,420,20,0.69711,0.03304,0.64125,1.00874
rts,420,20,0.69711,0.05458,0.64613,1.00224
rts,420,20,0.69711,0.09016,0.66074,0.99919
rts,420,20,0.69711,0.14894,0.67132,1.00677
rts,420,20,0.69711,0.24604,0.67578,0.99361
rts,420,20,0.69711,0.40644,0.69388,0.95464
rts,420,20,0.69711,0.67142,0.69843,0.88098
rts,420,20,0.69711,1.10914,0.70425,0.75206
rts,420,20,0.69711,1.83223,0.70394,0.58618
rts,420,20,0.69711,3.02674,0.70301,0.44186
rts,420,20,0.69711,5.0,0.69958,0.35921
rts,420,20,1.0,0.02,0.56123,1.09603
rts,420,20,1.0,0.03304,0.55695,1.1091
rts,420,20,1.0,0.05458,0.5799,1.08745
rts,420,20,1.0,0.09016,0.59913,1.09395
rts,420,20,1.0,0.14894,0.62574,1.11135
rts,420,20,1.0,0.24604,0.62134,1.11489
rts,420,20,1.0,0.40644,0.65071,1.08684
rts,420,20,1.0,0.67142,0.65911,1.04313
rts,420,20,1.0,1.10914,0.6726,0.96458
rts,420,20,1.0,1.83223,0.64911,0.82923
rts,420,20,1.0,3.02674,0.64455,0.65389
rts,420,20,1.0,5.0,0.63553,0.60049
rts,420,50,0.08,0.02,0.72414,0.41761
rts,420,50,0.08,0.03304,0.72288,0.40921
rts,420,50,0.08,0.05458,0.72572,0.39152
rts,420,50,0.08,0.09016,0.73019,0.39405
rts,420,50,0.08,0.14894,0.72513,0.36342
rts,420,50,0.08,0.24604,0.72579,0.32862
rts,420,50,0.08,0.40644,0.72587,0.28907
rts,420,50,0.08,0.67142,0.72349,0.21954
rts,420,50,0.08,1.10914,0.72269,0.17939
rts,420,50,0.08,1.83223,0.72075,0.14084
rts,420,50,0.08,3.02674,0.72042,0.12772
rts,420,50,0.08,5.0,0.72002,0.12201
rts,420,50,0.11476,0.02,0.72776,0.49263
rts,420,50,0.11476,0.03304,0.72936,0.48401
rts,420,50,0.11476,0.05458,0.72589,0.4807
rts,420,50,0.11476,0.09016,0.72697,0.44552
rts,420,50,0.11476,0.14894,0.72825,0.41366
rts,420,50,0.11476,0.24604,0.72698,0.37543
rts,420,50,0.11476,0.40644,0.72418,0.31691
rts,420,50,0.11476,0.67142,0.72494,0.264
rts,420,50,0.11476,1.10914,0.72243,0.19564
rts,420,50,0.11476,1.83223,0.71916,0.15591
rts,420,50,0.11476,3.02674,0.7201,0.13195
rts,420,50,0.11476,5.0,0.71853,0.12457
rts,420,50,0.16462,0.02,0.71969,0.56597
rts,420,50,0.16462,0.03304,0.72271,0.54828
rts,420,50,0.16462,0.05458,0.72566,0.54067
rts,420,50,0.16462,0.09016,0.72636,0.52836
rts,420,50,0.16462,0.14894,0.72481,0.48404
rts,420,50,0.16462,0.24604,0.72894,0.45384
rts,420,50,0.16462,0.40644,0.72579,0.38688
rts,420,50,0.16462,0.67142,0.72415,0.30766
rts,420,50,0.16462,1.10914,0.72449,0.23969
rts,420,50,0.16462,1.83223,0.71949,0.17176
rts,420,50,0.16462,3.02674,0.7202,0.16142
rts,420,50,0.16462,5.0,0.72048,0.14954
rts,420,50,0.23615,0.02,0.71679,0.64021
rts,420,50,0.23615,0.03304,0.71917,0.65202
rts,420,50,0.23615,0.05458,0.71842,0.63976
rts,420,50,0.23615,0.09016,0.71535,0.63462
rts,420,50,0.23615,0.14894,0.72337,0.61129
rts,420,50,0.23615,0.24604,0.72408,0.55934
rts,420,50,0.23615,0.40644,0.72914,0.48475
rts,420,50,0.23615,0.67142,0.72324,0.38664
rts,420,50,0.23615,1.10914,0.7248,0.2832
rts,420,50,0.23615,1.83223,0.72048,0.20554
rts,420,50,0.23615,3.02674,0.7184,0.16108
rts,420,50,0.23615,5.0,0.71564,0.14711
rts,420,50,0.33876,0.02,0.70354,0.74734
rts,420,50,0.33876,0.03304,0.70752,0.74431
rts,420,50,0.33876,0.05458,0.70894,0.75798
rts,420,50,0.33876,0.09016,0.71431,0.73946
rts,420,50,0.33876,0.14894,0.71528,0.71382
rts,420,50,0.33876,0.24604,0.71326,0.67248
rts,420,50,0.33876,0.40644,0.71849,0.60649
rts,420,50,0.33876,0.67142,0.72453,0.5273
rts,420,50,0.33876,1.10914,0.72182,0.37041
rts,420,50,0.33876,1.83223,0.72304,0.2582
rts,420,50,0.33876,3.02674,0.72055,0.20174
rts,420,50,0.33876,5.0,0.72139,0.1846
rts,420,50,0.48596,0.02,0.67437,0.85835
rts,420,50,0.48596,0.03304,0.67773,0.84822
rts,420,50,0.48596,0.05458,0.68315,0.8518
rts,420,50,0.48596,0.09016,0.6845,0.8279
rts,420,50,0.48596,0.14894,0.69584,0.81923
rts,420,50,0.48596,0.24604,0.70183,0.8034
rts,420,50,0.48596,0.40644,0.71304,0.74654
rts,420,50,0.48596,0.67142,0.71346,0.65876
rts,420,50,0.48596,1.10914,0.7134,0.53633
rts,420,50,0.48596,1.83223,0.72027,0.3429
rts,420,50,0.48596,3.02674,0.71764,0.2607
rts,420,50,0.48596,5.0,0.71756,0.2236
rts,420,50,0.69711,0.02,0.62363,0.9095
rts,420,50,0.69711,0.03304,0.6254,0.89945
rts,420,50,0.69711,0.05458,0.63578,0.90211
rts,420,50,0.69711,0.09016,0.64379,0.8968
rts,420,50,0.69711,0.14894,0.66113,0.91188
rts,420,50,0.69711,0.24604,0.67333,0.88791
rts,420,50,0.69711,0.40644,0.68533,0.86635
rts,420,50,0.69711,0.67142,0.69487,0.79648
rts,420,50,0.69711,1.10914,0.70408,0.67859
rts,420,50,0.69711,1.83223,0.70284,0.4826
rts,420,50,0.69711,3.02674,0.70208,0.35052
rts,420,50,0.69711,5.0,0.70072,0.33842
rts,420,50,1.0,0.02,0.54856,0.94262
rts,420,50,1.0,0.03304,0.53526,0.95509
rts,420,50,1.0,0.05458,0.56335,0.96899
rts,420,50,1.0,0.09016,0.58093,0.95799
rts,420,50,1.0,0.14894,0.60971,0.95729
rts,420,50,1.0,0.24604,0.62312,0.96462
rts,420,50,1.0,0.40644,0.6471,0.95716
rts,420,50,1.0,0.67142,0.66795,0.91753
rts,420,50,1.0,1.10914,0.6727,0.84437
rts,420,50,1.0,1.83223,0.66447,0.69409
rts,420,50,1.0,3.02674,0.6469,0.54289
rts,420,50,1.0,5.0,0.64648,0.50688
rts,840,5,0.08,0.02,0.72982,0.16991
rts,840,5,0.08,0.03304,0.72921,0.15844
rts,840,5,0.08,0.05458,0.72976,0.1491
rts,840,5,0.08,0.09016,0.73045,0.12994
rts,840,5,0.08,0.14894,0.72962,0.09974
rts,840,5,0.08,0.24604,0.72871,0.07599
rts,840,5,0.08,0.40644,0.72924,0.05038
rts,840,5,0.08,0.67142,0.72815,0.02756
rts,840,5,0.08,1.10914,0.72835,0.01795
rts,840,5,0.08,1.83223,0.72842,0.01551
rts,840,5,0.08,3.02674,0.7287,0.01505
rts,840,5,0.08,5.0,0.7287,0.01505
rts,840,5,0.11476,0.02,0.73072,0.31023
rts,840,5,0.11476,0.03304,0.72891,0.30279
rts,840,5,0.11476,0.05458,0.72869,0.29232
rts,840,5,0.11476,0.09016,0.72863,0.2226
rts,840,5,0.11476,0.14894,0.72831,0.19026
rts,840,5,0.11476,0.24604,0.72872,0.14063
rts,840,5,0.11476,0.40644,0.72986,0.08017
rts,840,5,0.11476,0.67142,0.72947,0.04096
rts,840,5,0.11476,1.10914,0.72847,0.0236
rts,840,5,0.11476,1.83223,0.72857,0.01827
rts,840,5,0.11476,3.02674,0.72859,0.0168
rts,840,5,0.11476,5.0,0.72859,0.0168
rts,840,5,0.16462,0.02,0.73192,0.61855
rts,840,5,0.16462,0.03304,0.73197,0.60444
rts,840,5,0.16462,0.05458,0.73249,0.56739
rts,840,5,0.16462,0.09016,0.73307,0.50518
rts,840,5,0.16462,0.14894,0.73123,0.41819
rts,840,5,0.16462,0.24604,0.72925,0.32249
rts,840,5,0.16462,0.40644,0.73048,0.18675
rts,840,5,0.16462,0.67142,0.72985,0.0829
rts,840,5,0.16462,1.10914,0.72894,0.03269
rts,840,5,0.16462,1.83223,0.7292,0.02605
rts,840,5,0.16462,3.02674,0.72921,0.01903
rts,840,5,0.16462,5.0,0.72921,0.01903
rts,840,5,0.23615,0.02,0.72755,1.08016
rts,840,5,0.23615,0.03304,0.73,1.08416
rts,840,5,0.23615,0.05458,0.73172,0.9953
rts,840,5,0.23615,0.09016,0.73209,0.95976
rts,840,5,0.23615,0.14894,0.72762,0.86611
rts,840,5,0.23615,0.24604,0.73287,0.76511
rts,840,5,0.23615,0.40644,0.73107,0.51083
rts,840,5,0.23615,0.67142,0.72861,0.24401
rts,840,5,0.23615,1.10914,0.73004,0.07521
rts,840,5,0.23615,1.83223,0.72833,0.03438
rts,840,5,0.23615,3.02674,0.72822,0.03083
rts,840,5,0.23615,5.0,0.72757,0.03019
rts,840,5,0.33876,0.02,0.70562,1.52999
rts,840,5,0.33876,0.03304,0.70988,1.48436
rts,840,5,0.33876,0.05458,0.71426,1.47027
rts,840,5,0.33876,0.09016,0.71716,1.47994
rts,840,5,0.33876,0.14894,0.71947,1.42232
rts,840,5,0.33876,0.24604,0.72449,1.31737
rts,840,5,0.33876,0.40644,0.72494,1.10715
rts,840,5,0.33876,0.67142,0.73037,0.82099
rts,840,5,0.33876,1.10914,0.73011,0.37256
rts,840,5,0.33876,1.83223,0.72944,0.10273
rts,840,5,0.33876,3.02674,0.72785,0.06427
rts,840,5,0.33876,5.0,0.72791,0.06008
rts,840,5,0.48596,0.02,0.65839,1.84877
rts,840,5,0.48596,0.03304,0.65824,1.85122
rts,840,5,0.48596,0.05458,0.66025,1.85787
rts,840,5,0.48596,0.09016,0.68142,1.83361
rts,840,5,0.48596,0.14894,0.68489,1.83489
rts,840,5,0.48596,0.24604,0.6951,1.78638
rts,840,5,0.48596,0.40644,0.70616,1.69142
rts,840,5,0.48596,0.67142,0.70992,1.48136
rts,840,5,0.48596,1.10914,0.71353,1.11229
rts,840,5,0.48596,1.83223,0.72074,0.5137
rts,840,5,0.48596,3.02674,0.72801,0.23763
rts,840,5,0.48596,5.0,0.72567,0.2325
rts,840,5,0.69711,0.02,0.56361,2.08162
rts,840,5,0.69711,0.03304,0.57712,2.08251
rts,840,5,0.69711,0.05458,0.57373,2.06033
rts,840,5,0.69711,0.09016,0.5932,2.07249
rts,840,5,0.69711,0.14894,0.61294,2.06825
rts,840,5,0.69711,0.24604,0.62895,2.0866
rts,840,5,0.69711,0.40644,0.64247,2.03021
rts,840,5,0.69711,0.67142,0.63891,1.95449
rts,840,5,0.69711,1.10914,0.63317,1.69931
rts,840,5,0.69711,1.83223,0.64837,1.36825
rts,840,5,0.69711,3.02674,0.67566,0.84577
rts,840,5,0.69711,5.0,0.68084,0.63366
rts,840,5,1.0,0.02,0.46274,2.17439
rts,840,5,1.0,0.03304,0.46306,2.17079
rts,840,5,1.0,0.05458,0.45254,2.15859
rts,840,5,1.0,0.09016,0.45823,2.14906
rts,840,5,1.0,0.14894,0.48392,2.18318
rts,840,5,1.0,0.24604,0.50144,2.17165
rts,840,5,1.0,0.40644,0.51025,2.17742
rts,840,5,1.0,0.67142,0.51204,2.13083
rts,840,5,1.0,1.10914,0.46685,1.97807
rts,840,5,1.0,1.83223,0.50308,1.85784
rts,840,5,1.0,3.02674,0.51628,1.58836
rts,840,5,1.0,5.0,0.55119,1.32427
rts,840,10,0.08,0.02,0.72969,0.22277
rts,840,10,0.08,0.03304,0.73023,0.20671
rts,840,10,0.08,0.05458,0.73105,0.20315
rts,840,10,0.08,0.09016,0.72849,0.18351
rts,840,10,0.08,0.14894,0.73059,0.14419
rts,840,10,0.08,0.24604,0.72958,0.10013
rts,840,10,0.08,0.40644,0.72707,0.05305
rts,840,10,0.08,0.67142,0.72844,0.04086
rts,840,10,0.08,1.10914,0.72822,0.02389
rts,840,10,0.08,1.83223,0.72713,0.01998
rts,840,10,0.08,3.02674,0.72723,0.01939
rts,840,10,0.08,5.0,0.72723,0.01939
rts,840,10,0.11476,0.02,0.72989,0.35452
rts,840,10,0.11476,0.03304,0.73244,0.3462
rts,840,10,0.11476,0.05458,0.731,0.32474
rts,840,10,0.11476,0.09016,0.72993,0.28379
rts,840,10,0.11476,0.14894,0.72991,0.2402
rts,840,10,0.11476,0.24604,0.73043,0.18203
rts,840,10,0.11476,0.40644,0.7285,0.10189
rts,840,10,0.11476,0.67142,0.72741,0.05308
rts,840,10,0.11476,1.10914,0.72832,0.03199
rts,840,10,0.11476,1.83223,0.72756,0.02237
rts,840,10,0.11476,3.02674,0.72779,0.02266
rts,840,10,0.11476,5.0,0.72779,0.02266
rts,840,10,0.16462,0.02,0.73068,0.57263
rts,840,10,0.16462,0.03304,0.73249,0.57993
rts,840,10,0.16462,0.05458,0.73138,0.55985
rts,840,10,0.16462,0.09016,0.73139,0.50796
rts,840,10,0.16462,0.14894,0.73144,0.44963
rts,840,10,0.16462,0.24604,0.72991,0.33781
rts,840,10,0.16462,0.40644,0.7283,0.23783
rts,840,10,0.16462,0.67142,0.72971,0.10727
rts,840,10,0.16462,1.10914,0.72858,0.05052
rts,840,10,0.16462,1.83223,0.72825,0.0331
rts,840,10,0.16462,3.02674,0.72812,0.02923
rts,840,10,0.16462,5.0,0.72812,0.02891
rts,840,10,0.23615,0.02,0.72309,0.87493
rts,840,10,0.23615,0.03304,0.7239,0.85642
rts,840,10,0.23615,0.05458,0.72415,0.83128
rts,840,10,0.23615,0.09016,0.72902,0.80682
rts,840,10,0.23615,0.14894,0.72871,0.75317
rts,840,10,0.23615,0.24604,0.72658,0.65685
rts,840,10,0.23615,0.40644,0.72971,0.49568
rts,840,10,0.23615,0.67142,0.73076,0.27582
rts,840,10,0.23615,1.10914,0.72755,0.09626
rts,840,10,0.23615,1.83223,0.72817,0.05509
rts,840,10,0.23615,3.02674,0.7267,0.04068
rts,840,10,0.23615,5.0,0.72676,0.04067
rts,840,10,0.33876,0.02,0.69671,1.15566
rts,840,10,0.33876,0.03304,0.69943,1.12785
rts,840,10,0.33876,0.05458,0.70371,1.11361
rts,840,10,0.33876,0.09016,0.71219,1.07972
rts,840,10,0.33876,0.14894,0.7136,1.08668
rts,840,10,0.33876,0.24604,0.72167,1.00165
rts,840,10,0.33876,0.40644,0.72635,0.87857
rts,840,10,0.33876,0.67142,0.7291,0.64945
rts,840,10,0.33876,1.10914,0.72598,0.29125
rts,840,10,0.33876,1.83223,0.72747,0.11325
rts,840,10,0.33876,3.02674,0.72876,0.07698
rts,840,10,0.33876,5.0,0.7288,0.0695
rts,840,10,0.48596,0.02,0.64328,1.33474
rts,840,10,0.48596,0.03304,0.64615,1.31526
rts,840,10,0.48596,0.05458,0.65791,1.34756
rts,840,10,0.48596,0.09016,0.67114,1.33046
rts,840,10,0.48596,0.14894,0.68784,1.31317
rts,840,10,0.48596,0.24604,0.6952,1.31062
rts,840,10,0.48596,0.40644,0.70883,1.21207
rts,840,10,0.48596,0.67142,0.71877,1.05482
rts,840,10,0.48596,1.10914,0.71893,0.78168
rts,840,10,0.48596,1.83223,0.71985,0.37054
rts,840,10,0.48596,3.02674,0.72147,0.22952
rts,840,10,0.48596,5.0,0.72376,0.1883
rts,840,10,0.69711,0.02,0.5564,1.44343
rts,840,10,0.69711,0.03304,0.5569,1.45661
rts,840,10,0.69711,0.05458,0.58635,1.45928
rts,840,10,0.69711,0.09016,0.60999,1.46278
rts,840,10,0.69711,0.14894,0.62768,1.49113
rts,840,10,0.69711,0.24604,0.64942,1.47572
rts,840,10,0.69711,0.40644,0.66714,1.44368
rts,840,10,0.69711,0.67142,0.66421,1.37659
rts,840,10,0.69711,1.10914,0.64678,1.18137
rts,840,10,0.69711,1.83223,0.65738,0.92079
rts,840,10,0.69711,3.02674,0.67293,0.63745
rts,840,10,0.69711,5.0,0.66811,0.52096
rts,840,10,1.0,0.02,0.44697,1.52464
rts,840,10,1.0,0.03304,0.45693,1.5199
rts,840,10,1.0,0.05458,0.48013,1.52761
rts,840,10,1.0,0.09016,0.50845,1.5488
rts,840,10,1.0,0.14894,0.53886,1.59032
rts,840,10,1.0,0.24604,0.56055,1.58977
rts,840,10,1.0,0.40644,0.56613,1.54816
rts,840,10,1.0,0.67142,0.55689,1.52569
rts,840,10,1.0,1.10914,0.51398,1.41098
rts,840,10,1.0,1.83223,0.52055,1.28096
rts,840,10,1.0,3.02674,0.51279,1.05485
rts,840,10,1.0,5.0,0.5351,0.94503
rts,840,20,0.08,0.02,0.73288,0.27697
rts,840,20,0.08,0.03304,0.73317,0.27268
rts,840,20,0.08,0.05458,0.73255,0.25209
rts,840,20,0.08,0.09016,0.72968,0.21663
rts,840,20,0.08,0.14894,0.7302,0.17846
rts,840,20,0.08,0.24604,0.73029,0.13947
rts,840,20,0.08,0.40644,0.7286,0.07967
rts,840,20,0.08,0.67142,0.73056,0.0532
rts,840,20,0.08,1.10914,0.72878,0.03901
rts,840,20,0.08,1.83223,0.7285,0.03252
rts,840,20,0.08,3.02674,0.72853,0.0305
rts,840,20,0.08,5.0,0.72855,0.03027
rts,840,20,0.11476,0.02,0.73493,0.41651
rts,840,20,0.11476,0.03304,0.73275,0.39117
rts,840,20,0.11476,0.05458,0.73404,0.37517
rts,840,20,0.11476,0.09016,0.73084,0.33704
rts,840,20,0.11476,0.14894,0.73346,0.27983
rts,840,20,0.11476,0.24604,0.73051,0.20859
rts,840,20,0.11476,0.40644,0.73032,0.13164
rts,840,20,0.11476,0.67142,0.72958,0.07208
rts,840,20,0.11476,1.10914,0.72951,0.04593
rts,840,20,0.11476,1.83223,0.7275,0.0345
rts,840,20,0.11476,3.02674,0.72804,0.03329
rts,840,20,0.11476,5.0,0.72861,0.03289
rts,840,20,0.16462,0.02,0.73181,0.5817
rts,840,20,0.16462,0.03304,0.73181,0.57667
rts,840,20,0.16462,0.05458,0.73137,0.54821
rts,840,20,0.16462,0.09016,0.73394,0.50353
rts,840,20,0.16462,0.14894,0.73198,0.46103
rts,840,20,0.16462,0.24604,0.73014,0.38403
rts,840,20,0.16462,0.40644,0.73198,0.25335
rts,840,20,0.16462,0.67142,0.73095,0.12847
rts,840,20,0.16462,1.10914,0.72621,0.06039
rts,840,20,0.16462,1.83223,0.72561,0.04195
rts,840,20,0.16462,3.02674,0.72551,0.0369
rts,840,20,0.16462,5.0,0.72589,0.03709
rts,840,20,0.23615,0.02,0.71778,0.77796
rts,840,20,0.23615,0.03304,0.71811,0.77841
rts,840,20,0.23615,0.05458,0.72252,0.74748
rts,840,20,0.23615,0.09016,0.72714,0.73322
rts,840,20,0.23615,0.14894,0.72918,0.68933
rts,840,20,0.23615,0.24604,0.73322,0.62599
rts,840,20,0.23615,0.40644,0.73313,0.46652
rts,840,20,0.23615,0.67142,0.73117,0.29717
rts,840,20,0.23615,1.10914,0.7301,0.11688
rts,840,20,0.23615,1.83223,0.72804,0.05529
rts,840,20,0.23615,3.02674,0.72667,0.04733
rts,840,20,0.23615,5.0,0.72629,0.04801
rts,840,20,0.33876,0.02,0.68765,0.95014
rts,840,20,0.33876,0.03304,0.68794,0.95419
rts,840,20,0.33876,0.05458,0.69475,0.94381
rts,840,20,0.33876,0.09016,0.70454,0.93167
rts,840,20,0.33876,0.14894,0.71135,0.89282
rts,840,20,0.33876,0.24604,0.7204,0.84346
rts,840,20,0.33876,0.40644,0.72572,0.74604
rts,840,20,0.33876,0.67142,0.73122,0.56886
rts,840,20,0.33876,1.10914,0.72957,0.30851
rts,840,20,0.33876,1.83223,0.72719,0.12764
rts,840,20,0.33876,3.02674,0.72937,0.08534
rts,840,20,0.33876,5.0,0.72946,0.07833
rts,840,20,0.48596,0.02,0.63347,1.07527
rts,840,20,0.48596,0.03304,0.63897,1.06927
rts,840,20,0.48596,0.05458,0.64496,1.06185
rts,840,20,0.48596,0.09016,0.67008,1.07829
rts,840,20,0.48596,0.14894,0.67998,1.06951
rts,840,20,0.48596,0.24604,0.69896,1.03456
rts,840,20,0.48596,0.40644,0.71141,0.97273
rts,840,20,0.48596,0.67142,0.72208,0.84352
rts,840,20,0.48596,1.10914,0.71849,0.62125
rts,840,20,0.48596,1.83223,0.72288,0.33905
rts,840,20,0.48596,3.02674,0.72256,0.20024
rts,840,20,0.48596,5.0,0.71898,0.17089
rts,840,20,0.69711,0.02,0.53962,1.13757
rts,840,20,0.69711,0.03304,0.56131,1.14647
rts,840,20,0.69711,0.05458,0.58115,1.16863
rts,840,20,0.69711,0.09016,0.60619,1.17436
rts,840,20,0.69711,0.14894,0.63621,1.17331
rts,840,20,0.69711,0.24604,0.65868,1.16675
rts,840,20,0.69711,0.40644,0.68412,1.13906
rts,840,20,0.69711,0.67142,0.69223,1.04205
rts,840,20,0.69711,1.10914,0.68149,0.91467
rts,840,20,0.69711,1.83223,0.67402,0.69209
rts,840,20,0.69711,3.02674,0.67129,0.47335
rts,840,20,0.69711,5.0,0.67091,0.40928
rts,840,20,1.0,0.02,0.43243,1.17597
rts,840,20,1.0,0.03304,0.4594,1.19457
rts,840,20,1.0,0.05458,0.4905,1.20183
rts,840,20,1.0,0.09016,0.52755,1.23343
rts,840,20,1.0,0.14894,0.56487,1.2427
rts,840,20,1.0,0.24604,0.60237,1.24798
rts,840,20,1.0,0.40644,0.62999,1.24068
rts,840,20,1.0,0.67142,0.61379,1.19886
rts,840,20,1.0,1.10914,0.58806,1.10625
rts,840,20,1.0,1.83223,0.5439,0.95935
rts,840,20,1.0,3.02674,0.52289,0.79247
rts,840,20,1.0,5.0,0.52552,0.73506
rts,840,50,0.08,0.02,0.73427,0.40906
rts,840,50,0.08,0.03304,0.73741,0.3972
rts,840,50,0.08,0.05458,0.73703,0.37252
rts,840,50,0.08,0.09016,0.73652,0.32319
rts,840,50,0.08,0.14894,0.73345,0.2953
rts,840,50,0.08,0.24604,0.73117,0.22757
rts,840,50,0.08,0.40644,0.73122,0.14859
rts,840,50,0.08,0.67142,0.72901,0.09778
rts,840,50,0.08,1.10914,0.73032,0.06969
rts,840,50,0.08,1.83223,0.73133,0.06137
rts,840,50,0.08,3.02674,0.72939,0.05548
rts,840,50,0.08,5.0,0.72939,0.05548
rts,840,50,0.11476,0.02,0.73399,0.50425
rts,840,50,0.11476,0.03304,0.7344,0.50674
rts,840,50,0.11476,0.05458,0.73574,0.48177
rts,840,50,0.11476,0.09016,0.73679,0.45395
rts,840,50,0.11476,0.14894,0.73423,0.39946
rts,840,50,0.11476,0.24604,0.73469,0.31481
rts,840,50,0.11476,0.40644,0.72958,0.22254
rts,840,50,0.11476,0.67142,0.73018,0.13071
rts,840,50,0.11476,1.10914,0.72851,0.0855
rts,840,50,0.11476,1.83223,0.72902,0.06303
rts,840,50,0.11476,3.02674,0.73034,0.05827
rts,840,50,0.11476,5.0,0.73003,0.05778
rts,840,50,0.16462,0.02,0.72815,0.64198
rts,840,50,0.16462,0.03304,0.73119,0.63163
rts,840,50,0.16462,0.05458,0.73122,0.62156
rts,840,50,0.16462,0.09016,0.73241,0.594
rts,840,50,0.16462,0.14894,0.73239,0.549
rts,840,50,0.16462,0.24604,0.73213,0.46202
rts,840,50,0.16462,0.40644,0.73529,0.34768
rts,840,50,0.16462,0.67142,0.73081,0.20421
rts,840,50,0.16462,1.10914,0.73035,0.1027
rts,840,50,0.16462,1.83223,0.73049,0.07684
rts,840,50,0.16462,3.02674,0.72954,0.07362
rts,840,50,0.16462,5.0,0.72885,0.07106
rts,840,50,0.23615,0.02,0.7073,0.76392
rts,840,50,0.23615,0.03304,0.71453,0.75471
rts,840,50,0.23615,0.05458,0.71537,0.74995
rts,840,50,0.23615,0.09016,0.71869,0.73949
rts,840,50,0.23615,0.14894,0.72588,0.70323
rts,840,50,0.23615,0.24604,0.73096,0.63422
rts,840,50,0.23615,0.40644,0.73217,0.53046
rts,840,50,0.23615,0.67142,0.73247,0.35039
rts,840,50,0.23615,1.10914,0.73094,0.19188
rts,840,50,0.23615,1.83223,0.73023,0.10319
rts,840,50,0.23615,3.02674,0.72881,0.08892
rts,840,50,0.23615,5.0,0.7301,0.08384
rts,840,50,0.33876,0.02,0.67436,0.87238
rts,840,50,0.33876,0.03304,0.67997,0.86253
rts,840,50,0.33876,0.05458,0.68804,0.86109
rts,840,50,0.33876,0.09016,0.69848,0.85766
rts,840,50,0.33876,0.14894,0.70614,0.83551
rts,840,50,0.33876,0.24604,0.71724,0.7858
rts,840,50,0.33876,0.40644,0.72323,0.69882
rts,840,50,0.33876,0.67142,0.72908,0.57104
rts,840,50,0.33876,1.10914,0.7292,0.34218
rts,840,50,0.33876,1.83223,0.7306,0.18215
rts,840,50,0.33876,3.02674,0.72924,0.14306
rts,840,50,0.33876,5.0,0.72986,0.12909
rts,840,50,0.48596,0.02,0.61153,0.91358
rts,840,50,0.48596,0.03304,0.61782,0.93539
rts,840,50,0.48596,0.05458,0.63415,0.94109
rts,840,50,0.48596,0.09016,0.66086,0.94153
rts,840,50,0.48596,0.14894,0.67454,0.93165
rts,840,50,0.48596,0.24604,0.69564,0.89864
rts,840,50,0.48596,0.40644,0.70998,0.84876
rts,840,50,0.48596,0.67142,0.71938,0.74546
rts,840,50,0.48596,1.10914,0.72212,0.55241
rts,840,50,0.48596,1.83223,0.72166,0.31544
rts,840,50,0.48596,3.02674,0.72369,0.20451
rts,840,50,0.48596,5.0,0.72272,0.20419
rts,840,50,0.69711,0.02,0.51977,0.96277
rts,840,50,0.69711,0.03304,0.54237,0.97493
rts,840,50,0.69711,0.05458,0.56737,0.9986
rts,840,50,0.69711,0.09016,0.60147,0.98816
rts,840,50,0.69711,0.14894,0.6323,0.99513
rts,840,50,0.69711,0.24604,0.65781,0.98234
rts,840,50,0.69711,0.40644,0.68444,0.96044
rts,840,50,0.69711,0.67142,0.70165,0.8915
rts,840,50,0.69711,1.10914,0.70642,0.7575
rts,840,50,0.69711,1.83223,0.69286,0.56153
rts,840,50,0.69711,3.02674,0.67907,0.37632
rts,840,50,0.69711,5.0,0.67345,0.36214
rts,840,50,1.0,0.02,0.43006,1.00162
rts,840,50,1.0,0.03304,0.45641,1.00542
rts,840,50,1.0,0.05458,0.49196,1.01933
rts,840,50,1.0,0.09016,0.52687,1.03042
rts,840,50,1.0,0.14894,0.56179,1.02786
rts,840,50,1.0,0.24604,0.61031,1.03784
rts,840,50,1.0,0.40644,0.64337,1.03386
rts,840,50,1.0,0.67142,0.66592,0.99415
rts,840,50,1.0,1.10914,0.65831,0.91546
rts,840,50,1.0,1.83223,0.61683,0.76803
rts,840,50,1.0,3.02674,0.55351,0.60938
rts,840,50,1.0,5.0,0.53287,0.57078
rts,1680,5,0.08,0.02,0.74134,0.44603
rts,1680,5,0.08,0.03304,0.74142,0.41489
rts,1680,5,0.08,0.05458,0.74031,0.3511
rts,1680,5,0.08,0.09016,0.73964,0.27075
rts,1680,5,0.08,0.14894,0.73733,0.19331
rts,1680,5,0.08,0.24604,0.73757,0.09458
rts,1680,5,0.08,0.40644,0.73675,0.02702
rts,1680,5,0.08,0.67142,0.73755,0.01079
rts,1680,5,0.08,1.10914,0.73709,0.00728
rts,1680,5,0.08,1.83223,0.73684,0.00691
rts,1680,5,0.08,3.02674,0.73673,0.00707
rts,1680,5,0.08,5.0,0.73673,0.00707
rts,1680,5,0.11476,0.02,0.74152,0.89372
rts,1680,5,0.11476,0.03304,0.74243,0.87856
rts,1680,5,0.11476,0.05458,0.74285,0.80249
rts,1680,5,0.11476,0.09016,0.74231,0.71705
rts,1680,5,0.11476,0.14894,0.7416,0.55875
rts,1680,5,0.11476,0.24604,0.73983,0.34798
rts,1680,5,0.11476,0.40644,0.73754,0.13235
rts,1680,5,0.11476,0.67142,0.73723,0.02513
rts,1680,5,0.11476,1.10914,0.7369,0.01054
rts,1680,5,0.11476,1.83223,0.73631,0.00854
rts,1680,5,0.11476,3.02674,0.73601,0.00796
rts,1680,5,0.11476,5.0,0.73601,0.00796
rts,1680,5,0.16462,0.02,0.73557,1.38764
rts,1680,5,0.16462,0.03304,0.73665,1.3574
rts,1680,5,0.16462,0.05458,0.73798,1.36278
rts,1680,5,0.16462,0.09016,0.74079,1.27827
rts,1680,5,0.16462,0.14894,0.74304,1.12006
rts,1680,5,0.16462,0.24604,0.74218,0.95058
rts,1680,5,0.16462,0.40644,0.74067,0.60341
rts,1680,5,0.16462,0.67142,0.73843,0.16016
rts,1680,5,0.16462,1.10914,0.73636,0.0235
rts,1680,5,0.16462,1.83223,0.73802,0.01596
rts,1680,5,0.16462,3.02674,0.73768,0.01604
rts,1680,5,0.16462,5.0,0.73768,0.01604
rts,1680,5,0.23615,0.02,0.69452,1.80742
rts,1680,5,0.23615,0.03304,0.70314,1.79976
rts,1680,5,0.23615,0.05458,0.71096,1.80869
rts,1680,5,0.23615,0.09016,0.71916,1.74665
rts,1680,5,0.23615,0.14894,0.72612,1.6755
rts,1680,5,0.23615,0.24604,0.73505,1.53502
rts,1680,5,0.23615,0.40644,0.73942,1.29096
rts,1680,5,0.23615,0.67142,0.74123,0.80252
rts,1680,5,0.23615,1.10914,0.73813,0.18729
rts,1680,5,0.23615,1.83223,0.73629,0.0409
rts,1680,5,0.23615,3.02674,0.73654,0.03715
rts,1680,5,0.23615,5.0,0.73719,0.03313
rts,1680,5,0.33876,0.02,0.62581,2.05771
rts,1680,5,0.33876,0.03304,0.64176,2.03185
rts,1680,5,0.33876,0.05458,0.65349,2.05103
rts,1680,5,0.33876,0.09016,0.67119,2.06273
rts,1680,5,0.33876,0.14894,0.69219,2.02046
rts,1680,5,0.33876,0.24604,0.70307,1.97383
rts,1680,5,0.33876,0.40644,0.71549,1.84188
rts,1680,5,0.33876,0.67142,0.71321,1.57852
rts,1680,5,0.33876,1.10914,0.72557,0.98903
rts,1680,5,0.33876,1.83223,0.7345,0.29076
rts,1680,5,0.33876,3.02674,0.73622,0.12504
rts,1680,5,0.33876,5.0,0.73739,0.09904
rts,1680,5,0.48596,0.02,0.52126,2.16986
rts,1680,5,0.48596,0.03304,0.53849,2.21226
rts,1680,5,0.48596,0.05458,0.56231,2.21106
rts,1680,5,0.48596,0.09016,0.59561,2.24384
rts,1680,5,0.48596,0.14894,0.61103,2.25215
rts,1680,5,0.48596,0.24604,0.62925,2.22681
rts,1680,5,0.48596,0.40644,0.6472,2.15588
rts,1680,5,0.48596,0.67142,0.62691,1.96253
rts,1680,5,0.48596,1.10914,0.62009,1.67075
rts,1680,5,0.48596,1.83223,0.66818,1.14439
rts,1680,5,0.48596,3.02674,0.70358,0.57722
rts,1680,5,0.48596,5.0,0.70903,0.41423
rts,1680,5,0.69711,0.02,0.4041,2.26556
rts,1680,5,0.69711,0.03304,0.41184,2.25475
rts,1680,5,0.69711,0.05458,0.44108,2.31598
rts,1680,5,0.69711,0.09016,0.46855,2.33734
rts,1680,5,0.69711,0.14894,0.47381,2.336
rts,1680,5,0.69711,0.24604,0.48318,2.33243
rts,1680,5,0.69711,0.40644,0.48938,2.28791
rts,1680,5,0.69711,0.67142,0.50025,2.21114
rts,1680,5,0.69711,1.10914,0.47248,1.97884
rts,1680,5,0.69711,1.83223,0.47685,1.66864
rts,1680,5,0.69711,3.02674,0.54429,1.32753
rts,1680,5,0.69711,5.0,0.57734,1.12337
rts,1680,5,1.0,0.02,0.33794,2.37459
rts,1680,5,1.0,0.03304,0.32058,2.32919
rts,1680,5,1.0,0.05458,0.32173,2.30763
rts,1680,5,1.0,0.09016,0.3135,2.30668
rts,1680,5,1.0,0.14894,0.32425,2.31596
rts,1680,5,1.0,0.24604,0.32727,2.3069
rts,1680,5,1.0,0.40644,0.3419,2.30846
rts,1680,5,1.0,0.67142,0.34918,2.29791
rts,1680,5,1.0,1.10914,0.31041,2.08188
rts,1680,5,1.0,1.83223,0.34341,2.07489
rts,1680,5,1.0,3.02674,0.36896,1.86989
rts,1680,5,1.0,5.0,0.4263,1.76413
rts,1680,10,0.08,0.02,0.74267,0.43321
rts,1680,10,0.08,0.03304,0.74128,0.39847
rts,1680,10,0.08,0.05458,0.74202,0.36281
rts,1680,10,0.08,0.09016,0.74126,0.31461
rts,1680,10,0.08,0.14894,0.74019,0.21592
rts,1680,10,0.08,0.24604,0.73946,0.12276
rts,1680,10,0.08,0.40644,0.73695,0.04919
rts,1680,10,0.08,0.67142,0.73724,0.01782
rts,1680,10,0.08,1.10914,0.73685,0.01345
rts,1680,10,0.08,1.83223,0.7372,0.01344
rts,1680,10,0.08,3.02674,0.73713,0.01324
rts,1680,10,0.08,5.0,0.73713,0.01324
rts,1680,10,0.11476,0.02,0.74042,0.74907
rts,1680,10,0.11476,0.03304,0.74268,0.72108
rts,1680,10,0.11476,0.05458,0.74298,0.67598
rts,1680,10,0.11476,0.09016,0.74347,0.59842
rts,1680,10,0.11476,0.14894,0.743,0.51545
rts,1680,10,0.11476,0.24604,0.74033,0.34104
rts,1680,10,0.11476,0.40644,0.73882,0.14551
rts,1680,10,0.11476,0.67142,0.73729,0.03452
rts,1680,10,0.11476,1.10914,0.73682,0.01898
rts,1680,10,0.11476,1.83223,0.73725,0.01549
rts,1680,10,0.11476,3.02674,0.73739,0.01492
rts,1680,10,0.11476,5.0,0.73739,0.01492
rts,1680,10,0.16462,0.02,0.72657,1.05769
rts,1680,10,0.16462,0.03304,0.73025,1.02109
rts,1680,10,0.16462,0.05458,0.73397,0.99818
rts,1680,10,0.16462,0.09016,0.73597,0.96248
rts,1680,10,0.16462,0.14894,0.74089,0.88013
rts,1680,10,0.16462,0.24604,0.74221,0.73489
rts,1680,10,0.16462,0.40644,0.74054,0.48042
rts,1680,10,0.16462,0.67142,0.73845,0.16292
rts,1680,10,0.16462,1.10914,0.73792,0.03888
rts,1680,10,0.16462,1.83223,0.73714,0.02452
rts,1680,10,0.16462,3.02674,0.73674,0.01838
rts,1680,10,0.16462,5.0,0.73687,0.01777
rts,1680,10,0.23615,0.02,0.68751,1.2961
rts,1680,10,0.23615,0.03304,0.69791,1.29177
rts,1680,10,0.23615,0.05458,0.7062,1.26574
rts,1680,10,0.23615,0.09016,0.7147,1.25432
rts,1680,10,0.23615,0.14894,0.72541,1.20871
rts,1680,10,0.23615,0.24604,0.73198,1.10876
rts,1680,10,0.23615,0.40644,0.7386,0.95104
rts,1680,10,0.23615,0.67142,0.74131,0.61689
rts,1680,10,0.23615,1.10914,0.73828,0.18687
rts,1680,10,0.23615,1.83223,0.73789,0.05503
rts,1680,10,0.23615,3.02674,0.73825,0.03895
rts,1680,10,0.23615,5.0,0.73819,0.03709
rts,1680,10,0.33876,0.02,0.61455,1.4151
rts,1680,10,0.33876,0.03304,0.63487,1.43576
rts,1680,10,0.33876,0.05458,0.65049,1.44334
rts,1680,10,0.33876,0.09016,0.67773,1.44602
rts,1680,10,0.33876,0.14894,0.69349,1.43853
rts,1680,10,0.33876,0.24604,0.71272,1.37807
rts,1680,10,0.33876,0.40644,0.72348,1.2554
rts,1680,10,0.33876,0.67142,0.72964,1.07639
rts,1680,10,0.33876,1.10914,0.73108,0.69192
rts,1680,10,0.33876,1.83223,0.73557,0.24143
rts,1680,10,0.33876,3.02674,0.73737,0.11612
rts,1680,10,0.33876,5.0,0.73396,0.09711
rts,1680,10,0.48596,0.02,0.51871,1.52844
rts,1680,10,0.48596,0.03304,0.55871,1.55776
rts,1680,10,0.48596,0.05458,0.58681,1.56299
rts,1680,10,0.48596,0.09016,0.62808,1.58196
rts,1680,10,0.48596,0.14894,0.64967,1.59001
rts,1680,10,0.48596,0.24604,0.67841,1.55906
rts,1680,10,0.48596,0.40644,0.68792,1.49782
rts,1680,10,0.48596,0.67142,0.69074,1.37893
rts,1680,10,0.48596,1.10914,0.67703,1.13273
rts,1680,10,0.48596,1.83223,0.67796,0.75164
rts,1680,10,0.48596,3.02674,0.69418,0.43286
rts,1680,10,0.48596,5.0,0.70232,0.33582
rts,1680,10,0.69711,0.02,0.42444,1.58297
rts,1680,10,0.69711,0.03304,0.47186,1.62526
rts,1680,10,0.69711,0.05458,0.50347,1.62489
rts,1680,10,0.69711,0.09016,0.54064,1.66955
rts,1680,10,0.69711,0.14894,0.57656,1.66455
rts,1680,10,0.69711,0.24604,0.60595,1.6602
rts,1680,10,0.69711,0.40644,0.61082,1.63511
rts,1680,10,0.69711,0.67142,0.59867,1.56492
rts,1680,10,0.69711,1.10914,0.52296,1.38595
rts,1680,10,0.69711,1.83223,0.50071,1.14933
rts,1680,10,0.69711,3.02674,0.5341,0.8782
rts,1680,10,0.69711,5.0,0.55724,0.78073
rts,1680,10,1.0,0.02,0.32122,1.60145
rts,1680,10,1.0,0.03304,0.34989,1.64532
rts,1680,10,1.0,0.05458,0.37863,1.67252
rts,1680,10,1.0,0.09016,0.42064,1.69064
rts,1680,10,1.0,0.14894,0.44616,1.70749
rts,1680,10,1.0,0.24604,0.46841,1.71523
rts,1680,10,1.0,0.40644,0.45599,1.69185
rts,1680,10,1.0,0.67142,0.4185,1.62527
rts,1680,10,1.0,1.10914,0.36023,1.48238
rts,1680,10,1.0,1.83223,0.35266,1.40192
rts,1680,10,1.0,3.02674,0.3735,1.25954
rts,1680,10,1.0,5.0,0.39842,1.22252
rts,1680,20,0.08,0.02,0.74334,0.45034
rts,1680,20,0.08,0.03304,0.74379,0.43949
rts,1680,20,0.08,0.05458,0.74414,0.39945
rts,1680,20,0.08,0.09016,0.74369,0.34158
rts,1680,20,0.08,0.14894,0.74215,0.26238
rts,1680,20,0.08,0.24604,0.74028,0.16015
rts,1680,20,0.08,0.40644,0.73759,0.06396
rts,1680,20,0.08,0.67142,0.73705,0.02542
rts,1680,20,0.08,1.10914,0.73616,0.01882
rts,1680,20,0.08,1.83223,0.73623,0.01851
rts,1680,20,0.08,3.02674,0.7362,0.01813
rts,1680,20,0.08,5.0,0.7362,0.01813
rts,1680,20,0.11476,0.02,0.74055,0.67061
rts,1680,20,0.11476,0.03304,0.73815,0.6607
rts,1680,20,0.11476,0.05458,0.74213,0.63386
rts,1680,20,0.11476,0.09016,0.7434,0.57445
rts,1680,20,0.11476,0.14894,0.74328,0.51091
rts,1680,20,0.11476,0.24604,0.74374,0.36567
rts,1680,20,0.11476,0.40644,0.73934,0.18221
rts,1680,20,0.11476,0.67142,0.73729,0.04987
rts,1680,20,0.11476,1.10914,0.73599,0.0231
rts,1680,20,0.11476,1.83223,0.73591,0.0218
rts,1680,20,0.11476,3.02674,0.73615,0.02203
rts,1680,20,0.11476,5.0,0.73615,0.02203
rts,1680,20,0.16462,0.02,0.71695,0.8763
rts,1680,20,0.16462,0.03304,0.72444,0.86705
rts,1680,20,0.16462,0.05458,0.72788,0.85703
rts,1680,20,0.16462,0.09016,0.73526,0.81896
rts,1680,20,0.16462,0.14894,0.73814,0.76558
rts,1680,20,0.16462,0.24604,0.74195,0.64818
rts,1680,20,0.16462,0.40644,0.74343,0.46134
rts,1680,20,0.16462,0.67142,0.73858,0.18494
rts,1680,20,0.16462,1.10914,0.73676,0.0513
rts,1680,20,0.16462,1.83223,0.73711,0.03326
rts,1680,20,0.16462,3.02674,0.73627,0.0304
rts,1680,20,0.16462,5.0,0.73625,0.02997
rts,1680,20,0.23615,0.02,0.67327,1.02068
rts,1680,20,0.23615,0.03304,0.68188,1.01972
rts,1680,20,0.23615,0.05458,0.69867,1.01169
rts,1680,20,0.23615,0.09016,0.71243,0.9908
rts,1680,20,0.23615,0.14894,0.72286,0.96314
rts,1680,20,0.23615,0.24604,0.73198,0.88406
rts,1680,20,0.23615,0.40644,0.73988,0.75191
rts,1680,20,0.23615,0.67142,0.74108,0.50617
rts,1680,20,0.23615,1.10914,0.73827,0.18861
rts,1680,20,0.23615,1.83223,0.73777,0.06836
rts,1680,20,0.23615,3.02674,0.73729,0.05568
rts,1680,20,0.23615,5.0,0.73651,0.05183
rts,1680,20,0.33876,0.02,0.60033,1.12223
rts,1680,20,0.33876,0.03304,0.62399,1.12612
rts,1680,20,0.33876,0.05458,0.64848,1.12981
rts,1680,20,0.33876,0.09016,0.67279,1.12215
rts,1680,20,0.33876,0.14894,0.6947,1.10958
rts,1680,20,0.33876,0.24604,0.71502,1.0729
rts,1680,20,0.33876,0.40644,0.72898,0.98948
rts,1680,20,0.33876,0.67142,0.73398,0.82474
rts,1680,20,0.33876,1.10914,0.73662,0.5277
rts,1680,20,0.33876,1.83223,0.73611,0.20736
rts,1680,20,0.33876,3.02674,0.73599,0.12216
rts,1680,20,0.33876,5.0,0.73511,0.11632
rts,1680,20,0.48596,0.02,0.51883,1.19468
rts,1680,20,0.48596,0.03304,0.54823,1.19618
rts,1680,20,0.48596,0.05458,0.58321,1.22238
rts,1680,20,0.48596,0.09016,0.62316,1.23086
rts,1680,20,0.48596,0.14894,0.65449,1.22719
rts,1680,20,0.48596,0.24604,0.68471,1.20077
rts,1680,20,0.48596,0.40644,0.70573,1.14351
rts,1680,20,0.48596,0.67142,0.71731,1.04185
rts,1680,20,0.48596,1.10914,0.70708,0.83408
rts,1680,20,0.48596,1.83223,0.69784,0.55141
rts,1680,20,0.48596,3.02674,0.70029,0.3465
rts,1680,20,0.48596,5.0,0.69777,0.29316
rts,1680,20,0.69711,0.02,0.42257,1.22589
rts,1680,20,0.69711,0.03304,0.46421,1.24095
rts,1680,20,0.69711,0.05458,0.51067,1.27452
rts,1680,20,0.69711,0.09016,0.56115,1.28532
rts,1680,20,0.69711,0.14894,0.60108,1.28799
rts,1680,20,0.69711,0.24604,0.64258,1.28654
rts,1680,20,0.69711,0.40644,0.66223,1.25162
rts,1680,20,0.69711,0.67142,0.66487,1.20184
rts,1680,20,0.69711,1.10914,0.61937,1.06811
rts,1680,20,0.69711,1.83223,0.54375,0.85666
rts,1680,20,0.69711,3.02674,0.53697,0.64466
rts,1680,20,0.69711,5.0,0.5525,0.60161
rts,1680,20,1.0,0.02,0.32941,1.2512
rts,1680,20,1.0,0.03304,0.37281,1.27506
rts,1680,20,1.0,0.05458,0.42082,1.29855
rts,1680,20,1.0,0.09016,0.47932,1.32294
rts,1680,20,1.0,0.14894,0.52342,1.33476
rts,1680,20,1.0,0.24604,0.56596,1.33689
rts,1680,20,1.0,0.40644,0.56671,1.32311
rts,1680,20,1.0,0.67142,0.52841,1.27933
rts,1680,20,1.0,1.10914,0.44953,1.16971
rts,1680,20,1.0,1.83223,0.38574,1.04506
rts,1680,20,1.0,3.02674,0.3745,0.95631
rts,1680,20,1.0,5.0,0.38971,0.88147
rts,1680,50,0.08,0.02,0.74549,0.52251
rts,1680,50,0.08,0.03304,0.74524,0.51248
rts,1680,50,0.08,0.05458,0.7447,0.4731
rts,1680,50,0.08,0.09016,0.74638,0.42084
rts,1680,50,0.08,0.14894,0.74405,0.3494
rts,1680,50,0.08,0.24604,0.74243,0.234
rts,1680,50,0.08,0.40644,0.73953,0.10888
rts,1680,50,0.08,0.67142,0.739,0.0444
rts,1680,50,0.08,1.10914,0.73714,0.03471
rts,1680,50,0.08,1.83223,0.73697,0.03099
rts,1680,50,0.08,3.02674,0.73706,0.03052
rts,1680,50,0.08,5.0,0.73706,0.03052
rts,1680,50,0.11476,0.02,0.73629,0.68015
rts,1680,50,0.11476,0.03304,0.73855,0.66499
rts,1680,50,0.11476,0.05458,0.7388,0.64535
rts,1680,50,0.11476,0.09016,0.74232,0.60089
rts,1680,50,0.11476,0.14894,0.74538,0.53502
rts,1680,50,0.11476,0.24604,0.74513,0.41754
rts,1680,50,0.11476,0.40644,0.74244,0.24226
rts,1680,50,0.11476,0.67142,0.73907,0.08414
rts,1680,50,0.11476,1.10914,0.73763,0.0461
rts,1680,50,0.11476,1.83223,0.73846,0.03792
rts,1680,50,0.11476,3.02674,0.7393,0.03849
rts,1680,50,0.11476,5.0,0.7393,0.03849
rts,1680,50,0.16462,0.02,0.70973,0.8031
rts,1680,50,0.16462,0.03304,0.71542,0.79752
rts,1680,50,0.16462,0.05458,0.71949,0.77804
rts,1680,50,0.16462,0.09016,0.72949,0.76095
rts,1680,50,0.16462,0.14894,0.73726,0.70524
rts,1680,50,0.16462,0.24604,0.74176,0.61985
rts,1680,50,0.16462,0.40644,0.74246,0.45568
rts,1680,50,0.16462,0.67142,0.74143,0.23318
rts,1680,50,0.16462,1.10914,0.7401,0.0795
rts,1680,50,0.16462,1.83223,0.73816,0.05725
rts,1680,50,0.16462,3.02674,0.73808,0.05484
rts,1680,50,0.16462,5.0,0.73843,0.05444
rts,1680,50,0.23615,0.02,0.65908,0.89338
rts,1680,50,0.23615,0.03304,0.67645,0.886
rts,1680,50,0.23615,0.05458,0.69256,0.88294
rts,1680,50,0.23615,0.09016,0.70632,0.87082
rts,1680,50,0.23615,0.14894,0.72196,0.85612
rts,1680,50,0.23615,0.24604,0.73097,0.78988
rts,1680,50,0.23615,0.40644,0.73764,0.68069
rts,1680,50,0.23615,0.67142,0.74192,0.47936
rts,1680,50,0.23615,1.10914,0.73945,0.2079
rts,1680,50,0.23615,1.83223,0.73902,0.10134
rts,1680,50,0.23615,3.02674,0.73999,0.08471
rts,1680,50,0.23615,5.0,0.74021,0.08056
rts,1680,50,0.33876,0.02,0.59311,0.95395
rts,1680,50,0.33876,0.03304,0.6148,0.96155
rts,1680,50,0.33876,0.05458,0.64507,0.9662
rts,1680,50,0.33876,0.09016,0.6717,0.96125
rts,1680,50,0.33876,0.14894,0.69311,0.94408
rts,1680,50,0.33876,0.24604,0.71602,0.90729
rts,1680,50,0.33876,0.40644,0.72846,0.83989
rts,1680,50,0.33876,0.67142,0.73916,0.69881
rts,1680,50,0.33876,1.10914,0.73904,0.44962
rts,1680,50,0.33876,1.83223,0.73875,0.21677
rts,1680,50,0.33876,3.02674,0.73689,0.15262
rts,1680,50,0.33876,5.0,0.73538,0.14846
rts,1680,50,0.48596,0.02,0.51383,1.00463
rts,1680,50,0.48596,0.03304,0.54585,1.01542
rts,1680,50,0.48596,0.05458,0.58639,1.01648
rts,1680,50,0.48596,0.09016,0.62287,1.01888
rts,1680,50,0.48596,0.14894,0.65777,1.01626
rts,1680,50,0.48596,0.24604,0.68592,0.99504
rts,1680,50,0.48596,0.40644,0.70949,0.95159
rts,1680,50,0.48596,0.67142,0.72302,0.86334
rts,1680,50,0.48596,1.10914,0.72526,0.68553
rts,1680,50,0.48596,1.83223,0.71959,0.42672
rts,1680,50,0.48596,3.02674,0.71055,0.28212
rts,1680,50,0.48596,5.0,0.70289,0.26125
rts,1680,50,0.69711,0.02,0.4227,1.02276
rts,1680,50,0.69711,0.03304,0.4621,1.03282
rts,1680,50,0.69711,0.05458,0.51241,1.05094
rts,1680,50,0.69711,0.09016,0.56266,1.06286
rts,1680,50,0.69711,0.14894,0.6086,1.06442
rts,1680,50,0.69711,0.24604,0.64727,1.05395
rts,1680,50,0.69711,0.40644,0.67936,1.03086
rts,1680,50,0.69711,0.67142,0.69912,0.97697
rts,1680,50,0.69711,1.10914,0.69035,0.8576
rts,1680,50,0.69711,1.83223,0.63391,0.65956
rts,1680,50,0.69711,3.02674,0.59382,0.49787
rts,1680,50,0.69711,5.0,0.56114,0.47109
rts,1680,50,1.0,0.02,0.34567,1.05389
rts,1680,50,1.0,0.03304,0.37828,1.05932
rts,1680,50,1.0,0.05458,0.4374,1.07679
rts,1680,50,1.0,0.09016,0.49489,1.08584
rts,1680,50,1.0,0.14894,0.55097,1.09454
rts,1680,50,1.0,0.24604,0.59085,1.09129
rts,1680,50,1.0,0.40644,0.62963,1.08846
rts,1680,50,1.0,0.67142,0.64815,1.05712
rts,1680,50,1.0,1.10914,0.60282,0.97443
rts,1680,50,1.0,1.83223,0.46008,0.81486
rts,1680,50,1.0,3.02674,0.41908,0.7104
rts,1680,50,1.0,5.0,0.39469,0.699
basic,105,5,0.08,0.02,0.68548,0.17277
basic,105,5,0.08,0.03304,0.68548,0.17277
basic,105,5,0.08,0.05458,0.68475,0.17038
basic,105,5,0.08,0.09016,0.68675,0.16787
basic,105,5,0.08,0.14894,0.68556,0.16372
basic,105,5,0.08,0.24604,0.68556,0.16372
basic,105,5,0.08,0.40644,0.68741,0.1621
basic,105,5,0.08,0.67142,0.68667,0.16366
basic,105,5,0.08,1.10914,0.68752,0.15674
basic,105,5,0.08,1.83223,0.68752,0.15674
basic,105,5,0.08,3.02674,0.68752,0.15674
basic,105,5,0.08,5.0,0.68756,0.15673
basic,105,5,0.11476,0.02,0.68387,0.17665
basic,105,5,0.11476,0.03304,0.68387,0.17665
basic,105,5,0.11476,0.05458,0.68387,0.17665
basic,105,5,0.11476,0.09016,0.68387,0.17665
basic,105,5,0.11476,0.14894,0.68589,0.17065
basic,105,5,0.11476,0.24604,0.68397,0.1641
basic,105,5,0.11476,0.40644,0.68397,0.1641
basic,105,5,0.11476,0.67142,0.68508,0.16404
basic,105,5,0.11476,1.10914,0.68594,0.1571
basic,105,5,0.11476,1.83223,0.68594,0.1571
basic,105,5,0.11476,3.02674,0.68594,0.1571
basic,105,5,0.11476,5.0,0.68597,0.15709
basic,105,5,0.16462,0.02,0.68332,0.18676
basic,105,5,0.16462,0.03304,0.68332,0.18676
basic,105,5,0.16462,0.05458,0.68332,0.18676
basic,105,5,0.16462,0.09016,0.68411,0.18655
basic,105,5,0.16462,0.14894,0.68611,0.18399
basic,105,5,0.16462,0.24604,0.68611,0.18399
basic,105,5,0.16462,0.40644,0.68421,0.17399
basic,105,5,0.16462,0.67142,0.68452,0.17412
basic,105,5,0.16462,1.10914,0.68617,0.16697
basic,105,5,0.16462,1.83223,0.68617,0.16697
basic,105,5,0.16462,3.02674,0.68617,0.16697
basic,105,5,0.16462,5.0,0.68621,0.16696
basic,105,5,0.23615,0.02,0.68076,0.20824
basic,105,5,0.23615,0.03304,0.68076,0.20824
basic,105,5,0.23615,0.05458,0.68076,0.20824
basic,105,5,0.23615,0.09016,0.68076,0.20824
basic,105,5,0.23615,0.14894,0.68156,0.208
basic,105,5,0.23615,0.24604,0.68156,0.208
basic,105,5,0.23615,0.40644,0.68156,0.208
basic,105,5,0.23615,0.67142,0.67883,0.20575
basic,105,5,0.23615,1.10914,0.68037,0.18247
basic,105,5,0.23615,1.83223,0.68129,0.17949
basic,105,5,0.23615,3.02674,0.68129,0.17949
basic,105,5,0.23615,5.0,0.68132,0.17948
basic,105,5,0.33876,0.02,0.68165,0.24541
basic,105,5,0.33876,0.03304,0.68165,0.24541
basic,105,5,0.33876,0.05458,0.67767,0.24088
basic,105,5,0.33876,0.09016,0.67767,0.24088
basic,105,5,0.33876,0.14894,0.67767,0.24088
basic,105,5,0.33876,0.24604,0.67846,0.2406
basic,105,5,0.33876,0.40644,0.67925,0.24032
basic,105,5,0.33876,0.67142,0.67652,0.23819
basic,105,5,0.33876,1.10914,0.67549,0.22439
basic,105,5,0.33876,1.83223,0.68021,0.21016
basic,105,5,0.33876,3.02674,0.68017,0.20653
basic,105,5,0.33876,5.0,0.68021,0.20652
basic,105,5,0.48596,0.02,0.66978,0.26583
basic,105,5,0.48596,0.03304,0.66986,0.25819
basic,105,5,0.48596,0.05458,0.67143,0.25759
basic,105,5,0.48596,0.09016,0.66748,0.25633
basic,105,5,0.48596,0.14894,0.66827,0.25603
basic,105,5,0.48596,0.24604,0.66827,0.25603
basic,105,5,0.48596,0.40644,0.66906,0.25572
basic,105,5,0.48596,0.67142,0.6683,0.25758
basic,105,5,0.48596,1.10914,0.66795,0.25123
basic,105,5,0.48596,1.83223,0.6646,0.24189
basic,105,5,0.48596,3.02674,0.66616,0.23404
basic,105,5,0.48596,5.0,0.66616,0.23404
basic,105,5,0.69711,0.02,0.63589,0.31317
basic,105,5,0.69711,0.03304,0.63589,0.31317
basic,105,5,0.69711,0.05458,0.63589,0.31317
basic,105,5,0.69711,0.09016,0.63668,0.31278
basic,105,5,0.69711,0.14894,0.63671,0.30798
basic,105,5,0.69711,0.24604,0.63813,0.31178
basic,105,5,0.69711,0.40644,0.63868,0.30397
basic,105,5,0.69711,0.67142,0.63589,0.28487
basic,105,5,0.69711,1.10914,0.64025,0.29021
basic,105,5,0.69711,1.83223,0.64176,0.27914
basic,105,5,0.69711,3.02674,0.64346,0.27167
basic,105,5,0.69711,5.0,0.64425,0.27134
basic,105,5,1.0,0.02,0.61725,0.48818
basic,105,5,1.0,0.03304,0.61725,0.48818
basic,105,5,1.0,0.05458,0.61589,0.4888
basic,105,5,1.0,0.09016,0.61589,0.4888
basic,105,5,1.0,0.14894,0.61629,0.48717
basic,105,5,1.0,0.24604,0.61948,0.48612
basic,105,5,1.0,0.40644,0.62546,0.50401
basic,105,5,1.0,0.67142,0.62005,0.49566
basic,105,5,1.0,1.10914,0.62321,0.50835
basic,105,5,1.0,1.83223,0.62292,0.46494
basic,105,5,1.0,3.02674,0.62598,0.45057
basic,105,5,1.0,5.0,0.62371,0.44931
basic,105,10,0.08,0.02,0.65265,0.25503
basic,105,10,0.08,0.03304,0.65265,0.25503
basic,105,10,0.08,0.05458,0.65265,0.25503
basic,105,10,0.08,0.09016,0.65303,0.25337
basic,105,10,0.08,0.14894,0.65075,0.24358
basic,105,10,0.08,0.24604,0.6514,0.24334
basic,105,10,0.08,0.40644,0.65219,0.24304
basic,105,10,0.08,0.67142,0.65349,0.24401
basic,105,10,0.08,1.10914,0.65324,0.2374
basic,105,10,0.08,1.83223,0.65775,0.22926
basic,105,10,0.08,3.02674,0.65378,0.22162
basic,105,10,0.08,5.0,0.65327,0.21222
basic,105,10,0.11476,0.02,0.64376,0.26333
basic,105,10,0.11476,0.03304,0.64376,0.26333
basic,105,10,0.11476,0.05458,0.64371,0.26192
basic,105,10,0.11476,0.09016,0.6441,0.26024
basic,105,10,0.11476,0.14894,0.6441,0.26024
basic,105,10,0.11476,0.24604,0.64405,0.24946
basic,105,10,0.11476,0.40644,0.64405,0.24946
basic,105,10,0.11476,0.67142,0.64513,0.24708
basic,105,10,0.11476,1.10914,0.64802,0.24269
basic,105,10,0.11476,1.83223,0.65252,0.23284
basic,105,10,0.11476,3.02674,0.64771,0.22884
basic,105,10,0.11476,5.0,0.64732,0.21794
basic,105,10,0.16462,0.02,0.6444,0.24263
basic,105,10,0.16462,0.03304,0.64384,0.24501
basic,105,10,0.16462,0.05458,0.64246,0.25907
basic,105,10,0.16462,0.09016,0.64284,0.25739
basic,105,10,0.16462,0.14894,0.64206,0.2577
basic,105,10,0.16462,0.24604,0.64202,0.25629
basic,105,10,0.16462,0.40644,0.64076,0.24465
basic,105,10,0.16462,0.67142,0.64133,0.24097
basic,105,10,0.16462,1.10914,0.64903,0.23821
basic,105,10,0.16462,1.83223,0.65467,0.22466
basic,105,10,0.16462,3.02674,0.64908,0.22087
basic,105,10,0.16462,5.0,0.64914,0.21538
basic,105,10,0.23615,0.02,0.63865,0.25018
basic,105,10,0.23615,0.03304,0.63865,0.25018
basic,105,10,0.23615,0.05458,0.63865,0.25018
basic,105,10,0.23615,0.09016,0.64111,0.24788
basic,105,10,0.23615,0.14894,0.64111,0.24788
basic,105,10,0.23615,0.24604,0.64022,0.24724
basic,105,10,0.23615,0.40644,0.63808,0.26254
basic,105,10,0.23615,0.67142,0.63738,0.24505
basic,105,10,0.23615,1.10914,0.64184,0.24518
basic,105,10,0.23615,1.83223,0.65087,0.22875
basic,105,10,0.23615,3.02674,0.64605,0.22471
basic,105,10,0.23615,5.0,0.64616,0.2233
basic,105,10,0.33876,0.02,0.62752,0.27849
basic,105,10,0.33876,0.03304,0.62752,0.27849
basic,105,10,0.33876,0.05458,0.62752,0.27849
basic,105,10,0.33876,0.09016,0.6279,0.27676
basic,105,10,0.33876,0.14894,0.6263,0.27503
basic,105,10,0.33876,0.24604,0.62432,0.27026
basic,105,10,0.33876,0.40644,0.628,0.26645
basic,105,10,0.33876,0.67142,0.62678,0.26485
basic,105,10,0.33876,1.10914,0.62829,0.2631
basic,105,10,0.33876,1.83223,0.63956,0.25742
basic,105,10,0.33876,3.02674,0.64173,0.25071
basic,105,10,0.33876,5.0,0.63529,0.24661
basic,105,10,0.48596,0.02,0.61073,0.31391
basic,105,10,0.48596,0.03304,0.61006,0.31123
basic,105,10,0.48596,0.05458,0.60841,0.30738
basic,105,10,0.48596,0.09016,0.60879,0.30557
basic,105,10,0.48596,0.14894,0.6024,0.30265
basic,105,10,0.48596,0.24604,0.60544,0.30328
basic,105,10,0.48596,0.40644,0.60297,0.31253
basic,105,10,0.48596,0.67142,0.60575,0.31796
basic,105,10,0.48596,1.10914,0.60759,0.30467
basic,105,10,0.48596,1.83223,0.6136,0.29004
basic,105,10,0.48596,3.02674,0.61817,0.28507
basic,105,10,0.48596,5.0,0.61324,0.28089
basic,105,10,0.69711,0.02,0.61768,0.38459
basic,105,10,0.69711,0.03304,0.61811,0.38658
basic,105,10,0.69711,0.05458,0.62059,0.37936
basic,105,10,0.69711,0.09016,0.62459,0.3716
basic,105,10,0.69711,0.14894,0.62459,0.3716
basic,105,10,0.69711,0.24604,0.62492,0.37104
basic,105,10,0.69711,0.40644,0.62617,0.37456
basic,105,10,0.69711,0.67142,0.62332,0.3641
basic,105,10,0.69711,1.10914,0.61821,0.35684
basic,105,10,0.69711,1.83223,0.61911,0.37581
basic,105,10,0.69711,3.02674,0.63068,0.3664
basic,105,10,0.69711,5.0,0.63068,0.36453
basic,105,10,1.0,0.02,0.56863,0.52881
basic,105,10,1.0,0.03304,0.56863,0.52881
basic,105,10,1.0,0.05458,0.57383,0.52353
basic,105,10,1.0,0.09016,0.57563,0.52287
basic,105,10,1.0,0.14894,0.57202,0.52613
basic,105,10,1.0,0.24604,0.57189,0.52374
basic,105,10,1.0,0.40644,0.56708,0.53048
basic,105,10,1.0,0.67142,0.56308,0.54028
basic,105,10,1.0,1.10914,0.56459,0.51494
basic,105,10,1.0,1.83223,0.56611,0.48305
basic,105,10,1.0,3.02674,0.57538,0.4527
basic,105,10,1.0,5.0,0.57717,0.44893
basic,105,20,0.08,0.02,0.64602,0.32378
basic,105,20,0.08,0.03304,0.64602,0.32378
basic,105,20,0.08,0.05458,0.64602,0.32378
basic,105,20,0.08,0.09016,0.64514,0.31709
basic,105,20,0.08,0.14894,0.64805,0.32118
basic,105,20,0.08,0.24604,0.65324,0.31218
basic,105,20,0.08,0.40644,0.65244,0.31398
basic,105,20,0.08,0.67142,0.64968,0.30436
basic,105,20,0.08,1.10914,0.65303,0.29409
basic,105,20,0.08,1.83223,0.65422,0.28922
basic,105,20,0.08,3.02674,0.65587,0.2853
basic,105,20,0.08,5.0,0.65659,0.28499
basic,105,20,0.11476,0.02,0.64222,0.32795
basic,105,20,0.11476,0.03304,0.64222,0.32795
basic,105,20,0.11476,0.05458,0.64222,0.32795
basic,105,20,0.11476,0.09016,0.64222,0.32795
basic,105,20,0.11476,0.14894,0.64222,0.32795
basic,105,20,0.11476,0.24604,0.64567,0.33004
basic,105,20,0.11476,0.40644,0.6507,0.32577
basic,105,20,0.11476,0.67142,0.65056,0.32507
basic,105,20,0.11476,1.10914,0.6539,0.3147
basic,105,20,0.11476,1.83223,0.65613,0.30166
basic,105,20,0.11476,3.02674,0.65844,0.3006
basic,105,20,0.11476,5.0,0.65916,0.30027
basic,105,20,0.16462,0.02,0.63103,0.338
basic,105,20,0.16462,0.03304,0.63103,0.338
basic,105,20,0.16462,0.05458,0.63103,0.338
basic,105,20,0.16462,0.09016,0.63325,0.33399
basic,105,20,0.16462,0.14894,0.63325,0.33399
basic,105,20,0.16462,0.24604,0.63495,0.32706
basic,105,20,0.16462,0.40644,0.639,0.32935
basic,105,20,0.16462,0.67142,0.64019,0.3294
basic,105,20,0.16462,1.10914,0.64505,0.31164
basic,105,20,0.16462,1.83223,0.64843,0.30179
basic,105,20,0.16462,3.02674,0.65046,0.30162
basic,105,20,0.16462,5.0,0.65117,0.30129
basic,105,20,0.23615,0.02,0.61913,0.35968
basic,105,20,0.23615,0.03304,0.61913,0.35968
basic,105,20,0.23615,0.05458,0.61913,0.35968
basic,105,20,0.23615,0.09016,0.61992,0.35727
basic,105,20,0.23615,0.14894,0.61825,0.35569
basic,105,20,0.23615,0.24604,0.6239,0.34628
basic,105,20,0.23615,0.40644,0.63163,0.33409
basic,105,20,0.23615,0.67142,0.63289,0.34065
basic,105,20,0.23615,1.10914,0.63714,0.33117
basic,105,20,0.23615,1.83223,0.63998,0.3224
basic,105,20,0.23615,3.02674,0.64122,0.32256
basic,105,20,0.23615,5.0,0.64194,0.3222
basic,105,20,0.33876,0.02,0.6141,0.37205
basic,105,20,0.33876,0.03304,0.61179,0.37209
basic,105,20,0.33876,0.05458,0.60813,0.3741
basic,105,20,0.33876,0.09016,0.60892,0.37361
basic,105,20,0.33876,0.14894,0.60551,0.37619
basic,105,20,0.33876,0.24604,0.60368,0.35126
basic,105,20,0.33876,0.40644,0.60571,0.35924
basic,105,20,0.33876,0.67142,0.60237,0.36475
basic,105,20,0.33876,1.10914,0.61322,0.35872
basic,105,20,0.33876,1.83223,0.61595,0.33158
basic,105,20,0.33876,3.02674,0.62451,0.33474
basic,105,20,0.33876,5.0,0.62602,0.33393
basic,105,20,0.48596,0.02,0.58589,0.43081
basic,105,20,0.48596,0.03304,0.58589,0.43081
basic,105,20,0.48596,0.05458,0.58605,0.4326
basic,105,20,0.48596,0.09016,0.5856,0.43057
basic,105,20,0.48596,0.14894,0.58448,0.42056
basic,105,20,0.48596,0.24604,0.58776,0.40586
basic,105,20,0.48596,0.40644,0.59078,0.37836
basic,105,20,0.48596,0.67142,0.60065,0.37618
basic,105,20,0.48596,1.10914,0.60365,0.36165
basic,105,20,0.48596,1.83223,0.59863,0.36134
basic,105,20,0.48596,3.02674,0.6069,0.3543
basic,105,20,0.48596,5.0,0.60752,0.35546
basic,105,20,0.69711,0.02,0.58227,0.51379
basic,105,20,0.69711,0.03304,0.58227,0.51379
basic,105,20,0.69711,0.05458,0.58071,0.49705
basic,105,20,0.69711,0.09016,0.58029,0.49618
basic,105,20,0.69711,0.14894,0.57646,0.50534
basic,105,20,0.69711,0.24604,0.57129,0.50283
basic,105,20,0.69711,0.40644,0.57054,0.50199
basic,105,20,0.69711,0.67142,0.57032,0.48928
basic,105,20,0.69711,1.10914,0.56898,0.46344
basic,105,20,0.69711,1.83223,0.5773,0.4759
basic,105,20,0.69711,3.02674,0.57103,0.46061
basic,105,20,0.69711,5.0,0.56775,0.45053
basic,105,20,1.0,0.02,0.5176,0.51828
basic,105,20,1.0,0.03304,0.51821,0.51239
basic,105,20,1.0,0.05458,0.51862,0.50854
basic,105,20,1.0,0.09016,0.52162,0.51789
basic,105,20,1.0,0.14894,0.51879,0.52673
basic,105,20,1.0,0.24604,0.5313,0.51836
basic,105,20,1.0,0.40644,0.53533,0.50147
basic,105,20,1.0,0.67142,0.54267,0.49833
basic,105,20,1.0,1.10914,0.5439,0.51515
basic,105,20,1.0,1.83223,0.53954,0.48401
basic,105,20,1.0,3.02674,0.55494,0.48427
basic,105,20,1.0,5.0,0.55398,0.48201
basic,105,50,0.08,0.02,0.5591,0.4109
basic,105,50,0.08,0.03304,0.5591,0.4109
basic,105,50,0.08,0.05458,0.55776,0.41451
basic,105,50,0.08,0.09016,0.55837,0.41407
basic,105,50,0.08,0.14894,0.54892,0.41803
basic,105,50,0.08,0.24604,0.55317,0.41403
basic,105,50,0.08,0.40644,0.55521,0.39031
basic,105,50,0.08,0.67142,0.55689,0.37299
basic,105,50,0.08,1.10914,0.56397,0.37476
basic,105,50,0.08,1.83223,0.5534,0.35528
basic,105,50,0.08,3.02674,0.53824,0.33021
basic,105,50,0.08,5.0,0.53903,0.32973
basic,105,50,0.11476,0.02,0.56303,0.42911
basic,105,50,0.11476,0.03304,0.56303,0.42911
basic,105,50,0.11476,0.05458,0.56303,0.42911
basic,105,50,0.11476,0.09016,0.55649,0.43158
basic,105,50,0.11476,0.14894,0.54827,0.43458
basic,105,50,0.11476,0.24604,0.54922,0.42831
basic,105,50,0.11476,0.40644,0.56125,0.41221
basic,105,50,0.11476,0.67142,0.55929,0.38985
basic,105,50,0.11476,1.10914,0.56476,0.39066
basic,105,50,0.11476,1.83223,0.5536,0.37225
basic,105,50,0.11476,3.02674,0.53757,0.34905
basic,105,50,0.11476,5.0,0.53837,0.34853
basic,105,50,0.16462,0.02,0.56998,0.45652
basic,105,50,0.16462,0.03304,0.57005,0.45767
basic,105,50,0.16462,0.05458,0.57005,0.45824
basic,105,50,0.16462,0.09016,0.57059,0.45781
basic,105,50,0.16462,0.14894,0.56681,0.46035
basic,105,50,0.16462,0.24604,0.5686,0.45676
basic,105,50,0.16462,0.40644,0.56075,0.43901
basic,105,50,0.16462,0.67142,0.55524,0.42803
basic,105,50,0.16462,1.10914,0.56229,0.40562
basic,105,50,0.16462,1.83223,0.55714,0.39723
basic,105,50,0.16462,3.02674,0.53889,0.37032
basic,105,50,0.16462,5.0,0.53968,0.36978
basic,105,50,0.23615,0.02,0.56148,0.47155
basic,105,50,0.23615,0.03304,0.55929,0.46696
basic,105,50,0.23615,0.05458,0.55983,0.46651
basic,105,50,0.23615,0.09016,0.55983,0.46651
basic,105,50,0.23615,0.14894,0.55784,0.47165
basic,105,50,0.23615,0.24604,0.5586,0.46756
basic,105,50,0.23615,0.40644,0.55849,0.44934
basic,105,50,0.23615,0.67142,0.56094,0.44178
basic,105,50,0.23615,1.10914,0.55263,0.4125
basic,105,50,0.23615,1.83223,0.54816,0.39749
basic,105,50,0.23615,3.02674,0.53317,0.37765
basic,105,50,0.23615,5.0,0.53397,0.37709
basic,105,50,0.33876,0.02,0.53932,0.49731
basic,105,50,0.33876,0.03304,0.53932,0.49731
basic,105,50,0.33876,0.05458,0.53932,0.49731
basic,105,50,0.33876,0.09016,0.53902,0.4907
basic,105,50,0.33876,0.14894,0.53694,0.48788
basic,105,50,0.33876,0.24604,0.53524,0.4779
basic,105,50,0.33876,0.40644,0.539,0.47057
basic,105,50,0.33876,0.67142,0.5464,0.45388
basic,105,50,0.33876,1.10914,0.54584,0.42884
basic,105,50,0.33876,1.83223,0.53938,0.40893
basic,105,50,0.33876,3.02674,0.5336,0.41069
basic,105,50,0.33876,5.0,0.53519,0.40947
basic,105,50,0.48596,0.02,0.51325,0.5249
basic,105,50,0.48596,0.03304,0.51325,0.5249
basic,105,50,0.48596,0.05458,0.51921,0.51415
basic,105,50,0.48596,0.09016,0.51741,0.5092
basic,105,50,0.48596,0.14894,0.527,0.51118
basic,105,50,0.48596,0.24604,0.52459,0.48568
basic,105,50,0.48596,0.40644,0.52716,0.46998
basic,105,50,0.48596,0.67142,0.51746,0.44602
basic,105,50,0.48596,1.10914,0.52348,0.45411
basic,105,50,0.48596,1.83223,0.51651,0.41609
basic,105,50,0.48596,3.02674,0.51295,0.40594
basic,105,50,0.48596,5.0,0.51716,0.40518
basic,105,50,0.69711,0.02,0.50683,0.54171
basic,105,50,0.69711,0.03304,0.50376,0.5399
basic,105,50,0.69711,0.05458,0.50535,0.5382
basic,105,50,0.69711,0.09016,0.50535,0.53704
basic,105,50,0.69711,0.14894,0.50314,0.52406
basic,105,50,0.69711,0.24604,0.50452,0.53146
basic,105,50,0.69711,0.40644,0.51037,0.5259
basic,105,50,0.69711,0.67142,0.52035,0.52057
basic,105,50,0.69711,1.10914,0.51348,0.5032
basic,105,50,0.69711,1.83223,0.5134,0.47797
basic,105,50,0.69711,3.02674,0.51154,0.42903
basic,105,50,0.69711,5.0,0.52324,0.43163
basic,105,50,1.0,0.02,0.45157,0.55286
basic,105,50,1.0,0.03304,0.45157,0.55286
basic,105,50,1.0,0.05458,0.45157,0.55286
basic,105,50,1.0,0.09016,0.45016,0.5634
basic,105,50,1.0,0.14894,0.45121,0.56576
basic,105,50,1.0,0.24604,0.45283,0.56273
basic,105,50,1.0,0.40644,0.46049,0.57508
basic,105,50,1.0,0.67142,0.47821,0.58054
basic,105,50,1.0,1.10914,0.4744,0.54843
basic,105,50,1.0,1.83223,0.48267,0.49294
basic,105,50,1.0,3.02674,0.4759,0.47172
basic,105,50,1.0,5.0,0.48676,0.47646
basic,210,5,0.08,0.02,0.66747,0.18178
basic,210,5,0.08,0.03304,0.66746,0.17968
basic,210,5,0.08,0.05458,0.66851,0.1794
basic,210,5,0.08,0.09016,0.6705,0.18004
basic,210,5,0.08,0.14894,0.67135,0.18552
basic,210,5,0.08,0.24604,0.67163,0.1797
basic,210,5,0.08,0.40644,0.67171,0.18063
basic,210,5,0.08,0.67142,0.6694,0.16642
basic,210,5,0.08,1.10914,0.67454,0.15153
basic,210,5,0.08,1.83223,0.67433,0.14469
basic,210,5,0.08,3.02674,0.66739,0.14734
basic,210,5,0.08,5.0,0.66739,0.14734
basic,210,5,0.11476,0.02,0.6669,0.19575
basic,210,5,0.11476,0.03304,0.66477,0.19975
basic,210,5,0.11476,0.05458,0.66517,0.19963
basic,210,5,0.11476,0.09016,0.66739,0.195
basic,210,5,0.11476,0.14894,0.66837,0.19041
basic,210,5,0.11476,0.24604,0.67446,0.19702
basic,210,5,0.11476,0.40644,0.67217,0.19882
basic,210,5,0.11476,0.67142,0.6695,0.19556
basic,210,5,0.11476,1.10914,0.67851,0.16012
basic,210,5,0.11476,1.83223,0.67699,0.15144
basic,210,5,0.11476,3.02674,0.67226,0.15615
basic,210,5,0.11476,5.0,0.67226,0.15615
basic,210,5,0.16462,0.02,0.66274,0.22935
basic,210,5,0.16462,0.03304,0.66274,0.22935
basic,210,5,0.16462,0.05458,0.66313,0.22921
basic,210,5,0.16462,0.09016,0.65998,0.23035
basic,210,5,0.16462,0.14894,0.66179,0.22461
basic,210,5,0.16462,0.24604,0.66133,0.22142
basic,210,5,0.16462,0.40644,0.66606,0.20737
basic,210,5,0.16462,0.67142,0.66957,0.21104
basic,210,5,0.16462,1.10914,0.67032,0.19042
basic,210,5,0.16462,1.83223,0.67798,0.16881
basic,210,5,0.16462,3.02674,0.67454,0.16484
basic,210,5,0.16462,5.0,0.67421,0.16344
basic,210,5,0.23615,0.02,0.66165,0.3085
basic,210,5,0.23615,0.03304,0.66058,0.30219
basic,210,5,0.23615,0.05458,0.66058,0.30219
basic,210,5,0.23615,0.09016,0.66314,0.29018
basic,210,5,0.23615,0.14894,0.66514,0.28261
basic,210,5,0.23615,0.24604,0.66041,0.28409
basic,210,5,0.23615,0.40644,0.65438,0.25673
basic,210,5,0.23615,0.67142,0.66358,0.24797
basic,210,5,0.23615,1.10914,0.66706,0.19956
basic,210,5,0.23615,1.83223,0.66562,0.17606
basic,210,5,0.23615,3.02674,0.66906,0.18277
basic,210,5,0.23615,5.0,0.66615,0.17967
basic,210,5,0.33876,0.02,0.65537,0.38444
basic,210,5,0.33876,0.03304,0.6537,0.37639
basic,210,5,0.33876,0.05458,0.65829,0.35771
basic,210,5,0.33876,0.09016,0.6591,0.34893
basic,210,5,0.33876,0.14894,0.65679,0.33333
basic,210,5,0.33876,0.24604,0.65882,0.33144
basic,210,5,0.33876,0.40644,0.65538,0.32442
basic,210,5,0.33876,0.67142,0.65514,0.32287
basic,210,5,0.33876,1.10914,0.65704,0.26906
basic,210,5,0.33876,1.83223,0.65939,0.22171
basic,210,5,0.33876,3.02674,0.66373,0.20017
basic,210,5,0.33876,5.0,0.66304,0.19187
basic,210,5,0.48596,0.02,0.64785,0.55396
basic,210,5,0.48596,0.03304,0.64666,0.54909
basic,210,5,0.48596,0.05458,0.64246,0.55064
basic,210,5,0.48596,0.09016,0.64526,0.52312
basic,210,5,0.48596,0.14894,0.64277,0.53211
basic,210,5,0.48596,0.24604,0.6498,0.50389
basic,210,5,0.48596,0.40644,0.65206,0.45749
basic,210,5,0.48596,0.67142,0.64717,0.44016
basic,210,5,0.48596,1.10914,0.64198,0.39157
basic,210,5,0.48596,1.83223,0.65465,0.39268
basic,210,5,0.48596,3.02674,0.6569,0.33802
basic,210,5,0.48596,5.0,0.65711,0.33393
basic,210,5,0.69711,0.02,0.60427,0.73182
basic,210,5,0.69711,0.03304,0.60458,0.71817
basic,210,5,0.69711,0.05458,0.60744,0.72352
basic,210,5,0.69711,0.09016,0.60879,0.7477
basic,210,5,0.69711,0.14894,0.61758,0.747
basic,210,5,0.69711,0.24604,0.61889,0.70587
basic,210,5,0.69711,0.40644,0.60002,0.60696
basic,210,5,0.69711,0.67142,0.63162,0.61188
basic,210,5,0.69711,1.10914,0.62244,0.57225
basic,210,5,0.69711,1.83223,0.63083,0.49912
basic,210,5,0.69711,3.02674,0.63853,0.45357
basic,210,5,0.69711,5.0,0.64552,0.4328
basic,210,5,1.0,0.02,0.55954,1.00474
basic,210,5,1.0,0.03304,0.56137,1.00694
basic,210,5,1.0,0.05458,0.55574,1.01602
basic,210,5,1.0,0.09016,0.55971,0.99536
basic,210,5,1.0,0.14894,0.55841,1.00962
basic,210,5,1.0,0.24604,0.56182,0.98956
basic,210,5,1.0,0.40644,0.55288,0.90763
basic,210,5,1.0,0.67142,0.56074,0.88145
basic,210,5,1.0,1.10914,0.58974,0.80895
basic,210,5,1.0,1.83223,0.59531,0.75347
basic,210,5,1.0,3.02674,0.6011,0.71393
basic,210,5,1.0,5.0,0.60662,0.64314
basic,210,10,0.08,0.02,0.66882,0.2187
basic,210,10,0.08,0.03304,0.66882,0.2187
basic,210,10,0.08,0.05458,0.66745,0.21658
basic,210,10,0.08,0.09016,0.66616,0.21197
basic,210,10,0.08,0.14894,0.66371,0.21424
basic,210,10,0.08,0.24604,0.6631,0.20969
basic,210,10,0.08,0.40644,0.66163,0.2038
basic,210,10,0.08,0.67142,0.66026,0.18574
basic,210,10,0.08,1.10914,0.66485,0.18138
basic,210,10,0.08,1.83223,0.65885,0.16086
basic,210,10,0.08,3.02674,0.66274,0.16174
basic,210,10,0.08,5.0,0.66136,0.14285
basic,210,10,0.11476,0.02,0.66689,0.2429
basic,210,10,0.11476,0.03304,0.66807,0.2371
basic,210,10,0.11476,0.05458,0.66798,0.24008
basic,210,10,0.11476,0.09016,0.66282,0.22954
basic,210,10,0.11476,0.14894,0.66479,0.22805
basic,210,10,0.11476,0.24604,0.66332,0.21891
basic,210,10,0.11476,0.40644,0.66075,0.20888
basic,210,10,0.11476,0.67142,0.65754,0.18931
basic,210,10,0.11476,1.10914,0.65656,0.19063
basic,210,10,0.11476,1.83223,0.65772,0.17851
basic,210,10,0.11476,3.02674,0.66048,0.17498
basic,210,10,0.11476,5.0,0.65992,0.15456
basic,210,10,0.16462,0.02,0.66895,0.25883
basic,210,10,0.16462,0.03304,0.67055,0.25672
basic,210,10,0.16462,0.05458,0.67055,0.25672
basic,210,10,0.16462,0.09016,0.67191,0.25417
basic,210,10,0.16462,0.14894,0.66499,0.2465
basic,210,10,0.16462,0.24604,0.66784,0.24426
basic,210,10,0.16462,0.40644,0.66758,0.23437
basic,210,10,0.16462,0.67142,0.6692,0.22173
basic,210,10,0.16462,1.10914,0.66524,0.21069
basic,210,10,0.16462,1.83223,0.65698,0.19036
basic,210,10,0.16462,3.02674,0.66179,0.18173
basic,210,10,0.16462,5.0,0.6609,0.17439
basic,210,10,0.23615,0.02,0.65033,0.31105
basic,210,10,0.23615,0.03304,0.65033,0.31105
basic,210,10,0.23615,0.05458,0.65033,0.30522
basic,210,10,0.23615,0.09016,0.65203,0.29171
basic,210,10,0.23615,0.14894,0.64551,0.27492
basic,210,10,0.23615,0.24604,0.64815,0.26929
basic,210,10,0.23615,0.40644,0.655,0.26473
basic,210,10,0.23615,0.67142,0.65882,0.25898
basic,210,10,0.23615,1.10914,0.66033,0.24221
basic,210,10,0.23615,1.83223,0.65852,0.21785
basic,210,10,0.23615,3.02674,0.66487,0.22098
basic,210,10,0.23615,5.0,0.66325,0.21922
basic,210,10,0.33876,0.02,0.63882,0.38583
basic,210,10,0.33876,0.03304,0.63811,0.38113
basic,210,10,0.33876,0.05458,0.63672,0.37611
basic,210,10,0.33876,0.09016,0.64083,0.3763
basic,210,10,0.33876,0.14894,0.63904,0.37194
basic,210,10,0.33876,0.24604,0.63601,0.35617
basic,210,10,0.33876,0.40644,0.64258,0.32599
basic,210,10,0.33876,0.67142,0.63783,0.31102
basic,210,10,0.33876,1.10914,0.65268,0.27396
basic,210,10,0.33876,1.83223,0.65284,0.2665
basic,210,10,0.33876,3.02674,0.64796,0.26954
basic,210,10,0.33876,5.0,0.64317,0.25607
basic,210,10,0.48596,0.02,0.61715,0.54688
basic,210,10,0.48596,0.03304,0.61525,0.53415
basic,210,10,0.48596,0.05458,0.62072,0.52317
basic,210,10,0.48596,0.09016,0.62487,0.5129
basic,210,10,0.48596,0.14894,0.62862,0.50372
basic,210,10,0.48596,0.24604,0.62471,0.49682
basic,210,10,0.48596,0.40644,0.63115,0.47535
basic,210,10,0.48596,0.67142,0.62044,0.40703
basic,210,10,0.48596,1.10914,0.63219,0.38031
basic,210,10,0.48596,1.83223,0.62748,0.32546
basic,210,10,0.48596,3.02674,0.64172,0.27293
basic,210,10,0.48596,5.0,0.64563,0.27567
basic,210,10,0.69711,0.02,0.56119,0.67498
basic,210,10,0.69711,0.03304,0.5587,0.68024
basic,210,10,0.69711,0.05458,0.55212,0.67322
basic,210,10,0.69711,0.09016,0.55625,0.64637
basic,210,10,0.69711,0.14894,0.57771,0.65598
basic,210,10,0.69711,0.24604,0.57831,0.639
basic,210,10,0.69711,0.40644,0.58525,0.62358
basic,210,10,0.69711,0.67142,0.59892,0.5763
basic,210,10,0.69711,1.10914,0.5773,0.50437
basic,210,10,0.69711,1.83223,0.59008,0.44726
basic,210,10,0.69711,3.02674,0.59537,0.37909
basic,210,10,0.69711,5.0,0.59643,0.34456
basic,210,10,1.0,0.02,0.51362,0.78738
basic,210,10,1.0,0.03304,0.51581,0.76819
basic,210,10,1.0,0.05458,0.51817,0.77983
basic,210,10,1.0,0.09016,0.52779,0.77656
basic,210,10,1.0,0.14894,0.53125,0.78166
basic,210,10,1.0,0.24604,0.51675,0.79072
basic,210,10,1.0,0.40644,0.52076,0.77877
basic,210,10,1.0,0.67142,0.55108,0.79512
basic,210,10,1.0,1.10914,0.56029,0.76466
basic,210,10,1.0,1.83223,0.5694,0.6214
basic,210,10,1.0,3.02674,0.56844,0.56979
basic,210,10,1.0,5.0,0.57873,0.53497
basic,210,20,0.08,0.02,0.64327,0.29803
basic,210,20,0.08,0.03304,0.6403,0.29378
basic,210,20,0.08,0.05458,0.64084,0.29524
basic,210,20,0.08,0.09016,0.63755,0.29512
basic,210,20,0.08,0.14894,0.63556,0.28344
basic,210,20,0.08,0.24604,0.6389,0.28048
basic,210,20,0.08,0.40644,0.64371,0.28388
basic,210,20,0.08,0.67142,0.63893,0.26344
basic,210,20,0.08,1.10914,0.65249,0.22179
basic,210,20,0.08,1.83223,0.64795,0.20049
basic,210,20,0.08,3.02674,0.64851,0.17827
basic,210,20,0.08,5.0,0.65035,0.17683
basic,210,20,0.11476,0.02,0.64363,0.3184
basic,210,20,0.11476,0.03304,0.64263,0.31177
basic,210,20,0.11476,0.05458,0.643,0.31071
basic,210,20,0.11476,0.09016,0.64308,0.31352
basic,210,20,0.11476,0.14894,0.6341,0.30929
basic,210,20,0.11476,0.24604,0.63511,0.29522
basic,210,20,0.11476,0.40644,0.64593,0.29623
basic,210,20,0.11476,0.67142,0.6428,0.2666
basic,210,20,0.11476,1.10914,0.64794,0.23632
basic,210,20,0.11476,1.83223,0.65256,0.22009
basic,210,20,0.11476,3.02674,0.64887,0.19529
basic,210,20,0.11476,5.0,0.65071,0.1938
basic,210,20,0.16462,0.02,0.61724,0.32715
basic,210,20,0.16462,0.03304,0.61815,0.32722
basic,210,20,0.16462,0.05458,0.61984,0.3271
basic,210,20,0.16462,0.09016,0.62478,0.32968
basic,210,20,0.16462,0.14894,0.62842,0.33156
basic,210,20,0.16462,0.24604,0.63198,0.32521
basic,210,20,0.16462,0.40644,0.63982,0.31611
basic,210,20,0.16462,0.67142,0.62907,0.29836
basic,210,20,0.16462,1.10914,0.65127,0.28539
basic,210,20,0.16462,1.83223,0.65043,0.23852
basic,210,20,0.16462,3.02674,0.6445,0.23972
basic,210,20,0.16462,5.0,0.64743,0.22371
basic,210,20,0.23615,0.02,0.63424,0.41766
basic,210,20,0.23615,0.03304,0.63583,0.41629
basic,210,20,0.23615,0.05458,0.63434,0.4158
basic,210,20,0.23615,0.09016,0.63392,0.41302
basic,210,20,0.23615,0.14894,0.63379,0.39154
basic,210,20,0.23615,0.24604,0.6291,0.37851
basic,210,20,0.23615,0.40644,0.62391,0.34519
basic,210,20,0.23615,0.67142,0.62375,0.32539
basic,210,20,0.23615,1.10914,0.63468,0.30829
basic,210,20,0.23615,1.83223,0.62063,0.26331
basic,210,20,0.23615,3.02674,0.62483,0.23978
basic,210,20,0.23615,5.0,0.62298,0.22843
basic,210,20,0.33876,0.02,0.61936,0.49998
basic,210,20,0.33876,0.03304,0.61971,0.49172
basic,210,20,0.33876,0.05458,0.6287,0.48276
basic,210,20,0.33876,0.09016,0.61998,0.4702
basic,210,20,0.33876,0.14894,0.61523,0.43971
basic,210,20,0.33876,0.24604,0.62063,0.42394
basic,210,20,0.33876,0.40644,0.62268,0.39218
basic,210,20,0.33876,0.67142,0.61962,0.37398
basic,210,20,0.33876,1.10914,0.6321,0.35241
basic,210,20,0.33876,1.83223,0.62612,0.30258
basic,210,20,0.33876,3.02674,0.63223,0.27292
basic,210,20,0.33876,5.0,0.6285,0.26022
basic,210,20,0.48596,0.02,0.56423,0.55936
basic,210,20,0.48596,0.03304,0.56239,0.56053
basic,210,20,0.48596,0.05458,0.56512,0.54226
basic,210,20,0.48596,0.09016,0.57374,0.55528
basic,210,20,0.48596,0.14894,0.57493,0.54518
basic,210,20,0.48596,0.24604,0.59113,0.55362
basic,210,20,0.48596,0.40644,0.59417,0.52219
basic,210,20,0.48596,0.67142,0.6028,0.46647
basic,210,20,0.48596,1.10914,0.61209,0.42161
basic,210,20,0.48596,1.83223,0.60579,0.3624
basic,210,20,0.48596,3.02674,0.61431,0.33979
basic,210,20,0.48596,5.0,0.61698,0.32966
basic,210,20,0.69711,0.02,0.53212,0.6575
basic,210,20,0.69711,0.03304,0.53163,0.67158
basic,210,20,0.69711,0.05458,0.5333,0.667
basic,210,20,0.69711,0.09016,0.54128,0.67055
basic,210,20,0.69711,0.14894,0.54357,0.6714
basic,210,20,0.69711,0.24604,0.54944,0.67446
basic,210,20,0.69711,0.40644,0.56487,0.61662
basic,210,20,0.69711,0.67142,0.58425,0.59235
basic,210,20,0.69711,1.10914,0.58967,0.56569
basic,210,20,0.69711,1.83223,0.58821,0.47413
basic,210,20,0.69711,3.02674,0.59514,0.43379
basic,210,20,0.69711,5.0,0.59034,0.3862
basic,210,20,1.0,0.02,0.48225,0.77267
basic,210,20,1.0,0.03304,0.4849,0.79485
basic,210,20,1.0,0.05458,0.48737,0.79554
basic,210,20,1.0,0.09016,0.48283,0.79645
basic,210,20,1.0,0.14894,0.48924,0.78587
basic,210,20,1.0,0.24604,0.50963,0.78499
basic,210,20,1.0,0.40644,0.50421,0.73645
basic,210,20,1.0,0.67142,0.50656,0.71001
basic,210,20,1.0,1.10914,0.49956,0.63808
basic,210,20,1.0,1.83223,0.543,0.60484
basic,210,20,1.0,3.02674,0.54115,0.50754
basic,210,20,1.0,5.0,0.55205,0.47434
basic,210,50,0.08,0.02,0.6124,0.48849
basic,210,50,0.08,0.03304,0.61161,0.4847
basic,210,50,0.08,0.05458,0.60107,0.45958
basic,210,50,0.08,0.09016,0.60563,0.46294
basic,210,50,0.08,0.14894,0.61745,0.4401
basic,210,50,0.08,0.24604,0.61479,0.42939
basic,210,50,0.08,0.40644,0.6201,0.42125
basic,210,50,0.08,0.67142,0.60741,0.38827
basic,210,50,0.08,1.10914,0.6212,0.35863
basic,210,50,0.08,1.83223,0.61248,0.32962
basic,210,50,0.08,3.02674,0.61229,0.29202
basic,210,50,0.08,5.0,0.61483,0.28829
basic,210,50,0.11476,0.02,0.60347,0.49077
basic,210,50,0.11476,0.03304,0.60447,0.48862
basic,210,50,0.11476,0.05458,0.60497,0.49292
basic,210,50,0.11476,0.09016,0.61077,0.49181
basic,210,50,0.11476,0.14894,0.60049,0.46513
basic,210,50,0.11476,0.24604,0.5962,0.45263
basic,210,50,0.11476,0.40644,0.61048,0.4351
basic,210,50,0.11476,0.67142,0.61167,0.39725
basic,210,50,0.11476,1.10914,0.61566,0.36754
basic,210,50,0.11476,1.83223,0.61048,0.33967
basic,210,50,0.11476,3.02674,0.60215,0.28612
basic,210,50,0.11476,5.0,0.60049,0.27527
basic,210,50,0.16462,0.02,0.59267,0.51
basic,210,50,0.16462,0.03304,0.59367,0.50556
basic,210,50,0.16462,0.05458,0.60317,0.50344
basic,210,50,0.16462,0.09016,0.59933,0.50416
basic,210,50,0.16462,0.14894,0.60628,0.49298
basic,210,50,0.16462,0.24604,0.59869,0.47459
basic,210,50,0.16462,0.40644,0.6076,0.47171
basic,210,50,0.16462,0.67142,0.6141,0.44482
basic,210,50,0.16462,1.10914,0.6134,0.39664
basic,210,50,0.16462,1.83223,0.59921,0.34671
basic,210,50,0.16462,3.02674,0.60083,0.29082
basic,210,50,0.16462,5.0,0.58983,0.29632
basic,210,50,0.23615,0.02,0.56629,0.54492
basic,210,50,0.23615,0.03304,0.5663,0.54694
basic,210,50,0.23615,0.05458,0.56863,0.54039
basic,210,50,0.23615,0.09016,0.57433,0.5438
basic,210,50,0.23615,0.14894,0.58727,0.53036
basic,210,50,0.23615,0.24604,0.58829,0.52287
basic,210,50,0.23615,0.40644,0.58409,0.50454
basic,210,50,0.23615,0.67142,0.59471,0.4604
basic,210,50,0.23615,1.10914,0.61263,0.4109
basic,210,50,0.23615,1.83223,0.59289,0.36038
basic,210,50,0.23615,3.02674,0.60677,0.32221
basic,210,50,0.23615,5.0,0.60814,0.32691
basic,210,50,0.33876,0.02,0.5606,0.59078
basic,210,50,0.33876,0.03304,0.56105,0.59654
basic,210,50,0.33876,0.05458,0.56483,0.58863
basic,210,50,0.33876,0.09016,0.56465,0.57855
basic,210,50,0.33876,0.14894,0.5649,0.56701
basic,210,50,0.33876,0.24604,0.58282,0.57408
basic,210,50,0.33876,0.40644,0.58337,0.54293
basic,210,50,0.33876,0.67142,0.58414,0.51641
basic,210,50,0.33876,1.10914,0.58279,0.45203
basic,210,50,0.33876,1.83223,0.59884,0.42358
basic,210,50,0.33876,3.02674,0.59948,0.34208
basic,210,50,0.33876,5.0,0.60448,0.33384
basic,210,50,0.48596,0.02,0.54174,0.65018
basic,210,50,0.48596,0.03304,0.54168,0.65064
basic,210,50,0.48596,0.05458,0.53592,0.64489
basic,210,50,0.48596,0.09016,0.53787,0.62004
basic,210,50,0.48596,0.14894,0.5311,0.5898
basic,210,50,0.48596,0.24604,0.52412,0.59545
basic,210,50,0.48596,0.40644,0.54796,0.60439
basic,210,50,0.48596,0.67142,0.54783,0.57224
basic,210,50,0.48596,1.10914,0.56833,0.5128
basic,210,50,0.48596,1.83223,0.58082,0.45855
basic,210,50,0.48596,3.02674,0.57559,0.37328
basic,210,50,0.48596,5.0,0.58011,0.35752
basic,210,50,0.69711,0.02,0.51477,0.69829
basic,210,50,0.69711,0.03304,0.51366,0.69134
basic,210,50,0.69711,0.05458,0.51899,0.69224
basic,210,50,0.69711,0.09016,0.5177,0.68725
basic,210,50,0.69711,0.14894,0.51238,0.69541
basic,210,50,0.69711,0.24604,0.5011,0.67937
basic,210,50,0.69711,0.40644,0.52107,0.65661
basic,210,50,0.69711,0.67142,0.52099,0.65628
basic,210,50,0.69711,1.10914,0.5206,0.59351
basic,210,50,0.69711,1.83223,0.53451,0.49726
basic,210,50,0.69711,3.02674,0.54658,0.43768
basic,210,50,0.69711,5.0,0.56383,0.40127
basic,210,50,1.0,0.02,0.43168,0.75282
basic,210,50,1.0,0.03304,0.43325,0.75434
basic,210,50,1.0,0.05458,0.44169,0.76043
basic,210,50,1.0,0.09016,0.44608,0.76038
basic,210,50,1.0,0.14894,0.44633,0.75929
basic,210,50,1.0,0.24604,0.44483,0.74118
basic,210,50,1.0,0.40644,0.45693,0.72119
basic,210,50,1.0,0.67142,0.46071,0.69255
basic,210,50,1.0,1.10914,0.47162,0.66898
basic,210,50,1.0,1.83223,0.47579,0.5625
basic,210,50,1.0,3.02674,0.50905,0.50062
basic,210,50,1.0,5.0,0.52155,0.43126
basic,420,5,0.08,0.02,0.63146,0.12597
basic,420,5,0.08,0.03304,0.63245,0.1167
basic,420,5,0.08,0.05458,0.62944,0.11117
basic,420,5,0.08,0.09016,0.6299,0.11547
basic,420,5,0.08,0.14894,0.6308,0.11076
basic,420,5,0.08,0.24604,0.62736,0.09754
basic,420,5,0.08,0.40644,0.62456,0.08688
basic,420,5,0.08,0.67142,0.62776,0.06886
basic,420,5,0.08,1.10914,0.62512,0.05266
basic,420,5,0.08,1.83223,0.62088,0.04673
basic,420,5,0.08,3.02674,0.61966,0.04236
basic,420,5,0.08,5.0,0.61983,0.0402
basic,420,5,0.11476,0.02,0.64106,0.15772
basic,420,5,0.11476,0.03304,0.63954,0.15681
basic,420,5,0.11476,0.05458,0.63712,0.14044
basic,420,5,0.11476,0.09016,0.63854,0.14162
basic,420,5,0.11476,0.14894,0.63291,0.12798
basic,420,5,0.11476,0.24604,0.63275,0.12079
basic,420,5,0.11476,0.40644,0.62666,0.10551
basic,420,5,0.11476,0.67142,0.62756,0.08724
basic,420,5,0.11476,1.10914,0.62501,0.0524
basic,420,5,0.11476,1.83223,0.62179,0.05097
basic,420,5,0.11476,3.02674,0.62028,0.04695
basic,420,5,0.11476,5.0,0.62057,0.04426
basic,420,5,0.16462,0.02,0.63137,0.2106
basic,420,5,0.16462,0.03304,0.63072,0.20889
basic,420,5,0.16462,0.05458,0.63658,0.21144
basic,420,5,0.16462,0.09016,0.63573,0.2099
basic,420,5,0.16462,0.14894,0.63313,0.19038
basic,420,5,0.16462,0.24604,0.63998,0.16753
basic,420,5,0.16462,0.40644,0.63662,0.14382
basic,420,5,0.16462,0.67142,0.62494,0.10264
basic,420,5,0.16462,1.10914,0.62747,0.0849
basic,420,5,0.16462,1.83223,0.62258,0.05911
basic,420,5,0.16462,3.02674,0.6212,0.05236
basic,420,5,0.16462,5.0,0.62119,0.05021
basic,420,5,0.23615,0.02,0.63987,0.32525
basic,420,5,0.23615,0.03304,0.63566,0.3192
basic,420,5,0.23615,0.05458,0.63762,0.30478
basic,420,5,0.23615,0.09016,0.63054,0.29546
basic,420,5,0.23615,0.14894,0.63033,0.28889
basic,420,5,0.23615,0.24604,0.63612,0.24844
basic,420,5,0.23615,0.40644,0.62706,0.22928
basic,420,5,0.23615,0.67142,0.63424,0.16993
basic,420,5,0.23615,1.10914,0.62569,0.12436
basic,420,5,0.23615,1.83223,0.62459,0.0851
basic,420,5,0.23615,3.02674,0.62979,0.07391
basic,420,5,0.23615,5.0,0.62652,0.07217
basic,420,5,0.33876,0.02,0.60897,0.59294
basic,420,5,0.33876,0.03304,0.60574,0.58003
basic,420,5,0.33876,0.05458,0.61099,0.54675
basic,420,5,0.33876,0.09016,0.60788,0.54475
basic,420,5,0.33876,0.14894,0.61417,0.51262
basic,420,5,0.33876,0.24604,0.62753,0.43919
basic,420,5,0.33876,0.40644,0.63351,0.38647
basic,420,5,0.33876,0.67142,0.6274,0.29696
basic,420,5,0.33876,1.10914,0.63569,0.21561
basic,420,5,0.33876,1.83223,0.62428,0.16533
basic,420,5,0.33876,3.02674,0.61985,0.11619
basic,420,5,0.33876,5.0,0.62453,0.10947
basic,420,5,0.48596,0.02,0.58681,0.9748
basic,420,5,0.48596,0.03304,0.58744,0.97085
basic,420,5,0.48596,0.05458,0.59603,0.95928
basic,420,5,0.48596,0.09016,0.5994,0.93493
basic,420,5,0.48596,0.14894,0.5982,0.90712
basic,420,5,0.48596,0.24604,0.59755,0.87026
basic,420,5,0.48596,0.40644,0.60892,0.80746
basic,420,5,0.48596,0.67142,0.60963,0.62731
basic,420,5,0.48596,1.10914,0.60819,0.48092
basic,420,5,0.48596,1.83223,0.61942,0.35179
basic,420,5,0.48596,3.02674,0.61631,0.21192
basic,420,5,0.48596,5.0,0.62481,0.213
basic,420,5,0.69711,0.02,0.52782,1.28733
basic,420,5,0.69711,0.03304,0.5305,1.29533
basic,420,5,0.69711,0.05458,0.53454,1.32698
basic,420,5,0.69711,0.09016,0.53613,1.31057
basic,420,5,0.69711,0.14894,0.53152,1.26999
basic,420,5,0.69711,0.24604,0.55007,1.27452
basic,420,5,0.69711,0.40644,0.55212,1.22234
basic,420,5,0.69711,0.67142,0.55481,1.11065
basic,420,5,0.69711,1.10914,0.57952,0.96938
basic,420,5,0.69711,1.83223,0.58289,0.70586
basic,420,5,0.69711,3.02674,0.60315,0.48934
basic,420,5,0.69711,5.0,0.59704,0.46013
basic,420,5,1.0,0.02,0.44025,1.54927
basic,420,5,1.0,0.03304,0.44045,1.54687
basic,420,5,1.0,0.05458,0.461,1.5764
basic,420,5,1.0,0.09016,0.45854,1.55661
basic,420,5,1.0,0.14894,0.45817,1.54381
basic,420,5,1.0,0.24604,0.45736,1.56227
basic,420,5,1.0,0.40644,0.47308,1.53791
basic,420,5,1.0,0.67142,0.48724,1.46688
basic,420,5,1.0,1.10914,0.48353,1.35321
basic,420,5,1.0,1.83223,0.50663,1.19269
basic,420,5,1.0,3.02674,0.52635,0.96841
basic,420,5,1.0,5.0,0.54854,0.84789
basic,420,10,0.08,0.02,0.63202,0.15538
basic,420,10,0.08,0.03304,0.63228,0.15183
basic,420,10,0.08,0.05458,0.63229,0.15118
basic,420,10,0.08,0.09016,0.63658,0.15047
basic,420,10,0.08,0.14894,0.63758,0.14126
basic,420,10,0.08,0.24604,0.63948,0.13542
basic,420,10,0.08,0.40644,0.64285,0.10555
basic,420,10,0.08,0.67142,0.63728,0.08673
basic,420,10,0.08,1.10914,0.64233,0.07296
basic,420,10,0.08,1.83223,0.63849,0.05947
basic,420,10,0.08,3.02674,0.63908,0.05109
basic,420,10,0.08,5.0,0.64023,0.05069
basic,420,10,0.11476,0.02,0.6291,0.18595
basic,420,10,0.11476,0.03304,0.6292,0.18588
basic,420,10,0.11476,0.05458,0.63201,0.17872
basic,420,10,0.11476,0.09016,0.63835,0.1689
basic,420,10,0.11476,0.14894,0.634,0.17113
basic,420,10,0.11476,0.24604,0.62791,0.14591
basic,420,10,0.11476,0.40644,0.64386,0.13822
basic,420,10,0.11476,0.67142,0.64426,0.10062
basic,420,10,0.11476,1.10914,0.63725,0.08311
basic,420,10,0.11476,1.83223,0.63793,0.06029
basic,420,10,0.11476,3.02674,0.6386,0.0565
basic,420,10,0.11476,5.0,0.64015,0.05605
basic,420,10,0.16462,0.02,0.6236,0.23965
basic,420,10,0.16462,0.03304,0.62724,0.23317
basic,420,10,0.16462,0.05458,0.62937,0.22895
basic,420,10,0.16462,0.09016,0.63059,0.22525
basic,420,10,0.16462,0.14894,0.62931,0.21509
basic,420,10,0.16462,0.24604,0.6355,0.18938
basic,420,10,0.16462,0.40644,0.61963,0.16247
basic,420,10,0.16462,0.67142,0.63574,0.14433
basic,420,10,0.16462,1.10914,0.63559,0.09821
basic,420,10,0.16462,1.83223,0.63814,0.07121
basic,420,10,0.16462,3.02674,0.6364,0.05886
basic,420,10,0.16462,5.0,0.63827,0.05906
basic,420,10,0.23615,0.02,0.63304,0.3919
basic,420,10,0.23615,0.03304,0.62981,0.37678
basic,420,10,0.23615,0.05458,0.62603,0.3658
basic,420,10,0.23615,0.09016,0.62143,0.35051
basic,420,10,0.23615,0.14894,0.61894,0.34528
basic,420,10,0.23615,0.24604,0.62723,0.30959
basic,420,10,0.23615,0.40644,0.62642,0.24514
basic,420,10,0.23615,0.67142,0.63158,0.2167
basic,420,10,0.23615,1.10914,0.62406,0.1565
basic,420,10,0.23615,1.83223,0.62888,0.10244
basic,420,10,0.23615,3.02674,0.63022,0.08274
basic,420,10,0.23615,5.0,0.63362,0.08451
basic,420,10,0.33876,0.02,0.61206,0.57241
basic,420,10,0.33876,0.03304,0.61418,0.55972
basic,420,10,0.33876,0.05458,0.61195,0.53009
basic,420,10,0.33876,0.09016,0.61336,0.51521
basic,420,10,0.33876,0.14894,0.61602,0.49409
basic,420,10,0.33876,0.24604,0.60872,0.52131
basic,420,10,0.33876,0.40644,0.62327,0.45209
basic,420,10,0.33876,0.67142,0.60763,0.33303
basic,420,10,0.33876,1.10914,0.62429,0.23348
basic,420,10,0.33876,1.83223,0.62636,0.17853
basic,420,10,0.33876,3.02674,0.63278,0.14245
basic,420,10,0.33876,5.0,0.62658,0.13675
basic,420,10,0.48596,0.02,0.57904,0.76921
basic,420,10,0.48596,0.03304,0.57663,0.76215
basic,420,10,0.48596,0.05458,0.57991,0.78342
basic,420,10,0.48596,0.09016,0.56667,0.76293
basic,420,10,0.48596,0.14894,0.58235,0.77333
basic,420,10,0.48596,0.24604,0.57062,0.7499
basic,420,10,0.48596,0.40644,0.58313,0.66376
basic,420,10,0.48596,0.67142,0.59727,0.58272
basic,420,10,0.48596,1.10914,0.60479,0.44913
basic,420,10,0.48596,1.83223,0.61453,0.3263
basic,420,10,0.48596,3.02674,0.61153,0.23708
basic,420,10,0.48596,5.0,0.61681,0.2317
basic,420,10,0.69711,0.02,0.50697,1.0302
basic,420,10,0.69711,0.03304,0.50618,0.99903
basic,420,10,0.69711,0.05458,0.51162,0.98415
basic,420,10,0.69711,0.09016,0.50945,1.00683
basic,420,10,0.69711,0.14894,0.51563,0.99089
basic,420,10,0.69711,0.24604,0.53413,0.96816
basic,420,10,0.69711,0.40644,0.5399,0.93697
basic,420,10,0.69711,0.67142,0.54035,0.86467
basic,420,10,0.69711,1.10914,0.55495,0.75169
basic,420,10,0.69711,1.83223,0.5806,0.57389
basic,420,10,0.69711,3.02674,0.58934,0.41648
basic,420,10,0.69711,5.0,0.59892,0.38906
basic,420,10,1.0,0.02,0.44233,1.10835
basic,420,10,1.0,0.03304,0.4413,1.12758
basic,420,10,1.0,0.05458,0.43627,1.13237
basic,420,10,1.0,0.09016,0.44005,1.13572
basic,420,10,1.0,0.14894,0.44213,1.14171
basic,420,10,1.0,0.24604,0.44879,1.14855
basic,420,10,1.0,0.40644,0.47,1.15695
basic,420,10,1.0,0.67142,0.4796,1.09999
basic,420,10,1.0,1.10914,0.48016,0.99263
basic,420,10,1.0,1.83223,0.50267,0.87639
basic,420,10,1.0,3.02674,0.52188,0.76882
basic,420,10,1.0,5.0,0.5388,0.64074
basic,420,20,0.08,0.02,0.63143,0.23311
basic,420,20,0.08,0.03304,0.62833,0.23066
basic,420,20,0.08,0.05458,0.6291,0.22675
basic,420,20,0.08,0.09016,0.63891,0.20968
basic,420,20,0.08,0.14894,0.63684,0.20273
basic,420,20,0.08,0.24604,0.63174,0.18839
basic,420,20,0.08,0.40644,0.63186,0.16047
basic,420,20,0.08,0.67142,0.63354,0.14021
basic,420,20,0.08,1.10914,0.62257,0.10981
basic,420,20,0.08,1.83223,0.63167,0.10822
basic,420,20,0.08,3.02674,0.63774,0.09736
basic,420,20,0.08,5.0,0.63667,0.09562
basic,420,20,0.11476,0.02,0.62013,0.27626
basic,420,20,0.11476,0.03304,0.62202,0.26773
basic,420,20,0.11476,0.05458,0.62561,0.26695
basic,420,20,0.11476,0.09016,0.62629,0.25954
basic,420,20,0.11476,0.14894,0.63096,0.2532
basic,420,20,0.11476,0.24604,0.62146,0.22251
basic,420,20,0.11476,0.40644,0.62513,0.18275
basic,420,20,0.11476,0.67142,0.6312,0.16319
basic,420,20,0.11476,1.10914,0.62631,0.12946
basic,420,20,0.11476,1.83223,0.63106,0.11735
basic,420,20,0.11476,3.02674,0.63468,0.10968
basic,420,20,0.11476,5.0,0.63067,0.1078
basic,420,20,0.16462,0.02,0.63031,0.35467
basic,420,20,0.16462,0.03304,0.62646,0.35498
basic,420,20,0.16462,0.05458,0.62861,0.33772
basic,420,20,0.16462,0.09016,0.62552,0.32597
basic,420,20,0.16462,0.14894,0.63404,0.30477
basic,420,20,0.16462,0.24604,0.63171,0.26832
basic,420,20,0.16462,0.40644,0.6315,0.25752
basic,420,20,0.16462,0.67142,0.6321,0.19768
basic,420,20,0.16462,1.10914,0.63932,0.15446
basic,420,20,0.16462,1.83223,0.62962,0.12904
basic,420,20,0.16462,3.02674,0.63354,0.11665
basic,420,20,0.16462,5.0,0.63327,0.10438
basic,420,20,0.23615,0.02,0.61143,0.45234
basic,420,20,0.23615,0.03304,0.60692,0.43763
basic,420,20,0.23615,0.05458,0.61124,0.42402
basic,420,20,0.23615,0.09016,0.62166,0.43429
basic,420,20,0.23615,0.14894,0.61704,0.40433
basic,420,20,0.23615,0.24604,0.61151,0.3745
basic,420,20,0.23615,0.40644,0.62758,0.353
basic,420,20,0.23615,0.67142,0.62158,0.29194
basic,420,20,0.23615,1.10914,0.62736,0.21248
basic,420,20,0.23615,1.83223,0.6246,0.15502
basic,420,20,0.23615,3.02674,0.62541,0.13114
basic,420,20,0.23615,5.0,0.63292,0.12309
basic,420,20,0.33876,0.02,0.5765,0.58151
basic,420,20,0.33876,0.03304,0.57983,0.57179
basic,420,20,0.33876,0.05458,0.58584,0.56628
basic,420,20,0.33876,0.09016,0.58633,0.56244
basic,420,20,0.33876,0.14894,0.59886,0.55242
basic,420,20,0.33876,0.24604,0.59405,0.51754
basic,420,20,0.33876,0.40644,0.59946,0.47398
basic,420,20,0.33876,0.67142,0.61345,0.40458
basic,420,20,0.33876,1.10914,0.62154,0.30506
basic,420,20,0.33876,1.83223,0.62244,0.21361
basic,420,20,0.33876,3.02674,0.62652,0.19121
basic,420,20,0.33876,5.0,0.62383,0.17787
basic,420,20,0.48596,0.02,0.54721,0.74257
basic,420,20,0.48596,0.03304,0.55152,0.73127
basic,420,20,0.48596,0.05458,0.54273,0.74302
basic,420,20,0.48596,0.09016,0.54499,0.7337
basic,420,20,0.48596,0.14894,0.53579,0.7074
basic,420,20,0.48596,0.24604,0.55861,0.69387
basic,420,20,0.48596,0.40644,0.56058,0.641
basic,420,20,0.48596,0.67142,0.57008,0.55628
basic,420,20,0.48596,1.10914,0.58703,0.44995
basic,420,20,0.48596,1.83223,0.5971,0.29085
basic,420,20,0.48596,3.02674,0.61008,0.23398
basic,420,20,0.48596,5.0,0.6208,0.24246
basic,420,20,0.69711,0.02,0.50784,0.85244
basic,420,20,0.69711,0.03304,0.49481,0.84458
basic,420,20,0.69711,0.05458,0.48875,0.84845
basic,420,20,0.69711,0.09016,0.49961,0.82113
basic,420,20,0.69711,0.14894,0.50005,0.83814
basic,420,20,0.69711,0.24604,0.50195,0.80349
basic,420,20,0.69711,0.40644,0.52285,0.80607
basic,420,20,0.69711,0.67142,0.52551,0.74273
basic,420,20,0.69711,1.10914,0.53227,0.61779
basic,420,20,0.69711,1.83223,0.56541,0.49875
basic,420,20,0.69711,3.02674,0.5745,0.36907
basic,420,20,0.69711,5.0,0.57909,0.35265
basic,420,20,1.0,0.02,0.40875,0.89484
basic,420,20,1.0,0.03304,0.3994,0.90262
basic,420,20,1.0,0.05458,0.40887,0.91563
basic,420,20,1.0,0.09016,0.41372,0.91058
basic,420,20,1.0,0.14894,0.41329,0.90762
basic,420,20,1.0,0.24604,0.41573,0.89846
basic,420,20,1.0,0.40644,0.43153,0.91964
basic,420,20,1.0,0.67142,0.44143,0.88795
basic,420,20,1.0,1.10914,0.47107,0.84743
basic,420,20,1.0,1.83223,0.48056,0.70098
basic,420,20,1.0,3.02674,0.49751,0.59398
basic,420,20,1.0,5.0,0.50724,0.52818
basic,420,50,0.08,0.02,0.61738,0.40435
basic,420,50,0.08,0.03304,0.62321,0.40482
basic,420,50,0.08,0.05458,0.62677,0.3934
basic,420,50,0.08,0.09016,0.63061,0.38649
basic,420,50,0.08,0.14894,0.62488,0.37465
basic,420,50,0.08,0.24604,0.62537,0.34825
basic,420,50,0.08,0.40644,0.62523,0.30073
basic,420,50,0.08,0.67142,0.64168,0.25784
basic,420,50,0.08,1.10914,0.62311,0.21141
basic,420,50,0.08,1.83223,0.62894,0.16727
basic,420,50,0.08,3.02674,0.62997,0.1523
basic,420,50,0.08,5.0,0.63161,0.14996
basic,420,50,0.11476,0.02,0.61277,0.43071
basic,420,50,0.11476,0.03304,0.61764,0.42845
basic,420,50,0.11476,0.05458,0.61954,0.42469
basic,420,50,0.11476,0.09016,0.61136,0.42316
basic,420,50,0.11476,0.14894,0.61158,0.41211
basic,420,50,0.11476,0.24604,0.62564,0.38775
basic,420,50,0.11476,0.40644,0.63329,0.3515
basic,420,50,0.11476,0.67142,0.61217,0.27778
basic,420,50,0.11476,1.10914,0.63542,0.25301
basic,420,50,0.11476,1.83223,0.62762,0.18224
basic,420,50,0.11476,3.02674,0.62588,0.1688
basic,420,50,0.11476,5.0,0.6238,0.15329
basic,420,50,0.16462,0.02,0.6084,0.49281
basic,420,50,0.16462,0.03304,0.60762,0.50241
basic,420,50,0.16462,0.05458,0.60174,0.47451
basic,420,50,0.16462,0.09016,0.60552,0.46794
basic,420,50,0.16462,0.14894,0.60597,0.44787
basic,420,50,0.16462,0.24604,0.60842,0.43975
basic,420,50,0.16462,0.40644,0.60494,0.38078
basic,420,50,0.16462,0.67142,0.6131,0.34134
basic,420,50,0.16462,1.10914,0.62275,0.26301
basic,420,50,0.16462,1.83223,0.62689,0.21792
basic,420,50,0.16462,3.02674,0.62075,0.17802
basic,420,50,0.16462,5.0,0.62328,0.17362
basic,420,50,0.23615,0.02,0.57989,0.57706
basic,420,50,0.23615,0.03304,0.58397,0.56719
basic,420,50,0.23615,0.05458,0.57561,0.56267
basic,420,50,0.23615,0.09016,0.58139,0.56433
basic,420,50,0.23615,0.14894,0.59744,0.53974
basic,420,50,0.23615,0.24604,0.58907,0.53102
basic,420,50,0.23615,0.40644,0.59932,0.46988
basic,420,50,0.23615,0.67142,0.61053,0.40618
basic,420,50,0.23615,1.10914,0.61137,0.32679
basic,420,50,0.23615,1.83223,0.61911,0.25051
basic,420,50,0.23615,3.02674,0.62042,0.18682
basic,420,50,0.23615,5.0,0.61843,0.17403
basic,420,50,0.33876,0.02,0.54071,0.66324
basic,420,50,0.33876,0.03304,0.54359,0.67266
basic,420,50,0.33876,0.05458,0.55417,0.65573
basic,420,50,0.33876,0.09016,0.55775,0.64857
basic,420,50,0.33876,0.14894,0.55803,0.63495
basic,420,50,0.33876,0.24604,0.56311,0.59737
basic,420,50,0.33876,0.40644,0.5742,0.55885
basic,420,50,0.33876,0.67142,0.58594,0.49001
basic,420,50,0.33876,1.10914,0.59458,0.40766
basic,420,50,0.33876,1.83223,0.61137,0.29422
basic,420,50,0.33876,3.02674,0.61052,0.2414
basic,420,50,0.33876,5.0,0.61659,0.21456
basic,420,50,0.48596,0.02,0.51877,0.73113
basic,420,50,0.48596,0.03304,0.51004,0.73482
basic,420,50,0.48596,0.05458,0.53077,0.73905
basic,420,50,0.48596,0.09016,0.51874,0.7365
basic,420,50,0.48596,0.14894,0.52902,0.72105
basic,420,50,0.48596,0.24604,0.5096,0.6792
basic,420,50,0.48596,0.40644,0.52875,0.66202
basic,420,50,0.48596,0.67142,0.54598,0.62754
basic,420,50,0.48596,1.10914,0.56413,0.51616
basic,420,50,0.48596,1.83223,0.57142,0.36366
basic,420,50,0.48596,3.02674,0.60154,0.28842
basic,420,50,0.48596,5.0,0.59247,0.25818
basic,420,50,0.69711,0.02,0.45893,0.8007
basic,420,50,0.69711,0.03304,0.45314,0.78239
basic,420,50,0.69711,0.05458,0.45549,0.79138
basic,420,50,0.69711,0.09016,0.46552,0.83179
basic,420,50,0.69711,0.14894,0.4575,0.79365
basic,420,50,0.69711,0.24604,0.47968,0.77993
basic,420,50,0.69711,0.40644,0.48832,0.75505
basic,420,50,0.69711,0.67142,0.50427,0.72361
basic,420,50,0.69711,1.10914,0.51437,0.6335
basic,420,50,0.69711,1.83223,0.53498,0.51137
basic,420,50,0.69711,3.02674,0.56227,0.38881
basic,420,50,0.69711,5.0,0.56581,0.34932
basic,420,50,1.0,0.02,0.36499,0.83481
basic,420,50,1.0,0.03304,0.35884,0.83414
basic,420,50,1.0,0.05458,0.3805,0.83908
basic,420,50,1.0,0.09016,0.38747,0.83909
basic,420,50,1.0,0.14894,0.38956,0.83203
basic,420,50,1.0,0.24604,0.39628,0.84931
basic,420,50,1.0,0.40644,0.41678,0.81024
basic,420,50,1.0,0.67142,0.43015,0.82064
basic,420,50,1.0,1.10914,0.45189,0.73253
basic,420,50,1.0,1.83223,0.49216,0.65768
basic,420,50,1.0,3.02674,0.49507,0.54072
basic,420,50,1.0,5.0,0.49591,0.45605
basic,840,5,0.08,0.02,0.63842,0.13013
basic,840,5,0.08,0.03304,0.64018,0.12086
basic,840,5,0.08,0.05458,0.64626,0.12295
basic,840,5,0.08,0.09016,0.6414,0.11273
basic,840,5,0.08,0.14894,0.64749,0.09192
basic,840,5,0.08,0.24604,0.64781,0.06714
basic,840,5,0.08,0.40644,0.64907,0.04621
basic,840,5,0.08,0.67142,0.64921,0.03105
basic,840,5,0.08,1.10914,0.64807,0.01583
basic,840,5,0.08,1.83223,0.65116,0.014
basic,840,5,0.08,3.02674,0.652,0.01453
basic,840,5,0.08,5.0,0.652,0.01453
basic,840,5,0.11476,0.02,0.63693,0.24009
basic,840,5,0.11476,0.03304,0.63885,0.23657
basic,840,5,0.11476,0.05458,0.6394,0.21522
basic,840,5,0.11476,0.09016,0.6403,0.2078
basic,840,5,0.11476,0.14894,0.64613,0.14516
basic,840,5,0.11476,0.24604,0.64699,0.12308
basic,840,5,0.11476,0.40644,0.64773,0.07433
basic,840,5,0.11476,0.67142,0.6512,0.03883
basic,840,5,0.11476,1.10914,0.65152,0.02151
basic,840,5,0.11476,1.83223,0.65243,0.01319
basic,840,5,0.11476,3.02674,0.65387,0.01371
basic,840,5,0.11476,5.0,0.65387,0.01371
basic,840,5,0.16462,0.02,0.64001,0.44448
basic,840,5,0.16462,0.03304,0.63889,0.43835
basic,840,5,0.16462,0.05458,0.64284,0.40012
basic,840,5,0.16462,0.09016,0.63555,0.35988
basic,840,5,0.16462,0.14894,0.63833,0.31308
basic,840,5,0.16462,0.24604,0.63942,0.24795
basic,840,5,0.16462,0.40644,0.64213,0.1534
basic,840,5,0.16462,0.67142,0.6452,0.07839
basic,840,5,0.16462,1.10914,0.64797,0.03468
basic,840,5,0.16462,1.83223,0.65336,0.02064
basic,840,5,0.16462,3.02674,0.65467,0.01968
basic,840,5,0.16462,5.0,0.65467,0.01968
basic,840,5,0.23615,0.02,0.61855,0.78694
basic,840,5,0.23615,0.03304,0.61079,0.76686
basic,840,5,0.23615,0.05458,0.61935,0.74011
basic,840,5,0.23615,0.09016,0.61025,0.74135
basic,840,5,0.23615,0.14894,0.61974,0.65178
basic,840,5,0.23615,0.24604,0.62575,0.5472
basic,840,5,0.23615,0.40644,0.63505,0.35888
basic,840,5,0.23615,0.67142,0.64098,0.21332
basic,840,5,0.23615,1.10914,0.64835,0.06752
basic,840,5,0.23615,1.83223,0.65087,0.03124
basic,840,5,0.23615,3.02674,0.65403,0.03027
basic,840,5,0.23615,5.0,0.65643,0.02878
basic,840,5,0.33876,0.02,0.56837,1.14071
basic,840,5,0.33876,0.03304,0.5716,1.13561
basic,840,5,0.33876,0.05458,0.57029,1.15474
basic,840,5,0.33876,0.09016,0.58125,1.0947
basic,840,5,0.33876,0.14894,0.58287,1.09245
basic,840,5,0.33876,0.24604,0.58968,0.95745
basic,840,5,0.33876,0.40644,0.60726,0.81687
basic,840,5,0.33876,0.67142,0.61123,0.581
basic,840,5,0.33876,1.10914,0.63923,0.28098
basic,840,5,0.33876,1.83223,0.6427,0.08964
basic,840,5,0.33876,3.02674,0.6462,0.0617
basic,840,5,0.33876,5.0,0.64578,0.05536
basic,840,5,0.48596,0.02,0.49449,1.49591
basic,840,5,0.48596,0.03304,0.50875,1.53597
basic,840,5,0.48596,0.05458,0.50203,1.50415
basic,840,5,0.48596,0.09016,0.52299,1.5016
basic,840,5,0.48596,0.14894,0.51377,1.49354
basic,840,5,0.48596,0.24604,0.51978,1.40943
basic,840,5,0.48596,0.40644,0.5392,1.32368
basic,840,5,0.48596,0.67142,0.56026,1.13846
basic,840,5,0.48596,1.10914,0.58686,0.80767
basic,840,5,0.48596,1.83223,0.62354,0.40284
basic,840,5,0.48596,3.02674,0.6338,0.18799
basic,840,5,0.48596,5.0,0.64363,0.14619
basic,840,5,0.69711,0.02,0.41071,1.78415
basic,840,5,0.69711,0.03304,0.43183,1.7522
basic,840,5,0.69711,0.05458,0.4267,1.77635
basic,840,5,0.69711,0.09016,0.42441,1.73692
basic,840,5,0.69711,0.14894,0.43509,1.7243
basic,840,5,0.69711,0.24604,0.44841,1.74401
basic,840,5,0.69711,0.40644,0.45482,1.70399
basic,840,5,0.69711,0.67142,0.47828,1.59843
basic,840,5,0.69711,1.10914,0.487,1.42723
basic,840,5,0.69711,1.83223,0.53232,1.05357
basic,840,5,0.69711,3.02674,0.56378,0.63692
basic,840,5,0.69711,5.0,0.58582,0.51975
basic,840,5,1.0,0.02,0.33521,1.81981
basic,840,5,1.0,0.03304,0.32623,1.8271
basic,840,5,1.0,0.05458,0.33826,1.87001
basic,840,5,1.0,0.09016,0.34786,1.86847
basic,840,5,1.0,0.14894,0.35026,1.86502
basic,840,5,1.0,0.24604,0.36693,1.87587
basic,840,5,1.0,0.40644,0.36696,1.83492
basic,840,5,1.0,0.67142,0.36646,1.82869
basic,840,5,1.0,1.10914,0.38543,1.75019
basic,840,5,1.0,1.83223,0.40274,1.57917
basic,840,5,1.0,3.02674,0.42791,1.29102
basic,840,5,1.0,5.0,0.44747,1.03494
basic,840,10,0.08,0.02,0.6487,0.17293
basic,840,10,0.08,0.03304,0.64744,0.17069
basic,840,10,0.08,0.05458,0.64328,0.16372
basic,840,10,0.08,0.09016,0.64438,0.14195
basic,840,10,0.08,0.14894,0.64042,0.11648
basic,840,10,0.08,0.24604,0.64433,0.0973
basic,840,10,0.08,0.40644,0.6528,0.06271
basic,840,10,0.08,0.67142,0.65283,0.04227
basic,840,10,0.08,1.10914,0.65611,0.03013
basic,840,10,0.08,1.83223,0.65898,0.02741
basic,840,10,0.08,3.02674,0.65861,0.02369
basic,840,10,0.08,5.0,0.65861,0.02369
basic,840,10,0.11476,0.02,0.64356,0.26624
basic,840,10,0.11476,0.03304,0.64218,0.25226
basic,840,10,0.11476,0.05458,0.64532,0.24423
basic,840,10,0.11476,0.09016,0.64401,0.21882
basic,840,10,0.11476,0.14894,0.63998,0.18494
basic,840,10,0.11476,0.24604,0.64725,0.15484
basic,840,10,0.11476,0.40644,0.64601,0.09233
basic,840,10,0.11476,0.67142,0.65523,0.05431
basic,840,10,0.11476,1.10914,0.6501,0.0346
basic,840,10,0.11476,1.83223,0.6554,0.02987
basic,840,10,0.11476,3.02674,0.65704,0.02542
basic,840,10,0.11476,5.0,0.65704,0.02542
basic,840,10,0.16462,0.02,0.62614,0.44334
basic,840,10,0.16462,0.03304,0.62275,0.42766
basic,840,10,0.16462,0.05458,0.62041,0.4142
basic,840,10,0.16462,0.09016,0.62648,0.36604
basic,840,10,0.16462,0.14894,0.62218,0.32841
basic,840,10,0.16462,0.24604,0.63738,0.26734
basic,840,10,0.16462,0.40644,0.64235,0.17933
basic,840,10,0.16462,0.67142,0.6472,0.10041
basic,840,10,0.16462,1.10914,0.64804,0.04582
basic,840,10,0.16462,1.83223,0.65194,0.03434
basic,840,10,0.16462,3.02674,0.65604,0.02986
basic,840,10,0.16462,5.0,0.65609,0.02808
basic,840,10,0.23615,0.02,0.58971,0.64344
basic,840,10,0.23615,0.03304,0.59778,0.64285
basic,840,10,0.23615,0.05458,0.59954,0.62962
basic,840,10,0.23615,0.09016,0.59878,0.59613
basic,840,10,0.23615,0.14894,0.60031,0.55493
basic,840,10,0.23615,0.24604,0.61489,0.49382
basic,840,10,0.23615,0.40644,0.61963,0.38137
basic,840,10,0.23615,0.67142,0.63524,0.22011
basic,840,10,0.23615,1.10914,0.64981,0.09899
basic,840,10,0.23615,1.83223,0.64617,0.04592
basic,840,10,0.23615,3.02674,0.64871,0.03826
basic,840,10,0.23615,5.0,0.65046,0.03644
basic,840,10,0.33876,0.02,0.53023,0.88996
basic,840,10,0.33876,0.03304,0.54247,0.88895
basic,840,10,0.33876,0.05458,0.55447,0.88466
basic,840,10,0.33876,0.09016,0.55547,0.85705
basic,840,10,0.33876,0.14894,0.55837,0.82461
basic,840,10,0.33876,0.24604,0.57012,0.7804
basic,840,10,0.33876,0.40644,0.59068,0.70017
basic,840,10,0.33876,0.67142,0.59976,0.47155
basic,840,10,0.33876,1.10914,0.63601,0.26379
basic,840,10,0.33876,1.83223,0.64404,0.10428
basic,840,10,0.33876,3.02674,0.64635,0.07302
basic,840,10,0.33876,5.0,0.64736,0.07438
basic,840,10,0.48596,0.02,0.47719,1.11073
basic,840,10,0.48596,0.03304,0.47768,1.09979
basic,840,10,0.48596,0.05458,0.48231,1.11245
basic,840,10,0.48596,0.09016,0.48105,1.10081
basic,840,10,0.48596,0.14894,0.48713,1.09949
basic,840,10,0.48596,0.24604,0.51065,1.05665
basic,840,10,0.48596,0.40644,0.52297,0.99557
basic,840,10,0.48596,0.67142,0.54442,0.83241
basic,840,10,0.48596,1.10914,0.57433,0.61442
basic,840,10,0.48596,1.83223,0.6145,0.32076
basic,840,10,0.48596,3.02674,0.62538,0.17396
basic,840,10,0.48596,5.0,0.62664,0.16653
basic,840,10,0.69711,0.02,0.39303,1.22497
basic,840,10,0.69711,0.03304,0.40655,1.23156
basic,840,10,0.69711,0.05458,0.40034,1.23467
basic,840,10,0.69711,0.09016,0.41479,1.25127
basic,840,10,0.69711,0.14894,0.41492,1.21965
basic,840,10,0.69711,0.24604,0.42894,1.23103
basic,840,10,0.69711,0.40644,0.45432,1.20392
basic,840,10,0.69711,0.67142,0.46925,1.15967
basic,840,10,0.69711,1.10914,0.48838,1.01485
basic,840,10,0.69711,1.83223,0.51466,0.75205
basic,840,10,0.69711,3.02674,0.55901,0.45777
basic,840,10,0.69711,5.0,0.57092,0.37444
basic,840,10,1.0,0.02,0.30529,1.31582
basic,840,10,1.0,0.03304,0.31241,1.31016
basic,840,10,1.0,0.05458,0.3107,1.29341
basic,840,10,1.0,0.09016,0.31634,1.30937
basic,840,10,1.0,0.14894,0.34182,1.31684
basic,840,10,1.0,0.24604,0.34323,1.33625
basic,840,10,1.0,0.40644,0.36211,1.35129
basic,840,10,1.0,0.67142,0.3776,1.3109
basic,840,10,1.0,1.10914,0.39648,1.24844
basic,840,10,1.0,1.83223,0.39536,1.08651
basic,840,10,1.0,3.02674,0.41003,0.88664
basic,840,10,1.0,5.0,0.42982,0.73464
basic,840,20,0.08,0.02,0.63547,0.20376
basic,840,20,0.08,0.03304,0.63826,0.21133
basic,840,20,0.08,0.05458,0.63304,0.19702
basic,840,20,0.08,0.09016,0.6355,0.17434
basic,840,20,0.08,0.14894,0.63948,0.15235
basic,840,20,0.08,0.24604,0.64058,0.11749
basic,840,20,0.08,0.40644,0.64002,0.08556
basic,840,20,0.08,0.67142,0.64778,0.05218
basic,840,20,0.08,1.10914,0.6485,0.03843
basic,840,20,0.08,1.83223,0.64831,0.03426
basic,840,20,0.08,3.02674,0.64698,0.03094
basic,840,20,0.08,5.0,0.64698,0.03094
basic,840,20,0.11476,0.02,0.63039,0.30864
basic,840,20,0.11476,0.03304,0.63204,0.3044
basic,840,20,0.11476,0.05458,0.63723,0.29218
basic,840,20,0.11476,0.09016,0.62847,0.28709
basic,840,20,0.11476,0.14894,0.63166,0.21906
basic,840,20,0.11476,0.24604,0.63553,0.17902
basic,840,20,0.11476,0.40644,0.64176,0.12374
basic,840,20,0.11476,0.67142,0.64065,0.0685
basic,840,20,0.11476,1.10914,0.64253,0.03917
basic,840,20,0.11476,1.83223,0.64927,0.03532
basic,840,20,0.11476,3.02674,0.64875,0.02964
basic,840,20,0.11476,5.0,0.64875,0.02964
basic,840,20,0.16462,0.02,0.60813,0.44653
basic,840,20,0.16462,0.03304,0.60788,0.45583
basic,840,20,0.16462,0.05458,0.61331,0.43985
basic,840,20,0.16462,0.09016,0.61197,0.40515
basic,840,20,0.16462,0.14894,0.6129,0.3626
basic,840,20,0.16462,0.24604,0.62943,0.30864
basic,840,20,0.16462,0.40644,0.63,0.2184
basic,840,20,0.16462,0.67142,0.64341,0.12918
basic,840,20,0.16462,1.10914,0.6496,0.06102
basic,840,20,0.16462,1.83223,0.64952,0.04717
basic,840,20,0.16462,3.02674,0.6481,0.03896
basic,840,20,0.16462,5.0,0.64863,0.03844
basic,840,20,0.23615,0.02,0.57129,0.61476
basic,840,20,0.23615,0.03304,0.56459,0.60921
basic,840,20,0.23615,0.05458,0.5722,0.588
basic,840,20,0.23615,0.09016,0.57806,0.58798
basic,840,20,0.23615,0.14894,0.58571,0.54525
basic,840,20,0.23615,0.24604,0.59784,0.45742
basic,840,20,0.23615,0.40644,0.60622,0.39345
basic,840,20,0.23615,0.67142,0.62706,0.25733
basic,840,20,0.23615,1.10914,0.63998,0.11006
basic,840,20,0.23615,1.83223,0.64631,0.06878
basic,840,20,0.23615,3.02674,0.64607,0.05604
basic,840,20,0.23615,5.0,0.64841,0.05215
basic,840,20,0.33876,0.02,0.516,0.77958
basic,840,20,0.33876,0.03304,0.5145,0.78496
basic,840,20,0.33876,0.05458,0.51789,0.77087
basic,840,20,0.33876,0.09016,0.5297,0.77648
basic,840,20,0.33876,0.14894,0.53676,0.73004
basic,840,20,0.33876,0.24604,0.54645,0.69409
basic,840,20,0.33876,0.40644,0.56491,0.61036
basic,840,20,0.33876,0.67142,0.58995,0.47341
basic,840,20,0.33876,1.10914,0.62875,0.26913
basic,840,20,0.33876,1.83223,0.6401,0.11725
basic,840,20,0.33876,3.02674,0.63968,0.09466
basic,840,20,0.33876,5.0,0.64256,0.08658
basic,840,20,0.48596,0.02,0.44341,0.90992
basic,840,20,0.48596,0.03304,0.45271,0.90019
basic,840,20,0.48596,0.05458,0.46404,0.90422
basic,840,20,0.48596,0.09016,0.46455,0.90446
basic,840,20,0.48596,0.14894,0.48353,0.91541
basic,840,20,0.48596,0.24604,0.49369,0.87778
basic,840,20,0.48596,0.40644,0.51023,0.82972
basic,840,20,0.48596,0.67142,0.53504,0.71384
basic,840,20,0.48596,1.10914,0.55917,0.53247
basic,840,20,0.48596,1.83223,0.60605,0.29319
basic,840,20,0.48596,3.02674,0.61893,0.17256
basic,840,20,0.48596,5.0,0.62163,0.15556
basic,840,20,0.69711,0.02,0.37118,0.95484
basic,840,20,0.69711,0.03304,0.36748,0.96705
basic,840,20,0.69711,0.05458,0.38326,0.98238
basic,840,20,0.69711,0.09016,0.39381,1.00516
basic,840,20,0.69711,0.14894,0.40913,1.00362
basic,840,20,0.69711,0.24604,0.42592,1.00258
basic,840,20,0.69711,0.40644,0.45219,0.98368
basic,840,20,0.69711,0.67142,0.46948,0.93375
basic,840,20,0.69711,1.10914,0.49128,0.8061
basic,840,20,0.69711,1.83223,0.51221,0.58104
basic,840,20,0.69711,3.02674,0.55264,0.38315
basic,840,20,0.69711,5.0,0.55722,0.3259
basic,840,20,1.0,0.02,0.2888,1.00021
basic,840,20,1.0,0.03304,0.29711,1.03045
basic,840,20,1.0,0.05458,0.29332,1.01651
basic,840,20,1.0,0.09016,0.30918,1.02709
basic,840,20,1.0,0.14894,0.32261,1.04919
basic,840,20,1.0,0.24604,0.3387,1.0714
basic,840,20,1.0,0.40644,0.3649,1.06888
basic,840,20,1.0,0.67142,0.38806,1.02747
basic,840,20,1.0,1.10914,0.41202,0.99229
basic,840,20,1.0,1.83223,0.40648,0.84435
basic,840,20,1.0,3.02674,0.40868,0.66631
basic,840,20,1.0,5.0,0.42326,0.57903
basic,840,50,0.08,0.02,0.61706,0.3376
basic,840,50,0.08,0.03304,0.61868,0.32882
basic,840,50,0.08,0.05458,0.61943,0.31533
basic,840,50,0.08,0.09016,0.61902,0.293
basic,840,50,0.08,0.14894,0.63318,0.26088
basic,840,50,0.08,0.24604,0.62721,0.21427
basic,840,50,0.08,0.40644,0.6318,0.16268
basic,840,50,0.08,0.67142,0.64094,0.09825
basic,840,50,0.08,1.10914,0.64014,0.06312
basic,840,50,0.08,1.83223,0.63873,0.06053
basic,840,50,0.08,3.02674,0.63858,0.05306
basic,840,50,0.08,5.0,0.63858,0.05306
basic,840,50,0.11476,0.02,0.60002,0.42194
basic,840,50,0.11476,0.03304,0.59868,0.41751
basic,840,50,0.11476,0.05458,0.60153,0.40952
basic,840,50,0.11476,0.09016,0.60992,0.38657
basic,840,50,0.11476,0.14894,0.6032,0.3387
basic,840,50,0.11476,0.24604,0.62394,0.28858
basic,840,50,0.11476,0.40644,0.63546,0.21478
basic,840,50,0.11476,0.67142,0.63157,0.13678
basic,840,50,0.11476,1.10914,0.63471,0.0866
basic,840,50,0.11476,1.83223,0.63556,0.0622
basic,840,50,0.11476,3.02674,0.63734,0.05795
basic,840,50,0.11476,5.0,0.63781,0.05668
basic,840,50,0.16462,0.02,0.57837,0.53801
basic,840,50,0.16462,0.03304,0.58198,0.5221
basic,840,50,0.16462,0.05458,0.57728,0.51928
basic,840,50,0.16462,0.09016,0.58526,0.50919
basic,840,50,0.16462,0.14894,0.59317,0.46665
basic,840,50,0.16462,0.24604,0.59836,0.41099
basic,840,50,0.16462,0.40644,0.61985,0.31205
basic,840,50,0.16462,0.67142,0.62795,0.19633
basic,840,50,0.16462,1.10914,0.64141,0.11372
basic,840,50,0.16462,1.83223,0.64047,0.08095
basic,840,50,0.16462,3.02674,0.64254,0.07136
basic,840,50,0.16462,5.0,0.64229,0.07072
basic,840,50,0.23615,0.02,0.5394,0.66558
basic,840,50,0.23615,0.03304,0.54337,0.64133
basic,840,50,0.23615,0.05458,0.54494,0.65082
basic,840,50,0.23615,0.09016,0.54716,0.62259
basic,840,50,0.23615,0.14894,0.56083,0.58897
basic,840,50,0.23615,0.24604,0.57617,0.55285
basic,840,50,0.23615,0.40644,0.58532,0.4634
basic,840,50,0.23615,0.67142,0.60956,0.33273
basic,840,50,0.23615,1.10914,0.62106,0.17329
basic,840,50,0.23615,1.83223,0.63654,0.11632
basic,840,50,0.23615,3.02674,0.63641,0.09313
basic,840,50,0.23615,5.0,0.63423,0.08888
basic,840,50,0.33876,0.02,0.48158,0.72323
basic,840,50,0.33876,0.03304,0.48498,0.75362
basic,840,50,0.33876,0.05458,0.48867,0.73721
basic,840,50,0.33876,0.09016,0.49669,0.7291
basic,840,50,0.33876,0.14894,0.51198,0.7146
basic,840,50,0.33876,0.24604,0.52296,0.69429
basic,840,50,0.33876,0.40644,0.54675,0.61206
basic,840,50,0.33876,0.67142,0.56406,0.48852
basic,840,50,0.33876,1.10914,0.60122,0.3219
basic,840,50,0.33876,1.83223,0.62595,0.17724
basic,840,50,0.33876,3.02674,0.63579,0.13812
basic,840,50,0.33876,5.0,0.63518,0.12254
basic,840,50,0.48596,0.02,0.41142,0.83522
basic,840,50,0.48596,0.03304,0.40586,0.81614
basic,840,50,0.48596,0.05458,0.41754,0.81992
basic,840,50,0.48596,0.09016,0.44012,0.80856
basic,840,50,0.48596,0.14894,0.45779,0.81416
basic,840,50,0.48596,0.24604,0.46587,0.7924
basic,840,50,0.48596,0.40644,0.48528,0.75274
basic,840,50,0.48596,0.67142,0.5164,0.67878
basic,840,50,0.48596,1.10914,0.55518,0.50106
basic,840,50,0.48596,1.83223,0.59233,0.30798
basic,840,50,0.48596,3.02674,0.60842,0.20107
basic,840,50,0.48596,5.0,0.60526,0.18769
basic,840,50,0.69711,0.02,0.34651,0.86137
basic,840,50,0.69711,0.03304,0.34155,0.85932
basic,840,50,0.69711,0.05458,0.35633,0.86768
basic,840,50,0.69711,0.09016,0.35366,0.86445
basic,840,50,0.69711,0.14894,0.3699,0.86745
basic,840,50,0.69711,0.24604,0.39883,0.84943
basic,840,50,0.69711,0.40644,0.43122,0.84734
basic,840,50,0.69711,0.67142,0.45317,0.80678
basic,840,50,0.69711,1.10914,0.48386,0.6784
basic,840,50,0.69711,1.83223,0.52078,0.49634
basic,840,50,0.69711,3.02674,0.54073,0.34315
basic,840,50,0.69711,5.0,0.52969,0.3157
basic,840,50,1.0,0.02,0.27451,0.89646
basic,840,50,1.0,0.03304,0.2798,0.88447
basic,840,50,1.0,0.05458,0.28177,0.89855
basic,840,50,1.0,0.09016,0.28683,0.88458
basic,840,50,1.0,0.14894,0.29316,0.88035
basic,840,50,1.0,0.24604,0.33166,0.9209
basic,840,50,1.0,0.40644,0.34965,0.91849
basic,840,50,1.0,0.67142,0.39372,0.89611
basic,840,50,1.0,1.10914,0.4141,0.8262
basic,840,50,1.0,1.83223,0.42151,0.7035
basic,840,50,1.0,3.02674,0.43333,0.54427
basic,840,50,1.0,5.0,0.42431,0.49084
basic,1680,5,0.08,0.02,0.66494,0.317
basic,1680,5,0.08,0.03304,0.66423,0.29344
basic,1680,5,0.08,0.05458,0.66525,0.25643
basic,1680,5,0.08,0.09016,0.67045,0.20751
basic,1680,5,0.08,0.14894,0.67184,0.14828
basic,1680,5,0.08,0.24604,0.67156,0.08379
basic,1680,5,0.08,0.40644,0.67693,0.02879
basic,1680,5,0.08,0.67142,0.67936,0.01452
basic,1680,5,0.08,1.10914,0.67997,0.01147
basic,1680,5,0.08,1.83223,0.68029,0.00977
basic,1680,5,0.08,3.02674,0.68029,0.00977
basic,1680,5,0.08,5.0,0.68029,0.00977
basic,1680,5,0.11476,0.02,0.64526,0.67982
basic,1680,5,0.11476,0.03304,0.65016,0.64044
basic,1680,5,0.11476,0.05458,0.64584,0.59617
basic,1680,5,0.11476,0.09016,0.65645,0.50984
basic,1680,5,0.11476,0.14894,0.65928,0.40625
basic,1680,5,0.11476,0.24604,0.66961,0.24974
basic,1680,5,0.11476,0.40644,0.67496,0.10469
basic,1680,5,0.11476,0.67142,0.67437,0.02155
basic,1680,5,0.11476,1.10914,0.67734,0.01326
basic,1680,5,0.11476,1.83223,0.67718,0.00993
basic,1680,5,0.11476,3.02674,0.67718,0.00993
basic,1680,5,0.11476,5.0,0.67718,0.00993
basic,1680,5,0.16462,0.02,0.61206,1.10259
basic,1680,5,0.16462,0.03304,0.61243,1.08394
basic,1680,5,0.16462,0.05458,0.61509,1.03967
basic,1680,5,0.16462,0.09016,0.61881,0.9759
basic,1680,5,0.16462,0.14894,0.63385,0.88446
basic,1680,5,0.16462,0.24604,0.64347,0.70551
basic,1680,5,0.16462,0.40644,0.66065,0.41118
basic,1680,5,0.16462,0.67142,0.67169,0.12136
basic,1680,5,0.16462,1.10914,0.67056,0.02004
basic,1680,5,0.16462,1.83223,0.67548,0.01257
basic,1680,5,0.16462,3.02674,0.6757,0.01134
basic,1680,5,0.16462,5.0,0.6757,0.01134
basic,1680,5,0.23615,0.02,0.54479,1.46265
basic,1680,5,0.23615,0.03304,0.55657,1.46318
basic,1680,5,0.23615,0.05458,0.54985,1.44288
basic,1680,5,0.23615,0.09016,0.56264,1.41065
basic,1680,5,0.23615,0.14894,0.576,1.35759
basic,1680,5,0.23615,0.24604,0.58757,1.25355
basic,1680,5,0.23615,0.40644,0.61296,0.97439
basic,1680,5,0.23615,0.67142,0.64478,0.59467
basic,1680,5,0.23615,1.10914,0.66867,0.15092
basic,1680,5,0.23615,1.83223,0.67532,0.03059
basic,1680,5,0.23615,3.02674,0.67249,0.02313
basic,1680,5,0.23615,5.0,0.67431,0.02152
basic,1680,5,0.33876,0.02,0.45542,1.68199
basic,1680,5,0.33876,0.03304,0.4676,1.68822
basic,1680,5,0.33876,0.05458,0.46904,1.68941
basic,1680,5,0.33876,0.09016,0.4831,1.68045
basic,1680,5,0.33876,0.14894,0.49132,1.65272
basic,1680,5,0.33876,0.24604,0.5099,1.61939
basic,1680,5,0.33876,0.40644,0.5392,1.51352
basic,1680,5,0.33876,0.67142,0.56886,1.26165
basic,1680,5,0.33876,1.10914,0.61634,0.76686
basic,1680,5,0.33876,1.83223,0.66344,0.21191
basic,1680,5,0.33876,3.02674,0.66627,0.09265
basic,1680,5,0.33876,5.0,0.6692,0.08145
basic,1680,5,0.48596,0.02,0.36652,1.83082
basic,1680,5,0.48596,0.03304,0.36893,1.84912
basic,1680,5,0.48596,0.05458,0.37597,1.86825
basic,1680,5,0.48596,0.09016,0.38873,1.8592
basic,1680,5,0.48596,0.14894,0.40568,1.8719
basic,1680,5,0.48596,0.24604,0.42761,1.84386
basic,1680,5,0.48596,0.40644,0.45082,1.80713
basic,1680,5,0.48596,0.67142,0.47576,1.68541
basic,1680,5,0.48596,1.10914,0.49954,1.36873
basic,1680,5,0.48596,1.83223,0.56137,0.84254
basic,1680,5,0.48596,3.02674,0.62258,0.40498
basic,1680,5,0.48596,5.0,0.62932,0.3304
basic,1680,5,0.69711,0.02,0.27742,1.88316
basic,1680,5,0.69711,0.03304,0.28715,1.96223
basic,1680,5,0.69711,0.05458,0.28678,1.95899
basic,1680,5,0.69711,0.09016,0.29995,1.97
basic,1680,5,0.69711,0.14894,0.32151,1.9999
basic,1680,5,0.69711,0.24604,0.33003,2.01377
basic,1680,5,0.69711,0.40644,0.34177,1.98999
basic,1680,5,0.69711,0.67142,0.36748,1.97151
basic,1680,5,0.69711,1.10914,0.36725,1.7779
basic,1680,5,0.69711,1.83223,0.38714,1.43974
basic,1680,5,0.69711,3.02674,0.44044,1.0194
basic,1680,5,0.69711,5.0,0.47705,0.86032
basic,1680,5,1.0,0.02,0.20737,1.96406
basic,1680,5,1.0,0.03304,0.21028,1.98581
basic,1680,5,1.0,0.05458,0.22013,2.06772
basic,1680,5,1.0,0.09016,0.23172,2.06536
basic,1680,5,1.0,0.14894,0.23258,2.07614
basic,1680,5,1.0,0.24604,0.24096,2.03172
basic,1680,5,1.0,0.40644,0.2491,2.07598
basic,1680,5,1.0,0.67142,0.24964,2.04088
basic,1680,5,1.0,1.10914,0.25504,1.93361
basic,1680,5,1.0,1.83223,0.26233,1.79779
basic,1680,5,1.0,3.02674,0.29311,1.5396
basic,1680,5,1.0,5.0,0.31852,1.34477
basic,1680,10,0.08,0.02,0.65212,0.33929
basic,1680,10,0.08,0.03304,0.65676,0.31715
basic,1680,10,0.08,0.05458,0.6593,0.28645
basic,1680,10,0.08,0.09016,0.65819,0.24723
basic,1680,10,0.08,0.14894,0.66767,0.18454
basic,1680,10,0.08,0.24604,0.66992,0.09853
basic,1680,10,0.08,0.40644,0.66991,0.04183
basic,1680,10,0.08,0.67142,0.67585,0.01682
basic,1680,10,0.08,1.10914,0.67457,0.01135
basic,1680,10,0.08,1.83223,0.67353,0.01075
basic,1680,10,0.08,3.02674,0.6745,0.01048
basic,1680,10,0.08,5.0,0.6745,0.01048
basic,1680,10,0.11476,0.02,0.63603,0.56396
basic,1680,10,0.11476,0.03304,0.63256,0.55958
basic,1680,10,0.11476,0.05458,0.64014,0.53855
basic,1680,10,0.11476,0.09016,0.64336,0.47765
basic,1680,10,0.11476,0.14894,0.65588,0.39041
basic,1680,10,0.11476,0.24604,0.6592,0.26484
basic,1680,10,0.11476,0.40644,0.6705,0.1183
basic,1680,10,0.11476,0.67142,0.6733,0.03398
basic,1680,10,0.11476,1.10914,0.67477,0.01635
basic,1680,10,0.11476,1.83223,0.67528,0.01532
basic,1680,10,0.11476,3.02674,0.67471,0.01493
basic,1680,10,0.11476,5.0,0.67471,0.01493
basic,1680,10,0.16462,0.02,0.58563,0.84618
basic,1680,10,0.16462,0.03304,0.59192,0.83665
basic,1680,10,0.16462,0.05458,0.59864,0.80415
basic,1680,10,0.16462,0.09016,0.60813,0.77807
basic,1680,10,0.16462,0.14894,0.61439,0.70961
basic,1680,10,0.16462,0.24604,0.62777,0.58075
basic,1680,10,0.16462,0.40644,0.64895,0.37702
basic,1680,10,0.16462,0.67142,0.66387,0.13646
basic,1680,10,0.16462,1.10914,0.67125,0.03246
basic,1680,10,0.16462,1.83223,0.67505,0.02063
basic,1680,10,0.16462,3.02674,0.67453,0.02041
basic,1680,10,0.16462,5.0,0.67453,0.02041
basic,1680,10,0.23615,0.02,0.51856,1.06573
basic,1680,10,0.23615,0.03304,0.52641,1.05319
basic,1680,10,0.23615,0.05458,0.53273,1.05299
basic,1680,10,0.23615,0.09016,0.53863,1.01923
basic,1680,10,0.23615,0.14894,0.55717,0.97725
basic,1680,10,0.23615,0.24604,0.58182,0.90336
basic,1680,10,0.23615,0.40644,0.60268,0.76488
basic,1680,10,0.23615,0.67142,0.63501,0.47286
basic,1680,10,0.23615,1.10914,0.66329,0.14802
basic,1680,10,0.23615,1.83223,0.67307,0.04554
basic,1680,10,0.23615,3.02674,0.67319,0.03759
basic,1680,10,0.23615,5.0,0.67227,0.03677
basic,1680,10,0.33876,0.02,0.43127,1.18307
basic,1680,10,0.33876,0.03304,0.43324,1.17012
basic,1680,10,0.33876,0.05458,0.44407,1.1868
basic,1680,10,0.33876,0.09016,0.45789,1.21841
basic,1680,10,0.33876,0.14894,0.48087,1.17221
basic,1680,10,0.33876,0.24604,0.51133,1.15541
basic,1680,10,0.33876,0.40644,0.54162,1.08085
basic,1680,10,0.33876,0.67142,0.5634,0.88239
basic,1680,10,0.33876,1.10914,0.61015,0.54366
basic,1680,10,0.33876,1.83223,0.65304,0.19281
basic,1680,10,0.33876,3.02674,0.67017,0.08618
basic,1680,10,0.33876,5.0,0.66781,0.08283
basic,1680,10,0.48596,0.02,0.34761,1.28293
basic,1680,10,0.48596,0.03304,0.34601,1.28591
basic,1680,10,0.48596,0.05458,0.37093,1.31058
basic,1680,10,0.48596,0.09016,0.37564,1.30939
basic,1680,10,0.48596,0.14894,0.40314,1.32092
basic,1680,10,0.48596,0.24604,0.4305,1.32304
basic,1680,10,0.48596,0.40644,0.46133,1.27968
basic,1680,10,0.48596,0.67142,0.49361,1.18992
basic,1680,10,0.48596,1.10914,0.52126,0.931
basic,1680,10,0.48596,1.83223,0.56246,0.56963
basic,1680,10,0.48596,3.02674,0.61135,0.29719
basic,1680,10,0.48596,5.0,0.62074,0.25318
basic,1680,10,0.69711,0.02,0.26509,1.32566
basic,1680,10,0.69711,0.03304,0.27351,1.36921
basic,1680,10,0.69711,0.05458,0.28415,1.38301
basic,1680,10,0.69711,0.09016,0.29774,1.39866
basic,1680,10,0.69711,0.14894,0.31902,1.42698
basic,1680,10,0.69711,0.24604,0.34978,1.45059
basic,1680,10,0.69711,0.40644,0.37169,1.42029
basic,1680,10,0.69711,0.67142,0.39496,1.36598
basic,1680,10,0.69711,1.10914,0.3968,1.21001
basic,1680,10,0.69711,1.83223,0.39592,0.96481
basic,1680,10,0.69711,3.02674,0.45471,0.66894
basic,1680,10,0.69711,5.0,0.47389,0.55226
basic,1680,10,1.0,0.02,0.20401,1.40104
basic,1680,10,1.0,0.03304,0.2096,1.38686
basic,1680,10,1.0,0.05458,0.21055,1.37311
basic,1680,10,1.0,0.09016,0.2235,1.43734
basic,1680,10,1.0,0.14894,0.24027,1.47741
basic,1680,10,1.0,0.24604,0.26749,1.49094
basic,1680,10,1.0,0.40644,0.28391,1.51497
basic,1680,10,1.0,0.67142,0.29582,1.47713
basic,1680,10,1.0,1.10914,0.28973,1.3958
basic,1680,10,1.0,1.83223,0.26688,1.21379
basic,1680,10,1.0,3.02674,0.28077,1.00914
basic,1680,10,1.0,5.0,0.30222,0.93633
basic,1680,20,0.08,0.02,0.6473,0.36185
basic,1680,20,0.08,0.03304,0.64317,0.34898
basic,1680,20,0.08,0.05458,0.65408,0.30865
basic,1680,20,0.08,0.09016,0.65407,0.27469
basic,1680,20,0.08,0.14894,0.66395,0.21784
basic,1680,20,0.08,0.24604,0.6695,0.13609
basic,1680,20,0.08,0.40644,0.67537,0.05878
basic,1680,20,0.08,0.67142,0.67383,0.02206
basic,1680,20,0.08,1.10914,0.67474,0.01928
basic,1680,20,0.08,1.83223,0.67244,0.01698
basic,1680,20,0.08,3.02674,0.67332,0.01618
basic,1680,20,0.08,5.0,0.67332,0.01618
basic,1680,20,0.11476,0.02,0.61026,0.55057
basic,1680,20,0.11476,0.03304,0.62022,0.52909
basic,1680,20,0.11476,0.05458,0.62341,0.50115
basic,1680,20,0.11476,0.09016,0.63171,0.46653
basic,1680,20,0.11476,0.14894,0.64003,0.40963
basic,1680,20,0.11476,0.24604,0.65436,0.29523
basic,1680,20,0.11476,0.40644,0.66587,0.15146
basic,1680,20,0.11476,0.67142,0.67083,0.04422
basic,1680,20,0.11476,1.10914,0.6766,0.02631
basic,1680,20,0.11476,1.83223,0.67497,0.02256
basic,1680,20,0.11476,3.02674,0.67602,0.02121
basic,1680,20,0.11476,5.0,0.67602,0.02121
basic,1680,20,0.16462,0.02,0.55854,0.73112
basic,1680,20,0.16462,0.03304,0.56687,0.72148
basic,1680,20,0.16462,0.05458,0.57176,0.7044
basic,1680,20,0.16462,0.09016,0.58411,0.65574
basic,1680,20,0.16462,0.14894,0.59498,0.62252
basic,1680,20,0.16462,0.24604,0.61738,0.54605
basic,1680,20,0.16462,0.40644,0.63781,0.37619
basic,1680,20,0.16462,0.67142,0.65883,0.14723
basic,1680,20,0.16462,1.10914,0.67184,0.04232
basic,1680,20,0.16462,1.83223,0.67692,0.03219
basic,1680,20,0.16462,3.02674,0.67784,0.02893
basic,1680,20,0.16462,5.0,0.67784,0.02893
basic,1680,20,0.23615,0.02,0.49829,0.86045
basic,1680,20,0.23615,0.03304,0.5022,0.84757
basic,1680,20,0.23615,0.05458,0.50852,0.84528
basic,1680,20,0.23615,0.09016,0.52122,0.83747
basic,1680,20,0.23615,0.14894,0.54648,0.80741
basic,1680,20,0.23615,0.24604,0.56157,0.75702
basic,1680,20,0.23615,0.40644,0.58856,0.64794
basic,1680,20,0.23615,0.67142,0.6237,0.44252
basic,1680,20,0.23615,1.10914,0.66197,0.15453
basic,1680,20,0.23615,1.83223,0.66482,0.06247
basic,1680,20,0.23615,3.02674,0.67448,0.04864
basic,1680,20,0.23615,5.0,0.67441,0.0476
basic,1680,20,0.33876,0.02,0.40589,0.94286
basic,1680,20,0.33876,0.03304,0.41389,0.94748
basic,1680,20,0.33876,0.05458,0.43756,0.9586
basic,1680,20,0.33876,0.09016,0.44652,0.95312
basic,1680,20,0.33876,0.14894,0.46215,0.93165
basic,1680,20,0.33876,0.24604,0.50175,0.91925
basic,1680,20,0.33876,0.40644,0.53289,0.86048
basic,1680,20,0.33876,0.67142,0.56365,0.7133
basic,1680,20,0.33876,1.10914,0.61267,0.43472
basic,1680,20,0.33876,1.83223,0.65018,0.17043
basic,1680,20,0.33876,3.02674,0.65781,0.10444
basic,1680,20,0.33876,5.0,0.65961,0.0962
basic,1680,20,0.48596,0.02,0.33344,1.01679
basic,1680,20,0.48596,0.03304,0.33235,1.02041
basic,1680,20,0.48596,0.05458,0.3498,1.03857
basic,1680,20,0.48596,0.09016,0.36653,1.04489
basic,1680,20,0.48596,0.14894,0.39415,1.03758
basic,1680,20,0.48596,0.24604,0.42488,1.05667
basic,1680,20,0.48596,0.40644,0.46789,1.00578
basic,1680,20,0.48596,0.67142,0.49319,0.93277
basic,1680,20,0.48596,1.10914,0.52808,0.74169
basic,1680,20,0.48596,1.83223,0.5775,0.43405
basic,1680,20,0.48596,3.02674,0.60235,0.25089
basic,1680,20,0.48596,5.0,0.60616,0.24323
basic,1680,20,0.69711,0.02,0.2624,1.06004
basic,1680,20,0.69711,0.03304,0.26295,1.04902
basic,1680,20,0.69711,0.05458,0.26957,1.07694
basic,1680,20,0.69711,0.09016,0.28622,1.08504
basic,1680,20,0.69711,0.14894,0.30838,1.09833
basic,1680,20,0.69711,0.24604,0.34632,1.13411
basic,1680,20,0.69711,0.40644,0.38491,1.1224
basic,1680,20,0.69711,0.67142,0.41184,1.08231
basic,1680,20,0.69711,1.10914,0.433,0.95561
basic,1680,20,0.69711,1.83223,0.42847,0.73459
basic,1680,20,0.69711,3.02674,0.44937,0.53061
basic,1680,20,0.69711,5.0,0.45694,0.42639
basic,1680,20,1.0,0.02,0.1885,1.06585
basic,1680,20,1.0,0.03304,0.18896,1.04842
basic,1680,20,1.0,0.05458,0.20737,1.1073
basic,1680,20,1.0,0.09016,0.2197,1.12856
basic,1680,20,1.0,0.14894,0.24123,1.14269
basic,1680,20,1.0,0.24604,0.27172,1.18189
basic,1680,20,1.0,0.40644,0.30453,1.19376
basic,1680,20,1.0,0.67142,0.3258,1.16707
basic,1680,20,1.0,1.10914,0.3183,1.09056
basic,1680,20,1.0,1.83223,0.29423,0.94096
basic,1680,20,1.0,3.02674,0.28257,0.76557
basic,1680,20,1.0,5.0,0.28846,0.66923
basic,1680,50,0.08,0.02,0.62505,0.43424
basic,1680,50,0.08,0.03304,0.62943,0.42685
basic,1680,50,0.08,0.05458,0.63525,0.39724
basic,1680,50,0.08,0.09016,0.63977,0.36745
basic,1680,50,0.08,0.14894,0.64592,0.29419
basic,1680,50,0.08,0.24604,0.65507,0.20281
basic,1680,50,0.08,0.40644,0.66511,0.10674
basic,1680,50,0.08,0.67142,0.67201,0.04972
basic,1680,50,0.08,1.10914,0.67247,0.03742
basic,1680,50,0.08,1.83223,0.67236,0.03538
basic,1680,50,0.08,3.02674,0.67312,0.03584
basic,1680,50,0.08,5.0,0.67312,0.03584
basic,1680,50,0.11476,0.02,0.58763,0.57584
basic,1680,50,0.11476,0.03304,0.5927,0.55815
basic,1680,50,0.11476,0.05458,0.59065,0.54025
basic,1680,50,0.11476,0.09016,0.60866,0.50265
basic,1680,50,0.11476,0.14894,0.62722,0.44925
basic,1680,50,0.11476,0.24604,0.63506,0.35925
basic,1680,50,0.11476,0.40644,0.65295,0.21482
basic,1680,50,0.11476,0.67142,0.66447,0.0793
basic,1680,50,0.11476,1.10914,0.67091,0.04294
basic,1680,50,0.11476,1.83223,0.67492,0.04236
basic,1680,50,0.11476,3.02674,0.67487,0.04364
basic,1680,50,0.11476,5.0,0.67487,0.04364
basic,1680,50,0.16462,0.02,0.53225,0.68944
basic,1680,50,0.16462,0.03304,0.53334,0.66927
basic,1680,50,0.16462,0.05458,0.54533,0.6665
basic,1680,50,0.16462,0.09016,0.55797,0.64629
basic,1680,50,0.16462,0.14894,0.57439,0.61047
basic,1680,50,0.16462,0.24604,0.59968,0.53277
basic,1680,50,0.16462,0.40644,0.6278,0.39612
basic,1680,50,0.16462,0.67142,0.65669,0.19772
basic,1680,50,0.16462,1.10914,0.66362,0.07597
basic,1680,50,0.16462,1.83223,0.66701,0.05488
basic,1680,50,0.16462,3.02674,0.66883,0.05006
basic,1680,50,0.16462,5.0,0.66883,0.05006
basic,1680,50,0.23615,0.02,0.45835,0.76273
basic,1680,50,0.23615,0.03304,0.4672,0.77489
basic,1680,50,0.23615,0.05458,0.4823,0.75899
basic,1680,50,0.23615,0.09016,0.50527,0.76349
basic,1680,50,0.23615,0.14894,0.51703,0.73286
basic,1680,50,0.23615,0.24604,0.54619,0.67543
basic,1680,50,0.23615,0.40644,0.57686,0.60646
basic,1680,50,0.23615,0.67142,0.61288,0.40917
basic,1680,50,0.23615,1.10914,0.65264,0.1826
basic,1680,50,0.23615,1.83223,0.66209,0.0987
basic,1680,50,0.23615,3.02674,0.66184,0.07958
basic,1680,50,0.23615,5.0,0.66295,0.07983
basic,1680,50,0.33876,0.02,0.37557,0.8305
basic,1680,50,0.33876,0.03304,0.38891,0.83172
basic,1680,50,0.33876,0.05458,0.40341,0.83617
basic,1680,50,0.33876,0.09016,0.41472,0.82793
basic,1680,50,0.33876,0.14894,0.44904,0.82633
basic,1680,50,0.33876,0.24604,0.48339,0.8038
basic,1680,50,0.33876,0.40644,0.51868,0.73747
basic,1680,50,0.33876,0.67142,0.55597,0.62644
basic,1680,50,0.33876,1.10914,0.60274,0.39831
basic,1680,50,0.33876,1.83223,0.64574,0.1899
basic,1680,50,0.33876,3.02674,0.65325,0.13672
basic,1680,50,0.33876,5.0,0.65302,0.12466
basic,1680,50,0.48596,0.02,0.31022,0.88057
basic,1680,50,0.48596,0.03304,0.31598,0.87566
basic,1680,50,0.48596,0.05458,0.33083,0.88649
basic,1680,50,0.48596,0.09016,0.35204,0.90496
basic,1680,50,0.48596,0.14894,0.38115,0.91261
basic,1680,50,0.48596,0.24604,0.40852,0.89692
basic,1680,50,0.48596,0.40644,0.46194,0.86251
basic,1680,50,0.48596,0.67142,0.5,0.7803
basic,1680,50,0.48596,1.10914,0.54175,0.62288
basic,1680,50,0.48596,1.83223,0.58367,0.37662
basic,1680,50,0.48596,3.02674,0.60272,0.24646
basic,1680,50,0.48596,5.0,0.60724,0.2231
basic,1680,50,0.69711,0.02,0.24062,0.9082
basic,1680,50,0.69711,0.03304,0.24789,0.91316
basic,1680,50,0.69711,0.05458,0.25638,0.91414
basic,1680,50,0.69711,0.09016,0.28308,0.93135
basic,1680,50,0.69711,0.14894,0.31066,0.94287
basic,1680,50,0.69711,0.24604,0.34206,0.96017
basic,1680,50,0.69711,0.40644,0.38511,0.95072
basic,1680,50,0.69711,0.67142,0.42383,0.89015
basic,1680,50,0.69711,1.10914,0.46428,0.78308
basic,1680,50,0.69711,1.83223,0.47143,0.57678
basic,1680,50,0.69711,3.02674,0.49233,0.40306
basic,1680,50,0.69711,5.0,0.45817,0.36088
basic,1680,50,1.0,0.02,0.17893,0.90516
basic,1680,50,1.0,0.03304,0.19467,0.92198
basic,1680,50,1.0,0.05458,0.20112,0.93965
basic,1680,50,1.0,0.09016,0.20997,0.95401
basic,1680,50,1.0,0.14894,0.23931,0.96058
basic,1680,50,1.0,0.24604,0.27841,1.00353
basic,1680,50,1.0,0.40644,0.32067,0.99432
basic,1680,50,1.0,0.67142,0.35621,0.98791
basic,1680,50,1.0,1.10914,0.37147,0.90486
basic,1680,50,1.0,1.83223,0.34541,0.74251
basic,1680,50,1.0,3.02674,0.31345,0.60176
basic,1680,50,1.0,5.0,0.28945,0.55366
