method,churn,N_visitor,N_native,W_eff,seed,visit,efficiency,util_v,util_n,collision_rate,tau0_mean
oracle,0.0,10,0,50,42,0,0.90625,0.4069999999999999,0.0,0.28788295038295036,nan
oracle,0.0,10,0,50,42,1,0.735632183908046,0.43,0.0,0.30581168831168826,nan
oracle,0.0,10,0,50,42,2,1.0416666666666667,0.48500000000000004,0.0,0.28512806637806637,nan
oracle,0.0,10,0,50,42,3,0.8717948717948718,0.446,0.0,0.28056457431457427,nan
oracle,0.0,10,0,50,42,4,1.1964285714285714,0.485,0.0,0.28071608946608945,nan
oracle,0.0,10,0,50,42,5,0.6962025316455697,0.383,0.0,0.35596486846486847,nan
oracle,0.0,10,0,50,42,6,1.1126760563380282,0.5860000000000001,0.0,0.23126623376623381,nan
oracle,0.0,10,0,50,42,7,0.958904109589041,0.4990000000000001,0.0,0.2842929292929293,nan
oracle,0.0,10,0,50,42,8,1.0303030303030303,0.5250000000000001,0.0,0.297550505050505,nan
oracle,0.0,10,0,50,42,9,0.9868421052631579,0.5119999999999999,0.0,0.27605033855033856,nan
oracle,0.0,10,0,50,42,10,1.171875,0.542,0.0,0.26871572871572874,nan
oracle,0.0,10,0,50,42,11,0.9315068493150684,0.49300000000000005,0.0,0.26248556998557,nan
oracle,0.0,10,0,50,42,12,0.958904109589041,0.4820000000000001,0.0,0.30504329004329006,nan
oracle,0.0,10,0,50,42,13,0.8148148148148148,0.496,0.0,0.2663582251082251,nan
oracle,0.0,10,0,50,42,14,1.0289855072463767,0.49800000000000005,0.0,0.28492604617604617,nan
oracle,0.0,10,0,50,42,15,0.9594594594594594,0.47400000000000003,0.0,0.2977687590187591,nan
oracle,0.0,10,0,50,42,16,1.0649350649350648,0.543,0.0,0.21999916749916748,nan
oracle,0.0,10,0,50,42,17,0.8414634146341463,0.48599999999999993,0.0,0.29473665223665224,nan
oracle,0.0,10,0,50,42,18,1.056338028169014,0.53,0.0,0.26288281163281163,nan
oracle,0.0,10,0,50,42,19,1.0684931506849316,0.5490000000000002,0.0,0.2257148407148407,nan
oracle,0.0,10,0,50,42,20,0.961038961038961,0.544,0.0,0.2608176545676545,nan
oracle,0.0,10,0,50,42,21,0.9846153846153847,0.45599999999999996,0.0,0.3006619769119769,nan
oracle,0.0,10,0,50,42,22,0.9733333333333334,0.492,0.0,0.2836482961482962,nan
oracle,0.0,10,0,50,42,23,0.7875,0.42900000000000016,0.0,0.3345472582972583,nan
oracle,0.0,10,0,50,42,24,1.0547945205479452,0.5100000000000001,0.0,0.2585515873015873,nan
oracle,0.0,10,0,50,42,25,0.8382352941176471,0.403,0.0,0.3947077922077922,nan
oracle,0.0,10,0,50,42,26,0.9710144927536232,0.484,0.0,0.2746103896103896,nan
oracle,0.0,10,0,50,42,27,0.8533333333333334,0.43900000000000006,0.0,0.3042904317904318,nan
oracle,0.0,10,0,50,42,28,0.8850574712643678,0.544,0.0,0.2631318681318681,nan
oracle,0.0,10,0,50,42,29,0.9024390243902439,0.533,0.0,0.2765583028083028,nan
oracle,0.0,10,0,50,42,30,0.7875,0.4760000000000001,0.0,0.32315767565767567,nan
oracle,0.0,10,0,50,42,31,0.8947368421052632,0.49399999999999994,0.0,0.29505328005328,nan
oracle,0.0,10,0,50,42,32,0.9882352941176471,0.5760000000000001,0.0,0.2361417748917749,nan
oracle,0.0,10,0,50,42,33,1.1690140845070423,0.518,0.0,0.2671542346542346,nan
oracle,0.0,10,0,50,42,34,0.9054054054054054,0.43,0.0,0.2993791625041625,nan
oracle,0.0,10,0,50,42,35,1.0147058823529411,0.47999999999999987,0.0,0.27626463813963814,nan
oracle,0.0,10,0,50,42,36,1.1369863013698631,0.5609999999999999,0.0,0.26305735930735935,nan
oracle,0.0,10,0,50,42,37,0.9090909090909091,0.47400000000000003,0.0,0.2893939393939394,nan
oracle,0.0,10,0,50,42,38,1.0422535211267605,0.537,0.0,0.26544913419913424,nan
oracle,0.0,10,0,50,42,39,1.2131147540983607,0.47199999999999986,0.0,0.2902383727383727,nan
oracle,0.0,10,0,50,42,40,1.1764705882352942,0.52,0.0,0.2889423076923077,nan
oracle,0.0,10,0,50,42,41,0.9178082191780822,0.46399999999999997,0.0,0.3194437017231134,nan
oracle,0.0,10,0,50,42,42,1.0263157894736843,0.5160000000000001,0.0,0.2549962537462538,nan
oracle,0.0,10,0,50,42,43,1.0136986301369864,0.518,0.0,0.3145849983349983,nan
oracle,0.0,10,0,50,42,44,0.9240506329113924,0.483,0.0,0.2586742424242424,nan
oracle,0.0,10,0,50,42,45,0.9259259259259259,0.5469999999999999,0.0,0.2426699689199689,nan
oracle,0.0,10,0,50,42,46,1.0142857142857142,0.5199999999999999,0.0,0.2784630647130647,nan
oracle,0.0,10,0,50,42,47,0.9487179487179487,0.51,0.0,0.2732310744810745,nan
oracle,0.0,10,0,50,42,48,1.359375,0.5930000000000001,0.0,0.21819805194805192,nan
oracle,0.0,10,0,50,42,49,1.056338028169014,0.5349999999999999,0.0,0.27909493284493286,nan
cold_genie,0.0,10,0,50,42,0,0.96875,0.42699999999999994,0.0,0.29198523698523704,0.10000000000000002
cold_genie,0.0,10,0,50,42,1,0.7816091954022989,0.43400000000000005,0.0,0.25752206127206123,0.10000000000000002
cold_genie,0.0,10,0,50,42,2,1.0416666666666667,0.511,0.0,0.21809704184704182,0.10000000000000002
cold_genie,0.0,10,0,50,42,3,0.9743589743589743,0.5359999999999999,0.0,0.2124819624819625,0.10000000000000002
cold_genie,0.0,10,0,50,42,4,0.9464285714285714,0.4170000000000001,0.0,0.27268620268620275,0.10000000000000002
cold_genie,0.0,10,0,50,42,5,0.9493670886075949,0.5159999999999999,0.0,0.2159186646686646,0.10000000000000002
cold_genie,0.0,10,0,50,42,6,1.0845070422535212,0.562,0.0,0.17149225774225776,0.10000000000000002
cold_genie,0.0,10,0,50,42,7,0.7671232876712328,0.43,0.0,0.28806748806748805,0.10000000000000002
cold_genie,0.0,10,0,50,42,8,1.0757575757575757,0.477,0.0,0.23483585858585862,0.10000000000000002
cold_genie,0.0,10,0,50,42,9,0.8552631578947368,0.462,0.0,0.2584555722055722,0.10000000000000002
cold_genie,0.0,10,0,50,42,10,1.109375,0.4810000000000002,0.0,0.22267940392940394,0.10000000000000002
cold_genie,0.0,10,0,50,42,11,0.8904109589041096,0.4600000000000001,0.0,0.25062590187590195,0.10000000000000002
cold_genie,0.0,10,0,50,42,12,1.1095890410958904,0.521,0.0,0.2458824508824508,0.10000000000000002
cold_genie,0.0,10,0,50,42,13,0.8765432098765432,0.5130000000000001,0.0,0.2073719336219336,0.10000000000000002
cold_genie,0.0,10,0,50,42,14,1.0434782608695652,0.5170000000000001,0.0,0.23090187590187589,0.10000000000000002
cold_genie,0.0,10,0,50,42,15,0.8108108108108109,0.4120000000000001,0.0,0.32650113775113776,0.10000000000000002
cold_genie,0.0,10,0,50,42,16,1.051948051948052,0.5359999999999999,0.0,0.22217352092352088,0.10000000000000002
cold_genie,0.0,10,0,50,42,17,0.6341463414634146,0.364,0.0,0.26502511377511373,0.10000000000000002
cold_genie,0.0,10,0,50,42,18,0.9577464788732394,0.462,0.0,0.2438797313797314,0.10000000000000002
cold_genie,0.0,10,0,50,42,19,0.8493150684931506,0.44400000000000006,0.0,0.2626544289044289,0.10000000000000002
cold_genie,0.0,10,0,50,42,20,0.8441558441558441,0.45299999999999996,0.0,0.2608297258297258,0.10000000000000002
cold_genie,0.0,10,0,50,42,21,1.0461538461538462,0.522,0.0,0.20494588744588743,0.10000000000000002
cold_genie,0.0,10,0,50,42,22,0.88,0.453,0.0,0.25646825396825396,0.10000000000000002
cold_genie,0.0,10,0,50,42,23,0.8875,0.5309999999999999,0.0,0.2274120324120324,0.10000000000000002
cold_genie,0.0,10,0,50,42,24,0.863013698630137,0.433,0.0,0.2423430735930736,0.10000000000000002
cold_genie,0.0,10,0,50,42,25,1.1470588235294117,0.5469999999999999,0.0,0.17860070485070487,0.10000000000000002
cold_genie,0.0,10,0,50,42,26,0.9130434782608695,0.454,0.0,0.2688041125541126,0.10000000000000002
cold_genie,0.0,10,0,50,42,27,0.9466666666666667,0.527,0.0,0.2175126262626263,0.10000000000000002
cold_genie,0.0,10,0,50,42,28,0.8850574712643678,0.514,0.0,0.24601911976911978,0.10000000000000002
cold_genie,0.0,10,0,50,42,29,0.9146341463414634,0.555,0.0,0.20798257298257297,0.10000000000000002
cold_genie,0.0,10,0,50,42,30,0.8,0.4959999999999999,0.0,0.2497863247863248,0.10000000000000002
cold_genie,0.0,10,0,50,42,31,0.9210526315789473,0.5149999999999999,0.0,0.23381132756132753,0.10000000000000002
cold_genie,0.0,10,0,50,42,32,0.8941176470588236,0.5280000000000001,0.0,0.21958513708513702,0.10000000000000002
cold_genie,0.0,10,0,50,42,33,0.9577464788732394,0.48699999999999993,0.0,0.2387823287823288,0.10000000000000002
cold_genie,0.0,10,0,50,42,34,1.0,0.5299999999999999,0.0,0.19730339105339106,0.10000000000000002
cold_genie,0.0,10,0,50,42,35,1.088235294117647,0.5199999999999999,0.0,0.21660353535353533,0.10000000000000002
cold_genie,0.0,10,0,50,42,36,0.863013698630137,0.417,0.0,0.26316239316239315,0.10000000000000002
cold_genie,0.0,10,0,50,42,37,0.8571428571428571,0.492,0.0,0.22163419913419916,0.10000000000000002
cold_genie,0.0,10,0,50,42,38,0.9859154929577465,0.49400000000000005,0.0,0.24769660894660891,0.10000000000000002
cold_genie,0.0,10,0,50,42,39,1.1639344262295082,0.507,0.0,0.255523088023088,0.10000000000000002
cold_genie,0.0,10,0,50,42,40,1.2058823529411764,0.538,0.0,0.20993867243867242,0.10000000000000002
cold_genie,0.0,10,0,50,42,41,0.9178082191780822,0.45999999999999996,0.0,0.259427516927517,0.10000000000000002
cold_genie,0.0,10,0,50,42,42,0.9736842105263158,0.49799999999999994,0.0,0.24624209124209123,0.10000000000000002
cold_genie,0.0,10,0,50,42,43,0.9726027397260274,0.5,0.0,0.23720529470529464,0.10000000000000002
cold_genie,0.0,10,0,50,42,44,0.9240506329113924,0.5149999999999999,0.0,0.2546217671217671,0.10000000000000002
cold_genie,0.0,10,0,50,42,45,0.9012345679012346,0.579,0.0,0.21551157176157174,0.10000000000000002
cold_genie,0.0,10,0,50,42,46,0.9,0.485,0.0,0.2636093073593073,0.10000000000000002
cold_genie,0.0,10,0,50,42,47,0.9487179487179487,0.5090000000000001,0.0,0.22665445665445666,0.10000000000000002
cold_genie,0.0,10,0,50,42,48,1.078125,0.4499999999999999,0.0,0.25163503163503165,0.10000000000000002
cold_genie,0.0,10,0,50,42,49,1.056338028169014,0.535,0.0,0.21430361305361303,0.10000000000000002
cold_nv,0.0,10,0,50,42,0,1.203125,0.548,0.0,0.20851731601731602,0.10000000000000002
cold_nv,0.0,10,0,50,42,1,0.896551724137931,0.5289999999999999,0.0,0.216745337995338,0.10000000000000002
cold_nv,0.0,10,0,50,42,2,0.9861111111111112,0.4749999999999999,0.0,0.22635212010212008,0.10000000000000002
cold_nv,0.0,10,0,50,42,3,0.8333333333333334,0.44699999999999995,0.0,0.2671066433566434,0.10000000000000002
cold_nv,0.0,10,0,50,42,4,1.1785714285714286,0.513,0.0,0.2561598124098124,0.10000000000000002
cold_nv,0.0,10,0,50,42,5,0.6582278481012658,0.357,0.0,0.30336802086802084,0.10000000000000002
cold_nv,0.0,10,0,50,42,6,1.0985915492957747,0.5370000000000001,0.0,0.2178481240981241,0.10000000000000002
cold_nv,0.0,10,0,50,42,7,0.8356164383561644,0.4640000000000001,0.0,0.23215895215895213,0.10000000000000002
cold_nv,0.0,10,0,50,42,8,0.8484848484848485,0.45100000000000007,0.0,0.2804982517482517,0.10000000000000002
cold_nv,0.0,10,0,50,42,9,0.9342105263157895,0.4669999999999999,0.0,0.24666416916416917,0.10000000000000002
cold_nv,0.0,10,0,50,42,10,1.078125,0.503,0.0,0.24393398268398267,0.10000000000000002
cold_nv,0.0,10,0,50,42,11,0.8767123287671232,0.4720000000000001,0.0,0.2350108225108225,0.10000000000000002
cold_nv,0.0,10,0,50,42,12,0.9178082191780822,0.45999999999999996,0.0,0.2816237928737929,0.10000000000000002
cold_nv,0.0,10,0,50,42,13,0.8518518518518519,0.51,0.0,0.22125,0.10000000000000002
cold_nv,0.0,10,0,50,42,14,0.8985507246376812,0.45099999999999996,0.0,0.2402156177156177,0.10000000000000002
cold_nv,0.0,10,0,50,42,15,0.9594594594594594,0.52,0.0,0.2336464923964924,0.10000000000000002
cold_nv,0.0,10,0,50,42,16,0.8961038961038961,0.495,0.0,0.2366876179376179,0.10000000000000002
cold_nv,0.0,10,0,50,42,17,0.7926829268292683,0.42700000000000005,0.0,0.2461091686091686,0.10000000000000002
cold_nv,0.0,10,0,50,42,18,0.9295774647887324,0.5009999999999999,0.0,0.25827436452436453,0.10000000000000002
cold_nv,0.0,10,0,50,42,19,0.8767123287671232,0.489,0.0,0.20988497613497614,0.10000000000000002
cold_nv,0.0,10,0,50,42,20,0.922077922077922,0.5069999999999999,0.0,0.20844072594072593,0.10000000000000002
cold_nv,0.0,10,0,50,42,21,1.0307692307692307,0.45599999999999996,0.0,0.24438672438672443,0.10000000000000002
cold_nv,0.0,10,0,50,42,22,0.9733333333333334,0.5090000000000001,0.0,0.236011211011211,0.10000000000000002
cold_nv,0.0,10,0,50,42,23,0.9125,0.48900000000000005,0.0,0.21083874458874458,0.10000000000000002
cold_nv,0.0,10,0,50,42,24,0.9178082191780822,0.45400000000000007,0.0,0.25666666666666665,0.10000000000000002
cold_nv,0.0,10,0,50,42,25,1.0294117647058822,0.5130000000000001,0.0,0.23286616161616164,0.10000000000000002
cold_nv,0.0,10,0,50,42,26,1.1014492753623188,0.547,0.0,0.20354908979908978,0.10000000000000002
cold_nv,0.0,10,0,50,42,27,0.9066666666666666,0.48500000000000015,0.0,0.2311363636363636,0.10000000000000002
cold_nv,0.0,10,0,50,42,28,0.7931034482758621,0.43999999999999995,0.0,0.23241326655800343,0.10000000000000002
cold_nv,0.0,10,0,50,42,29,0.8536585365853658,0.48100000000000004,0.0,0.22452061827061826,0.10000000000000002
cold_nv,0.0,10,0,50,42,30,0.75,0.43600000000000005,0.0,0.2591543179043179,0.10000000000000002
cold_nv,0.0,10,0,50,42,31,0.868421052631579,0.4950000000000001,0.0,0.2440444277944278,0.10000000000000002
cold_nv,0.0,10,0,50,42,32,0.8941176470588236,0.507,0.0,0.242973137973138,0.10000000000000002
cold_nv,0.0,10,0,50,42,33,1.028169014084507,0.46900000000000003,0.0,0.27421814296814295,0.10000000000000002
cold_nv,0.0,10,0,50,42,34,0.8513513513513513,0.40800000000000003,0.0,0.2565614940614941,0.10000000000000002
cold_nv,0.0,10,0,50,42,35,1.0735294117647058,0.49400000000000005,0.0,0.243757215007215,0.10000000000000002
cold_nv,0.0,10,0,50,42,36,0.863013698630137,0.42300000000000004,0.0,0.29428127428127426,0.10000000000000002
cold_nv,0.0,10,0,50,42,37,0.7922077922077922,0.44299999999999995,0.0,0.26683261183261175,0.10000000000000002
cold_nv,0.0,10,0,50,42,38,1.0140845070422535,0.5090000000000001,0.0,0.24840007215007215,0.10000000000000002
cold_nv,0.0,10,0,50,42,39,0.9508196721311475,0.43500000000000005,0.0,0.286969696969697,0.10000000000000002
cold_nv,0.0,10,0,50,42,40,1.1911764705882353,0.5050000000000001,0.0,0.23903124653124652,0.10000000000000002
cold_nv,0.0,10,0,50,42,41,0.7945205479452054,0.44200000000000017,0.0,0.2749837662337663,0.10000000000000002
cold_nv,0.0,10,0,50,42,42,1.013157894736842,0.521,0.0,0.21384532134532136,0.10000000000000002
cold_nv,0.0,10,0,50,42,43,0.8356164383561644,0.4210000000000001,0.0,0.2635514485514486,0.10000000000000002
cold_nv,0.0,10,0,50,42,44,0.7721518987341772,0.376,0.0,0.2789325951825951,0.10000000000000002
cold_nv,0.0,10,0,50,42,45,0.6790123456790124,0.4039999999999999,0.0,0.27402583527583524,0.10000000000000002
cold_nv,0.0,10,0,50,42,46,0.9571428571428572,0.505,0.0,0.2295833333333334,0.10000000000000002
cold_nv,0.0,10,0,50,42,47,0.8717948717948718,0.45100000000000007,0.0,0.2371302308802309,0.10000000000000002
cold_nv,0.0,10,0,50,42,48,1.28125,0.5490000000000002,0.0,0.19706765456765457,0.10000000000000002
cold_nv,0.0,10,0,50,42,49,1.028169014084507,0.49700000000000005,0.0,0.23851065601065596,0.10000000000000002
cold_high,0.0,10,0,50,42,0,0.09375,0.028000000000000004,0.0,0.9219047619047618,0.5
cold_high,0.0,10,0,50,42,1,0.14942528735632185,0.062,0.0,0.8341071428571428,0.5
cold_high,0.0,10,0,50,42,2,0.1527777777777778,0.048,0.0,0.8812500000000002,0.5
cold_high,0.0,10,0,50,42,3,0.038461538461538464,0.011,0.0,0.9230952380952383,0.5
cold_high,0.0,10,0,50,42,4,0.17857142857142858,0.053000000000000005,0.0,0.8933333333333335,0.5
cold_high,0.0,10,0,50,42,5,0.1518987341772152,0.07,0.0,0.8623015873015876,0.5
cold_high,0.0,10,0,50,42,6,0.14084507042253522,0.05499999999999999,0.0,0.8630952380952381,0.5
cold_high,0.0,10,0,50,42,7,0.0273972602739726,0.016,0.0,0.9198809523809522,0.5
cold_high,0.0,10,0,50,42,8,0.15151515151515152,0.049,0.0,0.8522619047619047,0.5
cold_high,0.0,10,0,50,42,9,0.10526315789473684,0.044,0.0,0.8416666666666666,0.5
cold_high,0.0,10,0,50,42,10,0.109375,0.033,0.0,0.9157142857142857,0.5
cold_high,0.0,10,0,50,42,11,0.0958904109589041,0.03200000000000001,0.0,0.8783333333333335,0.5
cold_high,0.0,10,0,50,42,12,0.2054794520547945,0.07200000000000001,0.0,0.802857142857143,0.5
cold_high,0.0,10,0,50,42,13,0.14814814814814814,0.062,0.0,0.8745238095238097,0.5
cold_high,0.0,10,0,50,42,14,0.14492753623188406,0.044,0.0,0.8857142857142858,0.5
cold_high,0.0,10,0,50,42,15,0.08108108108108109,0.024,0.0,0.9040476190476191,0.5
cold_high,0.0,10,0,50,42,16,0.15584415584415584,0.05800000000000001,0.0,0.8461904761904764,0.5
cold_high,0.0,10,0,50,42,17,0.06097560975609756,0.023,0.0,0.9119047619047619,0.5
cold_high,0.0,10,0,50,42,18,0.18309859154929578,0.075,0.0,0.8252380952380953,0.5
cold_high,0.0,10,0,50,42,19,0.1232876712328767,0.044000000000000004,0.0,0.8973809523809525,0.5
cold_high,0.0,10,0,50,42,20,0.11688311688311688,0.051000000000000004,0.0,0.8838095238095238,0.5
cold_high,0.0,10,0,50,42,21,0.07692307692307693,0.03,0.0,0.9266666666666665,0.5
cold_high,0.0,10,0,50,42,22,0.16,0.043,0.0,0.8357738095238098,0.5
cold_high,0.0,10,0,50,42,23,0.1625,0.05900000000000001,0.0,0.830952380952381,0.5
cold_high,0.0,10,0,50,42,24,0.136986301369863,0.041999999999999996,0.0,0.8464285714285712,0.5
cold_high,0.0,10,0,50,42,25,0.19117647058823528,0.065,0.0,0.8485714285714285,0.5
cold_high,0.0,10,0,50,42,26,0.13043478260869565,0.047,0.0,0.8783333333333335,0.5
cold_high,0.0,10,0,50,42,27,0.17333333333333334,0.061,0.0,0.812857142857143,0.5
cold_high,0.0,10,0,50,42,28,0.13793103448275862,0.057999999999999996,0.0,0.8423214285714288,0.5
cold_high,0.0,10,0,50,42,29,0.08536585365853659,0.040999999999999995,0.0,0.8627380952380953,0.5
cold_high,0.0,10,0,50,42,30,0.1375,0.06100000000000001,0.0,0.8408333333333335,0.5
cold_high,0.0,10,0,50,42,31,0.13157894736842105,0.057999999999999996,0.0,0.8633333333333333,0.5
cold_high,0.0,10,0,50,42,32,0.12941176470588237,0.040999999999999995,0.0,0.8823809523809525,0.5
cold_high,0.0,10,0,50,42,33,0.09859154929577464,0.032,0.0,0.9166666666666667,0.5
cold_high,0.0,10,0,50,42,34,0.16216216216216217,0.06100000000000001,0.0,0.8577380952380954,0.5
cold_high,0.0,10,0,50,42,35,0.25,0.095,0.0,0.8076190476190476,0.5
cold_high,0.0,10,0,50,42,36,0.0547945205479452,0.02,0.0,0.9356547619047619,0.5
cold_high,0.0,10,0,50,42,37,0.15584415584415584,0.05700000000000001,0.0,0.8663095238095238,0.5
cold_high,0.0,10,0,50,42,38,0.15492957746478872,0.05800000000000001,0.0,0.8683333333333332,0.5
cold_high,0.0,10,0,50,42,39,0.19672131147540983,0.052000000000000005,0.0,0.8614285714285715,0.5
cold_high,0.0,10,0,50,42,40,0.14705882352941177,0.048,0.0,0.884107142857143,0.5
cold_high,0.0,10,0,50,42,41,0.1506849315068493,0.065,0.0,0.8766666666666667,0.5
cold_high,0.0,10,0,50,42,42,0.14473684210526316,0.05099999999999999,0.0,0.870952380952381,0.5
cold_high,0.0,10,0,50,42,43,0.0684931506849315,0.026000000000000002,0.0,0.9145238095238095,0.5
cold_high,0.0,10,0,50,42,44,0.20253164556962025,0.08800000000000001,0.0,0.8285714285714285,0.5
cold_high,0.0,10,0,50,42,45,0.037037037037037035,0.018000000000000002,0.0,0.9350000000000002,0.5
cold_high,0.0,10,0,50,42,46,0.12857142857142856,0.05,0.0,0.8880952380952379,0.5
cold_high,0.0,10,0,50,42,47,0.11538461538461539,0.04,0.0,0.8483333333333334,0.5
cold_high,0.0,10,0,50,42,48,0.09375,0.028999999999999998,0.0,0.9228571428571432,0.5
cold_high,0.0,10,0,50,42,49,0.14084507042253522,0.061999999999999986,0.0,0.8685714285714287,0.5
warm_nv,0.0,10,0,50,42,0,0.90625,0.396,0.0,0.28410644910644905,0.10000000000000002
warm_nv,0.0,10,0,50,42,1,0.8045977011494253,0.48200000000000004,0.0,0.2779556554556555,0.12753473066666665
warm_nv,0.0,10,0,50,42,2,0.6388888888888888,0.366,0.0,0.4040367965367966,0.15734554844444443
warm_nv,0.0,10,0,50,42,3,0.6282051282051282,0.32999999999999996,0.0,0.4148427960927961,0.17043871437037034
warm_nv,0.0,10,0,50,42,4,0.8035714285714286,0.307,0.0,0.4690079365079366,0.17093927662222222
warm_nv,0.0,10,0,50,42,5,0.6075949367088608,0.34400000000000003,0.0,0.4198881673881674,0.15900960183703705
warm_nv,0.0,10,0,50,42,6,0.7323943661971831,0.38,0.0,0.41049062049062046,0.15821307576888885
warm_nv,0.0,10,0,50,42,7,0.7945205479452054,0.41800000000000004,0.0,0.3148322510822511,0.15775445724444448
warm_nv,0.0,10,0,50,42,8,0.7878787878787878,0.36100000000000004,0.0,0.4085966810966811,0.16153325653333334
warm_nv,0.0,10,0,50,42,9,0.7631578947368421,0.4050000000000001,0.0,0.378185841935842,0.16070363733333332
warm_nv,0.0,10,0,50,42,10,0.8125,0.351,0.0,0.4133531746031746,0.16207732942222225
warm_nv,0.0,10,0,50,42,11,0.7808219178082192,0.383,0.0,0.3422907647907648,0.15900610657777778
warm_nv,0.0,10,0,50,42,12,0.863013698630137,0.4160000000000001,0.0,0.31920315795315796,0.14996534987259258
warm_nv,0.0,10,0,50,42,13,0.7530864197530864,0.471,0.0,0.33670274170274167,0.16337348610370372
warm_nv,0.0,10,0,50,42,14,0.8260869565217391,0.42699999999999994,0.0,0.345762987012987,0.16906475327407405
warm_nv,0.0,10,0,50,42,15,0.8243243243243243,0.446,0.0,0.34954906204906205,0.16151650133333334
warm_nv,0.0,10,0,50,42,16,0.6753246753246753,0.36,0.0,0.408780525030525,0.15894835262814813
warm_nv,0.0,10,0,50,42,17,0.6951219512195121,0.42000000000000004,0.0,0.38199494949494944,0.155515522176
warm_nv,0.0,10,0,50,42,18,0.7323943661971831,0.38400000000000006,0.0,0.37576479076479075,0.14665832527786668
warm_nv,0.0,10,0,50,42,19,0.7945205479452054,0.406,0.0,0.3661163836163836,0.1601050494577778
warm_nv,0.0,10,0,50,42,20,0.6623376623376623,0.3520000000000001,0.0,0.40878066378066374,0.1642953672888889
warm_nv,0.0,10,0,50,42,21,0.7384615384615385,0.34500000000000003,0.0,0.39671536796536794,0.15707006848
warm_nv,0.0,10,0,50,42,22,0.7466666666666667,0.377,0.0,0.3932738095238096,0.15922356800000004
warm_nv,0.0,10,0,50,42,23,0.75,0.396,0.0,0.3650029137529137,0.16675425159111112
warm_nv,0.0,10,0,50,42,24,0.8082191780821918,0.39300000000000007,0.0,0.36563422688422687,0.15627961155555556
warm_nv,0.0,10,0,50,42,25,0.6470588235294118,0.298,0.0,0.4458802308802309,0.16451048308839505
warm_nv,0.0,10,0,50,42,26,0.7391304347826086,0.36900000000000005,0.0,0.3697943722943723,0.1615535266133334
warm_nv,0.0,10,0,50,42,27,0.7333333333333333,0.38600000000000007,0.0,0.4010714285714285,0.17841589056
warm_nv,0.0,10,0,50,42,28,0.6781609195402298,0.3490000000000001,0.0,0.3884415584415584,0.17733839744
warm_nv,0.0,10,0,50,42,29,0.7317073170731707,0.458,0.0,0.3315494227994228,0.16364653546666671
warm_nv,0.0,10,0,50,42,30,0.775,0.41400000000000003,0.0,0.35636280386280383,0.16957942528
warm_nv,0.0,10,0,50,42,31,0.5789473684210527,0.292,0.0,0.45825396825396825,0.17110320234666668
warm_nv,0.0,10,0,50,42,32,0.7058823529411765,0.39699999999999996,0.0,0.38118867243867244,0.15349366844444448
warm_nv,0.0,10,0,50,42,33,0.7323943661971831,0.3389999999999999,0.0,0.41750596625596625,0.1581313081777778
warm_nv,0.0,10,0,50,42,34,0.7162162162162162,0.37699999999999995,0.0,0.39002886002886006,0.14664519662222225
warm_nv,0.0,10,0,50,42,35,0.7352941176470589,0.35600000000000004,0.0,0.3849191086691086,0.1644012234666667
warm_nv,0.0,10,0,50,42,36,0.863013698630137,0.39200000000000007,0.0,0.3619264069264069,0.1608499549876543
warm_nv,0.0,10,0,50,42,37,0.7012987012987013,0.3450000000000001,0.0,0.3941071428571428,0.17257861973333333
warm_nv,0.0,10,0,50,42,38,0.8450704225352113,0.3999999999999999,0.0,0.3802831890331891,0.1634142430222222
warm_nv,0.0,10,0,50,42,39,0.9836065573770492,0.4029999999999999,0.0,0.345813492063492,0.17521830616888892
warm_nv,0.0,10,0,50,42,40,0.8382352941176471,0.38200000000000006,0.0,0.37285533910533913,0.1605784168888889
warm_nv,0.0,10,0,50,42,41,0.821917808219178,0.418,0.0,0.3228823953823954,0.1567495786666667
warm_nv,0.0,10,0,50,42,42,0.6710526315789473,0.3339999999999999,0.0,0.43945207570207573,0.1553564586962963
warm_nv,0.0,10,0,50,42,43,0.7123287671232876,0.37299999999999994,0.0,0.3940313852813852,0.1541285622222222
warm_nv,0.0,10,0,50,42,44,0.7721518987341772,0.42200000000000004,0.0,0.3639819902319902,0.16232123647407407
warm_nv,0.0,10,0,50,42,45,0.6419753086419753,0.4000000000000001,0.0,0.3824206349206349,0.16726597888
warm_nv,0.0,10,0,50,42,46,0.8285714285714286,0.40099999999999997,0.0,0.369788961038961,0.1656252232888889
warm_nv,0.0,10,0,50,42,47,0.6153846153846154,0.32700000000000007,0.0,0.4348358585858586,0.19032344768
warm_nv,0.0,10,0,50,42,48,0.890625,0.3759999999999999,0.0,0.4041883116883117,0.18713916928
warm_nv,0.0,10,0,50,42,49,0.9014084507042254,0.43499999999999994,0.0,0.33283730158730157,0.1687802461866667
warm_high,0.0,10,0,50,42,0,0.171875,0.051000000000000004,0.0,0.8563492063492063,0.5
warm_high,0.0,10,0,50,42,1,0.3448275862068966,0.17,0.0,0.6418253968253967,0.3377903163580247
warm_high,0.0,10,0,50,42,2,0.4027777777777778,0.186,0.0,0.6106088356088357,0.25718162945346507
warm_high,0.0,10,0,50,42,3,0.6282051282051282,0.344,0.0,0.4533134920634921,0.2000874730005619
warm_high,0.0,10,0,50,42,4,0.7321428571428571,0.2819999999999999,0.0,0.5317658730158731,0.219025940917503
warm_high,0.0,10,0,50,42,5,0.6835443037974683,0.36599999999999994,0.0,0.44340714840714834,0.17985990465148655
warm_high,0.0,10,0,50,42,6,0.8732394366197183,0.43900000000000006,0.0,0.31373015873015875,0.1724857001458138
warm_high,0.0,10,0,50,42,7,0.6301369863013698,0.36100000000000004,0.0,0.38344988344988346,0.1712200216158866
warm_high,0.0,10,0,50,42,8,0.6818181818181818,0.3,0.0,0.454817821067821,0.17281944264293228
warm_high,0.0,10,0,50,42,9,0.7236842105263158,0.372,0.0,0.365319264069264,0.1635743078436576
warm_high,0.0,10,0,50,42,10,0.921875,0.40499999999999997,0.0,0.3918301143301144,0.17370580999146806
warm_high,0.0,10,0,50,42,11,0.684931506849315,0.375,0.0,0.39982142857142855,0.1821879082447682
warm_high,0.0,10,0,50,42,12,0.9178082191780822,0.441,0.0,0.3378220390720391,0.1765335417440654
warm_high,0.0,10,0,50,42,13,0.6296296296296297,0.36300000000000004,0.0,0.3971825396825397,0.178998026929965
warm_high,0.0,10,0,50,42,14,0.5797101449275363,0.295,0.0,0.4784848484848484,0.17801477344173017
warm_high,0.0,10,0,50,42,15,0.7297297297297297,0.362,0.0,0.3881583694083694,0.16967703150270333
warm_high,0.0,10,0,50,42,16,0.7662337662337663,0.38999999999999996,0.0,0.3432178932178932,0.1504006643593051
warm_high,0.0,10,0,50,42,17,0.6219512195121951,0.37200000000000005,0.0,0.3961778499278499,0.16914708336277134
warm_high,0.0,10,0,50,42,18,0.6901408450704225,0.34400000000000003,0.0,0.41841269841269846,0.17373276518998731
warm_high,0.0,10,0,50,42,19,0.684931506849315,0.3429999999999999,0.0,0.41295634920634916,0.15452886268735327
warm_high,0.0,10,0,50,42,20,0.7142857142857143,0.37499999999999994,0.0,0.38237554112554106,0.1519342517073789
warm_high,0.0,10,0,50,42,21,0.9384615384615385,0.44399999999999995,0.0,0.34599386724386727,0.15053219864055353
warm_high,0.0,10,0,50,42,22,0.7733333333333333,0.4009999999999999,0.0,0.36441378066378066,0.15554429988263194
warm_high,0.0,10,0,50,42,23,0.7625,0.402,0.0,0.3444029581529581,0.16247238890218563
warm_high,0.0,10,0,50,42,24,0.8356164383561644,0.41100000000000014,0.0,0.3811507936507937,0.16518417878920172
warm_high,0.0,10,0,50,42,25,0.75,0.336,0.0,0.42799603174603174,0.1727782487849075
warm_high,0.0,10,0,50,42,26,0.6376811594202898,0.315,0.0,0.41802128427128427,0.1705147233884942
warm_high,0.0,10,0,50,42,27,0.64,0.346,0.0,0.41621031746031745,0.16184240170625866
warm_high,0.0,10,0,50,42,28,0.5517241379310345,0.346,0.0,0.39955433455433453,0.1496793395975077
warm_high,0.0,10,0,50,42,29,0.7073170731707317,0.40800000000000003,0.0,0.31179112554112554,0.15026124589059517
warm_high,0.0,10,0,50,42,30,0.775,0.43099999999999994,0.0,0.3835768398268398,0.17168574153892807
warm_high,0.0,10,0,50,42,31,0.631578947368421,0.322,0.0,0.43913156288156296,0.17351868672550647
warm_high,0.0,10,0,50,42,32,0.6235294117647059,0.347,0.0,0.37688117438117436,0.1667786270569958
warm_high,0.0,10,0,50,42,33,0.7323943661971831,0.33899999999999997,0.0,0.4087907925407925,0.1755532499701891
warm_high,0.0,10,0,50,42,34,0.7027027027027027,0.33199999999999996,0.0,0.4456998556998557,0.17109794394252203
warm_high,0.0,10,0,50,42,35,0.8529411764705882,0.381,0.0,0.37766955266955266,0.1596488560328892
warm_high,0.0,10,0,50,42,36,0.7945205479452054,0.394,0.0,0.3798362748362748,0.1688967243852167
warm_high,0.0,10,0,50,42,37,0.7012987012987013,0.3449999999999999,0.0,0.3717893217893218,0.1807627573471821
warm_high,0.0,10,0,50,42,38,0.7183098591549296,0.376,0.0,0.4195274170274169,0.18436272313632013
warm_high,0.0,10,0,50,42,39,0.7377049180327869,0.30600000000000005,0.0,0.46978174603174605,0.19966694391257694
warm_high,0.0,10,0,50,42,40,0.9264705882352942,0.43,0.0,0.34499500499500496,0.1570681179202201
warm_high,0.0,10,0,50,42,41,0.6986301369863014,0.3700000000000001,0.0,0.4174873737373737,0.17558465734214784
warm_high,0.0,10,0,50,42,42,0.5657894736842105,0.28300000000000003,0.0,0.4596464646464648,0.17047814260653765
warm_high,0.0,10,0,50,42,43,0.6712328767123288,0.32699999999999996,0.0,0.3922420634920635,0.15628527856172394
warm_high,0.0,10,0,50,42,44,0.9493670886075949,0.531,0.0,0.2816070041070041,0.143303057289272
warm_high,0.0,10,0,50,42,45,0.691358024691358,0.384,0.0,0.3265175102675103,0.1523711475486726
warm_high,0.0,10,0,50,42,46,0.7428571428571429,0.3970000000000001,0.0,0.4142200854700855,0.17533132371715468
warm_high,0.0,10,0,50,42,47,0.6025641025641025,0.28099999999999997,0.0,0.444399211899212,0.18073976756580967
warm_high,0.0,10,0,50,42,48,0.890625,0.354,0.0,0.4115313852813854,0.17946461443998057
warm_high,0.0,10,0,50,42,49,0.7746478873239436,0.372,0.0,0.37613455988455985,0.1610602357671834
dcf_conv,0.0,10,0,50,42,0,1.078125,0.529,0.0,0.08810780722545428,nan
dcf_conv,0.0,10,0,50,42,1,0.9195402298850575,0.562,0.0,0.08134498671263377,nan
dcf_conv,0.0,10,0,50,42,2,0.9027777777777778,0.43099999999999994,0.0,0.12317183977013697,nan
dcf_conv,0.0,10,0,50,42,3,0.9871794871794872,0.5330000000000001,0.0,0.09043246785893845,nan
dcf_conv,0.0,10,0,50,42,4,1.1785714285714286,0.5090000000000001,0.0,0.0924018261150614,nan
dcf_conv,0.0,10,0,50,42,5,0.8860759493670886,0.502,0.0,0.11598450654952204,nan
dcf_conv,0.0,10,0,50,42,6,1.0,0.521,0.0,0.08722476053358408,nan
dcf_conv,0.0,10,0,50,42,7,0.9041095890410958,0.526,0.0,0.10484866440748793,nan
dcf_conv,0.0,10,0,50,42,8,1.1363636363636365,0.5310000000000001,0.0,0.10317144757547234,nan
dcf_conv,0.0,10,0,50,42,9,0.8552631578947368,0.46900000000000003,0.0,0.11716900424137264,nan
dcf_conv,0.0,10,0,50,42,10,1.265625,0.5539999999999999,0.0,0.06847178750042528,nan
dcf_conv,0.0,10,0,50,42,11,1.0273972602739727,0.5660000000000001,0.0,0.09313519813519813,nan
dcf_conv,0.0,10,0,50,42,12,1.0273972602739727,0.546,0.0,0.08727951786775318,nan
dcf_conv,0.0,10,0,50,42,13,0.9012345679012346,0.5509999999999999,0.0,0.08574505151711034,nan
dcf_conv,0.0,10,0,50,42,14,0.927536231884058,0.48900000000000005,0.0,0.12290985974809507,nan
dcf_conv,0.0,10,0,50,42,15,0.9594594594594594,0.542,0.0,0.09303788316946213,nan
dcf_conv,0.0,10,0,50,42,16,0.8051948051948052,0.453,0.0,0.11299291996273422,nan
dcf_conv,0.0,10,0,50,42,17,0.8658536585365854,0.509,0.0,0.09175782314520706,nan
dcf_conv,0.0,10,0,50,42,18,1.028169014084507,0.507,0.0,0.09743935587975834,nan
dcf_conv,0.0,10,0,50,42,19,0.9041095890410958,0.47400000000000003,0.0,0.10936219080720358,nan
dcf_conv,0.0,10,0,50,42,20,0.948051948051948,0.5080000000000001,0.0,0.09520384221042114,nan
dcf_conv,0.0,10,0,50,42,21,1.123076923076923,0.5269999999999999,0.0,0.09280501361383714,nan
dcf_conv,0.0,10,0,50,42,22,0.8933333333333333,0.44800000000000006,0.0,0.11575723897705319,nan
dcf_conv,0.0,10,0,50,42,23,0.8625,0.49399999999999994,0.0,0.1046588754812439,nan
dcf_conv,0.0,10,0,50,42,24,0.9726027397260274,0.5269999999999999,0.0,0.09569481172422348,nan
dcf_conv,0.0,10,0,50,42,25,1.0588235294117647,0.506,0.0,0.09238423749453163,nan
dcf_conv,0.0,10,0,50,42,26,1.0579710144927537,0.518,0.0,0.08106007855233861,nan
dcf_conv,0.0,10,0,50,42,27,1.08,0.582,0.0,0.07777747171129525,nan
dcf_conv,0.0,10,0,50,42,28,0.9655172413793104,0.562,0.0,0.0694818068927976,nan
dcf_conv,0.0,10,0,50,42,29,0.7560975609756098,0.48900000000000005,0.0,0.12002603605544784,nan
dcf_conv,0.0,10,0,50,42,30,0.825,0.5069999999999999,0.0,0.08986590808572233,nan
dcf_conv,0.0,10,0,50,42,31,1.118421052631579,0.581,0.0,0.08092019500107736,nan
dcf_conv,0.0,10,0,50,42,32,0.8823529411764706,0.525,0.0,0.08828734260235808,nan
dcf_conv,0.0,10,0,50,42,33,1.1267605633802817,0.5599999999999999,0.0,0.0736016393736982,nan
dcf_conv,0.0,10,0,50,42,34,0.9324324324324325,0.4959999999999999,0.0,0.10374649237071838,nan
dcf_conv,0.0,10,0,50,42,35,1.1470588235294117,0.518,0.0,0.07921947118928542,nan
dcf_conv,0.0,10,0,50,42,36,1.1095890410958904,0.5589999999999999,0.0,0.08043795149638802,nan
dcf_conv,0.0,10,0,50,42,37,0.922077922077922,0.511,0.0,0.0936809297084065,nan
dcf_conv,0.0,10,0,50,42,38,1.0845070422535212,0.561,0.0,0.07175698484522014,nan
dcf_conv,0.0,10,0,50,42,39,1.1147540983606556,0.487,0.0,0.11108320600967662,nan
dcf_conv,0.0,10,0,50,42,40,1.0441176470588236,0.461,0.0,0.10787599526376616,nan
dcf_conv,0.0,10,0,50,42,41,0.7945205479452054,0.41500000000000004,0.0,0.13404087334234394,nan
dcf_conv,0.0,10,0,50,42,42,1.0657894736842106,0.5359999999999999,0.0,0.08375653828978637,nan
dcf_conv,0.0,10,0,50,42,43,1.082191780821918,0.573,0.0,0.0826639077296972,nan
dcf_conv,0.0,10,0,50,42,44,0.8860759493670886,0.5069999999999999,0.0,0.09104358360937306,nan
dcf_conv,0.0,10,0,50,42,45,0.8518518518518519,0.524,0.0,0.09566579254079255,nan
dcf_conv,0.0,10,0,50,42,46,1.1285714285714286,0.59,0.0,0.06923924823886124,nan
dcf_conv,0.0,10,0,50,42,47,0.9230769230769231,0.5349999999999999,0.0,0.10483548314430668,nan
dcf_conv,0.0,10,0,50,42,48,1.0,0.45,0.0,0.12672767999973883,nan
dcf_conv,0.0,10,0,50,42,49,0.9154929577464789,0.449,0.0,0.10758258038830792,nan
oracle,0.0,10,0,50,123,0,0.9466666666666667,0.5000000000000002,0.0,0.27488816738816746,nan
oracle,0.0,10,0,50,123,1,1.180327868852459,0.49000000000000005,0.0,0.3099494949494949,nan
oracle,0.0,10,0,50,123,2,0.9714285714285714,0.481,0.0,0.32270382395382397,nan
oracle,0.0,10,0,50,123,3,1.2647058823529411,0.615,0.0,0.18441017316017314,nan
oracle,0.0,10,0,50,123,4,0.9466666666666667,0.528,0.0,0.2782215007215007,nan
oracle,0.0,10,0,50,123,5,1.15,0.506,0.0,0.24354797979797974,nan
oracle,0.0,10,0,50,123,6,1.0441176470588236,0.5020000000000002,0.0,0.2489953102453102,nan
oracle,0.0,10,0,50,123,7,1.359375,0.5770000000000002,0.0,0.206607350982351,nan
oracle,0.0,10,0,50,123,8,1.0895522388059702,0.48500000000000004,0.0,0.307305056055056,nan
oracle,0.0,10,0,50,123,9,1.1948051948051948,0.6340000000000001,0.0,0.1720669608169608,nan
oracle,0.0,10,0,50,123,10,0.9014084507042254,0.466,0.0,0.2865710678210678,nan
oracle,0.0,10,0,50,123,11,1.042857142857143,0.5149999999999999,0.0,0.25247141747141744,nan
oracle,0.0,10,0,50,123,12,0.9871794871794872,0.531,0.0,0.27461399711399714,nan
oracle,0.0,10,0,50,123,13,0.8214285714285714,0.479,0.0,0.24787157287157285,nan
oracle,0.0,10,0,50,123,14,1.0,0.516,0.0,0.2634504384504385,nan
oracle,0.0,10,0,50,123,15,0.8243243243243243,0.41400000000000003,0.0,0.3216370639164756,nan
oracle,0.0,10,0,50,123,16,0.868421052631579,0.509,0.0,0.27143759018759017,nan
oracle,0.0,10,0,50,123,17,0.8414634146341463,0.4779999999999999,0.0,0.30662878787878795,nan
oracle,0.0,10,0,50,123,18,0.9,0.461,0.0,0.3316701354201354,nan
oracle,0.0,10,0,50,123,19,1.027027027027027,0.5199999999999999,0.0,0.27638875013875014,nan
oracle,0.0,10,0,50,123,20,0.9397590361445783,0.526,0.0,0.2809199134199134,nan
oracle,0.0,10,0,50,123,21,0.9743589743589743,0.49400000000000005,0.0,0.27829004329004325,nan
oracle,0.0,10,0,50,123,22,1.0298507462686568,0.5050000000000001,0.0,0.23899642024642026,nan
oracle,0.0,10,0,50,123,23,1.4067796610169492,0.533,0.0,0.2316894216894217,nan
oracle,0.0,10,0,50,123,24,1.1323529411764706,0.526,0.0,0.23474539349539345,nan
oracle,0.0,10,0,50,123,25,1.0135135135135136,0.4910000000000001,0.0,0.29062465312465313,nan
oracle,0.0,10,0,50,123,26,1.0142857142857142,0.47300000000000003,0.0,0.2622352647352647,nan
oracle,0.0,10,0,50,123,27,1.135135135135135,0.586,0.0,0.21764430014430017,nan
oracle,0.0,10,0,50,123,28,1.0666666666666667,0.5250000000000001,0.0,0.26453629703629705,nan
oracle,0.0,10,0,50,123,29,1.0285714285714285,0.518,0.0,0.2643557831057831,nan
oracle,0.0,10,0,50,123,30,0.922077922077922,0.46100000000000013,0.0,0.30010031635031637,nan
oracle,0.0,10,0,50,123,31,1.1159420289855073,0.5559999999999999,0.0,0.25735479797979793,nan
oracle,0.0,10,0,50,123,32,1.1285714285714286,0.579,0.0,0.22867604617604614,nan
oracle,0.0,10,0,50,123,33,1.0153846153846153,0.45499999999999996,0.0,0.32261946386946383,nan
oracle,0.0,10,0,50,123,34,1.2280701754385965,0.546,0.0,0.27433913308913305,nan
oracle,0.0,10,0,50,123,35,1.04,0.506,0.0,0.25425019425019424,nan
oracle,0.0,10,0,50,123,36,0.7777777777777778,0.44600000000000006,0.0,0.29536491286491284,nan
oracle,0.0,10,0,50,123,37,0.8271604938271605,0.43,0.0,0.3067894605394605,nan
oracle,0.0,10,0,50,123,38,0.8701298701298701,0.46299999999999997,0.0,0.2906245143745144,nan
oracle,0.0,10,0,50,123,39,1.203125,0.5489999999999999,0.0,0.23330613830613833,nan
oracle,0.0,10,0,50,123,40,1.2380952380952381,0.5270000000000001,0.0,0.28502164502164506,nan
oracle,0.0,10,0,50,123,41,0.9855072463768116,0.48299999999999993,0.0,0.28988206238206243,nan
oracle,0.0,10,0,50,123,42,1.1666666666666667,0.5890000000000001,0.0,0.2137175324675325,nan
oracle,0.0,10,0,50,123,43,1.3384615384615384,0.6400000000000001,0.0,0.19476370851370853,nan
oracle,0.0,10,0,50,123,44,1.1014492753623188,0.545,0.0,0.2698593073593073,nan
oracle,0.0,10,0,50,123,45,1.3,0.5690000000000002,0.0,0.24888209013209006,nan
oracle,0.0,10,0,50,123,46,0.935064935064935,0.5109999999999999,0.0,0.2673489010989011,nan
oracle,0.0,10,0,50,123,47,0.8214285714285714,0.476,0.0,0.28791514041514044,nan
oracle,0.0,10,0,50,123,48,1.1428571428571428,0.5129999999999999,0.0,0.2784239371739371,nan
oracle,0.0,10,0,50,123,49,1.0547945205479452,0.5559999999999999,0.0,0.23211219336219338,nan
cold_genie,0.0,10,0,50,123,0,0.8933333333333333,0.4990000000000001,0.0,0.24604256854256853,0.10000000000000002
cold_genie,0.0,10,0,50,123,1,1.098360655737705,0.46500000000000014,0.0,0.2548477910977911,0.10000000000000002
cold_genie,0.0,10,0,50,123,2,1.0,0.481,0.0,0.2459181096681097,0.10000000000000002
cold_genie,0.0,10,0,50,123,3,0.8823529411764706,0.4499999999999999,0.0,0.27540764790764793,0.10000000000000002
cold_genie,0.0,10,0,50,123,4,0.8533333333333334,0.44299999999999995,0.0,0.2523124098124098,0.10000000000000002
cold_genie,0.0,10,0,50,123,5,1.1166666666666667,0.49400000000000005,0.0,0.24453754578754577,0.10000000000000002
cold_genie,0.0,10,0,50,123,6,0.9411764705882353,0.46500000000000014,0.0,0.2486435786435786,0.10000000000000002
cold_genie,0.0,10,0,50,123,7,1.0625,0.43100000000000005,0.0,0.2714278776778777,0.10000000000000002
cold_genie,0.0,10,0,50,123,8,1.0298507462686568,0.48600000000000004,0.0,0.23734654234654234,0.10000000000000002
cold_genie,0.0,10,0,50,123,9,0.8831168831168831,0.43800000000000006,0.0,0.2463476800976801,0.10000000000000002
cold_genie,0.0,10,0,50,123,10,0.7746478873239436,0.383,0.0,0.29493367743367743,0.10000000000000002
cold_genie,0.0,10,0,50,123,11,1.0,0.49799999999999994,0.0,0.2175811688311688,0.10000000000000002
cold_genie,0.0,10,0,50,123,12,0.8846153846153846,0.488,0.0,0.2226633089133089,0.10000000000000002
cold_genie,0.0,10,0,50,123,13,0.8214285714285714,0.48600000000000004,0.0,0.2564711677211677,0.10000000000000002
cold_genie,0.0,10,0,50,123,14,0.8571428571428571,0.44800000000000006,0.0,0.25836940836940836,0.10000000000000002
cold_genie,0.0,10,0,50,123,15,0.8108108108108109,0.4429999999999999,0.0,0.2680500055500056,0.10000000000000002
cold_genie,0.0,10,0,50,123,16,0.9605263157894737,0.5559999999999998,0.0,0.20641511266511267,0.10000000000000002
cold_genie,0.0,10,0,50,123,17,0.6951219512195121,0.382,0.0,0.31306457431457424,0.10000000000000002
cold_genie,0.0,10,0,50,123,18,0.8428571428571429,0.433,0.0,0.2754989454989455,0.10000000000000002
cold_genie,0.0,10,0,50,123,19,0.972972972972973,0.5149999999999999,0.0,0.2515190365190365,0.10000000000000002
cold_genie,0.0,10,0,50,123,20,0.9036144578313253,0.532,0.0,0.23283549783549784,0.10000000000000002
cold_genie,0.0,10,0,50,123,21,0.8461538461538461,0.4670000000000001,0.0,0.24368145743145736,0.10000000000000002
cold_genie,0.0,10,0,50,123,22,1.0149253731343284,0.477,0.0,0.25548701298701304,0.10000000000000002
cold_genie,0.0,10,0,50,123,23,1.2881355932203389,0.5549999999999999,0.0,0.2002507215007215,0.10000000000000002
cold_genie,0.0,10,0,50,123,24,1.088235294117647,0.518,0.0,0.2338961038961039,0.10000000000000002
cold_genie,0.0,10,0,50,123,25,0.8513513513513513,0.4170000000000001,0.0,0.2729097291597291,0.10000000000000002
cold_genie,0.0,10,0,50,123,26,0.9857142857142858,0.5150000000000001,0.0,0.2317007992007992,0.10000000000000002
cold_genie,0.0,10,0,50,123,27,0.9864864864864865,0.503,0.0,0.22154401154401154,0.10000000000000002
cold_genie,0.0,10,0,50,123,28,0.9333333333333333,0.5000000000000001,0.0,0.2551875901875902,0.10000000000000002
cold_genie,0.0,10,0,50,123,29,0.8714285714285714,0.46900000000000003,0.0,0.2851923076923077,0.10000000000000002
cold_genie,0.0,10,0,50,123,30,0.9090909090909091,0.526,0.0,0.22356213231213232,0.10000000000000002
cold_genie,0.0,10,0,50,123,31,1.0289855072463767,0.485,0.0,0.23904151404151402,0.10000000000000002
cold_genie,0.0,10,0,50,123,32,0.8285714285714286,0.399,0.0,0.26623543123543125,0.10000000000000002
cold_genie,0.0,10,0,50,123,33,1.0,0.48299999999999993,0.0,0.2466522366522367,0.10000000000000002
cold_genie,0.0,10,0,50,123,34,1.3508771929824561,0.554,0.0,0.1921746309246309,0.10000000000000002
cold_genie,0.0,10,0,50,123,35,1.04,0.577,0.0,0.19756493506493505,0.10000000000000002
cold_genie,0.0,10,0,50,123,36,0.8148148148148148,0.44499999999999995,0.0,0.2533044733044733,0.10000000000000002
cold_genie,0.0,10,0,50,123,37,0.8148148148148148,0.429,0.0,0.2386229864906336,0.10000000000000002
cold_genie,0.0,10,0,50,123,38,0.8961038961038961,0.457,0.0,0.2584100621600622,0.10000000000000002
cold_genie,0.0,10,0,50,123,39,0.953125,0.46900000000000014,0.0,0.2917110667110666,0.10000000000000002
cold_genie,0.0,10,0,50,123,40,1.0634920634920635,0.47800000000000004,0.0,0.24836691086691087,0.10000000000000002
cold_genie,0.0,10,0,50,123,41,0.8840579710144928,0.45999999999999996,0.0,0.26274267399267404,0.10000000000000002
cold_genie,0.0,10,0,50,123,42,0.9444444444444444,0.46299999999999997,0.0,0.2447510822510822,0.10000000000000002
cold_genie,0.0,10,0,50,123,43,0.8615384615384616,0.403,0.0,0.31698523698523706,0.10000000000000002
cold_genie,0.0,10,0,50,123,44,0.9565217391304348,0.4880000000000001,0.0,0.23558621933621934,0.10000000000000002
cold_genie,0.0,10,0,50,123,45,1.2333333333333334,0.522,0.0,0.2413131313131313,0.10000000000000002
cold_genie,0.0,10,0,50,123,46,0.8571428571428571,0.497,0.0,0.22223831723831725,0.10000000000000002
cold_genie,0.0,10,0,50,123,47,0.8809523809523809,0.4999999999999999,0.0,0.2600775613275613,0.10000000000000002
cold_genie,0.0,10,0,50,123,48,0.9523809523809523,0.4720000000000001,0.0,0.2709036796536797,0.10000000000000002
cold_genie,0.0,10,0,50,123,49,1.0273972602739727,0.5680000000000001,0.0,0.20166666666666666,0.10000000000000002
cold_nv,0.0,10,0,50,123,0,0.8933333333333333,0.46500000000000014,0.0,0.24413225663225663,0.10000000000000002
cold_nv,0.0,10,0,50,123,1,1.1639344262295082,0.47800000000000004,0.0,0.23963203463203459,0.10000000000000002
cold_nv,0.0,10,0,50,123,2,1.042857142857143,0.514,0.0,0.21723526473526472,0.10000000000000002
cold_nv,0.0,10,0,50,123,3,1.0441176470588236,0.519,0.0,0.22679653679653677,0.10000000000000002
cold_nv,0.0,10,0,50,123,4,0.9066666666666666,0.46900000000000003,0.0,0.28336691086691085,0.10000000000000002
cold_nv,0.0,10,0,50,123,5,1.1333333333333333,0.511,0.0,0.20021103896103898,0.10000000000000002
cold_nv,0.0,10,0,50,123,6,0.75,0.342,0.0,0.2974179986679986,0.10000000000000002
cold_nv,0.0,10,0,50,123,7,1.21875,0.5170000000000001,0.0,0.2212581862581863,0.10000000000000002
cold_nv,0.0,10,0,50,123,8,1.0149253731343284,0.471,0.0,0.24952672327672323,0.10000000000000002
cold_nv,0.0,10,0,50,123,9,0.922077922077922,0.477,0.0,0.22844967532467528,0.10000000000000002
cold_nv,0.0,10,0,50,123,10,0.9154929577464789,0.45499999999999996,0.0,0.27715187590187595,0.10000000000000002
cold_nv,0.0,10,0,50,123,11,1.1,0.547,0.0,0.18454573204573207,0.10000000000000002
cold_nv,0.0,10,0,50,123,12,0.9358974358974359,0.4790000000000001,0.0,0.2546114996114996,0.10000000000000002
cold_nv,0.0,10,0,50,123,13,0.8214285714285714,0.47800000000000004,0.0,0.24043109668109666,0.10000000000000002
cold_nv,0.0,10,0,50,123,14,0.8441558441558441,0.413,0.0,0.25942127317127317,0.10000000000000002
cold_nv,0.0,10,0,50,123,15,1.0810810810810811,0.5419999999999999,0.0,0.1863943001443001,0.10000000000000002
cold_nv,0.0,10,0,50,123,16,0.9868421052631579,0.5129999999999999,0.0,0.2397449772449772,0.10000000000000002
cold_nv,0.0,10,0,50,123,17,0.7073170731707317,0.42399999999999993,0.0,0.27878468753468744,0.10000000000000002
cold_nv,0.0,10,0,50,123,18,1.0142857142857142,0.473,0.0,0.23144466644466646,0.10000000000000002
cold_nv,0.0,10,0,50,123,19,1.0,0.46900000000000003,0.0,0.25659965034965027,0.10000000000000002
cold_nv,0.0,10,0,50,123,20,0.7590361445783133,0.47000000000000003,0.0,0.23719558219558215,0.10000000000000002
cold_nv,0.0,10,0,50,123,21,0.9615384615384616,0.4800000000000001,0.0,0.21150058275058278,0.10000000000000002
cold_nv,0.0,10,0,50,123,22,0.8208955223880597,0.41500000000000004,0.0,0.2608352758352758,0.10000000000000002
cold_nv,0.0,10,0,50,123,23,1.11864406779661,0.44799999999999995,0.0,0.25216436341436343,0.10000000000000002
cold_nv,0.0,10,0,50,123,24,1.0588235294117647,0.477,0.0,0.2373791486291486,0.10000000000000002
cold_nv,0.0,10,0,50,123,25,0.8108108108108109,0.40700000000000003,0.0,0.2741468253968254,0.10000000000000002
cold_nv,0.0,10,0,50,123,26,0.9857142857142858,0.47700000000000015,0.0,0.25379689754689755,0.10000000000000002
cold_nv,0.0,10,0,50,123,27,1.0,0.524,0.0,0.24290681540681547,0.10000000000000002
cold_nv,0.0,10,0,50,123,28,0.8533333333333334,0.41600000000000004,0.0,0.28079406704406706,0.10000000000000002
cold_nv,0.0,10,0,50,123,29,1.0,0.5210000000000001,0.0,0.21410339660339664,0.10000000000000002
cold_nv,0.0,10,0,50,123,30,0.8571428571428571,0.4210000000000001,0.0,0.2819209956709956,0.10000000000000002
cold_nv,0.0,10,0,50,123,31,1.0289855072463767,0.5110000000000001,0.0,0.20469988344988344,0.10000000000000002
cold_nv,0.0,10,0,50,123,32,1.0857142857142856,0.5189999999999999,0.0,0.20683441558441557,0.10000000000000002
cold_nv,0.0,10,0,50,123,33,1.1076923076923078,0.5,0.0,0.21120532245532248,0.10000000000000002
cold_nv,0.0,10,0,50,123,34,1.2982456140350878,0.5690000000000001,0.0,0.1956311743811744,0.10000000000000002
cold_nv,0.0,10,0,50,123,35,0.8666666666666667,0.44800000000000006,0.0,0.2672246503496503,0.10000000000000002
cold_nv,0.0,10,0,50,123,36,0.8395061728395061,0.499,0.0,0.2557106782106782,0.10000000000000002
cold_nv,0.0,10,0,50,123,37,1.0123456790123457,0.559,0.0,0.19335858585858584,0.10000000000000002
cold_nv,0.0,10,0,50,123,38,0.8311688311688312,0.426,0.0,0.2649253524253524,0.10000000000000002
cold_nv,0.0,10,0,50,123,39,1.09375,0.5390000000000001,0.0,0.19548701298701304,0.10000000000000002
cold_nv,0.0,10,0,50,123,40,1.126984126984127,0.5149999999999999,0.0,0.24443709068709069,0.10000000000000002
cold_nv,0.0,10,0,50,123,41,0.9130434782608695,0.4700000000000001,0.0,0.26388999888999887,0.10000000000000002
cold_nv,0.0,10,0,50,123,42,1.0555555555555556,0.502,0.0,0.24272907647907652,0.10000000000000002
cold_nv,0.0,10,0,50,123,43,1.123076923076923,0.565,0.0,0.23384559884559883,0.10000000000000002
cold_nv,0.0,10,0,50,123,44,0.9130434782608695,0.41500000000000004,0.0,0.2642705905205905,0.10000000000000002
cold_nv,0.0,10,0,50,123,45,1.2666666666666666,0.5480000000000002,0.0,0.19589362026862028,0.10000000000000002
cold_nv,0.0,10,0,50,123,46,0.9090909090909091,0.4919999999999999,0.0,0.23597333222333225,0.10000000000000002
cold_nv,0.0,10,0,50,123,47,0.8928571428571429,0.514,0.0,0.2345050782550783,0.10000000000000002
cold_nv,0.0,10,0,50,123,48,1.0793650793650793,0.5210000000000001,0.0,0.19982059607059607,0.10000000000000002
cold_nv,0.0,10,0,50,123,49,0.9315068493150684,0.5040000000000001,0.0,0.21479797979797977,0.10000000000000002
cold_high,0.0,10,0,50,123,0,0.17333333333333334,0.06200000000000001,0.0,0.8342857142857145,0.5
cold_high,0.0,10,0,50,123,1,0.09836065573770492,0.038,0.0,0.8890476190476189,0.5
cold_high,0.0,10,0,50,123,2,0.12857142857142856,0.041,0.0,0.8948809523809524,0.5
cold_high,0.0,10,0,50,123,3,0.22058823529411764,0.06899999999999999,0.0,0.8380952380952383,0.5
cold_high,0.0,10,0,50,123,4,0.13333333333333333,0.05399999999999999,0.0,0.8410714285714287,0.5
cold_high,0.0,10,0,50,123,5,0.13333333333333333,0.046,0.0,0.8935714285714287,0.5
cold_high,0.0,10,0,50,123,6,0.16176470588235295,0.07100000000000002,0.0,0.8715674603174606,0.5
cold_high,0.0,10,0,50,123,7,0.21875,0.06400000000000002,0.0,0.8401190476190477,0.5
cold_high,0.0,10,0,50,123,8,0.1044776119402985,0.032,0.0,0.9164285714285715,0.5
cold_high,0.0,10,0,50,123,9,0.15584415584415584,0.05500000000000001,0.0,0.8385714285714286,0.5
cold_high,0.0,10,0,50,123,10,0.2112676056338028,0.07000000000000002,0.0,0.850654761904762,0.5
cold_high,0.0,10,0,50,123,11,0.15714285714285714,0.051000000000000004,0.0,0.8588095238095237,0.5
cold_high,0.0,10,0,50,123,12,0.20512820512820512,0.084,0.0,0.7919642857142857,0.5
cold_high,0.0,10,0,50,123,13,0.13095238095238096,0.06100000000000001,0.0,0.8571428571428571,0.5
cold_high,0.0,10,0,50,123,14,0.11688311688311688,0.03899999999999999,0.0,0.8983333333333334,0.5
cold_high,0.0,10,0,50,123,15,0.13513513513513514,0.04700000000000001,0.0,0.8400000000000001,0.5
cold_high,0.0,10,0,50,123,16,0.11842105263157894,0.046,0.0,0.8675,0.5
cold_high,0.0,10,0,50,123,17,0.12195121951219512,0.06,0.0,0.8316666666666668,0.5
cold_high,0.0,10,0,50,123,18,0.12857142857142856,0.042,0.0,0.8666666666666668,0.5
cold_high,0.0,10,0,50,123,19,0.10810810810810811,0.039999999999999994,0.0,0.8985714285714286,0.5
cold_high,0.0,10,0,50,123,20,0.08433734939759036,0.049999999999999996,0.0,0.8510714285714285,0.5
cold_high,0.0,10,0,50,123,21,0.14102564102564102,0.044,0.0,0.8430158730158732,0.5
cold_high,0.0,10,0,50,123,22,0.11940298507462686,0.048,0.0,0.8835714285714286,0.5
cold_high,0.0,10,0,50,123,23,0.2033898305084746,0.05600000000000001,0.0,0.8394047619047621,0.5
cold_high,0.0,10,0,50,123,24,0.17647058823529413,0.064,0.0,0.8359523809523809,0.5
cold_high,0.0,10,0,50,123,25,0.12162162162162163,0.047,0.0,0.8716666666666667,0.5
cold_high,0.0,10,0,50,123,26,0.15714285714285714,0.05499999999999999,0.0,0.840952380952381,0.5
cold_high,0.0,10,0,50,123,27,0.10810810810810811,0.05500000000000001,0.0,0.8695238095238095,0.5
cold_high,0.0,10,0,50,123,28,0.16,0.05600000000000001,0.0,0.855952380952381,0.5
cold_high,0.0,10,0,50,123,29,0.11428571428571428,0.053000000000000005,0.0,0.883214285714286,0.5
cold_high,0.0,10,0,50,123,30,0.11688311688311688,0.044000000000000004,0.0,0.8874404761904764,0.5
cold_high,0.0,10,0,50,123,31,0.13043478260869565,0.037,0.0,0.8745833333333334,0.5
cold_high,0.0,10,0,50,123,32,0.1,0.041,0.0,0.8716666666666667,0.5
cold_high,0.0,10,0,50,123,33,0.15384615384615385,0.06300000000000001,0.0,0.8652380952380954,0.5
cold_high,0.0,10,0,50,123,34,0.12280701754385964,0.037,0.0,0.896190476190476,0.5
cold_high,0.0,10,0,50,123,35,0.09333333333333334,0.037,0.0,0.8741666666666668,0.5
cold_high,0.0,10,0,50,123,36,0.1111111111111111,0.040999999999999995,0.0,0.8995238095238095,0.5
cold_high,0.0,10,0,50,123,37,0.1111111111111111,0.05,0.0,0.8732539682539684,0.5
cold_high,0.0,10,0,50,123,38,0.11688311688311688,0.05399999999999999,0.0,0.8749404761904763,0.5
cold_high,0.0,10,0,50,123,39,0.171875,0.05600000000000001,0.0,0.8564880952380955,0.5
cold_high,0.0,10,0,50,123,40,0.12698412698412698,0.048,0.0,0.8998214285714287,0.5
cold_high,0.0,10,0,50,123,41,0.08695652173913043,0.022000000000000002,0.0,0.8491666666666667,0.5
cold_high,0.0,10,0,50,123,42,0.09722222222222222,0.043,0.0,0.9108333333333334,0.5
cold_high,0.0,10,0,50,123,43,0.1076923076923077,0.033,0.0,0.891904761904762,0.5
cold_high,0.0,10,0,50,123,44,0.2028985507246377,0.06900000000000002,0.0,0.8557142857142856,0.5
cold_high,0.0,10,0,50,123,45,0.16666666666666666,0.043,0.0,0.8833333333333334,0.5
cold_high,0.0,10,0,50,123,46,0.07792207792207792,0.027000000000000003,0.0,0.9152380952380954,0.5
cold_high,0.0,10,0,50,123,47,0.16666666666666666,0.069,0.0,0.8283333333333334,0.5
cold_high,0.0,10,0,50,123,48,0.1111111111111111,0.039,0.0,0.8736309523809526,0.5
cold_high,0.0,10,0,50,123,49,0.1232876712328767,0.05800000000000001,0.0,0.8392857142857142,0.5
warm_nv,0.0,10,0,50,123,0,0.9066666666666666,0.472,0.0,0.2156832056832057,0.10000000000000002
warm_nv,0.0,10,0,50,123,1,0.8032786885245902,0.352,0.0,0.4035094072594073,0.1509549911822222
warm_nv,0.0,10,0,50,123,2,0.7857142857142857,0.371,0.0,0.38635461760461765,0.16015131306666666
warm_nv,0.0,10,0,50,123,3,0.8382352941176471,0.41600000000000004,0.0,0.3393070818070818,0.1716066517333333
warm_nv,0.0,10,0,50,123,4,0.5866666666666667,0.299,0.0,0.44332251082251073,0.1657741209481481
warm_nv,0.0,10,0,50,123,5,0.9833333333333333,0.433,0.0,0.3710279997779998,0.1713475539555555
warm_nv,0.0,10,0,50,123,6,0.7941176470588235,0.388,0.0,0.36682359307359313,0.1567948707022222
warm_nv,0.0,10,0,50,123,7,0.796875,0.354,0.0,0.4009361471861472,0.16276106240000002
warm_nv,0.0,10,0,50,123,8,0.6268656716417911,0.288,0.0,0.4399585137085137,0.15075461066666668
warm_nv,0.0,10,0,50,123,9,0.7532467532467533,0.38900000000000007,0.0,0.3218222055722056,0.14020834876543206
warm_nv,0.0,10,0,50,123,10,0.7183098591549296,0.36400000000000005,0.0,0.42191017316017315,0.16594404835555557
warm_nv,0.0,10,0,50,123,11,0.9285714285714286,0.446,0.0,0.3006461593961594,0.15011809069629628
warm_nv,0.0,10,0,50,123,12,0.7948717948717948,0.39799999999999996,0.0,0.3539953102453103,0.16121618531555554
warm_nv,0.0,10,0,50,123,13,0.6666666666666666,0.40800000000000003,0.0,0.347063492063492,0.1682029266567901
warm_nv,0.0,10,0,50,123,14,0.5714285714285714,0.2899999999999999,0.0,0.4386813186813187,0.17814803306666666
warm_nv,0.0,10,0,50,123,15,0.7702702702702703,0.4149999999999999,0.0,0.4001785714285714,0.16836056426666668
warm_nv,0.0,10,0,50,123,16,0.6710526315789473,0.33199999999999996,0.0,0.40326048951048954,0.158868009926749
warm_nv,0.0,10,0,50,123,17,0.7317073170731707,0.426,0.0,0.3309126984126984,0.15367605781333332
warm_nv,0.0,10,0,50,123,18,0.8714285714285714,0.453,0.0,0.3239520202020202,0.15774600320000004
warm_nv,0.0,10,0,50,123,19,0.9054054054054054,0.47300000000000003,0.0,0.33347152847152844,0.17479158456296298
warm_nv,0.0,10,0,50,123,20,0.6144578313253012,0.344,0.0,0.40898809523809526,0.1641244
warm_nv,0.0,10,0,50,123,21,0.782051282051282,0.42200000000000004,0.0,0.3196602009102009,0.14737647999999998
warm_nv,0.0,10,0,50,123,22,1.0149253731343284,0.492,0.0,0.3243421855921856,0.15275959377777779
warm_nv,0.0,10,0,50,123,23,0.9152542372881356,0.34,0.0,0.43777278277278275,0.1588128416592593
warm_nv,0.0,10,0,50,123,24,1.0,0.4669999999999999,0.0,0.31005952380952384,0.15141139128888886
warm_nv,0.0,10,0,50,123,25,0.8918918918918919,0.469,0.0,0.33579725829725826,0.15736679998933337
warm_nv,0.0,10,0,50,123,26,0.8571428571428571,0.4210000000000001,0.0,0.3655680430680431,0.155854848
warm_nv,0.0,10,0,50,123,27,0.7027027027027027,0.35300000000000004,0.0,0.3734577922077923,0.1586698858666667
warm_nv,0.0,10,0,50,123,28,0.76,0.386,0.0,0.3774367299367299,0.15053367644444446
warm_nv,0.0,10,0,50,123,29,0.7142857142857143,0.347,0.0,0.37071109446109446,0.1573689352888889
warm_nv,0.0,10,0,50,123,30,0.6363636363636364,0.3520000000000001,0.0,0.37600108225108225,0.15352441795555558
warm_nv,0.0,10,0,50,123,31,0.855072463768116,0.43200000000000005,0.0,0.3729852092352092,0.15812525440000003
warm_nv,0.0,10,0,50,123,32,0.8285714285714286,0.3989999999999999,0.0,0.3333638583638584,0.14883909869629633
warm_nv,0.0,10,0,50,123,33,0.8615384615384616,0.4010000000000001,0.0,0.3739393939393939,0.1511931299555556
warm_nv,0.0,10,0,50,123,34,0.9649122807017544,0.425,0.0,0.3706204906204906,0.1645318019851852
warm_nv,0.0,10,0,50,123,35,0.88,0.45699999999999996,0.0,0.3198340548340548,0.1623156864
warm_nv,0.0,10,0,50,123,36,0.7530864197530864,0.41400000000000003,0.0,0.334476911976912,0.1578297536
warm_nv,0.0,10,0,50,123,37,0.6666666666666666,0.329,0.0,0.4103155178155178,0.16911509183407408
warm_nv,0.0,10,0,50,123,38,0.8701298701298701,0.4490000000000001,0.0,0.29712953712953716,0.1503038195283951
warm_nv,0.0,10,0,50,123,39,0.75,0.34800000000000003,0.0,0.3970887445887446,0.16335901472908643
warm_nv,0.0,10,0,50,123,40,0.7619047619047619,0.32799999999999996,0.0,0.4702795815295815,0.17026860814320988
warm_nv,0.0,10,0,50,123,41,0.9855072463768116,0.493,0.0,0.30350649350649356,0.15458725724444447
warm_nv,0.0,10,0,50,123,42,0.625,0.31300000000000006,0.0,0.4615245865245866,0.1690883370311111
warm_nv,0.0,10,0,50,123,43,0.6615384615384615,0.29800000000000004,0.0,0.44423340548340545,0.15891184213333334
warm_nv,0.0,10,0,50,123,44,0.6521739130434783,0.291,0.0,0.4088636363636364,0.15842350151111115
warm_nv,0.0,10,0,50,123,45,1.1,0.487,0.0,0.3098484848484849,0.16221168217599996
warm_nv,0.0,10,0,50,123,46,0.7662337662337663,0.4069999999999999,0.0,0.35636904761904764,0.16633125013333333
warm_nv,0.0,10,0,50,123,47,0.6428571428571429,0.358,0.0,0.40106060606060606,0.16921018244266664
warm_nv,0.0,10,0,50,123,48,0.9206349206349206,0.417,0.0,0.3429770229770229,0.15593550400000003
warm_nv,0.0,10,0,50,123,49,0.7534246575342466,0.358,0.0,0.3561645299145299,0.16515464017777776
warm_high,0.0,10,0,50,123,0,0.14666666666666667,0.05199999999999999,0.0,0.8276190476190477,0.5
warm_high,0.0,10,0,50,123,1,0.32786885245901637,0.12100000000000002,0.0,0.7645238095238095,0.35072029320987647
warm_high,0.0,10,0,50,123,2,0.6142857142857143,0.30599999999999994,0.0,0.5498611111111111,0.24831178083760425
warm_high,0.0,10,0,50,123,3,0.7058823529411765,0.306,0.0,0.4567460317460316,0.22095845598041466
warm_high,0.0,10,0,50,123,4,0.5333333333333333,0.265,0.0,0.46963827838827843,0.19719670586301566
warm_high,0.0,10,0,50,123,5,0.8,0.37,0.0,0.45357142857142857,0.18175153990224222
warm_high,0.0,10,0,50,123,6,0.6029411764705882,0.29900000000000004,0.0,0.5211904761904762,0.18200161268673584
warm_high,0.0,10,0,50,123,7,0.84375,0.36500000000000005,0.0,0.3709996947496947,0.16157449490163453
warm_high,0.0,10,0,50,123,8,0.9253731343283582,0.43299999999999994,0.0,0.3668344155844156,0.15982700084258683
warm_high,0.0,10,0,50,123,9,0.6623376623376623,0.344,0.0,0.4013819513819513,0.1667968468851082
warm_high,0.0,10,0,50,123,10,0.7605633802816901,0.37600000000000006,0.0,0.4001388888888888,0.161567813962636
warm_high,0.0,10,0,50,123,11,0.8285714285714286,0.3989999999999999,0.0,0.3669751082251082,0.1358984980297084
warm_high,0.0,10,0,50,123,12,0.6666666666666666,0.381,0.0,0.3819173881673881,0.14885244409243195
warm_high,0.0,10,0,50,123,13,0.7619047619047619,0.43000000000000005,0.0,0.339484126984127,0.1644805002221408
warm_high,0.0,10,0,50,123,14,0.6623376623376623,0.348,0.0,0.41839035964035964,0.17081067149012374
warm_high,0.0,10,0,50,123,15,0.4864864864864865,0.23900000000000005,0.0,0.5196626984126984,0.17309011916292955
warm_high,0.0,10,0,50,123,16,0.6710526315789473,0.367,0.0,0.4216269841269841,0.14614871642935828
warm_high,0.0,10,0,50,123,17,0.7560975609756098,0.43999999999999995,0.0,0.362792069042069,0.14753495435154068
warm_high,0.0,10,0,50,123,18,0.7857142857142857,0.45100000000000007,0.0,0.33227633477633484,0.1446249346080692
warm_high,0.0,10,0,50,123,19,0.7567567567567568,0.356,0.0,0.365590243090243,0.14369122423363884
warm_high,0.0,10,0,50,123,20,0.6987951807228916,0.38700000000000007,0.0,0.36644119769119765,0.15424569090907952
warm_high,0.0,10,0,50,123,21,0.7051282051282052,0.376,0.0,0.38896450771450763,0.15097221633738955
warm_high,0.0,10,0,50,123,22,0.7164179104477612,0.33299999999999996,0.0,0.41260392385392386,0.1555118800931873
warm_high,0.0,10,0,50,123,23,0.8135593220338984,0.33099999999999996,0.0,0.4022979797979798,0.15356545850802056
warm_high,0.0,10,0,50,123,24,0.7352941176470589,0.325,0.0,0.37798520923520923,0.16410576402621804
warm_high,0.0,10,0,50,123,25,0.5945945945945946,0.28700000000000003,0.0,0.45466810966810967,0.1623192144519957
warm_high,0.0,10,0,50,123,26,0.9428571428571428,0.461,0.0,0.3182875457875458,0.15622183962815847
warm_high,0.0,10,0,50,123,27,0.6891891891891891,0.39,0.0,0.429491341991342,0.17275486918504662
warm_high,0.0,10,0,50,123,28,0.8,0.40300000000000014,0.0,0.34304834054834055,0.1498618789784226
warm_high,0.0,10,0,50,123,29,0.7,0.362,0.0,0.3795021645021645,0.16081993096437922
warm_high,0.0,10,0,50,123,30,0.7922077922077922,0.42299999999999993,0.0,0.3819751082251083,0.1686308948245711
warm_high,0.0,10,0,50,123,31,0.8695652173913043,0.3920000000000001,0.0,0.36885392385392385,0.1808331507932634
warm_high,0.0,10,0,50,123,32,0.6285714285714286,0.318,0.0,0.45823412698412697,0.17467574488256052
warm_high,0.0,10,0,50,123,33,0.7230769230769231,0.33599999999999997,0.0,0.4109920634920635,0.15009588522543038
warm_high,0.0,10,0,50,123,34,0.8596491228070176,0.351,0.0,0.3986742424242424,0.15225373241662668
warm_high,0.0,10,0,50,123,35,0.8133333333333334,0.414,0.0,0.3833207070707071,0.16759691591874443
warm_high,0.0,10,0,50,123,36,0.691358024691358,0.397,0.0,0.4456883394383394,0.16859292044530821
warm_high,0.0,10,0,50,123,37,0.6790123456790124,0.36499999999999994,0.0,0.3649260461760462,0.16123096603215
warm_high,0.0,10,0,50,123,38,0.7402597402597403,0.39499999999999996,0.0,0.3830681818181817,0.1624414780256652
warm_high,0.0,10,0,50,123,39,0.6875,0.358,0.0,0.4489484126984126,0.16308322602081243
warm_high,0.0,10,0,50,123,40,0.8095238095238095,0.36300000000000004,0.0,0.36264249639249635,0.15143194862673504
warm_high,0.0,10,0,50,123,41,0.7246376811594203,0.36100000000000004,0.0,0.41838911088911085,0.169170909699995
warm_high,0.0,10,0,50,123,42,0.7916666666666666,0.35700000000000004,0.0,0.3899044011544012,0.15165016391537833
warm_high,0.0,10,0,50,123,43,0.7538461538461538,0.35,0.0,0.42069499944499944,0.17730587911872117
warm_high,0.0,10,0,50,123,44,0.5072463768115942,0.264,0.0,0.5093921356421357,0.18485357241983805
warm_high,0.0,10,0,50,123,45,0.8333333333333334,0.348,0.0,0.3906890331890332,0.16763133102711847
warm_high,0.0,10,0,50,123,46,0.5844155844155844,0.321,0.0,0.4281818181818182,0.1945930480525087
warm_high,0.0,10,0,50,123,47,0.7380952380952381,0.42400000000000004,0.0,0.38257215007215,0.1889651580513378
warm_high,0.0,10,0,50,123,48,0.9047619047619048,0.388,0.0,0.3575624375624376,0.16862586508033856
warm_high,0.0,10,0,50,123,49,0.684931506849315,0.3500000000000001,0.0,0.4292514430014429,0.1574821895743278
dcf_conv,0.0,10,0,50,123,0,1.04,0.575,0.0,0.09257073185672257,nan
dcf_conv,0.0,10,0,50,123,1,1.2131147540983607,0.54,0.0,0.10086359611320912,nan
dcf_conv,0.0,10,0,50,123,2,1.1,0.5530000000000002,0.0,0.07999471718511966,nan
dcf_conv,0.0,10,0,50,123,3,1.1176470588235294,0.6080000000000001,0.0,0.07115296468237645,nan
dcf_conv,0.0,10,0,50,123,4,0.8933333333333333,0.49000000000000005,0.0,0.11056205125284073,nan
dcf_conv,0.0,10,0,50,123,5,1.1333333333333333,0.528,0.0,0.09273625475831357,nan
dcf_conv,0.0,10,0,50,123,6,0.9705882352941176,0.4820000000000001,0.0,0.11771579354859407,nan
dcf_conv,0.0,10,0,50,123,7,1.25,0.526,0.0,0.07429245676923693,nan
dcf_conv,0.0,10,0,50,123,8,0.8507462686567164,0.441,0.0,0.12967229751672477,nan
dcf_conv,0.0,10,0,50,123,9,0.8961038961038961,0.49499999999999994,0.0,0.10375978596566833,nan
dcf_conv,0.0,10,0,50,123,10,1.028169014084507,0.5020000000000001,0.0,0.09247890181713711,nan
dcf_conv,0.0,10,0,50,123,11,1.0,0.465,0.0,0.11758092183014782,nan
dcf_conv,0.0,10,0,50,123,12,0.782051282051282,0.454,0.0,0.13304711220152396,nan
dcf_conv,0.0,10,0,50,123,13,0.8333333333333334,0.5050000000000001,0.0,0.10176118085560808,nan
dcf_conv,0.0,10,0,50,123,14,0.974025974025974,0.548,0.0,0.08354645547950502,nan
dcf_conv,0.0,10,0,50,123,15,0.9054054054054054,0.481,0.0,0.11473323438687215,nan
dcf_conv,0.0,10,0,50,123,16,0.9868421052631579,0.5589999999999999,0.0,0.07600275434060264,nan
dcf_conv,0.0,10,0,50,123,17,0.8536585365853658,0.5050000000000001,0.0,0.09011235904618256,nan
dcf_conv,0.0,10,0,50,123,18,1.1285714285714286,0.593,0.0,0.07169773853597382,nan
dcf_conv,0.0,10,0,50,123,19,0.9594594594594594,0.425,0.0,0.10936522821004244,nan
dcf_conv,0.0,10,0,50,123,20,0.8554216867469879,0.5100000000000001,0.0,0.09232514110416587,nan
dcf_conv,0.0,10,0,50,123,21,0.8846153846153846,0.4640000000000001,0.0,0.11879935832141716,nan
dcf_conv,0.0,10,0,50,123,22,0.9552238805970149,0.48699999999999993,0.0,0.10596699052581407,nan
dcf_conv,0.0,10,0,50,123,23,1.2033898305084745,0.48900000000000005,0.0,0.10701088127558718,nan
dcf_conv,0.0,10,0,50,123,24,1.0735294117647058,0.522,0.0,0.09525896897220425,nan
dcf_conv,0.0,10,0,50,123,25,1.0135135135135136,0.5479999999999999,0.0,0.09289737223560753,nan
dcf_conv,0.0,10,0,50,123,26,1.0142857142857142,0.4720000000000001,0.0,0.10870552134484021,nan
dcf_conv,0.0,10,0,50,123,27,0.972972972972973,0.513,0.0,0.10252078395460748,nan
dcf_conv,0.0,10,0,50,123,28,1.0133333333333334,0.47700000000000004,0.0,0.09641039795258062,nan
dcf_conv,0.0,10,0,50,123,29,0.9571428571428572,0.48999999999999994,0.0,0.11221178224080704,nan
dcf_conv,0.0,10,0,50,123,30,0.7272727272727273,0.4400000000000001,0.0,0.13313267614738203,nan
dcf_conv,0.0,10,0,50,123,31,1.1159420289855073,0.5820000000000001,0.0,0.08127790102054808,nan
dcf_conv,0.0,10,0,50,123,32,1.1285714285714286,0.541,0.0,0.0886787150757739,nan
dcf_conv,0.0,10,0,50,123,33,1.1538461538461537,0.5469999999999999,0.0,0.08930816624895573,nan
dcf_conv,0.0,10,0,50,123,34,1.263157894736842,0.5490000000000002,0.0,0.08730222391987096,nan
dcf_conv,0.0,10,0,50,123,35,0.96,0.515,0.0,0.10461709042591397,nan
dcf_conv,0.0,10,0,50,123,36,0.9382716049382716,0.5569999999999999,0.0,0.08687353281393527,nan
dcf_conv,0.0,10,0,50,123,37,0.8518518518518519,0.4920000000000001,0.0,0.12399878694576838,nan
dcf_conv,0.0,10,0,50,123,38,1.025974025974026,0.563,0.0,0.08865505817711701,nan
dcf_conv,0.0,10,0,50,123,39,1.0,0.49300000000000005,0.0,0.10118269587309833,nan
dcf_conv,0.0,10,0,50,123,40,1.1746031746031746,0.5270000000000001,0.0,0.09551907651172357,nan
dcf_conv,0.0,10,0,50,123,41,0.927536231884058,0.48599999999999993,0.0,0.11232781107781106,nan
dcf_conv,0.0,10,0,50,123,42,1.0138888888888888,0.493,0.0,0.10855056707997883,nan
dcf_conv,0.0,10,0,50,123,43,0.8461538461538461,0.43899999999999995,0.0,0.13768644345850228,nan
dcf_conv,0.0,10,0,50,123,44,1.1014492753623188,0.567,0.0,0.08559843944325367,nan
dcf_conv,0.0,10,0,50,123,45,1.1666666666666667,0.5069999999999999,0.0,0.09925018608842139,nan
dcf_conv,0.0,10,0,50,123,46,0.8961038961038961,0.5150000000000001,0.0,0.09859993356316885,nan
dcf_conv,0.0,10,0,50,123,47,0.9880952380952381,0.534,0.0,0.08722556747518048,nan
dcf_conv,0.0,10,0,50,123,48,0.9365079365079365,0.4800000000000001,0.0,0.11301193904135079,nan
dcf_conv,0.0,10,0,50,123,49,1.0684931506849316,0.5410000000000001,0.0,0.08098640738346621,nan
oracle,0.0,10,0,50,456,0,1.1081081081081081,0.5879999999999999,0.0,0.242768759018759,nan
oracle,0.0,10,0,50,456,1,1.0481927710843373,0.5720000000000001,0.0,0.25941197691197687,nan
oracle,0.0,10,0,50,456,2,1.0533333333333332,0.5490000000000002,0.0,0.2838111888111888,nan
oracle,0.0,10,0,50,456,3,1.0724637681159421,0.524,0.0,0.26229288685171037,nan
oracle,0.0,10,0,50,456,4,0.875,0.48200000000000004,0.0,0.32740440115440117,nan
oracle,0.0,10,0,50,456,5,1.1764705882352942,0.537,0.0,0.22391594516594515,nan
oracle,0.0,10,0,50,456,6,1.2461538461538462,0.5690000000000002,0.0,0.24901515151515144,nan
oracle,0.0,10,0,50,456,7,1.106060606060606,0.516,0.0,0.2821861471861472,nan
oracle,0.0,10,0,50,456,8,1.037037037037037,0.583,0.0,0.22626082251082247,nan
oracle,0.0,10,0,50,456,9,0.8875,0.529,0.0,0.2938979076479077,nan
oracle,0.0,10,0,50,456,10,0.9558823529411765,0.43900000000000006,0.0,0.31429043179043176,nan
oracle,0.0,10,0,50,456,11,0.9733333333333334,0.489,0.0,0.248454045954046,nan
oracle,0.0,10,0,50,456,12,1.051948051948052,0.5509999999999999,0.0,0.2771302308802309,nan
oracle,0.0,10,0,50,456,13,1.0857142857142856,0.542,0.0,0.21647727272727274,nan
oracle,0.0,10,0,50,456,14,0.9178082191780822,0.45500000000000007,0.0,0.2875757575757576,nan
oracle,0.0,10,0,50,456,15,0.9615384615384616,0.547,0.0,0.2631883394383394,nan
oracle,0.0,10,0,50,456,16,1.0149253731343284,0.507,0.0,0.28058802308802305,nan
oracle,0.0,10,0,50,456,17,1.0133333333333334,0.504,0.0,0.2656583694083694,nan
oracle,0.0,10,0,50,456,18,0.9743589743589743,0.5309999999999999,0.0,0.2530685001273236,nan
oracle,0.0,10,0,50,456,19,0.9868421052631579,0.5369999999999999,0.0,0.25997335997335996,nan
oracle,0.0,10,0,50,456,20,1.0597014925373134,0.515,0.0,0.24892787767787766,nan
oracle,0.0,10,0,50,456,21,0.9859154929577465,0.48699999999999993,0.0,0.29134740259740266,nan
oracle,0.0,10,0,50,456,22,0.9861111111111112,0.4760000000000001,0.0,0.26267676767676773,nan
oracle,0.0,10,0,50,456,23,1.1904761904761905,0.497,0.0,0.2926796814296815,nan
oracle,0.0,10,0,50,456,24,0.8461538461538461,0.43,0.0,0.311787518037518,nan
oracle,0.0,10,0,50,456,25,1.078125,0.4950000000000001,0.0,0.30074240302181476,nan
oracle,0.0,10,0,50,456,26,1.1159420289855073,0.5280000000000001,0.0,0.2440301365301365,nan
oracle,0.0,10,0,50,456,27,0.8902439024390244,0.505,0.0,0.2625387112887113,nan
oracle,0.0,10,0,50,456,28,0.9558823529411765,0.44800000000000006,0.0,0.3335119047619048,nan
oracle,0.0,10,0,50,456,29,1.3333333333333333,0.5680000000000002,0.0,0.2684595959595959,nan
oracle,0.0,10,0,50,456,30,0.8461538461538461,0.458,0.0,0.3177849927849928,nan
oracle,0.0,10,0,50,456,31,1.0555555555555556,0.528,0.0,0.2526172438672438,nan
oracle,0.0,10,0,50,456,32,0.9166666666666666,0.534,0.0,0.2139399489399489,nan
oracle,0.0,10,0,50,456,33,0.9324324324324325,0.46399999999999997,0.0,0.27300019425019423,nan
oracle,0.0,10,0,50,456,34,1.1594202898550725,0.544,0.0,0.23175380175380175,nan
oracle,0.0,10,0,50,456,35,0.9620253164556962,0.5510000000000002,0.0,0.24939033189033188,nan
oracle,0.0,10,0,50,456,36,1.0,0.472,0.0,0.3045646020646021,nan
oracle,0.0,10,0,50,456,37,0.8266666666666667,0.438,0.0,0.3225865800865801,nan
oracle,0.0,10,0,50,456,38,1.1111111111111112,0.5130000000000001,0.0,0.25075327450327445,nan
oracle,0.0,10,0,50,456,39,1.1692307692307693,0.505,0.0,0.2508549783549784,nan
oracle,0.0,10,0,50,456,40,1.0263157894736843,0.4999999999999999,0.0,0.25207653457653456,nan
oracle,0.0,10,0,50,456,41,0.9605263157894737,0.5170000000000001,0.0,0.27169552669552666,nan
oracle,0.0,10,0,50,456,42,0.8589743589743589,0.45699999999999996,0.0,0.33885281385281385,nan
oracle,0.0,10,0,50,456,43,0.958904109589041,0.46799999999999997,0.0,0.3106227106227106,nan
oracle,0.0,10,0,50,456,44,0.9012345679012346,0.522,0.0,0.26968670218670215,nan
oracle,0.0,10,0,50,456,45,1.0,0.5239999999999999,0.0,0.28976953601953603,nan
oracle,0.0,10,0,50,456,46,1.2173913043478262,0.5630000000000001,0.0,0.21836136086136088,nan
oracle,0.0,10,0,50,456,47,1.25,0.546,0.0,0.23390297202797203,nan
oracle,0.0,10,0,50,456,48,1.1486486486486487,0.6020000000000002,0.0,0.22645021645021646,nan
oracle,0.0,10,0,50,456,49,1.082191780821918,0.526,0.0,0.25298992673992676,nan
cold_genie,0.0,10,0,50,456,0,0.9054054054054054,0.4789999999999999,0.0,0.25298937173937175,0.10000000000000002
cold_genie,0.0,10,0,50,456,1,0.8674698795180723,0.529,0.0,0.22744047619047617,0.10000000000000002
cold_genie,0.0,10,0,50,456,2,0.9466666666666667,0.488,0.0,0.2418434343434343,0.10000000000000002
cold_genie,0.0,10,0,50,456,3,0.8840579710144928,0.42600000000000005,0.0,0.2664801864801865,0.10000000000000002
cold_genie,0.0,10,0,50,456,4,0.7625,0.43200000000000005,0.0,0.23328282828282826,0.10000000000000002
cold_genie,0.0,10,0,50,456,5,1.0588235294117647,0.5020000000000001,0.0,0.23802669552669556,0.10000000000000002
cold_genie,0.0,10,0,50,456,6,1.0923076923076922,0.5090000000000001,0.0,0.22837412587412587,0.10000000000000002
cold_genie,0.0,10,0,50,456,7,1.0757575757575757,0.5200000000000001,0.0,0.22447330447330444,0.10000000000000002
cold_genie,0.0,10,0,50,456,8,0.8271604938271605,0.446,0.0,0.24570138195138194,0.10000000000000002
cold_genie,0.0,10,0,50,456,9,0.775,0.43200000000000005,0.0,0.2750559163059163,0.10000000000000002
cold_genie,0.0,10,0,50,456,10,1.0588235294117647,0.54,0.0,0.18084942834942835,0.10000000000000002
cold_genie,0.0,10,0,50,456,11,1.0666666666666667,0.535,0.0,0.20453282828282832,0.10000000000000002
cold_genie,0.0,10,0,50,456,12,0.948051948051948,0.5010000000000001,0.0,0.2111777111777112,0.10000000000000002
cold_genie,0.0,10,0,50,456,13,1.0,0.513,0.0,0.23450813075813076,0.10000000000000002
cold_genie,0.0,10,0,50,456,14,0.9863013698630136,0.49899999999999994,0.0,0.19967893217893223,0.10000000000000002
cold_genie,0.0,10,0,50,456,15,0.9358974358974359,0.5309999999999999,0.0,0.24173160173160171,0.10000000000000002
cold_genie,0.0,10,0,50,456,16,1.0,0.449,0.0,0.2858993783993784,0.10000000000000002
cold_genie,0.0,10,0,50,456,17,0.9333333333333333,0.457,0.0,0.2585959873459873,0.10000000000000002
cold_genie,0.0,10,0,50,456,18,0.8717948717948718,0.4880000000000001,0.0,0.24560647685647688,0.10000000000000002
cold_genie,0.0,10,0,50,456,19,0.8157894736842105,0.45199999999999996,0.0,0.251722582972583,0.10000000000000002
cold_genie,0.0,10,0,50,456,20,1.1343283582089552,0.5489999999999999,0.0,0.18238331113331113,0.10000000000000002
cold_genie,0.0,10,0,50,456,21,0.9859154929577465,0.475,0.0,0.28028124653124653,0.10000000000000002
cold_genie,0.0,10,0,50,456,22,0.9722222222222222,0.462,0.0,0.2878607503607503,0.10000000000000002
cold_genie,0.0,10,0,50,456,23,1.2698412698412698,0.5410000000000001,0.0,0.2315981240981241,0.10000000000000002
cold_genie,0.0,10,0,50,456,24,0.8333333333333334,0.45699999999999996,0.0,0.27072552447552445,0.10000000000000002
cold_genie,0.0,10,0,50,456,25,1.109375,0.5309999999999999,0.0,0.19355755355755358,0.10000000000000002
cold_genie,0.0,10,0,50,456,26,0.7971014492753623,0.38200000000000006,0.0,0.3323827561327561,0.10000000000000002
cold_genie,0.0,10,0,50,456,27,1.0609756097560976,0.6150000000000001,0.0,0.18675324675324675,0.10000000000000002
cold_genie,0.0,10,0,50,456,28,0.8676470588235294,0.3779999999999999,0.0,0.2946962759462759,0.10000000000000002
cold_genie,0.0,10,0,50,456,29,0.95,0.41500000000000004,0.0,0.28256590631590633,0.10000000000000002
cold_genie,0.0,10,0,50,456,30,0.8076923076923077,0.45899999999999996,0.0,0.2552081252081252,0.10000000000000002
cold_genie,0.0,10,0,50,456,31,0.9444444444444444,0.509,0.0,0.2521681096681096,0.10000000000000002
cold_genie,0.0,10,0,50,456,32,0.8095238095238095,0.47000000000000003,0.0,0.24756313131313132,0.10000000000000002
cold_genie,0.0,10,0,50,456,33,0.9864864864864865,0.5170000000000001,0.0,0.20865675990675991,0.10000000000000002
cold_genie,0.0,10,0,50,456,34,1.0724637681159421,0.526,0.0,0.19483766233766234,0.10000000000000002
cold_genie,0.0,10,0,50,456,35,1.0506329113924051,0.5459999999999999,0.0,0.17599123099123098,0.10000000000000002
cold_genie,0.0,10,0,50,456,36,1.0298507462686568,0.518,0.0,0.21496323121323124,0.10000000000000002
cold_genie,0.0,10,0,50,456,37,0.96,0.5189999999999999,0.0,0.2203625541125541,0.10000000000000002
cold_genie,0.0,10,0,50,456,38,1.0793650793650793,0.4830000000000001,0.0,0.22625180375180376,0.10000000000000002
cold_genie,0.0,10,0,50,456,39,1.0307692307692307,0.496,0.0,0.24045440670440668,0.10000000000000002
cold_genie,0.0,10,0,50,456,40,1.013157894736842,0.541,0.0,0.2234469696969697,0.10000000000000002
cold_genie,0.0,10,0,50,456,41,0.8421052631578947,0.41100000000000003,0.0,0.28242757242757244,0.10000000000000002
cold_genie,0.0,10,0,50,456,42,0.9358974358974359,0.5210000000000001,0.0,0.20847909035409037,0.10000000000000002
cold_genie,0.0,10,0,50,456,43,0.9178082191780822,0.445,0.0,0.26374375624375623,0.10000000000000002
cold_genie,0.0,10,0,50,456,44,0.8888888888888888,0.5110000000000002,0.0,0.24473235098235097,0.10000000000000002
cold_genie,0.0,10,0,50,456,45,0.9473684210526315,0.51,0.0,0.23385017760017757,0.10000000000000002
cold_genie,0.0,10,0,50,456,46,0.9130434782608695,0.43299999999999994,0.0,0.283272422022422,0.10000000000000002
cold_genie,0.0,10,0,50,456,47,1.05,0.469,0.0,0.2883495670995671,0.10000000000000002
cold_genie,0.0,10,0,50,456,48,0.9459459459459459,0.493,0.0,0.23789002664002665,0.10000000000000002
cold_genie,0.0,10,0,50,456,49,0.9315068493150684,0.45099999999999996,0.0,0.2677752802752803,0.10000000000000002
cold_nv,0.0,10,0,50,456,0,0.9054054054054054,0.5009999999999999,0.0,0.21935952935952935,0.10000000000000002
cold_nv,0.0,10,0,50,456,1,0.7951807228915663,0.49499999999999994,0.0,0.27007076257076257,0.10000000000000002
cold_nv,0.0,10,0,50,456,2,1.0266666666666666,0.487,0.0,0.21816516816516812,0.10000000000000002
cold_nv,0.0,10,0,50,456,3,0.927536231884058,0.4680000000000001,0.0,0.2677335164835165,0.10000000000000002
cold_nv,0.0,10,0,50,456,4,0.9125,0.5170000000000001,0.0,0.22637973137973139,0.10000000000000002
cold_nv,0.0,10,0,50,456,5,0.9852941176470589,0.514,0.0,0.23606948606948608,0.10000000000000002
cold_nv,0.0,10,0,50,456,6,1.0153846153846153,0.476,0.0,0.26151917526917523,0.10000000000000002
cold_nv,0.0,10,0,50,456,7,0.8787878787878788,0.47300000000000003,0.0,0.24582722832722834,0.10000000000000002
cold_nv,0.0,10,0,50,456,8,0.8641975308641975,0.47300000000000003,0.0,0.2477018814518815,0.10000000000000002
cold_nv,0.0,10,0,50,456,9,0.8,0.44899999999999995,0.0,0.2261807636807637,0.10000000000000002
cold_nv,0.0,10,0,50,456,10,0.9411764705882353,0.45899999999999996,0.0,0.2492243867243867,0.10000000000000002
cold_nv,0.0,10,0,50,456,11,1.04,0.546,0.0,0.21729603729603725,0.10000000000000002
cold_nv,0.0,10,0,50,456,12,0.922077922077922,0.475,0.0,0.27088203463203464,0.10000000000000002
cold_nv,0.0,10,0,50,456,13,0.8571428571428571,0.42400000000000004,0.0,0.27009670884670883,0.10000000000000002
cold_nv,0.0,10,0,50,456,14,1.0136986301369864,0.509,0.0,0.22689935064935068,0.10000000000000002
cold_nv,0.0,10,0,50,456,15,0.9487179487179487,0.5449999999999999,0.0,0.18766552891552893,0.10000000000000002
cold_nv,0.0,10,0,50,456,16,1.1343283582089552,0.547,0.0,0.20451118326118323,0.10000000000000002
cold_nv,0.0,10,0,50,456,17,1.16,0.612,0.0,0.19039231601731602,0.10000000000000002
cold_nv,0.0,10,0,50,456,18,0.8846153846153846,0.493,0.0,0.2495689033189033,0.10000000000000002
cold_nv,0.0,10,0,50,456,19,0.7894736842105263,0.43899999999999995,0.0,0.2910389610389611,0.10000000000000002
cold_nv,0.0,10,0,50,456,20,0.9552238805970149,0.45099999999999996,0.0,0.2728625541125541,0.10000000000000002
cold_nv,0.0,10,0,50,456,21,1.0422535211267605,0.48900000000000005,0.0,0.23370462870462871,0.10000000000000002
cold_nv,0.0,10,0,50,456,22,0.9861111111111112,0.4750000000000001,0.0,0.2750263625263625,0.10000000000000002
cold_nv,0.0,10,0,50,456,23,1.126984126984127,0.49300000000000016,0.0,0.24967352092352094,0.10000000000000002
cold_nv,0.0,10,0,50,456,24,1.0,0.5469999999999999,0.0,0.20089701964701961,0.10000000000000002
cold_nv,0.0,10,0,50,456,25,1.0,0.429,0.0,0.24770007770007768,0.10000000000000002
cold_nv,0.0,10,0,50,456,26,0.782608695652174,0.38,0.0,0.28721306471306474,0.10000000000000002
cold_nv,0.0,10,0,50,456,27,0.8902439024390244,0.5050000000000001,0.0,0.23305957930957932,0.10000000000000002
cold_nv,0.0,10,0,50,456,28,0.9852941176470589,0.49300000000000005,0.0,0.2257070707070707,0.10000000000000002
cold_nv,0.0,10,0,50,456,29,1.3166666666666667,0.5520000000000002,0.0,0.18504079254079256,0.10000000000000002
cold_nv,0.0,10,0,50,456,30,0.8461538461538461,0.47300000000000003,0.0,0.24046939171939172,0.10000000000000002
cold_nv,0.0,10,0,50,456,31,1.0833333333333333,0.5619999999999999,0.0,0.21795329670329672,0.10000000000000002
cold_nv,0.0,10,0,50,456,32,0.8452380952380952,0.5130000000000001,0.0,0.22089466089466084,0.10000000000000002
cold_nv,0.0,10,0,50,456,33,1.0,0.514,0.0,0.2063257575757576,0.10000000000000002
cold_nv,0.0,10,0,50,456,34,1.1159420289855073,0.5740000000000001,0.0,0.20034271284271282,0.10000000000000002
cold_nv,0.0,10,0,50,456,35,0.8354430379746836,0.477,0.0,0.2699440836940837,0.10000000000000002
cold_nv,0.0,10,0,50,456,36,0.9701492537313433,0.489,0.0,0.25755466755466755,0.10000000000000002
cold_nv,0.0,10,0,50,456,37,1.0,0.516,0.0,0.2046042846042846,0.10000000000000002
cold_nv,0.0,10,0,50,456,38,1.0158730158730158,0.506,0.0,0.23575202575202575,0.10000000000000002
cold_nv,0.0,10,0,50,456,39,0.8,0.368,0.0,0.2808756521256521,0.10000000000000002
cold_nv,0.0,10,0,50,456,40,0.868421052631579,0.441,0.0,0.26446248196248195,0.10000000000000002
cold_nv,0.0,10,0,50,456,41,0.868421052631579,0.43600000000000005,0.0,0.2723698523698523,0.10000000000000002
cold_nv,0.0,10,0,50,456,42,0.9615384615384616,0.516,0.0,0.2241991341991342,0.10000000000000002
cold_nv,0.0,10,0,50,456,43,0.9041095890410958,0.41600000000000004,0.0,0.2638297813297813,0.10000000000000002
cold_nv,0.0,10,0,50,456,44,0.8395061728395061,0.45,0.0,0.25192279942279944,0.10000000000000002
cold_nv,0.0,10,0,50,456,45,1.013157894736842,0.5619999999999999,0.0,0.1943452380952381,0.10000000000000002
cold_nv,0.0,10,0,50,456,46,0.927536231884058,0.43100000000000016,0.0,0.24262806637806636,0.10000000000000002
cold_nv,0.0,10,0,50,456,47,1.0166666666666666,0.4210000000000001,0.0,0.28491147741147743,0.10000000000000002
cold_nv,0.0,10,0,50,456,48,1.0,0.4920000000000001,0.0,0.23941849816849822,0.10000000000000002
cold_nv,0.0,10,0,50,456,49,1.1232876712328768,0.559,0.0,0.213009213009213,0.10000000000000002
cold_high,0.0,10,0,50,456,0,0.06756756756756757,0.023,0.0,0.9114285714285716,0.5
cold_high,0.0,10,0,50,456,1,0.07228915662650602,0.03,0.0,0.9030952380952382,0.5
cold_high,0.0,10,0,50,456,2,0.10666666666666667,0.041999999999999996,0.0,0.880952380952381,0.5
cold_high,0.0,10,0,50,456,3,0.18840579710144928,0.05000000000000001,0.0,0.8511904761904763,0.5
cold_high,0.0,10,0,50,456,4,0.1375,0.056999999999999995,0.0,0.8619841269841271,0.5
cold_high,0.0,10,0,50,456,5,0.1323529411764706,0.038,0.0,0.8933333333333333,0.5
cold_high,0.0,10,0,50,456,6,0.18461538461538463,0.054000000000000006,0.0,0.8532142857142857,0.5
cold_high,0.0,10,0,50,456,7,0.13636363636363635,0.067,0.0,0.9091666666666667,0.5
cold_high,0.0,10,0,50,456,8,0.1111111111111111,0.05500000000000001,0.0,0.8690476190476192,0.5
cold_high,0.0,10,0,50,456,9,0.1125,0.033999999999999996,0.0,0.8745238095238095,0.5
cold_high,0.0,10,0,50,456,10,0.07352941176470588,0.022,0.0,0.9207142857142857,0.5
cold_high,0.0,10,0,50,456,11,0.13333333333333333,0.055000000000000014,0.0,0.884047619047619,0.5
cold_high,0.0,10,0,50,456,12,0.16883116883116883,0.065,0.0,0.8579761904761906,0.5
cold_high,0.0,10,0,50,456,13,0.14285714285714285,0.04600000000000001,0.0,0.8880952380952382,0.5
cold_high,0.0,10,0,50,456,14,0.1506849315068493,0.05499999999999999,0.0,0.832857142857143,0.5
cold_high,0.0,10,0,50,456,15,0.1282051282051282,0.05,0.0,0.8161904761904761,0.5
cold_high,0.0,10,0,50,456,16,0.1791044776119403,0.05800000000000001,0.0,0.865654761904762,0.5
cold_high,0.0,10,0,50,456,17,0.16,0.049999999999999996,0.0,0.8649134199134201,0.5
cold_high,0.0,10,0,50,456,18,0.11538461538461539,0.054000000000000006,0.0,0.8669642857142857,0.5
cold_high,0.0,10,0,50,456,19,0.15789473684210525,0.07600000000000001,0.0,0.795952380952381,0.5
cold_high,0.0,10,0,50,456,20,0.08955223880597014,0.027000000000000003,0.0,0.85,0.5
cold_high,0.0,10,0,50,456,21,0.1267605633802817,0.032,0.0,0.8839880952380954,0.5
cold_high,0.0,10,0,50,456,22,0.19444444444444445,0.068,0.0,0.833392857142857,0.5
cold_high,0.0,10,0,50,456,23,0.12698412698412698,0.05,0.0,0.8978571428571428,0.5
cold_high,0.0,10,0,50,456,24,0.15384615384615385,0.06300000000000001,0.0,0.8357142857142857,0.5
cold_high,0.0,10,0,50,456,25,0.125,0.036,0.0,0.8733333333333336,0.5
cold_high,0.0,10,0,50,456,26,0.11594202898550725,0.046,0.0,0.8985714285714286,0.5
cold_high,0.0,10,0,50,456,27,0.08536585365853659,0.03700000000000001,0.0,0.9382738095238097,0.5
cold_high,0.0,10,0,50,456,28,0.20588235294117646,0.07800000000000001,0.0,0.8494444444444446,0.5
cold_high,0.0,10,0,50,456,29,0.25,0.095,0.0,0.8188095238095239,0.5
cold_high,0.0,10,0,50,456,30,0.15384615384615385,0.07100000000000001,0.0,0.8645238095238097,0.5
cold_high,0.0,10,0,50,456,31,0.1388888888888889,0.06100000000000001,0.0,0.8895238095238096,0.5
cold_high,0.0,10,0,50,456,32,0.08333333333333333,0.036000000000000004,0.0,0.8891666666666668,0.5
cold_high,0.0,10,0,50,456,33,0.14864864864864866,0.05199999999999999,0.0,0.8464285714285715,0.5
cold_high,0.0,10,0,50,456,34,0.18840579710144928,0.071,0.0,0.8421031746031746,0.5
cold_high,0.0,10,0,50,456,35,0.13924050632911392,0.075,0.0,0.851964285714286,0.5
cold_high,0.0,10,0,50,456,36,0.19402985074626866,0.085,0.0,0.8588095238095239,0.5
cold_high,0.0,10,0,50,456,37,0.14666666666666667,0.064,0.0,0.8695238095238096,0.5
cold_high,0.0,10,0,50,456,38,0.14285714285714285,0.038,0.0,0.813809523809524,0.5
cold_high,0.0,10,0,50,456,39,0.13846153846153847,0.046,0.0,0.8694841269841269,0.5
cold_high,0.0,10,0,50,456,40,0.09210526315789473,0.043,0.0,0.9185119047619047,0.5
cold_high,0.0,10,0,50,456,41,0.10526315789473684,0.032999999999999995,0.0,0.89125,0.5
cold_high,0.0,10,0,50,456,42,0.08974358974358974,0.038,0.0,0.8828571428571429,0.5
cold_high,0.0,10,0,50,456,43,0.1232876712328767,0.049,0.0,0.8842857142857141,0.5
cold_high,0.0,10,0,50,456,44,0.09876543209876543,0.037,0.0,0.8657142857142857,0.5
cold_high,0.0,10,0,50,456,45,0.15789473684210525,0.05399999999999999,0.0,0.8630952380952381,0.5
cold_high,0.0,10,0,50,456,46,0.11594202898550725,0.041,0.0,0.8964285714285716,0.5
cold_high,0.0,10,0,50,456,47,0.2,0.074,0.0,0.8778571428571429,0.5
cold_high,0.0,10,0,50,456,48,0.0945945945945946,0.048,0.0,0.8700000000000001,0.5
cold_high,0.0,10,0,50,456,49,0.136986301369863,0.04700000000000001,0.0,0.885,0.5
warm_nv,0.0,10,0,50,456,0,0.9459459459459459,0.48299999999999993,0.0,0.22978341103341102,0.10000000000000002
warm_nv,0.0,10,0,50,456,1,0.7228915662650602,0.4029999999999999,0.0,0.3378925241425241,0.1370158888888889
warm_nv,0.0,10,0,50,456,2,0.7333333333333333,0.366,0.0,0.3790354090354091,0.14973779587736621
warm_nv,0.0,10,0,50,456,3,0.7246376811594203,0.353,0.0,0.40299603174603166,0.15944863505185186
warm_nv,0.0,10,0,50,456,4,0.6,0.353,0.0,0.4525739538239537,0.16348815214320989
warm_nv,0.0,10,0,50,456,5,0.7205882352941176,0.366,0.0,0.35365440115440117,0.16110322088888887
warm_nv,0.0,10,0,50,456,6,0.9538461538461539,0.45099999999999996,0.0,0.3530555555555555,0.1636217191822222
warm_nv,0.0,10,0,50,456,7,0.9242424242424242,0.42800000000000005,0.0,0.350479797979798,0.16134895214933337
warm_nv,0.0,10,0,50,456,8,0.6172839506172839,0.3670000000000001,0.0,0.3792117604617604,0.15085202968888892
warm_nv,0.0,10,0,50,456,9,0.625,0.36499999999999994,0.0,0.4010750360750361,0.15839668270222224
warm_nv,0.0,10,0,50,456,10,0.8970588235294118,0.39999999999999997,0.0,0.31305916305916304,0.1390453629925926
warm_nv,0.0,10,0,50,456,11,0.8,0.39100000000000007,0.0,0.33910520035520036,0.15802342977777778
warm_nv,0.0,10,0,50,456,12,0.6753246753246753,0.363,0.0,0.45591810966810964,0.1720772874666667
warm_nv,0.0,10,0,50,456,13,0.8571428571428571,0.39299999999999996,0.0,0.34882686757686754,0.14780958505679012
warm_nv,0.0,10,0,50,456,14,0.7123287671232876,0.336,0.0,0.38034451659451657,0.15393819662222222
warm_nv,0.0,10,0,50,456,15,0.6538461538461539,0.31399999999999995,0.0,0.4160317460317461,0.1744220711111111
warm_nv,0.0,10,0,50,456,16,0.9552238805970149,0.4619999999999999,0.0,0.36566017316017313,0.16866830506666666
warm_nv,0.0,10,0,50,456,17,0.6533333333333333,0.33,0.0,0.4435209235209235,0.15359501155555555
warm_nv,0.0,10,0,50,456,18,0.7307692307692307,0.41100000000000003,0.0,0.33099025974025975,0.16535614232395063
warm_nv,0.0,10,0,50,456,19,0.5921052631578947,0.305,0.0,0.42528540903540896,0.17044469802666667
warm_nv,0.0,10,0,50,456,20,0.746268656716418,0.344,0.0,0.4164285714285715,0.16627357922469138
warm_nv,0.0,10,0,50,456,21,0.7323943661971831,0.33599999999999997,0.0,0.475275974025974,0.18303962324740736
warm_nv,0.0,10,0,50,456,22,0.75,0.35300000000000004,0.0,0.3980715118215118,0.1788735505422222
warm_nv,0.0,10,0,50,456,23,0.7777777777777778,0.33100000000000007,0.0,0.42294191919191915,0.17458060906666667
warm_nv,0.0,10,0,50,456,24,0.7307692307692307,0.37100000000000005,0.0,0.41000721500721504,0.17221908444444445
warm_nv,0.0,10,0,50,456,25,0.921875,0.41899999999999993,0.0,0.35389957264957267,0.16691719239111114
warm_nv,0.0,10,0,50,456,26,0.6956521739130435,0.332,0.0,0.43462842712842714,0.1565681335466667
warm_nv,0.0,10,0,50,456,27,0.8048780487804879,0.445,0.0,0.31541292041292046,0.13887456879012344
warm_nv,0.0,10,0,50,456,28,0.7941176470588235,0.36,0.0,0.3710653235653235,0.1535901037037037
warm_nv,0.0,10,0,50,456,29,0.9666666666666667,0.4170000000000001,0.0,0.37626678876678876,0.15984685617777777
warm_nv,0.0,10,0,50,456,30,0.7051282051282052,0.3880000000000001,0.0,0.40053571428571433,0.1660055948444445
warm_nv,0.0,10,0,50,456,31,0.8055555555555556,0.386,0.0,0.35600309412809417,0.17277056533333338
warm_nv,0.0,10,0,50,456,32,0.5952380952380952,0.3550000000000001,0.0,0.3942261904761905,0.1616887370666667
warm_nv,0.0,10,0,50,456,33,0.7837837837837838,0.39299999999999996,0.0,0.4062409812409812,0.17256756074666665
warm_nv,0.0,10,0,50,456,34,0.855072463768116,0.409,0.0,0.3547276334776334,0.15748980800000004
warm_nv,0.0,10,0,50,456,35,0.6962025316455697,0.354,0.0,0.37611832611832613,0.17270107733333334
warm_nv,0.0,10,0,50,456,36,0.9701492537313433,0.43099999999999994,0.0,0.3789260739260739,0.1937732426666667
warm_nv,0.0,10,0,50,456,37,0.6266666666666667,0.32299999999999995,0.0,0.44709235209235204,0.18597096195555557
warm_nv,0.0,10,0,50,456,38,0.6984126984126984,0.337,0.0,0.4335912698412698,0.172902112
warm_nv,0.0,10,0,50,456,39,0.8923076923076924,0.42200000000000004,0.0,0.35716450216450213,0.1786336714666667
warm_nv,0.0,10,0,50,456,40,0.6578947368421053,0.337,0.0,0.41428571428571426,0.16720917866666668
warm_nv,0.0,10,0,50,456,41,0.9868421052631579,0.491,0.0,0.28076118326118327,0.15310696533333337
warm_nv,0.0,10,0,50,456,42,0.6410256410256411,0.33099999999999996,0.0,0.42653679653679655,0.1682375690666667
warm_nv,0.0,10,0,50,456,43,0.9315068493150684,0.42700000000000005,0.0,0.3361879786879787,0.15553588459259263
warm_nv,0.0,10,0,50,456,44,0.6419753086419753,0.354,0.0,0.4464590964590965,0.16102639650370368
warm_nv,0.0,10,0,50,456,45,0.7105263157894737,0.36299999999999993,0.0,0.37011002886002886,0.1525876111851852
warm_nv,0.0,10,0,50,456,46,0.5942028985507246,0.298,0.0,0.5015728715728714,0.16703441493333335
warm_nv,0.0,10,0,50,456,47,0.8833333333333333,0.362,0.0,0.3540602453102453,0.14919657191111113
warm_nv,0.0,10,0,50,456,48,0.6621621621621622,0.344,0.0,0.408975468975469,0.15273193259259257
warm_nv,0.0,10,0,50,456,49,0.6575342465753424,0.30700000000000005,0.0,0.3924275724275724,0.15852872287407407
warm_high,0.0,10,0,50,456,0,0.10810810810810811,0.045,0.0,0.8716666666666668,0.5
warm_high,0.0,10,0,50,456,1,0.25301204819277107,0.11400000000000003,0.0,0.6921626984126983,0.33229012345679015
warm_high,0.0,10,0,50,456,2,0.49333333333333335,0.227,0.0,0.5968109668109668,0.2803722464864765
warm_high,0.0,10,0,50,456,3,0.6376811594202898,0.308,0.0,0.5392857142857143,0.24865615041705308
warm_high,0.0,10,0,50,456,4,0.5,0.28500000000000003,0.0,0.47579365079365077,0.21858496691439527
warm_high,0.0,10,0,50,456,5,0.7941176470588235,0.37299999999999994,0.0,0.3962835775335775,0.19747397782191484
warm_high,0.0,10,0,50,456,6,0.7230769230769231,0.35300000000000004,0.0,0.38924603174603173,0.167025162293489
warm_high,0.0,10,0,50,456,7,0.6515151515151515,0.32,0.0,0.42036616161616164,0.1525630485580622
warm_high,0.0,10,0,50,456,8,0.6049382716049383,0.36500000000000005,0.0,0.38954295704295705,0.15866396896951857
warm_high,0.0,10,0,50,456,9,0.5625,0.289,0.0,0.41758658008658,0.16456334745818155
warm_high,0.0,10,0,50,456,10,0.7647058823529411,0.372,0.0,0.3811976911976912,0.154355249922425
warm_high,0.0,10,0,50,456,11,0.64,0.325,0.0,0.3873520923520922,0.1568524225428114
warm_high,0.0,10,0,50,456,12,0.6623376623376623,0.35000000000000003,0.0,0.4299642024642024,0.15434990533660786
warm_high,0.0,10,0,50,456,13,0.8,0.35699999999999993,0.0,0.4366107503607505,0.16688570527567909
warm_high,0.0,10,0,50,456,14,0.6986301369863014,0.358,0.0,0.4177146464646465,0.15738998708504778
warm_high,0.0,10,0,50,456,15,0.717948717948718,0.39599999999999996,0.0,0.36917207792207796,0.16418180103010543
warm_high,0.0,10,0,50,456,16,0.9104477611940298,0.413,0.0,0.3254308191808192,0.1512939440721372
warm_high,0.0,10,0,50,456,17,0.8133333333333334,0.398,0.0,0.3606156343656343,0.15046461264558886
warm_high,0.0,10,0,50,456,18,0.6153846153846154,0.3549999999999999,0.0,0.43220779220779215,0.16614188277757141
warm_high,0.0,10,0,50,456,19,0.618421052631579,0.3150000000000001,0.0,0.41711038961038965,0.1613712962720863
warm_high,0.0,10,0,50,456,20,0.7313432835820896,0.366,0.0,0.38920634920634917,0.16519718878314166
warm_high,0.0,10,0,50,456,21,0.7746478873239436,0.374,0.0,0.40507395382395384,0.15862129184422055
warm_high,0.0,10,0,50,456,22,0.7777777777777778,0.36999999999999994,0.0,0.38708083583083586,0.1617134685980382
warm_high,0.0,10,0,50,456,23,0.873015873015873,0.34700000000000003,0.0,0.4072660672660673,0.1623037369724106
warm_high,0.0,10,0,50,456,24,0.8205128205128205,0.417,0.0,0.33810786435786433,0.1572664370655754
warm_high,0.0,10,0,50,456,25,0.765625,0.337,0.0,0.3940800865800866,0.15883527800732766
warm_high,0.0,10,0,50,456,26,0.6956521739130435,0.345,0.0,0.3763239538239538,0.16431728397211698
warm_high,0.0,10,0,50,456,27,0.7682926829268293,0.433,0.0,0.32446428571428576,0.15930606135486397
warm_high,0.0,10,0,50,456,28,0.7941176470588235,0.379,0.0,0.4059798534798535,0.15925872449058687
warm_high,0.0,10,0,50,456,29,0.8166666666666667,0.35300000000000004,0.0,0.41225455100455094,0.15835601212816908
warm_high,0.0,10,0,50,456,30,0.6794871794871795,0.35,0.0,0.37175865800865804,0.15573807453939212
warm_high,0.0,10,0,50,456,31,0.8333333333333334,0.4069999999999999,0.0,0.3657318376068376,0.15091053998244136
warm_high,0.0,10,0,50,456,32,0.7261904761904762,0.41400000000000003,0.0,0.3803373015873016,0.15624996985229128
warm_high,0.0,10,0,50,456,33,0.7972972972972973,0.418,0.0,0.33625,0.1491024201213475
warm_high,0.0,10,0,50,456,34,0.8115942028985508,0.404,0.0,0.36180375180375174,0.16450550387046148
warm_high,0.0,10,0,50,456,35,0.569620253164557,0.34800000000000003,0.0,0.47857503607503615,0.1765548732843081
warm_high,0.0,10,0,50,456,36,0.7014925373134329,0.345,0.0,0.40430555555555553,0.14713385656580413
warm_high,0.0,10,0,50,456,37,0.8666666666666667,0.462,0.0,0.3619931457431457,0.14772667206745477
warm_high,0.0,10,0,50,456,38,0.8095238095238095,0.36500000000000005,0.0,0.3681439393939394,0.16126078349434023
warm_high,0.0,10,0,50,456,39,0.8307692307692308,0.389,0.0,0.3906944444444444,0.15974934878606076
warm_high,0.0,10,0,50,456,40,0.7894736842105263,0.40800000000000003,0.0,0.3409613997113997,0.1611642071672358
warm_high,0.0,10,0,50,456,41,0.7105263157894737,0.3939999999999999,0.0,0.4338690476190476,0.18144964317989584
warm_high,0.0,10,0,50,456,42,0.6153846153846154,0.323,0.0,0.42306207681207686,0.17525532051175197
warm_high,0.0,10,0,50,456,43,0.5616438356164384,0.29100000000000004,0.0,0.4278083028083028,0.17501779861580988
warm_high,0.0,10,0,50,456,44,0.654320987654321,0.351,0.0,0.40895202020202015,0.1789275570844214
warm_high,0.0,10,0,50,456,45,0.6842105263157895,0.363,0.0,0.38538059163059163,0.1701800715328848
warm_high,0.0,10,0,50,456,46,0.7101449275362319,0.359,0.0,0.41776154401154403,0.1785557577710885
warm_high,0.0,10,0,50,456,47,0.9,0.389,0.0,0.41017857142857145,0.1727735485527204
warm_high,0.0,10,0,50,456,48,0.6756756756756757,0.355,0.0,0.38792180042180036,0.15516446572290638
warm_high,0.0,10,0,50,456,49,0.6438356164383562,0.31900000000000006,0.0,0.46805555555555556,0.17652709938312366
dcf_conv,0.0,10,0,50,456,0,0.9864864864864865,0.539,0.0,0.09492530345471523,nan
dcf_conv,0.0,10,0,50,456,1,0.9397590361445783,0.589,0.0,0.06664621111602535,nan
dcf_conv,0.0,10,0,50,456,2,1.0133333333333334,0.5290000000000001,0.0,0.09379968565146585,nan
dcf_conv,0.0,10,0,50,456,3,1.1159420289855073,0.518,0.0,0.08802131992534469,nan
dcf_conv,0.0,10,0,50,456,4,1.025,0.587,0.0,0.07817712108153284,nan
dcf_conv,0.0,10,0,50,456,5,0.9558823529411765,0.4919999999999999,0.0,0.1061883174015527,nan
dcf_conv,0.0,10,0,50,456,6,0.9538461538461539,0.465,0.0,0.13725530596854127,nan
dcf_conv,0.0,10,0,50,456,7,0.9696969696969697,0.48900000000000005,0.0,0.09626312198293623,nan
dcf_conv,0.0,10,0,50,456,8,0.7654320987654321,0.44099999999999995,0.0,0.11058916444752358,nan
dcf_conv,0.0,10,0,50,456,9,1.0375,0.614,0.0,0.057077235415083714,nan
dcf_conv,0.0,10,0,50,456,10,1.0735294117647058,0.5170000000000001,0.0,0.08141770574626611,nan
dcf_conv,0.0,10,0,50,456,11,1.0,0.5529999999999999,0.0,0.09007887945387942,nan
dcf_conv,0.0,10,0,50,456,12,0.9090909090909091,0.4780000000000001,0.0,0.09680004120406596,nan
dcf_conv,0.0,10,0,50,456,13,0.9714285714285714,0.48600000000000004,0.0,0.09748861217901464,nan
dcf_conv,0.0,10,0,50,456,14,1.0,0.534,0.0,0.10708234575881634,nan
dcf_conv,0.0,10,0,50,456,15,0.9743589743589743,0.575,0.0,0.08125073455955809,nan
dcf_conv,0.0,10,0,50,456,16,1.2388059701492538,0.619,0.0,0.06262764282501124,nan
dcf_conv,0.0,10,0,50,456,17,0.9466666666666667,0.49799999999999994,0.0,0.09277392413228328,nan
dcf_conv,0.0,10,0,50,456,18,0.9743589743589743,0.5400000000000001,0.0,0.0947992979242979,nan
dcf_conv,0.0,10,0,50,456,19,0.9342105263157895,0.5800000000000001,0.0,0.07887038400196293,nan
dcf_conv,0.0,10,0,50,456,20,0.9253731343283582,0.4669999999999999,0.0,0.12192860545027726,nan
dcf_conv,0.0,10,0,50,456,21,0.9436619718309859,0.4910000000000001,0.0,0.11454496891996893,nan
dcf_conv,0.0,10,0,50,456,22,1.0,0.4800000000000001,0.0,0.10901978117341896,nan
dcf_conv,0.0,10,0,50,456,23,1.126984126984127,0.5160000000000001,0.0,0.09409318085595172,nan
dcf_conv,0.0,10,0,50,456,24,0.9102564102564102,0.4780000000000001,0.0,0.10590903162884588,nan
dcf_conv,0.0,10,0,50,456,25,1.203125,0.5589999999999999,0.0,0.08866791898332145,nan
dcf_conv,0.0,10,0,50,456,26,1.0434782608695652,0.516,0.0,0.09373903128698524,nan
dcf_conv,0.0,10,0,50,456,27,0.8414634146341463,0.469,0.0,0.09993199997456965,nan
dcf_conv,0.0,10,0,50,456,28,1.088235294117647,0.4990000000000001,0.0,0.09586782283763709,nan
dcf_conv,0.0,10,0,50,456,29,1.0666666666666667,0.46900000000000003,0.0,0.10307812436101908,nan
dcf_conv,0.0,10,0,50,456,30,0.8717948717948718,0.48200000000000004,0.0,0.12174985016703285,nan
dcf_conv,0.0,10,0,50,456,31,0.9583333333333334,0.5040000000000001,0.0,0.10250572440974919,nan
dcf_conv,0.0,10,0,50,456,32,0.8571428571428571,0.5190000000000001,0.0,0.09380177914620638,nan
dcf_conv,0.0,10,0,50,456,33,0.9054054054054054,0.485,0.0,0.11393045980507281,nan
dcf_conv,0.0,10,0,50,456,34,1.0,0.5129999999999999,0.0,0.10562753616352687,nan
dcf_conv,0.0,10,0,50,456,35,0.9620253164556962,0.533,0.0,0.08246486550085622,nan
dcf_conv,0.0,10,0,50,456,36,1.2388059701492538,0.5950000000000002,0.0,0.0692477008285832,nan
dcf_conv,0.0,10,0,50,456,37,0.7733333333333333,0.41800000000000004,0.0,0.13354449472096527,nan
dcf_conv,0.0,10,0,50,456,38,1.1428571428571428,0.558,0.0,0.08402425489886789,nan
dcf_conv,0.0,10,0,50,456,39,1.0923076923076922,0.5119999999999999,0.0,0.09227640415140413,nan
dcf_conv,0.0,10,0,50,456,40,1.013157894736842,0.526,0.0,0.09708087148489626,nan
dcf_conv,0.0,10,0,50,456,41,1.0263157894736843,0.5559999999999999,0.0,0.10238091565297447,nan
dcf_conv,0.0,10,0,50,456,42,0.9358974358974359,0.479,0.0,0.08736521734199751,nan
dcf_conv,0.0,10,0,50,456,43,0.9726027397260274,0.485,0.0,0.11019005096210979,nan
dcf_conv,0.0,10,0,50,456,44,0.9012345679012346,0.522,0.0,0.08994084347025524,nan
dcf_conv,0.0,10,0,50,456,45,0.9342105263157895,0.46799999999999997,0.0,0.12132513212621572,nan
dcf_conv,0.0,10,0,50,456,46,1.1014492753623188,0.506,0.0,0.08878859573519016,nan
dcf_conv,0.0,10,0,50,456,47,1.1666666666666667,0.501,0.0,0.10708997186164367,nan
dcf_conv,0.0,10,0,50,456,48,0.9459459459459459,0.5509999999999999,0.0,0.07884938590820943,nan
dcf_conv,0.0,10,0,50,456,49,0.8904109589041096,0.421,0.0,0.12220737058778852,nan
oracle,0.0,10,0,50,789,0,0.8148148148148148,0.488,0.0,0.2868704906204906,nan
oracle,0.0,10,0,50,789,1,1.042857142857143,0.518,0.0,0.2815151515151514,nan
oracle,0.0,10,0,50,789,2,0.9146341463414634,0.516,0.0,0.24857434232434233,nan
oracle,0.0,10,0,50,789,3,1.0714285714285714,0.502,0.0,0.23972874347874346,nan
oracle,0.0,10,0,50,789,4,1.0256410256410255,0.536,0.0,0.2519246031746032,nan
oracle,0.0,10,0,50,789,5,1.1864406779661016,0.4620000000000001,0.0,0.280050505050505,nan
oracle,0.0,10,0,50,789,6,1.203125,0.504,0.0,0.2735033022533022,nan
oracle,0.0,10,0,50,789,7,0.8243243243243243,0.4419999999999999,0.0,0.310304834054834,nan
oracle,0.0,10,0,50,789,8,1.0789473684210527,0.607,0.0,0.18430708180708183,nan
oracle,0.0,10,0,50,789,9,1.0,0.4840000000000001,0.0,0.2973562956651192,nan
oracle,0.0,10,0,50,789,10,1.1176470588235294,0.5549999999999999,0.0,0.27549603174603166,nan
oracle,0.0,10,0,50,789,11,1.15625,0.5399999999999999,0.0,0.28954365079365074,nan
oracle,0.0,10,0,50,789,12,1.0724637681159421,0.48500000000000015,0.0,0.26486652236652236,nan
oracle,0.0,10,0,50,789,13,1.027027027027027,0.49700000000000005,0.0,0.25921217671217667,nan
oracle,0.0,10,0,50,789,14,1.1428571428571428,0.46499999999999997,0.0,0.27984348984348983,nan
oracle,0.0,10,0,50,789,15,1.0,0.526,0.0,0.26641872016872015,nan
oracle,0.0,10,0,50,789,16,0.9594594594594594,0.5119999999999999,0.0,0.28140873015873014,nan
oracle,0.0,10,0,50,789,17,1.0735294117647058,0.582,0.0,0.22897005772005768,nan
oracle,0.0,10,0,50,789,18,1.125,0.513,0.0,0.24966255966255968,nan
oracle,0.0,10,0,50,789,19,0.935064935064935,0.48200000000000004,0.0,0.25640734265734266,nan
oracle,0.0,10,0,50,789,20,1.1587301587301588,0.4919999999999999,0.0,0.2931257631257632,nan
oracle,0.0,10,0,50,789,21,1.0845070422535212,0.54,0.0,0.23305791430791425,nan
oracle,0.0,10,0,50,789,22,0.8051948051948052,0.4450000000000001,0.0,0.3199025974025974,nan
oracle,0.0,10,0,50,789,23,1.0128205128205128,0.5029999999999999,0.0,0.2638023088023088,nan
oracle,0.0,10,0,50,789,24,0.9,0.5009999999999999,0.0,0.3130161505161505,nan
oracle,0.0,10,0,50,789,25,1.1076923076923078,0.5,0.0,0.288198051948052,nan
oracle,0.0,10,0,50,789,26,1.15625,0.5449999999999999,0.0,0.2781024531024531,nan
oracle,0.0,10,0,50,789,27,1.296875,0.5660000000000001,0.0,0.25640873015873017,nan
oracle,0.0,10,0,50,789,28,0.7792207792207793,0.41,0.0,0.3216540404040404,nan
oracle,0.0,10,0,50,789,29,0.8571428571428571,0.44000000000000006,0.0,0.2944302919302919,nan
oracle,0.0,10,0,50,789,30,0.9230769230769231,0.5130000000000001,0.0,0.3063424075924076,nan
oracle,0.0,10,0,50,789,31,1.2647058823529411,0.5930000000000001,0.0,0.21915404040404035,nan
oracle,0.0,10,0,50,789,32,0.984375,0.489,0.0,0.2951244588744588,nan
oracle,0.0,10,0,50,789,33,1.0,0.5449999999999999,0.0,0.2663906926406926,nan
oracle,0.0,10,0,50,789,34,0.9746835443037974,0.5399999999999999,0.0,0.2347664263840734,nan
oracle,0.0,10,0,50,789,35,1.025974025974026,0.541,0.0,0.24698773448773442,nan
oracle,0.0,10,0,50,789,36,1.0526315789473684,0.5720000000000002,0.0,0.19152819402819404,nan
oracle,0.0,10,0,50,789,37,1.0909090909090908,0.5,0.0,0.273538961038961,nan
oracle,0.0,10,0,50,789,38,1.1159420289855073,0.561,0.0,0.23822982572982573,nan
oracle,0.0,10,0,50,789,39,0.9285714285714286,0.549,0.0,0.22607683982683985,nan
oracle,0.0,10,0,50,789,40,0.7941176470588235,0.409,0.0,0.3713095238095238,nan
oracle,0.0,10,0,50,789,41,0.8472222222222222,0.465,0.0,0.30143550893550886,nan
oracle,0.0,10,0,50,789,42,1.0845070422535212,0.5020000000000001,0.0,0.21988025863025862,nan
oracle,0.0,10,0,50,789,43,0.8987341772151899,0.496,0.0,0.3133374958374958,nan
oracle,0.0,10,0,50,789,44,1.044776119402985,0.5119999999999999,0.0,0.28608225108225105,nan
oracle,0.0,10,0,50,789,45,1.056338028169014,0.5210000000000001,0.0,0.25363331113331117,nan
oracle,0.0,10,0,50,789,46,1.054054054054054,0.542,0.0,0.2886928349428349,nan
oracle,0.0,10,0,50,789,47,0.925,0.4940000000000001,0.0,0.30462468087468086,nan
oracle,0.0,10,0,50,789,48,1.0405405405405406,0.5389999999999999,0.0,0.27217983405483404,nan
oracle,0.0,10,0,50,789,49,1.0933333333333333,0.5569999999999999,0.0,0.2231949994449994,nan
cold_genie,0.0,10,0,50,789,0,0.9382716049382716,0.524,0.0,0.19960664335664338,0.10000000000000002
cold_genie,0.0,10,0,50,789,1,0.8714285714285714,0.45999999999999996,0.0,0.24976551226551225,0.10000000000000002
cold_genie,0.0,10,0,50,789,2,0.8414634146341463,0.434,0.0,0.25139929514929504,0.10000000000000002
cold_genie,0.0,10,0,50,789,3,1.0857142857142856,0.493,0.0,0.23709415584415586,0.10000000000000002
cold_genie,0.0,10,0,50,789,4,0.9230769230769231,0.508,0.0,0.2511814574314574,0.10000000000000002
cold_genie,0.0,10,0,50,789,5,1.1694915254237288,0.51,0.0,0.22260392385392386,0.10000000000000002
cold_genie,0.0,10,0,50,789,6,1.03125,0.4660000000000001,0.0,0.27165945165945166,0.10000000000000002
cold_genie,0.0,10,0,50,789,7,0.8378378378378378,0.4600000000000001,0.0,0.2713263125763126,0.10000000000000002
cold_genie,0.0,10,0,50,789,8,0.9473684210526315,0.529,0.0,0.19743437118437118,0.10000000000000002
cold_genie,0.0,10,0,50,789,9,1.056338028169014,0.5219999999999999,0.0,0.191528749028749,0.10000000000000002
cold_genie,0.0,10,0,50,789,10,1.0588235294117647,0.5830000000000001,0.0,0.21720959595959596,0.10000000000000002
cold_genie,0.0,10,0,50,789,11,1.0625,0.479,0.0,0.2407521645021645,0.10000000000000002
cold_genie,0.0,10,0,50,789,12,0.927536231884058,0.481,0.0,0.257813714063714,0.10000000000000002
cold_genie,0.0,10,0,50,789,13,0.9594594594594594,0.475,0.0,0.25684634809634815,0.10000000000000002
cold_genie,0.0,10,0,50,789,14,1.2380952380952381,0.521,0.0,0.24064393939393938,0.10000000000000002
cold_genie,0.0,10,0,50,789,15,1.037037037037037,0.538,0.0,0.18935064935064935,0.10000000000000002
cold_genie,0.0,10,0,50,789,16,0.8783783783783784,0.46299999999999997,0.0,0.25616702741702746,0.10000000000000002
cold_genie,0.0,10,0,50,789,17,0.9705882352941176,0.488,0.0,0.21710858585858586,0.10000000000000002
cold_genie,0.0,10,0,50,789,18,0.984375,0.45400000000000007,0.0,0.23644522144522143,0.10000000000000002
cold_genie,0.0,10,0,50,789,19,0.922077922077922,0.5039999999999999,0.0,0.24662379287379288,0.10000000000000002
cold_genie,0.0,10,0,50,789,20,1.0158730158730158,0.43100000000000005,0.0,0.2737791375291376,0.10000000000000002
cold_genie,0.0,10,0,50,789,21,0.8169014084507042,0.4010000000000001,0.0,0.3024837662337662,0.10000000000000002
cold_genie,0.0,10,0,50,789,22,0.8831168831168831,0.484,0.0,0.21275724275724278,0.10000000000000002
cold_genie,0.0,10,0,50,789,23,1.0256410256410255,0.5199999999999999,0.0,0.2085930735930736,0.10000000000000002
cold_genie,0.0,10,0,50,789,24,0.7375,0.371,0.0,0.3065168165168165,0.10000000000000002
cold_genie,0.0,10,0,50,789,25,1.0153846153846153,0.502,0.0,0.22173520923520926,0.10000000000000002
cold_genie,0.0,10,0,50,789,26,1.0625,0.4920000000000001,0.0,0.2274386724386724,0.10000000000000002
cold_genie,0.0,10,0,50,789,27,1.125,0.496,0.0,0.22541125541125542,0.10000000000000002
cold_genie,0.0,10,0,50,789,28,0.7662337662337663,0.42299999999999993,0.0,0.2609199134199134,0.10000000000000002
cold_genie,0.0,10,0,50,789,29,1.051948051948052,0.57,0.0,0.202457264957265,0.10000000000000002
cold_genie,0.0,10,0,50,789,30,0.8461538461538461,0.49499999999999994,0.0,0.24171869796869797,0.10000000000000002
cold_genie,0.0,10,0,50,789,31,0.9558823529411765,0.5039999999999999,0.0,0.2572059884559884,0.10000000000000002
cold_genie,0.0,10,0,50,789,32,0.828125,0.39299999999999996,0.0,0.29893217893217894,0.10000000000000002
cold_genie,0.0,10,0,50,789,33,0.8666666666666667,0.4960000000000001,0.0,0.21436077811077808,0.10000000000000002
cold_genie,0.0,10,0,50,789,34,0.9746835443037974,0.547,0.0,0.22085497835497833,0.10000000000000002
cold_genie,0.0,10,0,50,789,35,0.8571428571428571,0.44200000000000006,0.0,0.2604562104562104,0.10000000000000002
cold_genie,0.0,10,0,50,789,36,0.9342105263157895,0.5130000000000001,0.0,0.22933483183483183,0.10000000000000002
cold_genie,0.0,10,0,50,789,37,1.0,0.46399999999999997,0.0,0.28130883005883,0.10000000000000002
cold_genie,0.0,10,0,50,789,38,0.8985507246376812,0.45600000000000007,0.0,0.26659867909867907,0.10000000000000002
cold_genie,0.0,10,0,50,789,39,0.8809523809523809,0.501,0.0,0.18908265345765346,0.10000000000000002
cold_genie,0.0,10,0,50,789,40,1.0588235294117647,0.5189999999999999,0.0,0.20786075036075036,0.10000000000000002
cold_genie,0.0,10,0,50,789,41,0.9722222222222222,0.476,0.0,0.20208194583194583,0.10000000000000002
cold_genie,0.0,10,0,50,789,42,1.1830985915492958,0.589,0.0,0.1945869408369408,0.10000000000000002
cold_genie,0.0,10,0,50,789,43,0.8354430379746836,0.496,0.0,0.25939754689754685,0.10000000000000002
cold_genie,0.0,10,0,50,789,44,0.746268656716418,0.36,0.0,0.31041944166944163,0.10000000000000002
cold_genie,0.0,10,0,50,789,45,0.9295774647887324,0.441,0.0,0.2390491452991453,0.10000000000000002
cold_genie,0.0,10,0,50,789,46,0.7702702702702703,0.433,0.0,0.2640710678210678,0.10000000000000002
cold_genie,0.0,10,0,50,789,47,1.075,0.546,0.0,0.2160840548340548,0.10000000000000002
cold_genie,0.0,10,0,50,789,48,1.0,0.516,0.0,0.20245670995670997,0.10000000000000002
cold_genie,0.0,10,0,50,789,49,0.9066666666666666,0.504,0.0,0.22766053391053392,0.10000000000000002
cold_nv,0.0,10,0,50,789,0,0.8518518518518519,0.4779999999999999,0.0,0.23783785658785656,0.10000000000000002
cold_nv,0.0,10,0,50,789,1,0.9,0.45299999999999996,0.0,0.2611832611832612,0.10000000000000002
cold_nv,0.0,10,0,50,789,2,0.8902439024390244,0.51,0.0,0.25038752913752915,0.10000000000000002
cold_nv,0.0,10,0,50,789,3,1.0,0.5029999999999999,0.0,0.23894161394161392,0.10000000000000002
cold_nv,0.0,10,0,50,789,4,0.9102564102564102,0.49499999999999994,0.0,0.24078310578310574,0.10000000000000002
cold_nv,0.0,10,0,50,789,5,1.2881355932203389,0.5569999999999999,0.0,0.20312937062937064,0.10000000000000002
cold_nv,0.0,10,0,50,789,6,1.296875,0.6159999999999999,0.0,0.17062756687756686,0.10000000000000002
cold_nv,0.0,10,0,50,789,7,0.7432432432432432,0.375,0.0,0.28676046176046177,0.10000000000000002
cold_nv,0.0,10,0,50,789,8,0.9605263157894737,0.559,0.0,0.23167069042069038,0.10000000000000002
cold_nv,0.0,10,0,50,789,9,0.8732394366197183,0.449,0.0,0.2934885947385947,0.10000000000000002
cold_nv,0.0,10,0,50,789,10,1.0735294117647058,0.5090000000000001,0.0,0.22080919080919076,0.10000000000000002
cold_nv,0.0,10,0,50,789,11,1.140625,0.5330000000000001,0.0,0.20770909645909647,0.10000000000000002
cold_nv,0.0,10,0,50,789,12,0.8695652173913043,0.425,0.0,0.26241341991341993,0.10000000000000002
cold_nv,0.0,10,0,50,789,13,1.0405405405405406,0.476,0.0,0.24447059884559885,0.10000000000000002
cold_nv,0.0,10,0,50,789,14,1.1587301587301588,0.501,0.0,0.22871683871683873,0.10000000000000002
cold_nv,0.0,10,0,50,789,15,0.9382716049382716,0.49700000000000005,0.0,0.268997113997114,0.10000000000000002
cold_nv,0.0,10,0,50,789,16,1.027027027027027,0.5159999999999999,0.0,0.21038947163947164,0.10000000000000002
cold_nv,0.0,10,0,50,789,17,0.9852941176470589,0.52,0.0,0.2185386835386836,0.10000000000000002
cold_nv,0.0,10,0,50,789,18,1.03125,0.4830000000000001,0.0,0.22757437007437006,0.10000000000000002
cold_nv,0.0,10,0,50,789,19,0.7922077922077922,0.45500000000000007,0.0,0.24036657786657786,0.10000000000000002
cold_nv,0.0,10,0,50,789,20,1.0793650793650793,0.45299999999999996,0.0,0.24268439893439891,0.10000000000000002
cold_nv,0.0,10,0,50,789,21,0.9154929577464789,0.476,0.0,0.2593488455988456,0.10000000000000002
cold_nv,0.0,10,0,50,789,22,0.7142857142857143,0.394,0.0,0.257725468975469,0.10000000000000002
cold_nv,0.0,10,0,50,789,23,1.0,0.515,0.0,0.23103923853923852,0.10000000000000002
cold_nv,0.0,10,0,50,789,24,0.8875,0.495,0.0,0.251526529026529,0.10000000000000002
cold_nv,0.0,10,0,50,789,25,1.0307692307692307,0.4790000000000001,0.0,0.2230354367854368,0.10000000000000002
cold_nv,0.0,10,0,50,789,26,1.09375,0.5079999999999999,0.0,0.21030303030303035,0.10000000000000002
cold_nv,0.0,10,0,50,789,27,1.3125,0.5780000000000001,0.0,0.18234224109224112,0.10000000000000002
cold_nv,0.0,10,0,50,789,28,0.8181818181818182,0.41800000000000004,0.0,0.24124084249084246,0.10000000000000002
cold_nv,0.0,10,0,50,789,29,0.922077922077922,0.502,0.0,0.22798923298923296,0.10000000000000002
cold_nv,0.0,10,0,50,789,30,0.9487179487179487,0.518,0.0,0.21617715617715616,0.10000000000000002
cold_nv,0.0,10,0,50,789,31,1.0441176470588236,0.5330000000000001,0.0,0.2143957431457432,0.10000000000000002
cold_nv,0.0,10,0,50,789,32,1.015625,0.48,0.0,0.2440530303030303,0.10000000000000002
cold_nv,0.0,10,0,50,789,33,0.8266666666666667,0.484,0.0,0.24828102453102452,0.10000000000000002
cold_nv,0.0,10,0,50,789,34,1.0379746835443038,0.5710000000000001,0.0,0.19083694083694086,0.10000000000000002
cold_nv,0.0,10,0,50,789,35,0.8571428571428571,0.45499999999999996,0.0,0.24133172383172385,0.10000000000000002
cold_nv,0.0,10,0,50,789,36,0.9210526315789473,0.5110000000000002,0.0,0.2159253246753247,0.10000000000000002
cold_nv,0.0,10,0,50,789,37,1.2272727272727273,0.5839999999999999,0.0,0.2031078643578644,0.10000000000000002
cold_nv,0.0,10,0,50,789,38,1.0434782608695652,0.5189999999999999,0.0,0.22640207015207015,0.10000000000000002
cold_nv,0.0,10,0,50,789,39,0.8571428571428571,0.4960000000000001,0.0,0.21614579864579858,0.10000000000000002
cold_nv,0.0,10,0,50,789,40,0.9852941176470589,0.4900000000000001,0.0,0.23576104451104457,0.10000000000000002
cold_nv,0.0,10,0,50,789,41,0.9444444444444444,0.471,0.0,0.2374209124209124,0.10000000000000002
cold_nv,0.0,10,0,50,789,42,1.0140845070422535,0.516,0.0,0.21790043290043287,0.10000000000000002
cold_nv,0.0,10,0,50,789,43,0.9240506329113924,0.4920000000000001,0.0,0.2240836940836941,0.10000000000000002
cold_nv,0.0,10,0,50,789,44,0.8955223880597015,0.46799999999999997,0.0,0.24913947163947164,0.10000000000000002
cold_nv,0.0,10,0,50,789,45,0.9577464788732394,0.4670000000000001,0.0,0.24655303030303027,0.10000000000000002
cold_nv,0.0,10,0,50,789,46,0.7972972972972973,0.4130000000000001,0.0,0.27098595848595847,0.10000000000000002
cold_nv,0.0,10,0,50,789,47,0.9,0.44799999999999995,0.0,0.25866161616161615,0.10000000000000002
cold_nv,0.0,10,0,50,789,48,0.9459459459459459,0.47300000000000003,0.0,0.22510281385281386,0.10000000000000002
cold_nv,0.0,10,0,50,789,49,0.8666666666666667,0.4860000000000001,0.0,0.23615967365967366,0.10000000000000002
cold_high,0.0,10,0,50,789,0,0.04938271604938271,0.027999999999999997,0.0,0.9533333333333334,0.5
cold_high,0.0,10,0,50,789,1,0.07142857142857142,0.024,0.0,0.9123809523809523,0.5
cold_high,0.0,10,0,50,789,2,0.12195121951219512,0.043000000000000003,0.0,0.8448809523809523,0.5
cold_high,0.0,10,0,50,789,3,0.15714285714285714,0.06200000000000001,0.0,0.8607142857142858,0.5
cold_high,0.0,10,0,50,789,4,0.11538461538461539,0.04700000000000001,0.0,0.8535714285714286,0.5
cold_high,0.0,10,0,50,789,5,0.1694915254237288,0.039000000000000014,0.0,0.8877976190476191,0.5
cold_high,0.0,10,0,50,789,6,0.109375,0.028000000000000004,0.0,0.875714285714286,0.5
cold_high,0.0,10,0,50,789,7,0.1891891891891892,0.08000000000000002,0.0,0.7988095238095237,0.5
cold_high,0.0,10,0,50,789,8,0.11842105263157894,0.043,0.0,0.8794642857142859,0.5
cold_high,0.0,10,0,50,789,9,0.07042253521126761,0.033,0.0,0.8973214285714286,0.5
cold_high,0.0,10,0,50,789,10,0.07352941176470588,0.034999999999999996,0.0,0.8998809523809523,0.5
cold_high,0.0,10,0,50,789,11,0.15625,0.047,0.0,0.8545833333333333,0.5
cold_high,0.0,10,0,50,789,12,0.15942028985507245,0.068,0.0,0.8695238095238095,0.5
cold_high,0.0,10,0,50,789,13,0.20270270270270271,0.07700000000000003,0.0,0.805,0.5
cold_high,0.0,10,0,50,789,14,0.1111111111111111,0.029000000000000005,0.0,0.9016666666666666,0.5
cold_high,0.0,10,0,50,789,15,0.13580246913580246,0.053000000000000005,0.0,0.8854761904761904,0.5
cold_high,0.0,10,0,50,789,16,0.10810810810810811,0.041999999999999996,0.0,0.9107142857142858,0.5
cold_high,0.0,10,0,50,789,17,0.08823529411764706,0.023,0.0,0.9147619047619047,0.5
cold_high,0.0,10,0,50,789,18,0.125,0.042,0.0,0.902142857142857,0.5
cold_high,0.0,10,0,50,789,19,0.14285714285714285,0.045,0.0,0.8614285714285715,0.5
cold_high,0.0,10,0,50,789,20,0.36507936507936506,0.12300000000000004,0.0,0.7701190476190477,0.5
cold_high,0.0,10,0,50,789,21,0.1267605633802817,0.033,0.0,0.8800000000000001,0.5
cold_high,0.0,10,0,50,789,22,0.16883116883116883,0.06800000000000002,0.0,0.7854761904761905,0.5
cold_high,0.0,10,0,50,789,23,0.10256410256410256,0.04,0.0,0.8528571428571429,0.5
cold_high,0.0,10,0,50,789,24,0.0625,0.022,0.0,0.9100000000000001,0.5
cold_high,0.0,10,0,50,789,25,0.1076923076923077,0.033999999999999996,0.0,0.8983333333333337,0.5
cold_high,0.0,10,0,50,789,26,0.140625,0.052000000000000005,0.0,0.8975000000000002,0.5
cold_high,0.0,10,0,50,789,27,0.171875,0.047,0.0,0.8357142857142857,0.5
cold_high,0.0,10,0,50,789,28,0.09090909090909091,0.048,0.0,0.8916666666666668,0.5
cold_high,0.0,10,0,50,789,29,0.14285714285714285,0.055999999999999994,0.0,0.8736904761904765,0.5
cold_high,0.0,10,0,50,789,30,0.14102564102564102,0.039999999999999994,0.0,0.8552380952380954,0.5
cold_high,0.0,10,0,50,789,31,0.07352941176470588,0.025,0.0,0.9139880952380954,0.5
cold_high,0.0,10,0,50,789,32,0.15625,0.05,0.0,0.8666666666666668,0.5
cold_high,0.0,10,0,50,789,33,0.09333333333333334,0.038,0.0,0.9083333333333334,0.5
cold_high,0.0,10,0,50,789,34,0.1518987341772152,0.06000000000000001,0.0,0.8820238095238097,0.5
cold_high,0.0,10,0,50,789,35,0.11688311688311688,0.05399999999999999,0.0,0.8854166666666666,0.5
cold_high,0.0,10,0,50,789,36,0.13157894736842105,0.049,0.0,0.885,0.5
cold_high,0.0,10,0,50,789,37,0.16666666666666666,0.052000000000000005,0.0,0.8440476190476192,0.5
cold_high,0.0,10,0,50,789,38,0.10144927536231885,0.04000000000000001,0.0,0.9107142857142859,0.5
cold_high,0.0,10,0,50,789,39,0.05952380952380952,0.033,0.0,0.9261904761904762,0.5
cold_high,0.0,10,0,50,789,40,0.1323529411764706,0.047,0.0,0.8592857142857143,0.5
cold_high,0.0,10,0,50,789,41,0.1111111111111111,0.034999999999999996,0.0,0.8984126984126984,0.5
cold_high,0.0,10,0,50,789,42,0.07042253521126761,0.021,0.0,0.9052380952380954,0.5
cold_high,0.0,10,0,50,789,43,0.1518987341772152,0.049,0.0,0.8177380952380953,0.5
cold_high,0.0,10,0,50,789,44,0.13432835820895522,0.05,0.0,0.825952380952381,0.5
cold_high,0.0,10,0,50,789,45,0.18309859154929578,0.06100000000000001,0.0,0.8169047619047619,0.5
cold_high,0.0,10,0,50,789,46,0.1891891891891892,0.07400000000000002,0.0,0.8326190476190478,0.5
cold_high,0.0,10,0,50,789,47,0.125,0.053000000000000005,0.0,0.8585714285714285,0.5
cold_high,0.0,10,0,50,789,48,0.12162162162162163,0.047,0.0,0.8447619047619048,0.5
cold_high,0.0,10,0,50,789,49,0.12,0.038,0.0,0.865,0.5
warm_nv,0.0,10,0,50,789,0,0.9629629629629629,0.533,0.0,0.1878155178155178,0.10000000000000002
warm_nv,0.0,10,0,50,789,1,0.9,0.43200000000000005,0.0,0.30959457209457203,0.14212477333333334
warm_nv,0.0,10,0,50,789,2,0.524390243902439,0.308,0.0,0.4591432178932179,0.16400314968888885
warm_nv,0.0,10,0,50,789,3,0.8,0.39100000000000007,0.0,0.39152777777777775,0.15565932044444444
warm_nv,0.0,10,0,50,789,4,0.6025641025641025,0.34199999999999997,0.0,0.42886904761904765,0.1713054352
warm_nv,0.0,10,0,50,789,5,0.9491525423728814,0.39699999999999996,0.0,0.3785714285714286,0.16462378207407408
warm_nv,0.0,10,0,50,789,6,0.921875,0.43299999999999994,0.0,0.3586216561216561,0.14951029866666668
warm_nv,0.0,10,0,50,789,7,0.6891891891891891,0.392,0.0,0.3997835497835498,0.1622409077333333
warm_nv,0.0,10,0,50,789,8,0.7631578947368421,0.41400000000000003,0.0,0.38222222222222224,0.15816388714666665
warm_nv,0.0,10,0,50,789,9,0.8028169014084507,0.375,0.0,0.3721915584415584,0.17313302378666667
warm_nv,0.0,10,0,50,789,10,0.8382352941176471,0.43599999999999994,0.0,0.3889373126873127,0.16077158826666668
warm_nv,0.0,10,0,50,789,11,0.8125,0.354,0.0,0.38144771894771895,0.1481714676148148
warm_nv,0.0,10,0,50,789,12,0.8260869565217391,0.41200000000000003,0.0,0.36317640692640685,0.15227972639999995
warm_nv,0.0,10,0,50,789,13,0.8243243243243243,0.37,0.0,0.39099317349317353,0.1518865815111111
warm_nv,0.0,10,0,50,789,14,0.9047619047619048,0.40800000000000003,0.0,0.37321428571428567,0.15539810829629624
warm_nv,0.0,10,0,50,789,15,0.7654320987654321,0.37899999999999995,0.0,0.3375328837828838,0.1495053857777778
warm_nv,0.0,10,0,50,789,16,0.7162162162162162,0.355,0.0,0.44753246753246756,0.16494780112592594
warm_nv,0.0,10,0,50,789,17,0.8382352941176471,0.41800000000000004,0.0,0.34130952380952384,0.1382385689432099
warm_nv,0.0,10,0,50,789,18,0.828125,0.36900000000000005,0.0,0.401243894993895,0.1615829087071605
warm_nv,0.0,10,0,50,789,19,0.7402597402597403,0.4739999999999999,0.0,0.3253823953823954,0.15034380672098765
warm_nv,0.0,10,0,50,789,20,0.9047619047619048,0.4119999999999999,0.0,0.33135336885336886,0.1615105559466667
warm_nv,0.0,10,0,50,789,21,0.6338028169014085,0.329,0.0,0.4453661616161616,0.1760065015466667
warm_nv,0.0,10,0,50,789,22,0.5584415584415584,0.33499999999999996,0.0,0.4191955266955267,0.17047456533333333
warm_nv,0.0,10,0,50,789,23,0.8076923076923077,0.41000000000000003,0.0,0.34567640692640694,0.17099004906666665
warm_nv,0.0,10,0,50,789,24,0.7,0.382,0.0,0.38492243867243864,0.1672827306823111
warm_nv,0.0,10,0,50,789,25,0.7230769230769231,0.32599999999999996,0.0,0.42304292929292925,0.15847968362074075
warm_nv,0.0,10,0,50,789,26,0.875,0.42300000000000004,0.0,0.36076340326340317,0.1523138105185185
warm_nv,0.0,10,0,50,789,27,0.96875,0.43,0.0,0.36220779220779215,0.15762222933333334
warm_nv,0.0,10,0,50,789,28,0.7532467532467533,0.403,0.0,0.34914682539682534,0.15847550177777775
warm_nv,0.0,10,0,50,789,29,0.6103896103896104,0.35,0.0,0.41510336885336885,0.1686707450617284
warm_nv,0.0,10,0,50,789,30,0.5,0.27399999999999997,0.0,0.43658730158730163,0.1759909598222222
warm_nv,0.0,10,0,50,789,31,0.7058823529411765,0.327,0.0,0.4473737373737373,0.17195615470222228
warm_nv,0.0,10,0,50,789,32,0.78125,0.3570000000000001,0.0,0.40222402597402596,0.15842358399999998
warm_nv,0.0,10,0,50,789,33,0.6933333333333334,0.351,0.0,0.39815476190476184,0.16133059946666672
warm_nv,0.0,10,0,50,789,34,0.7088607594936709,0.38399999999999995,0.0,0.37266955266955265,0.16729005034666672
warm_nv,0.0,10,0,50,789,35,0.6493506493506493,0.356,0.0,0.42929653679653673,0.17529967392
warm_nv,0.0,10,0,50,789,36,0.6973684210526315,0.363,0.0,0.3263332500832501,0.14309952450370375
warm_nv,0.0,10,0,50,789,37,0.9090909090909091,0.403,0.0,0.3597366522366522,0.1625843197155556
warm_nv,0.0,10,0,50,789,38,0.5942028985507246,0.29100000000000004,0.0,0.4505790043290044,0.1774437553066667
warm_nv,0.0,10,0,50,789,39,0.6071428571428571,0.344,0.0,0.42049603174603173,0.17499015918222222
warm_nv,0.0,10,0,50,789,40,0.6911764705882353,0.389,0.0,0.40841630591630584,0.16861874133333335
warm_nv,0.0,10,0,50,789,41,0.6388888888888888,0.352,0.0,0.4011183261183261,0.16357171377777782
warm_nv,0.0,10,0,50,789,42,0.8591549295774648,0.39400000000000013,0.0,0.3653174603174604,0.16880171928888893
warm_nv,0.0,10,0,50,789,43,0.759493670886076,0.4029999999999999,0.0,0.3350961538461538,0.15233364106666672
warm_nv,0.0,10,0,50,789,44,0.7611940298507462,0.38,0.0,0.415734126984127,0.15336284444444442
warm_nv,0.0,10,0,50,789,45,0.9154929577464789,0.39799999999999996,0.0,0.3256150793650795,0.1616364151466667
warm_nv,0.0,10,0,50,789,46,0.6891891891891891,0.34400000000000003,0.0,0.3822132034632035,0.16194979562666667
warm_nv,0.0,10,0,50,789,47,0.675,0.353,0.0,0.4008477633477633,0.17144988888888887
warm_nv,0.0,10,0,50,789,48,0.6081081081081081,0.3050000000000001,0.0,0.4363492063492063,0.17703495662222227
warm_nv,0.0,10,0,50,789,49,0.7066666666666667,0.388,0.0,0.41267857142857134,0.1734813524444444
warm_high,0.0,10,0,50,789,0,0.1111111111111111,0.032999999999999995,0.0,0.8952380952380953,0.5
warm_high,0.0,10,0,50,789,1,0.2857142857142857,0.11900000000000004,0.0,0.7325396825396824,0.3375298996913581
warm_high,0.0,10,0,50,789,2,0.5609756097560976,0.301,0.0,0.5281872294372294,0.22501392555401556
warm_high,0.0,10,0,50,789,3,0.8142857142857143,0.35,0.0,0.40889652014652017,0.19091322064090846
warm_high,0.0,10,0,50,789,4,0.6794871794871795,0.3380000000000001,0.0,0.3945869408369408,0.17025554832506692
warm_high,0.0,10,0,50,789,5,0.7288135593220338,0.28900000000000003,0.0,0.44754509379509366,0.17843543243337862
warm_high,0.0,10,0,50,789,6,0.84375,0.39300000000000007,0.0,0.40547008547008545,0.1780055066452449
warm_high,0.0,10,0,50,789,7,0.5540540540540541,0.312,0.0,0.4564285714285715,0.16646974805848636
warm_high,0.0,10,0,50,789,8,0.7105263157894737,0.384,0.0,0.38366147741147744,0.1621827090394337
warm_high,0.0,10,0,50,789,9,0.7605633802816901,0.366,0.0,0.40346500721500717,0.16121732979277542
warm_high,0.0,10,0,50,789,10,0.7352941176470589,0.34199999999999997,0.0,0.4393867243867243,0.16035951722276384
warm_high,0.0,10,0,50,789,11,0.875,0.398,0.0,0.34881854256854256,0.15906938995392514
warm_high,0.0,10,0,50,789,12,0.6956521739130435,0.31900000000000006,0.0,0.4370183982683984,0.17352586596650887
warm_high,0.0,10,0,50,789,13,0.7702702702702703,0.3669999999999999,0.0,0.3999891774891774,0.1784903670772897
warm_high,0.0,10,0,50,789,14,0.7301587301587301,0.328,0.0,0.43955808080808073,0.16021076081880706
warm_high,0.0,10,0,50,789,15,0.8395061728395061,0.42399999999999993,0.0,0.3679473304473304,0.1522659157422068
warm_high,0.0,10,0,50,789,16,0.7567567567567568,0.4090000000000001,0.0,0.36089826839826833,0.16728965856051495
warm_high,0.0,10,0,50,789,17,0.7647058823529411,0.398,0.0,0.3909199134199134,0.16488795115801608
warm_high,0.0,10,0,50,789,18,0.84375,0.358,0.0,0.4108048895548896,0.17432404303330404
warm_high,0.0,10,0,50,789,19,0.6493506493506493,0.378,0.0,0.4338492063492064,0.15555939978580388
warm_high,0.0,10,0,50,789,20,0.8412698412698413,0.37500000000000006,0.0,0.40323953823953823,0.15564491671458514
warm_high,0.0,10,0,50,789,21,0.8309859154929577,0.421,0.0,0.36204906204906206,0.144108434068991
warm_high,0.0,10,0,50,789,22,0.6753246753246753,0.39299999999999996,0.0,0.3569282106782107,0.14370358582788503
warm_high,0.0,10,0,50,789,23,0.8076923076923077,0.42000000000000004,0.0,0.33387321012321014,0.1408705980178826
warm_high,0.0,10,0,50,789,24,0.6,0.318,0.0,0.443385642135642,0.1548872861788052
warm_high,0.0,10,0,50,789,25,0.8461538461538461,0.41000000000000003,0.0,0.34096320346320347,0.15764141822758332
warm_high,0.0,10,0,50,789,26,0.953125,0.471,0.0,0.3268650793650793,0.16516606101539041
warm_high,0.0,10,0,50,789,27,0.90625,0.4129999999999999,0.0,0.3328142690642691,0.1529578185165869
warm_high,0.0,10,0,50,789,28,0.6753246753246753,0.35000000000000003,0.0,0.36715104340104343,0.15902680864091692
warm_high,0.0,10,0,50,789,29,0.7662337662337663,0.365,0.0,0.37835428460428455,0.16770693082746518
warm_high,0.0,10,0,50,789,30,0.7051282051282052,0.375,0.0,0.40540404040404043,0.1786719675724161
warm_high,0.0,10,0,50,789,31,0.8529411764705882,0.382,0.0,0.4098088023088023,0.17125602936259776
warm_high,0.0,10,0,50,789,32,0.75,0.34099999999999997,0.0,0.43717171717171716,0.1658936410029745
warm_high,0.0,10,0,50,789,33,0.6666666666666666,0.36400000000000005,0.0,0.36750180375180375,0.1553076281440388
warm_high,0.0,10,0,50,789,34,0.759493670886076,0.36900000000000005,0.0,0.39541666666666664,0.1644255918383197
warm_high,0.0,10,0,50,789,35,0.8701298701298701,0.4229999999999999,0.0,0.34640422077922073,0.17542276183740596
warm_high,0.0,10,0,50,789,36,0.631578947368421,0.343,0.0,0.3479437229437229,0.17431151436217834
warm_high,0.0,10,0,50,789,37,0.6818181818181818,0.31900000000000006,0.0,0.46734126984126984,0.18680219038491874
warm_high,0.0,10,0,50,789,38,0.6956521739130435,0.335,0.0,0.4802633477633479,0.16904581250080322
warm_high,0.0,10,0,50,789,39,0.7380952380952381,0.41000000000000003,0.0,0.335821817071817,0.16493334519919597
warm_high,0.0,10,0,50,789,40,0.9558823529411765,0.479,0.0,0.3047444222444222,0.15952245259537065
warm_high,0.0,10,0,50,789,41,0.6944444444444444,0.342,0.0,0.42279761904761903,0.18381293666010357
warm_high,0.0,10,0,50,789,42,0.676056338028169,0.37,0.0,0.4263726551226551,0.18613469040939526
warm_high,0.0,10,0,50,789,43,0.5949367088607594,0.32299999999999995,0.0,0.44127705627705627,0.17944689341001718
warm_high,0.0,10,0,50,789,44,0.582089552238806,0.26,0.0,0.44478174603174603,0.17082643481401358
warm_high,0.0,10,0,50,789,45,0.647887323943662,0.313,0.0,0.4164880952380952,0.16867555907068887
warm_high,0.0,10,0,50,789,46,0.7567567567567568,0.39899999999999997,0.0,0.37197150072150065,0.1657392626761007
warm_high,0.0,10,0,50,789,47,0.5,0.277,0.0,0.49492063492063487,0.17592941134560924
warm_high,0.0,10,0,50,789,48,0.8783783783783784,0.437,0.0,0.29658730158730157,0.14900337731792404
warm_high,0.0,10,0,50,789,49,0.84,0.425,0.0,0.33385101010101,0.15226222735666312
dcf_conv,0.0,10,0,50,789,0,0.8518518518518519,0.48599999999999993,0.0,0.10974412111796013,nan
dcf_conv,0.0,10,0,50,789,1,0.9428571428571428,0.49300000000000005,0.0,0.10005500626824156,nan
dcf_conv,0.0,10,0,50,789,2,0.926829268292683,0.512,0.0,0.08397343153922102,nan
dcf_conv,0.0,10,0,50,789,3,1.1285714285714286,0.5299999999999999,0.0,0.07654119981325865,nan
dcf_conv,0.0,10,0,50,789,4,0.8846153846153846,0.5050000000000001,0.0,0.08495084572290454,nan
dcf_conv,0.0,10,0,50,789,5,1.2203389830508475,0.5130000000000001,0.0,0.09038121085141207,nan
dcf_conv,0.0,10,0,50,789,6,1.078125,0.485,0.0,0.1092813455893951,nan
dcf_conv,0.0,10,0,50,789,7,0.8648648648648649,0.485,0.0,0.11120508877087827,nan
dcf_conv,0.0,10,0,50,789,8,0.9342105263157895,0.54,0.0,0.09585778385700988,nan
dcf_conv,0.0,10,0,50,789,9,1.0845070422535212,0.53,0.0,0.07934173669467787,nan
dcf_conv,0.0,10,0,50,789,10,1.088235294117647,0.545,0.0,0.0879026039320157,nan
dcf_conv,0.0,10,0,50,789,11,1.109375,0.5359999999999999,0.0,0.1076512967166992,nan
dcf_conv,0.0,10,0,50,789,12,1.0,0.495,0.0,0.0999951527660506,nan
dcf_conv,0.0,10,0,50,789,13,1.0675675675675675,0.5479999999999999,0.0,0.08643321139644669,nan
dcf_conv,0.0,10,0,50,789,14,1.253968253968254,0.5529999999999999,0.0,0.07589471394618454,nan
dcf_conv,0.0,10,0,50,789,15,1.0123456790123457,0.513,0.0,0.08768879848483428,nan
dcf_conv,0.0,10,0,50,789,16,1.054054054054054,0.5339999999999999,0.0,0.08960115456438986,nan
dcf_conv,0.0,10,0,50,789,17,1.0588235294117647,0.562,0.0,0.07359670150111325,nan
dcf_conv,0.0,10,0,50,789,18,1.1875,0.531,0.0,0.08307352859558742,nan
dcf_conv,0.0,10,0,50,789,19,0.8701298701298701,0.48599999999999993,0.0,0.10558806389688742,nan
dcf_conv,0.0,10,0,50,789,20,1.3015873015873016,0.548,0.0,0.07602389032536092,nan
dcf_conv,0.0,10,0,50,789,21,0.9295774647887324,0.45700000000000013,0.0,0.11767792858156634,nan
dcf_conv,0.0,10,0,50,789,22,1.0,0.5760000000000001,0.0,0.07440563822142769,nan
dcf_conv,0.0,10,0,50,789,23,0.8461538461538461,0.43200000000000005,0.0,0.1316064939961999,nan
dcf_conv,0.0,10,0,50,789,24,0.7625,0.43800000000000006,0.0,0.12582115983431777,nan
dcf_conv,0.0,10,0,50,789,25,1.0923076923076922,0.526,0.0,0.10194014319014319,nan
dcf_conv,0.0,10,0,50,789,26,1.0625,0.522,0.0,0.08866994116994116,nan
dcf_conv,0.0,10,0,50,789,27,0.96875,0.4539999999999999,0.0,0.1186833713671949,nan
dcf_conv,0.0,10,0,50,789,28,0.8701298701298701,0.48999999999999994,0.0,0.10822851555049695,nan
dcf_conv,0.0,10,0,50,789,29,0.935064935064935,0.5119999999999999,0.0,0.0955895819866408,nan
dcf_conv,0.0,10,0,50,789,30,0.9615384615384616,0.517,0.0,0.08855023115859029,nan
dcf_conv,0.0,10,0,50,789,31,1.1323529411764706,0.575,0.0,0.07173679970700095,nan
dcf_conv,0.0,10,0,50,789,32,0.984375,0.462,0.0,0.12210409688350865,nan
dcf_conv,0.0,10,0,50,789,33,0.9066666666666666,0.534,0.0,0.07522259388358458,nan
dcf_conv,0.0,10,0,50,789,34,0.9367088607594937,0.49700000000000005,0.0,0.10541911197677452,nan
dcf_conv,0.0,10,0,50,789,35,0.9090909090909091,0.48500000000000004,0.0,0.09501761804586882,nan
dcf_conv,0.0,10,0,50,789,36,0.881578947368421,0.506,0.0,0.08883888170652876,nan
dcf_conv,0.0,10,0,50,789,37,1.0,0.4720000000000001,0.0,0.10842150317264732,nan
dcf_conv,0.0,10,0,50,789,38,0.9565217391304348,0.507,0.0,0.11477213554419438,nan
dcf_conv,0.0,10,0,50,789,39,0.7857142857142857,0.45699999999999996,0.0,0.12163664251125553,nan
dcf_conv,0.0,10,0,50,789,40,0.9117647058823529,0.484,0.0,0.10847256093579623,nan
dcf_conv,0.0,10,0,50,789,41,1.2083333333333333,0.623,0.0,0.06163216169795118,nan
dcf_conv,0.0,10,0,50,789,42,0.9295774647887324,0.41900000000000004,0.0,0.12517363763687295,nan
dcf_conv,0.0,10,0,50,789,43,0.9873417721518988,0.572,0.0,0.0802376096126096,nan
dcf_conv,0.0,10,0,50,789,44,1.0298507462686568,0.48,0.0,0.0973631096715462,nan
dcf_conv,0.0,10,0,50,789,45,0.8028169014084507,0.39200000000000007,0.0,0.1433275874452345,nan
dcf_conv,0.0,10,0,50,789,46,0.8918918918918919,0.49700000000000005,0.0,0.10515065709144658,nan
dcf_conv,0.0,10,0,50,789,47,0.9375,0.538,0.0,0.09280082039563463,nan
dcf_conv,0.0,10,0,50,789,48,1.0135135135135136,0.5389999999999999,0.0,0.08819674606439312,nan
dcf_conv,0.0,10,0,50,789,49,0.8133333333333334,0.43199999999999994,0.0,0.12099502600083097,nan
oracle,0.0,10,0,50,1234,0,1.2083333333333333,0.588,0.0,0.23150488400488403,nan
oracle,0.0,10,0,50,1234,1,1.3571428571428572,0.515,0.0,0.23932289932289935,nan
oracle,0.0,10,0,50,1234,2,1.1129032258064515,0.49400000000000005,0.0,0.28409812409812407,nan
oracle,0.0,10,0,50,1234,3,1.0735294117647058,0.506,0.0,0.24351190476190482,nan
oracle,0.0,10,0,50,1234,4,0.8181818181818182,0.445,0.0,0.3372136197136197,nan
oracle,0.0,10,0,50,1234,5,1.0129870129870129,0.505,0.0,0.19963425463425463,nan
oracle,0.0,10,0,50,1234,6,0.8902439024390244,0.49300000000000005,0.0,0.323531746031746,nan
oracle,0.0,10,0,50,1234,7,1.1176470588235294,0.49000000000000005,0.0,0.32794955044955043,nan
oracle,0.0,10,0,50,1234,8,0.9466666666666667,0.49000000000000005,0.0,0.2954892329892329,nan
oracle,0.0,10,0,50,1234,9,1.1323529411764706,0.5489999999999998,0.0,0.2613365800865801,nan
oracle,0.0,10,0,50,1234,10,1.1724137931034482,0.5469999999999999,0.0,0.2528216228216228,nan
oracle,0.0,10,0,50,1234,11,1.2272727272727273,0.5690000000000001,0.0,0.2417525040319158,nan
oracle,0.0,10,0,50,1234,12,1.056338028169014,0.522,0.0,0.23084096459096454,nan
oracle,0.0,10,0,50,1234,13,0.8481012658227848,0.4579999999999999,0.0,0.29597152847152847,nan
oracle,0.0,10,0,50,1234,14,0.881578947368421,0.465,0.0,0.27045010545010545,nan
oracle,0.0,10,0,50,1234,15,0.9333333333333333,0.5080000000000001,0.0,0.2762186424686425,nan
oracle,0.0,10,0,50,1234,16,1.0886075949367089,0.607,0.0,0.2220670995670996,nan
oracle,0.0,10,0,50,1234,17,1.0923076923076922,0.49899999999999994,0.0,0.26804473304473303,nan
oracle,0.0,10,0,50,1234,18,0.9240506329113924,0.5149999999999999,0.0,0.3018872793872794,nan
oracle,0.0,10,0,50,1234,19,1.1571428571428573,0.57,0.0,0.23711746586746582,nan
oracle,0.0,10,0,50,1234,20,0.9615384615384616,0.5210000000000001,0.0,0.2852392052392053,nan
oracle,0.0,10,0,50,1234,21,1.1764705882352942,0.5280000000000001,0.0,0.2277128427128427,nan
oracle,0.0,10,0,50,1234,22,0.9156626506024096,0.5170000000000001,0.0,0.23849983349983347,nan
oracle,0.0,10,0,50,1234,23,0.9135802469135802,0.508,0.0,0.2979888167388167,nan
oracle,0.0,10,0,50,1234,24,0.8421052631578947,0.46900000000000003,0.0,0.2810220335220335,nan
oracle,0.0,10,0,50,1234,25,1.2,0.5439999999999998,0.0,0.26382326007326007,nan
oracle,0.0,10,0,50,1234,26,1.1714285714285715,0.5650000000000002,0.0,0.23739357864357863,nan
oracle,0.0,10,0,50,1234,27,1.1940298507462686,0.567,0.0,0.22830086580086575,nan
oracle,0.0,10,0,50,1234,28,0.9240506329113924,0.5250000000000001,0.0,0.24926337551337543,nan
oracle,0.0,10,0,50,1234,29,1.265625,0.573,0.0,0.2200468975468976,nan
oracle,0.0,10,0,50,1234,30,1.123076923076923,0.504,0.0,0.24973304473304472,nan
oracle,0.0,10,0,50,1234,31,1.0,0.528,0.0,0.28215187590187585,nan
oracle,0.0,10,0,50,1234,32,0.9583333333333334,0.5130000000000001,0.0,0.26863275613275606,nan
oracle,0.0,10,0,50,1234,33,0.948051948051948,0.483,0.0,0.2914393939393939,nan
oracle,0.0,10,0,50,1234,34,0.8767123287671232,0.4720000000000001,0.0,0.3161111111111111,nan
oracle,0.0,10,0,50,1234,35,0.9012345679012346,0.4779999999999999,0.0,0.2975912975912975,nan
oracle,0.0,10,0,50,1234,36,0.9863013698630136,0.5009999999999999,0.0,0.2611814574314574,nan
oracle,0.0,10,0,50,1234,37,0.975,0.594,0.0,0.22211580086580085,nan
oracle,0.0,10,0,50,1234,38,0.987012987012987,0.518,0.0,0.24532287157287155,nan
oracle,0.0,10,0,50,1234,39,1.027027027027027,0.514,0.0,0.3044678932178932,nan
oracle,0.0,10,0,50,1234,40,1.1343283582089552,0.5339999999999999,0.0,0.25629509379509385,nan
oracle,0.0,10,0,50,1234,41,1.435483870967742,0.6119999999999999,0.0,0.19851245976245974,nan
oracle,0.0,10,0,50,1234,42,0.863013698630137,0.434,0.0,0.32926046176046175,nan
oracle,0.0,10,0,50,1234,43,0.8780487804878049,0.489,0.0,0.2848794261294261,nan
oracle,0.0,10,0,50,1234,44,1.013157894736842,0.5320000000000001,0.0,0.23485028860028861,nan
oracle,0.0,10,0,50,1234,45,1.0617283950617284,0.5730000000000001,0.0,0.23169955044955043,nan
oracle,0.0,10,0,50,1234,46,1.0256410256410255,0.536,0.0,0.2729700854700855,nan
oracle,0.0,10,0,50,1234,47,0.9230769230769231,0.516,0.0,0.27617299367299364,nan
oracle,0.0,10,0,50,1234,48,0.8947368421052632,0.4950000000000001,0.0,0.29955086580086576,nan
oracle,0.0,10,0,50,1234,49,0.9852941176470589,0.49099999999999994,0.0,0.3023917748917749,nan
cold_genie,0.0,10,0,50,1234,0,0.8888888888888888,0.47800000000000004,0.0,0.26815836940836946,0.10000000000000002
cold_genie,0.0,10,0,50,1234,1,1.25,0.4839999999999999,0.0,0.2029220779220779,0.10000000000000002
cold_genie,0.0,10,0,50,1234,2,1.096774193548387,0.5250000000000001,0.0,0.2167099567099567,0.10000000000000002
cold_genie,0.0,10,0,50,1234,3,0.9852941176470589,0.46900000000000003,0.0,0.2212040737040737,0.10000000000000002
cold_genie,0.0,10,0,50,1234,4,0.974025974025974,0.535,0.0,0.18654040404040406,0.10000000000000002
cold_genie,0.0,10,0,50,1234,5,0.7922077922077922,0.4459999999999999,0.0,0.2816008991008991,0.10000000000000002
cold_genie,0.0,10,0,50,1234,6,0.8902439024390244,0.48900000000000016,0.0,0.2528607503607504,0.10000000000000002
cold_genie,0.0,10,0,50,1234,7,1.161764705882353,0.53,0.0,0.1930898268398268,0.10000000000000002
cold_genie,0.0,10,0,50,1234,8,0.8933333333333333,0.5099999999999999,0.0,0.22877331002330997,0.10000000000000002
cold_genie,0.0,10,0,50,1234,9,1.0147058823529411,0.488,0.0,0.22204725829725827,0.10000000000000002
cold_genie,0.0,10,0,50,1234,10,1.0344827586206897,0.445,0.0,0.2686778499278499,0.10000000000000002
cold_genie,0.0,10,0,50,1234,11,0.9545454545454546,0.41899999999999993,0.0,0.2591883116883117,0.10000000000000002
cold_genie,0.0,10,0,50,1234,12,0.9295774647887324,0.48500000000000004,0.0,0.25643217893217896,0.10000000000000002
cold_genie,0.0,10,0,50,1234,13,0.9240506329113924,0.5029999999999999,0.0,0.21809620934620932,0.10000000000000002
cold_genie,0.0,10,0,50,1234,14,0.7763157894736842,0.4330000000000001,0.0,0.2673946886446886,0.10000000000000002
cold_genie,0.0,10,0,50,1234,15,0.9066666666666666,0.5050000000000001,0.0,0.23530358530358528,0.10000000000000002
cold_genie,0.0,10,0,50,1234,16,0.7721518987341772,0.4520000000000001,0.0,0.24679514929514929,0.10000000000000002
cold_genie,0.0,10,0,50,1234,17,0.9384615384615385,0.473,0.0,0.28366883116883124,0.10000000000000002
cold_genie,0.0,10,0,50,1234,18,0.8227848101265823,0.504,0.0,0.2484163059163059,0.10000000000000002
cold_genie,0.0,10,0,50,1234,19,0.8571428571428571,0.43100000000000005,0.0,0.30694264069264066,0.10000000000000002
cold_genie,0.0,10,0,50,1234,20,0.782051282051282,0.41900000000000004,0.0,0.2726515151515152,0.10000000000000002
cold_genie,0.0,10,0,50,1234,21,1.0735294117647058,0.533,0.0,0.24396978021978027,0.10000000000000002
cold_genie,0.0,10,0,50,1234,22,0.6987951807228916,0.4090000000000001,0.0,0.280271534021534,0.10000000000000002
cold_genie,0.0,10,0,50,1234,23,0.8888888888888888,0.506,0.0,0.24227369852369854,0.10000000000000002
cold_genie,0.0,10,0,50,1234,24,1.0921052631578947,0.5950000000000001,0.0,0.18071969696969697,0.10000000000000002
cold_genie,0.0,10,0,50,1234,25,1.2769230769230768,0.583,0.0,0.17882561882561882,0.10000000000000002
cold_genie,0.0,10,0,50,1234,26,0.7285714285714285,0.36,0.0,0.29630341880341876,0.10000000000000002
cold_genie,0.0,10,0,50,1234,27,0.9104477611940298,0.453,0.0,0.257704378954379,0.10000000000000002
cold_genie,0.0,10,0,50,1234,28,0.8987341772151899,0.497,0.0,0.22194430569430573,0.10000000000000002
cold_genie,0.0,10,0,50,1234,29,1.046875,0.45999999999999996,0.0,0.26768166474048827,0.10000000000000002
cold_genie,0.0,10,0,50,1234,30,1.1076923076923078,0.502,0.0,0.2204330391830392,0.10000000000000002
cold_genie,0.0,10,0,50,1234,31,1.0,0.47000000000000003,0.0,0.224520202020202,0.10000000000000002
cold_genie,0.0,10,0,50,1234,32,1.0416666666666667,0.5650000000000002,0.0,0.20517135642135642,0.10000000000000002
cold_genie,0.0,10,0,50,1234,33,0.7402597402597403,0.362,0.0,0.28813408813408814,0.10000000000000002
cold_genie,0.0,10,0,50,1234,34,0.821917808219178,0.45699999999999996,0.0,0.2890277777777778,0.10000000000000002
cold_genie,0.0,10,0,50,1234,35,0.9259259259259259,0.5499999999999999,0.0,0.21028138528138526,0.10000000000000002
cold_genie,0.0,10,0,50,1234,36,1.0273972602739727,0.504,0.0,0.23566197691197685,0.10000000000000002
cold_genie,0.0,10,0,50,1234,37,0.9,0.505,0.0,0.227467254967255,0.10000000000000002
cold_genie,0.0,10,0,50,1234,38,0.8181818181818182,0.46000000000000013,0.0,0.2834036796536797,0.10000000000000002
cold_genie,0.0,10,0,50,1234,39,0.8783783783783784,0.44800000000000006,0.0,0.2556204906204906,0.10000000000000002
cold_genie,0.0,10,0,50,1234,40,0.9701492537313433,0.47800000000000004,0.0,0.2605301642801642,0.10000000000000002
cold_genie,0.0,10,0,50,1234,41,0.9354838709677419,0.38999999999999996,0.0,0.2871900321900322,0.10000000000000002
cold_genie,0.0,10,0,50,1234,42,1.0273972602739727,0.541,0.0,0.18343434343434342,0.10000000000000002
cold_genie,0.0,10,0,50,1234,43,0.7926829268292683,0.44400000000000006,0.0,0.26686618936618933,0.10000000000000002
cold_genie,0.0,10,0,50,1234,44,1.0263157894736843,0.543,0.0,0.22568154068154062,0.10000000000000002
cold_genie,0.0,10,0,50,1234,45,0.8641975308641975,0.5039999999999999,0.0,0.24550685425685423,0.10000000000000002
cold_genie,0.0,10,0,50,1234,46,0.9102564102564102,0.45199999999999996,0.0,0.2538444888444888,0.10000000000000002
cold_genie,0.0,10,0,50,1234,47,0.8974358974358975,0.5009999999999999,0.0,0.21361319236319232,0.10000000000000002
cold_genie,0.0,10,0,50,1234,48,0.8026315789473685,0.4339999999999999,0.0,0.2654617604617605,0.10000000000000002
cold_genie,0.0,10,0,50,1234,49,1.0147058823529411,0.5610000000000002,0.0,0.20975288600288602,0.10000000000000002
cold_nv,0.0,10,0,50,1234,0,0.9027777777777778,0.46699999999999997,0.0,0.25491341991341987,0.10000000000000002
cold_nv,0.0,10,0,50,1234,1,1.3214285714285714,0.5170000000000001,0.0,0.22323926073926076,0.10000000000000002
cold_nv,0.0,10,0,50,1234,2,1.032258064516129,0.49600000000000016,0.0,0.23630591630591624,0.10000000000000002
cold_nv,0.0,10,0,50,1234,3,1.0,0.4579999999999999,0.0,0.2559374653124653,0.10000000000000002
cold_nv,0.0,10,0,50,1234,4,1.0,0.535,0.0,0.2115775890775891,0.10000000000000002
cold_nv,0.0,10,0,50,1234,5,0.987012987012987,0.533,0.0,0.18540154290154293,0.10000000000000002
cold_nv,0.0,10,0,50,1234,6,0.7682926829268293,0.41000000000000003,0.0,0.2515824453324453,0.10000000000000002
cold_nv,0.0,10,0,50,1234,7,1.0147058823529411,0.46399999999999997,0.0,0.25571275946275945,0.10000000000000002
cold_nv,0.0,10,0,50,1234,8,0.8533333333333334,0.48599999999999993,0.0,0.2553968253968254,0.10000000000000002
cold_nv,0.0,10,0,50,1234,9,0.9852941176470589,0.48,0.0,0.24325757575757576,0.10000000000000002
cold_nv,0.0,10,0,50,1234,10,1.0517241379310345,0.44399999999999984,0.0,0.2574458874458875,0.10000000000000002
cold_nv,0.0,10,0,50,1234,11,1.0,0.45999999999999996,0.0,0.2415440115440116,0.10000000000000002
cold_nv,0.0,10,0,50,1234,12,1.0422535211267605,0.5090000000000001,0.0,0.23114205239205238,0.10000000000000002
cold_nv,0.0,10,0,50,1234,13,1.0886075949367089,0.584,0.0,0.17857725607725608,0.10000000000000002
cold_nv,0.0,10,0,50,1234,14,0.868421052631579,0.4800000000000001,0.0,0.22669108669108667,0.10000000000000002
cold_nv,0.0,10,0,50,1234,15,0.9466666666666667,0.4830000000000001,0.0,0.2553643578643578,0.10000000000000002
cold_nv,0.0,10,0,50,1234,16,0.8354430379746836,0.4830000000000001,0.0,0.24891996891996887,0.10000000000000002
cold_nv,0.0,10,0,50,1234,17,1.0461538461538462,0.5120000000000001,0.0,0.23160256410256408,0.10000000000000002
cold_nv,0.0,10,0,50,1234,18,0.8734177215189873,0.516,0.0,0.23308080808080806,0.10000000000000002
cold_nv,0.0,10,0,50,1234,19,1.042857142857143,0.5149999999999999,0.0,0.22145313020313012,0.10000000000000002
cold_nv,0.0,10,0,50,1234,20,0.8205128205128205,0.454,0.0,0.2783591408591408,0.10000000000000002
cold_nv,0.0,10,0,50,1234,21,1.0735294117647058,0.49700000000000005,0.0,0.2599062049062049,0.10000000000000002
cold_nv,0.0,10,0,50,1234,22,0.8433734939759037,0.434,0.0,0.27649281274281273,0.10000000000000002
cold_nv,0.0,10,0,50,1234,23,0.7777777777777778,0.445,0.0,0.2591810966810967,0.10000000000000002
cold_nv,0.0,10,0,50,1234,24,0.9473684210526315,0.5280000000000001,0.0,0.21220043845043843,0.10000000000000002
cold_nv,0.0,10,0,50,1234,25,0.9538461538461539,0.45500000000000007,0.0,0.2955717893217893,0.10000000000000002
cold_nv,0.0,10,0,50,1234,26,1.1142857142857143,0.556,0.0,0.2150353812853813,0.10000000000000002
cold_nv,0.0,10,0,50,1234,27,0.9552238805970149,0.47000000000000003,0.0,0.23655885780885783,0.10000000000000002
cold_nv,0.0,10,0,50,1234,28,0.7721518987341772,0.43200000000000005,0.0,0.2716052003552004,0.10000000000000002
cold_nv,0.0,10,0,50,1234,29,1.171875,0.55,0.0,0.20943722943722945,0.10000000000000002
cold_nv,0.0,10,0,50,1234,30,1.0923076923076922,0.4999999999999999,0.0,0.22471015096015096,0.10000000000000002
cold_nv,0.0,10,0,50,1234,31,0.7887323943661971,0.421,0.0,0.28305846930846934,0.10000000000000002
cold_nv,0.0,10,0,50,1234,32,0.8888888888888888,0.49300000000000005,0.0,0.2533585858585859,0.10000000000000002
cold_nv,0.0,10,0,50,1234,33,0.7922077922077922,0.45600000000000007,0.0,0.2679166666666667,0.10000000000000002
cold_nv,0.0,10,0,50,1234,34,1.0273972602739727,0.5479999999999999,0.0,0.21168650793650795,0.10000000000000002
cold_nv,0.0,10,0,50,1234,35,0.6419753086419753,0.39499999999999996,0.0,0.3071518759018759,0.10000000000000002
cold_nv,0.0,10,0,50,1234,36,0.9452054794520548,0.466,0.0,0.25569791319791324,0.10000000000000002
cold_nv,0.0,10,0,50,1234,37,0.775,0.43900000000000006,0.0,0.2817188367188367,0.10000000000000002
cold_nv,0.0,10,0,50,1234,38,0.8311688311688312,0.491,0.0,0.2496811521811521,0.10000000000000002
cold_nv,0.0,10,0,50,1234,39,0.8783783783783784,0.44499999999999995,0.0,0.2685225885225885,0.10000000000000002
cold_nv,0.0,10,0,50,1234,40,1.1343283582089552,0.524,0.0,0.20588078588078584,0.10000000000000002
cold_nv,0.0,10,0,50,1234,41,0.9193548387096774,0.43400000000000005,0.0,0.30049228549228546,0.10000000000000002
cold_nv,0.0,10,0,50,1234,42,1.0273972602739727,0.565,0.0,0.2172849372849373,0.10000000000000002
cold_nv,0.0,10,0,50,1234,43,0.8658536585365854,0.488,0.0,0.24458929958929948,0.10000000000000002
cold_nv,0.0,10,0,50,1234,44,0.9473684210526315,0.511,0.0,0.20442723942723942,0.10000000000000002
cold_nv,0.0,10,0,50,1234,45,0.8024691358024691,0.461,0.0,0.26511710511710507,0.10000000000000002
cold_nv,0.0,10,0,50,1234,46,0.9358974358974359,0.5010000000000001,0.0,0.2239385614385614,0.10000000000000002
cold_nv,0.0,10,0,50,1234,47,0.8717948717948718,0.475,0.0,0.22312770562770562,0.10000000000000002
cold_nv,0.0,10,0,50,1234,48,0.8552631578947368,0.4640000000000001,0.0,0.26402417027417024,0.10000000000000002
cold_nv,0.0,10,0,50,1234,49,0.9852941176470589,0.501,0.0,0.22316919191919188,0.10000000000000002
cold_high,0.0,10,0,50,1234,0,0.125,0.043000000000000003,0.0,0.8723809523809525,0.5
cold_high,0.0,10,0,50,1234,1,0.10714285714285714,0.026000000000000002,0.0,0.8652380952380954,0.5
cold_high,0.0,10,0,50,1234,2,0.12903225806451613,0.052000000000000005,0.0,0.8723809523809527,0.5
cold_high,0.0,10,0,50,1234,3,0.07352941176470588,0.032999999999999995,0.0,0.925,0.5
cold_high,0.0,10,0,50,1234,4,0.11688311688311688,0.048,0.0,0.8940476190476193,0.5
cold_high,0.0,10,0,50,1234,5,0.1038961038961039,0.043,0.0,0.9066666666666668,0.5
cold_high,0.0,10,0,50,1234,6,0.10975609756097561,0.039999999999999994,0.0,0.8982738095238094,0.5
cold_high,0.0,10,0,50,1234,7,0.14705882352941177,0.05500000000000001,0.0,0.9024404761904762,0.5
cold_high,0.0,10,0,50,1234,8,0.10666666666666667,0.040999999999999995,0.0,0.8364285714285714,0.5
cold_high,0.0,10,0,50,1234,9,0.11764705882352941,0.054000000000000006,0.0,0.9008333333333333,0.5
cold_high,0.0,10,0,50,1234,10,0.1724137931034483,0.05,0.0,0.8702380952380953,0.5
cold_high,0.0,10,0,50,1234,11,0.16666666666666666,0.062,0.0,0.8476190476190476,0.5
cold_high,0.0,10,0,50,1234,12,0.15492957746478872,0.063,0.0,0.8527976190476192,0.5
cold_high,0.0,10,0,50,1234,13,0.13924050632911392,0.05600000000000001,0.0,0.8829166666666668,0.5
cold_high,0.0,10,0,50,1234,14,0.14473684210526316,0.046,0.0,0.8147619047619049,0.5
cold_high,0.0,10,0,50,1234,15,0.17333333333333334,0.07100000000000001,0.0,0.845952380952381,0.5
cold_high,0.0,10,0,50,1234,16,0.189873417721519,0.07200000000000002,0.0,0.785952380952381,0.5
cold_high,0.0,10,0,50,1234,17,0.12307692307692308,0.042,0.0,0.8734126984126984,0.5
cold_high,0.0,10,0,50,1234,18,0.1518987341772152,0.05600000000000001,0.0,0.8648809523809525,0.5
cold_high,0.0,10,0,50,1234,19,0.12857142857142856,0.03899999999999999,0.0,0.8866666666666665,0.5
cold_high,0.0,10,0,50,1234,20,0.14102564102564102,0.052000000000000005,0.0,0.8945238095238095,0.5
cold_high,0.0,10,0,50,1234,21,0.1323529411764706,0.046,0.0,0.8330952380952382,0.5
cold_high,0.0,10,0,50,1234,22,0.12048192771084337,0.054000000000000006,0.0,0.8838690476190477,0.5
cold_high,0.0,10,0,50,1234,23,0.1111111111111111,0.054000000000000006,0.0,0.8855952380952381,0.5
cold_high,0.0,10,0,50,1234,24,0.11842105263157894,0.045,0.0,0.8561904761904762,0.5
cold_high,0.0,10,0,50,1234,25,0.18461538461538463,0.06500000000000002,0.0,0.8436309523809523,0.5
cold_high,0.0,10,0,50,1234,26,0.14285714285714285,0.06200000000000001,0.0,0.8307936507936506,0.5
cold_high,0.0,10,0,50,1234,27,0.11940298507462686,0.046000000000000006,0.0,0.8636904761904762,0.5
cold_high,0.0,10,0,50,1234,28,0.13924050632911392,0.049,0.0,0.8461904761904762,0.5
cold_high,0.0,10,0,50,1234,29,0.09375,0.037000000000000005,0.0,0.93,0.5
cold_high,0.0,10,0,50,1234,30,0.15384615384615385,0.06400000000000002,0.0,0.8735714285714286,0.5
cold_high,0.0,10,0,50,1234,31,0.1267605633802817,0.046,0.0,0.8719047619047618,0.5
cold_high,0.0,10,0,50,1234,32,0.1111111111111111,0.028000000000000004,0.0,0.8930952380952384,0.5
cold_high,0.0,10,0,50,1234,33,0.15584415584415584,0.05600000000000001,0.0,0.8592857142857142,0.5
cold_high,0.0,10,0,50,1234,34,0.0547945205479452,0.03,0.0,0.8574999999999999,0.5
cold_high,0.0,10,0,50,1234,35,0.12345679012345678,0.052000000000000005,0.0,0.8862500000000002,0.5
cold_high,0.0,10,0,50,1234,36,0.1506849315068493,0.04599999999999999,0.0,0.8547023809523809,0.5
cold_high,0.0,10,0,50,1234,37,0.1125,0.036,0.0,0.8750000000000002,0.5
cold_high,0.0,10,0,50,1234,38,0.14285714285714285,0.065,0.0,0.8559523809523808,0.5
cold_high,0.0,10,0,50,1234,39,0.1891891891891892,0.07500000000000001,0.0,0.8221428571428572,0.5
cold_high,0.0,10,0,50,1234,40,0.08955223880597014,0.034999999999999996,0.0,0.9116666666666665,0.5
cold_high,0.0,10,0,50,1234,41,0.12903225806451613,0.04,0.0,0.8777380952380953,0.5
cold_high,0.0,10,0,50,1234,42,0.0958904109589041,0.035,0.0,0.8767460317460317,0.5
cold_high,0.0,10,0,50,1234,43,0.12195121951219512,0.05000000000000001,0.0,0.8770833333333334,0.5
cold_high,0.0,10,0,50,1234,44,0.11842105263157894,0.046,0.0,0.8673809523809524,0.5
cold_high,0.0,10,0,50,1234,45,0.14814814814814814,0.05700000000000001,0.0,0.8183333333333334,0.5
cold_high,0.0,10,0,50,1234,46,0.15384615384615385,0.06100000000000001,0.0,0.8375,0.5
cold_high,0.0,10,0,50,1234,47,0.14102564102564102,0.045,0.0,0.869761904761905,0.5
cold_high,0.0,10,0,50,1234,48,0.09210526315789473,0.044,0.0,0.8664285714285717,0.5
cold_high,0.0,10,0,50,1234,49,0.11764705882352941,0.043000000000000003,0.0,0.8816071428571428,0.5
warm_nv,0.0,10,0,50,1234,0,0.9027777777777778,0.45199999999999996,0.0,0.23954080641580638,0.10000000000000002
warm_nv,0.0,10,0,50,1234,1,1.375,0.5559999999999999,0.0,0.23712481962481963,0.13842671790933334
warm_nv,0.0,10,0,50,1234,2,0.8870967741935484,0.37200000000000005,0.0,0.35937576312576314,0.15795261973333333
warm_nv,0.0,10,0,50,1234,3,0.8235294117647058,0.3729999999999999,0.0,0.3959565434565434,0.1707844939093333
warm_nv,0.0,10,0,50,1234,4,0.6753246753246753,0.3570000000000001,0.0,0.3857792207792207,0.1667549271407407
warm_nv,0.0,10,0,50,1234,5,0.7662337662337663,0.40800000000000003,0.0,0.3517857142857143,0.15336273422222219
warm_nv,0.0,10,0,50,1234,6,0.7804878048780488,0.46699999999999997,0.0,0.2988647463647464,0.1526562
warm_nv,0.0,10,0,50,1234,7,0.8529411764705882,0.381,0.0,0.3960142635142635,0.1648222775111111
warm_nv,0.0,10,0,50,1234,8,0.6933333333333334,0.35400000000000004,0.0,0.4028769841269841,0.17724093013333336
warm_nv,0.0,10,0,50,1234,9,0.8676470588235294,0.385,0.0,0.37290584415584416,0.17062121066666663
warm_nv,0.0,10,0,50,1234,10,0.8793103448275862,0.387,0.0,0.4037706043956044,0.16718769088000002
warm_nv,0.0,10,0,50,1234,11,0.8787878787878788,0.396,0.0,0.38217532467532467,0.15167037532444447
warm_nv,0.0,10,0,50,1234,12,0.8732394366197183,0.43400000000000005,0.0,0.37500999000999,0.16057480213333333
warm_nv,0.0,10,0,50,1234,13,0.6582278481012658,0.39499999999999996,0.0,0.3615187590187589,0.15782499946666667
warm_nv,0.0,10,0,50,1234,14,0.618421052631579,0.34400000000000003,0.0,0.3973809523809524,0.17973700683377775
warm_nv,0.0,10,0,50,1234,15,0.5333333333333333,0.3,0.0,0.4620075757575758,0.1898590165511111
warm_nv,0.0,10,0,50,1234,16,0.6835443037974683,0.382,0.0,0.37782647907647904,0.16757073499851852
warm_nv,0.0,10,0,50,1234,17,0.8615384615384616,0.383,0.0,0.3477308802308802,0.15867708462222224
warm_nv,0.0,10,0,50,1234,18,0.7974683544303798,0.441,0.0,0.3380866355866356,0.15375940213333333
warm_nv,0.0,10,0,50,1234,19,0.7714285714285715,0.40599999999999997,0.0,0.4001875901875902,0.1700160946666667
warm_nv,0.0,10,0,50,1234,20,0.7564102564102564,0.3909999999999999,0.0,0.39603341103341105,0.1570856784
warm_nv,0.0,10,0,50,1234,21,0.8676470588235294,0.40499999999999997,0.0,0.3553427128427128,0.157137448
warm_nv,0.0,10,0,50,1234,22,0.8313253012048193,0.44399999999999995,0.0,0.31163572538572537,0.14767311644444442
warm_nv,0.0,10,0,50,1234,23,0.5432098765432098,0.27799999999999997,0.0,0.4574603174603175,0.17013275200000003
warm_nv,0.0,10,0,50,1234,24,0.8026315789473685,0.40599999999999997,0.0,0.3540277777777778,0.16185502029629625
warm_nv,0.0,10,0,50,1234,25,0.8153846153846154,0.393,0.0,0.39444444444444443,0.15509401244444437
warm_nv,0.0,10,0,50,1234,26,0.7714285714285715,0.39600000000000013,0.0,0.36651154401154395,0.15769485354074073
warm_nv,0.0,10,0,50,1234,27,0.7164179104477612,0.358,0.0,0.37511002886002875,0.15101340480000003
warm_nv,0.0,10,0,50,1234,28,0.5949367088607594,0.317,0.0,0.43134920634920626,0.1634667240888889
warm_nv,0.0,10,0,50,1234,29,0.859375,0.40099999999999997,0.0,0.32617243867243867,0.14932753454814812
warm_nv,0.0,10,0,50,1234,30,0.7384615384615385,0.336,0.0,0.42536255411255414,0.16063572577777777
warm_nv,0.0,10,0,50,1234,31,0.7887323943661971,0.42400000000000004,0.0,0.36912698412698414,0.13975132888888891
warm_nv,0.0,10,0,50,1234,32,0.9722222222222222,0.536,0.0,0.23621031746031748,0.13523940195555556
warm_nv,0.0,10,0,50,1234,33,0.8441558441558441,0.41899999999999993,0.0,0.34246392496392497,0.15908827342222223
warm_nv,0.0,10,0,50,1234,34,0.7397260273972602,0.398,0.0,0.4314935064935064,0.17048744533333335
warm_nv,0.0,10,0,50,1234,35,0.5432098765432098,0.32599999999999996,0.0,0.43269841269841275,0.16668664575999997
warm_nv,0.0,10,0,50,1234,36,0.8082191780821918,0.399,0.0,0.3643362193362193,0.16923714470826665
warm_nv,0.0,10,0,50,1234,37,0.5375,0.28200000000000003,0.0,0.489949494949495,0.19380822297742217
warm_nv,0.0,10,0,50,1234,38,0.7402597402597403,0.406,0.0,0.36609668109668114,0.1783417975537778
warm_nv,0.0,10,0,50,1234,39,0.6891891891891891,0.32299999999999995,0.0,0.4011710511710511,0.1771719546112
warm_nv,0.0,10,0,50,1234,40,0.8656716417910447,0.3830000000000001,0.0,0.4003986291486291,0.17202006688000004
warm_nv,0.0,10,0,50,1234,41,0.8064516129032258,0.338,0.0,0.40263278388278384,0.16239804628148152
warm_nv,0.0,10,0,50,1234,42,0.6575342465753424,0.323,0.0,0.4386904761904762,0.16691316657777783
warm_nv,0.0,10,0,50,1234,43,0.524390243902439,0.31799999999999995,0.0,0.45275793650793644,0.15683140844444446
warm_nv,0.0,10,0,50,1234,44,0.7763157894736842,0.41600000000000004,0.0,0.3981042568542569,0.16298438488888886
warm_nv,0.0,10,0,50,1234,45,0.5679012345679012,0.31799999999999995,0.0,0.43107323232323225,0.16622706584888894
warm_nv,0.0,10,0,50,1234,46,0.7435897435897436,0.4069999999999999,0.0,0.39781066156066164,0.1719200162251852
warm_nv,0.0,10,0,50,1234,47,0.7564102564102564,0.4029999999999999,0.0,0.3396753246753247,0.1526340841728395
warm_nv,0.0,10,0,50,1234,48,0.7763157894736842,0.43000000000000005,0.0,0.336547619047619,0.15892677653333334
warm_nv,0.0,10,0,50,1234,49,0.7205882352941176,0.358,0.0,0.42339285714285707,0.166441248
warm_high,0.0,10,0,50,1234,0,0.09722222222222222,0.045,0.0,0.891904761904762,0.5
warm_high,0.0,10,0,50,1234,1,0.375,0.136,0.0,0.7201785714285716,0.3367776877572017
warm_high,0.0,10,0,50,1234,2,0.6612903225806451,0.2880000000000001,0.0,0.5567712842712844,0.2429373905106882
warm_high,0.0,10,0,50,1234,3,0.75,0.325,0.0,0.4265764790764791,0.18805440232132614
warm_high,0.0,10,0,50,1234,4,0.5714285714285714,0.309,0.0,0.456919191919192,0.19804783862964984
warm_high,0.0,10,0,50,1234,5,0.5454545454545454,0.28,0.0,0.45166833166833165,0.18893704720759924
warm_high,0.0,10,0,50,1234,6,0.5853658536585366,0.362,0.0,0.43015873015873013,0.1719032727912122
warm_high,0.0,10,0,50,1234,7,0.8823529411764706,0.396,0.0,0.3745081307581308,0.16472400192244124
warm_high,0.0,10,0,50,1234,8,0.6666666666666666,0.35900000000000004,0.0,0.3683567821067821,0.15135129982973186
warm_high,0.0,10,0,50,1234,9,0.8235294117647058,0.394,0.0,0.3492081529581529,0.15052094841144473
warm_high,0.0,10,0,50,1234,10,0.896551724137931,0.394,0.0,0.3711507936507937,0.14306265837871998
warm_high,0.0,10,0,50,1234,11,0.9393939393939394,0.43,0.0,0.30126734376734376,0.13962509967050746
warm_high,0.0,10,0,50,1234,12,0.8028169014084507,0.40099999999999997,0.0,0.38473484848484846,0.15089826697077724
warm_high,0.0,10,0,50,1234,13,0.6075949367088608,0.336,0.0,0.4159330946830946,0.16618865812498038
warm_high,0.0,10,0,50,1234,14,0.6842105263157895,0.3649999999999999,0.0,0.3757539682539683,0.15265604243905445
warm_high,0.0,10,0,50,1234,15,0.8266666666666667,0.44800000000000006,0.0,0.34380952380952384,0.1546640636133406
warm_high,0.0,10,0,50,1234,16,0.6329113924050633,0.33899999999999997,0.0,0.44688852813852814,0.14720862546773264
warm_high,0.0,10,0,50,1234,17,0.9230769230769231,0.44699999999999995,0.0,0.30697330447330445,0.134386214907479
warm_high,0.0,10,0,50,1234,18,0.6455696202531646,0.387,0.0,0.3833946608946609,0.1455684313077778
warm_high,0.0,10,0,50,1234,19,0.7285714285714285,0.37900000000000006,0.0,0.38826479076479076,0.1470316265466058
warm_high,0.0,10,0,50,1234,20,0.782051282051282,0.38499999999999995,0.0,0.33876914751914755,0.14590933191723593
warm_high,0.0,10,0,50,1234,21,0.7794117647058824,0.37300000000000005,0.0,0.3796482683982684,0.16176104599509217
warm_high,0.0,10,0,50,1234,22,0.7349397590361446,0.39399999999999996,0.0,0.34504148629148623,0.17572179816696204
warm_high,0.0,10,0,50,1234,23,0.6419753086419753,0.3720000000000001,0.0,0.4097835497835498,0.16974073404783466
warm_high,0.0,10,0,50,1234,24,0.7763157894736842,0.44499999999999995,0.0,0.34111652236652235,0.15816707100015728
warm_high,0.0,10,0,50,1234,25,0.8615384615384616,0.41800000000000004,0.0,0.39836219336219336,0.15518805574320876
warm_high,0.0,10,0,50,1234,26,0.8571428571428571,0.429,0.0,0.33357600732600734,0.14547716588968135
warm_high,0.0,10,0,50,1234,27,0.6716417910447762,0.32500000000000007,0.0,0.4021230158730159,0.15922308799803686
warm_high,0.0,10,0,50,1234,28,0.7341772151898734,0.413,0.0,0.32894660894660893,0.16311198636077145
warm_high,0.0,10,0,50,1234,29,0.75,0.36300000000000004,0.0,0.44894841269841274,0.16997857099479888
warm_high,0.0,10,0,50,1234,30,0.8153846153846154,0.369,0.0,0.3699422799422799,0.16287541215604578
warm_high,0.0,10,0,50,1234,31,0.6338028169014085,0.34400000000000003,0.0,0.4008848096348097,0.1614999061624139
warm_high,0.0,10,0,50,1234,32,0.7222222222222222,0.381,0.0,0.4041323953823953,0.14919726291825264
warm_high,0.0,10,0,50,1234,33,0.6493506493506493,0.35,0.0,0.4290277777777778,0.16042558601274876
warm_high,0.0,10,0,50,1234,34,0.7123287671232876,0.40499999999999997,0.0,0.3741287878787879,0.1541956071578487
warm_high,0.0,10,0,50,1234,35,0.691358024691358,0.41400000000000003,0.0,0.35577922077922075,0.1703356703919891
warm_high,0.0,10,0,50,1234,36,0.6027397260273972,0.275,0.0,0.5338690476190476,0.1847195037602511
warm_high,0.0,10,0,50,1234,37,0.6,0.33599999999999997,0.0,0.4223015873015873,0.15809019822917203
warm_high,0.0,10,0,50,1234,38,0.6753246753246753,0.3980000000000001,0.0,0.3493145743145743,0.14367854238458877
warm_high,0.0,10,0,50,1234,39,0.7702702702702703,0.402,0.0,0.37075632700632694,0.16904730960661385
warm_high,0.0,10,0,50,1234,40,0.7611940298507462,0.41600000000000004,0.0,0.4294246031746032,0.17908755180885486
warm_high,0.0,10,0,50,1234,41,1.0806451612903225,0.48,0.0,0.32332070707070704,0.15323103772650246
warm_high,0.0,10,0,50,1234,42,0.6438356164383562,0.33999999999999997,0.0,0.41598290598290594,0.15814879400509807
warm_high,0.0,10,0,50,1234,43,0.7804878048780488,0.43900000000000017,0.0,0.36565115440115437,0.16612259482474967
warm_high,0.0,10,0,50,1234,44,0.868421052631579,0.471,0.0,0.35584415584415585,0.16605238625475513
warm_high,0.0,10,0,50,1234,45,0.7283950617283951,0.38900000000000007,0.0,0.35627886002885994,0.1578148023546807
warm_high,0.0,10,0,50,1234,46,0.6666666666666666,0.346,0.0,0.3954455266955267,0.1626891371466918
warm_high,0.0,10,0,50,1234,47,0.5897435897435898,0.30799999999999994,0.0,0.4431510156510156,0.16624865817544016
warm_high,0.0,10,0,50,1234,48,0.7105263157894737,0.37299999999999994,0.0,0.3647619047619048,0.1596609513970258
warm_high,0.0,10,0,50,1234,49,0.75,0.396,0.0,0.38916847041847036,0.16790647758178065
dcf_conv,0.0,10,0,50,1234,0,0.9583333333333334,0.4749999999999999,0.0,0.10122136033900739,nan
dcf_conv,0.0,10,0,50,1234,1,1.3928571428571428,0.6039999999999999,0.0,0.07574642677583855,nan
dcf_conv,0.0,10,0,50,1234,2,1.096774193548387,0.5230000000000001,0.0,0.09729920298999245,nan
dcf_conv,0.0,10,0,50,1234,3,1.0588235294117647,0.49399999999999994,0.0,0.09688730687956694,nan
dcf_conv,0.0,10,0,50,1234,4,0.961038961038961,0.49799999999999994,0.0,0.10208311704635234,nan
dcf_conv,0.0,10,0,50,1234,5,0.922077922077922,0.543,0.0,0.08534175383440089,nan
dcf_conv,0.0,10,0,50,1234,6,0.926829268292683,0.496,0.0,0.09696557097872886,nan
dcf_conv,0.0,10,0,50,1234,7,1.25,0.5730000000000001,0.0,0.08655194779420786,nan
dcf_conv,0.0,10,0,50,1234,8,0.9066666666666666,0.5299999999999999,0.0,0.11498413351354528,nan
dcf_conv,0.0,10,0,50,1234,9,1.1911764705882353,0.58,0.0,0.07345399698340874,nan
dcf_conv,0.0,10,0,50,1234,10,1.0,0.465,0.0,0.12061634637292531,nan
dcf_conv,0.0,10,0,50,1234,11,1.0757575757575757,0.4990000000000001,0.0,0.09553503578464877,nan
dcf_conv,0.0,10,0,50,1234,12,1.0985915492957747,0.548,0.0,0.08781171442936149,nan
dcf_conv,0.0,10,0,50,1234,13,0.9113924050632911,0.5310000000000001,0.0,0.08908811776458836,nan
dcf_conv,0.0,10,0,50,1234,14,0.8552631578947368,0.44699999999999995,0.0,0.11075871926491124,nan
dcf_conv,0.0,10,0,50,1234,15,0.9466666666666667,0.5030000000000002,0.0,0.09624461322990734,nan
dcf_conv,0.0,10,0,50,1234,16,0.9620253164556962,0.533,0.0,0.08933135062392028,nan
dcf_conv,0.0,10,0,50,1234,17,1.0307692307692307,0.5239999999999999,0.0,0.10474966618348971,nan
dcf_conv,0.0,10,0,50,1234,18,0.8987341772151899,0.506,0.0,0.10812652625152626,nan
dcf_conv,0.0,10,0,50,1234,19,0.9857142857142858,0.49400000000000005,0.0,0.10401234279136755,nan
dcf_conv,0.0,10,0,50,1234,20,0.9743589743589743,0.5399999999999999,0.0,0.08952701301966008,nan
dcf_conv,0.0,10,0,50,1234,21,1.088235294117647,0.539,0.0,0.08449160316807376,nan
dcf_conv,0.0,10,0,50,1234,22,1.0481927710843373,0.601,0.0,0.06695937017918442,nan
dcf_conv,0.0,10,0,50,1234,23,1.037037037037037,0.5920000000000001,0.0,0.07909538174244056,nan
dcf_conv,0.0,10,0,50,1234,24,0.868421052631579,0.483,0.0,0.1034573860522003,nan
dcf_conv,0.0,10,0,50,1234,25,1.1384615384615384,0.519,0.0,0.0950153368303523,nan
dcf_conv,0.0,10,0,50,1234,26,1.042857142857143,0.5209999999999999,0.0,0.09760891069714599,nan
dcf_conv,0.0,10,0,50,1234,27,1.0597014925373134,0.51,0.0,0.09173512353659413,nan
dcf_conv,0.0,10,0,50,1234,28,0.8607594936708861,0.47000000000000003,0.0,0.11378782165546872,nan
dcf_conv,0.0,10,0,50,1234,29,1.28125,0.6130000000000001,0.0,0.05831952253972378,nan
dcf_conv,0.0,10,0,50,1234,30,1.1076923076923078,0.5069999999999999,0.0,0.0985310879351127,nan
dcf_conv,0.0,10,0,50,1234,31,0.9154929577464789,0.49000000000000005,0.0,0.11948130086287985,nan
dcf_conv,0.0,10,0,50,1234,32,1.0,0.5370000000000001,0.0,0.09560082890965244,nan
dcf_conv,0.0,10,0,50,1234,33,0.987012987012987,0.533,0.0,0.08083753149155627,nan
dcf_conv,0.0,10,0,50,1234,34,1.0136986301369864,0.592,0.0,0.08103590037413567,nan
dcf_conv,0.0,10,0,50,1234,35,0.8395061728395061,0.5229999999999999,0.0,0.09550527903469079,nan
dcf_conv,0.0,10,0,50,1234,36,1.1095890410958904,0.5650000000000002,0.0,0.07900342712842713,nan
dcf_conv,0.0,10,0,50,1234,37,0.95,0.521,0.0,0.08152863777089783,nan
dcf_conv,0.0,10,0,50,1234,38,0.922077922077922,0.512,0.0,0.09906901921607804,nan
dcf_conv,0.0,10,0,50,1234,39,0.8918918918918919,0.48900000000000016,0.0,0.11526426789584684,nan
dcf_conv,0.0,10,0,50,1234,40,1.1194029850746268,0.558,0.0,0.08076632925897631,nan
dcf_conv,0.0,10,0,50,1234,41,1.2258064516129032,0.516,0.0,0.089736174558156,nan
dcf_conv,0.0,10,0,50,1234,42,1.0136986301369864,0.5309999999999999,0.0,0.0904200557354582,nan
dcf_conv,0.0,10,0,50,1234,43,0.9390243902439024,0.5469999999999999,0.0,0.0885266734899088,nan
dcf_conv,0.0,10,0,50,1234,44,0.9473684210526315,0.5369999999999999,0.0,0.09358198883160182,nan
dcf_conv,0.0,10,0,50,1234,45,0.8518518518518519,0.46799999999999997,0.0,0.11589801710157747,nan
dcf_conv,0.0,10,0,50,1234,46,1.0897435897435896,0.607,0.0,0.06100741578682756,nan
dcf_conv,0.0,10,0,50,1234,47,0.8333333333333334,0.4790000000000001,0.0,0.1060392048182296,nan
dcf_conv,0.0,10,0,50,1234,48,0.9605263157894737,0.5050000000000001,0.0,0.09218152139398268,nan
dcf_conv,0.0,10,0,50,1234,49,0.9705882352941176,0.471,0.0,0.10825188893493846,nan
oracle,0.0,10,5,50,42,0,0.8524590163934426,0.3550000000000001,0.12600000000000006,0.2440402652902653,nan
oracle,0.0,10,5,50,42,1,0.8923076923076924,0.3729999999999999,0.07800000000000003,0.2519311244311244,nan
oracle,0.0,10,5,50,42,2,0.8688524590163934,0.354,0.10200000000000002,0.24727786102786103,nan
oracle,0.0,10,5,50,42,3,0.9696969696969697,0.41899999999999993,0.10200000000000002,0.20351121101121103,nan
oracle,0.0,10,5,50,42,4,0.873015873015873,0.433,0.06000000000000001,0.2527462814962815,nan
oracle,0.0,10,5,50,42,5,1.0597014925373134,0.449,0.10800000000000003,0.1919949494949495,nan
oracle,0.0,10,5,50,42,6,1.263157894736842,0.477,0.066,0.19966075591075588,nan
oracle,0.0,10,5,50,42,7,0.9259259259259259,0.41800000000000004,0.09600000000000002,0.23907106782106782,nan
oracle,0.0,10,5,50,42,8,1.0985915492957747,0.537,0.078,0.15778700466200463,nan
oracle,0.0,10,5,50,42,9,1.0317460317460319,0.4429999999999999,0.10800000000000005,0.2056549006549006,nan
oracle,0.0,10,5,50,42,10,1.1323529411764706,0.506,0.12000000000000002,0.15295787545787545,nan
oracle,0.0,10,5,50,42,11,1.0655737704918034,0.48100000000000004,0.084,0.19086829020652551,nan
oracle,0.0,10,5,50,42,12,0.855072463768116,0.4050000000000001,0.072,0.2510333416583416,nan
oracle,0.0,10,5,50,42,13,1.0793650793650793,0.4910000000000001,0.09600000000000002,0.18283535908535903,nan
oracle,0.0,10,5,50,42,14,0.9375,0.41200000000000003,0.10200000000000001,0.2177816627816628,nan
oracle,0.0,10,5,50,42,15,1.0149253731343284,0.476,0.06,0.2086747280497281,nan
oracle,0.0,10,5,50,42,16,0.9459459459459459,0.506,0.096,0.15465895215895215,nan
oracle,0.0,10,5,50,42,17,0.7391304347826086,0.356,0.11400000000000002,0.24175671550671546,nan
oracle,0.0,10,5,50,42,18,1.4181818181818182,0.5509999999999999,0.07200000000000002,0.17250111000111,nan
oracle,0.0,10,5,50,42,19,0.676056338028169,0.326,0.10800000000000001,0.28736124986124983,nan
oracle,0.0,10,5,50,42,20,1.26,0.46299999999999997,0.132,0.19690809190809194,nan
oracle,0.0,10,5,50,42,21,1.046875,0.46400000000000013,0.12,0.18160686535686538,nan
oracle,0.0,10,5,50,42,22,1.140625,0.521,0.054000000000000006,0.18236013986013985,nan
oracle,0.0,10,5,50,42,23,0.7746478873239436,0.3990000000000001,0.09600000000000004,0.262252886002886,nan
oracle,0.0,10,5,50,42,24,0.821917808219178,0.41500000000000004,0.084,0.2611693861693862,nan
oracle,0.0,10,5,50,42,25,1.0892857142857142,0.38700000000000007,0.084,0.19800915587680296,nan
oracle,0.0,10,5,50,42,26,1.1746031746031746,0.542,0.09000000000000001,0.1571650571650572,nan
oracle,0.0,10,5,50,42,27,1.1384615384615384,0.538,0.10800000000000001,0.14832993395493396,nan
oracle,0.0,10,5,50,42,28,0.8571428571428571,0.413,0.10800000000000001,0.21252317127317127,nan
oracle,0.0,10,5,50,42,29,1.0655737704918034,0.4760000000000001,0.07800000000000003,0.22005411255411259,nan
oracle,0.0,10,5,50,42,30,0.8701298701298701,0.4630000000000001,0.06600000000000002,0.21219770425652779,nan
oracle,0.0,10,5,50,42,31,1.0158730158730158,0.438,0.10800000000000001,0.1922821622821623,nan
oracle,0.0,10,5,50,42,32,0.8571428571428571,0.357,0.10800000000000001,0.23838231213231215,nan
oracle,0.0,10,5,50,42,33,1.2166666666666666,0.429,0.084,0.20766566766566769,nan
oracle,0.0,10,5,50,42,34,0.9571428571428572,0.47199999999999986,0.078,0.19529623154623152,nan
oracle,0.0,10,5,50,42,35,1.1076923076923078,0.48999999999999994,0.08400000000000002,0.1780897982736218,nan
oracle,0.0,10,5,50,42,36,1.1076923076923078,0.45600000000000007,0.096,0.1892783605283605,nan
oracle,0.0,10,5,50,42,37,0.9846153846153847,0.4159999999999999,0.09,0.19604839604839608,nan
oracle,0.0,10,5,50,42,38,1.0317460317460319,0.47800000000000004,0.096,0.1883517871017871,nan
oracle,0.0,10,5,50,42,39,1.0545454545454545,0.40099999999999997,0.08400000000000002,0.2398737373737374,nan
oracle,0.0,10,5,50,42,40,1.34375,0.573,0.078,0.1397801504051504,nan
oracle,0.0,10,5,50,42,41,0.8676470588235294,0.434,0.12000000000000002,0.19778263403263405,nan
oracle,0.0,10,5,50,42,42,1.2575757575757576,0.55,0.08399999999999999,0.1486915861915862,nan
oracle,0.0,10,5,50,42,43,1.0,0.4760000000000001,0.084,0.19043747102570635,nan
oracle,0.0,10,5,50,42,44,0.9571428571428572,0.425,0.07200000000000002,0.23837121212121218,nan
oracle,0.0,10,5,50,42,45,1.1272727272727272,0.48900000000000005,0.08400000000000003,0.2027236652236652,nan
oracle,0.0,10,5,50,42,46,1.106060606060606,0.47400000000000003,0.07200000000000001,0.2014812964812965,nan
oracle,0.0,10,5,50,42,47,0.953125,0.43899999999999995,0.10800000000000001,0.21639984198807732,nan
oracle,0.0,10,5,50,42,48,1.0,0.449,0.096,0.19291187978687985,nan
oracle,0.0,10,5,50,42,49,0.7671232876712328,0.37700000000000006,0.10200000000000001,0.22176448551448552,nan
cold_genie,0.0,10,5,50,42,0,0.9344262295081968,0.396,0.054000000000000006,0.23183483183483183,0.06666666666666667
cold_genie,0.0,10,5,50,42,1,0.8769230769230769,0.3910000000000001,0.084,0.21485542235542235,0.06666666666666667
cold_genie,0.0,10,5,50,42,2,1.1147540983606556,0.462,0.09600000000000002,0.17112935675435675,0.06666666666666667
cold_genie,0.0,10,5,50,42,3,0.8484848484848485,0.384,0.072,0.23895049395049398,0.06666666666666667
cold_genie,0.0,10,5,50,42,4,0.8571428571428571,0.40499999999999997,0.07800000000000003,0.273787185037185,0.06666666666666667
cold_genie,0.0,10,5,50,42,5,0.9253731343283582,0.4159999999999999,0.07200000000000002,0.1938902763902764,0.06666666666666667
cold_genie,0.0,10,5,50,42,6,0.9824561403508771,0.414,0.10200000000000002,0.20691183816183814,0.06666666666666667
cold_genie,0.0,10,5,50,42,7,0.9444444444444444,0.358,0.06600000000000002,0.2492895992895993,0.06666666666666667
cold_genie,0.0,10,5,50,42,8,0.7746478873239436,0.413,0.072,0.22682900432900435,0.06666666666666667
cold_genie,0.0,10,5,50,42,9,1.0634920634920635,0.49099999999999994,0.096,0.15877872127872134,0.06666666666666667
cold_genie,0.0,10,5,50,42,10,0.8382352941176471,0.371,0.084,0.21969294594294592,0.06666666666666667
cold_genie,0.0,10,5,50,42,11,1.0655737704918034,0.472,0.06000000000000001,0.19200563325563327,0.06666666666666667
cold_genie,0.0,10,5,50,42,12,0.7971014492753623,0.37299999999999994,0.07200000000000002,0.25776459651459643,0.06666666666666667
cold_genie,0.0,10,5,50,42,13,1.0317460317460319,0.477,0.06000000000000001,0.18218101343101348,0.06666666666666667
cold_genie,0.0,10,5,50,42,14,0.984375,0.4900000000000001,0.09,0.18130036630036628,0.06666666666666667
cold_genie,0.0,10,5,50,42,15,0.8507462686567164,0.39999999999999997,0.054000000000000006,0.22882548007548015,0.06666666666666667
cold_genie,0.0,10,5,50,42,16,0.8243243243243243,0.42400000000000004,0.07800000000000001,0.1984937284937285,0.06666666666666667
cold_genie,0.0,10,5,50,42,17,0.8840579710144928,0.43400000000000005,0.06000000000000001,0.18932574370074368,0.06666666666666667
cold_genie,0.0,10,5,50,42,18,1.0,0.404,0.078,0.23760989010989012,0.06666666666666667
cold_genie,0.0,10,5,50,42,19,0.7605633802816901,0.43000000000000005,0.06600000000000002,0.23630772005772002,0.06666666666666667
cold_genie,0.0,10,5,50,42,20,1.26,0.43000000000000005,0.09600000000000002,0.15441239316239316,0.06666666666666667
cold_genie,0.0,10,5,50,42,21,0.96875,0.49400000000000005,0.09,0.19506854256854259,0.06666666666666667
cold_genie,0.0,10,5,50,42,22,0.90625,0.41600000000000004,0.06600000000000002,0.2066432178932179,0.06666666666666667
cold_genie,0.0,10,5,50,42,23,0.9436619718309859,0.48,0.06600000000000002,0.1889824064824065,0.06666666666666667
cold_genie,0.0,10,5,50,42,24,0.8082191780821918,0.44300000000000006,0.054000000000000006,0.21011655011655012,0.06666666666666667
cold_genie,0.0,10,5,50,42,25,1.0535714285714286,0.43899999999999995,0.06000000000000001,0.23392246642246645,0.06666666666666667
cold_genie,0.0,10,5,50,42,26,0.8888888888888888,0.42799999999999994,0.06600000000000002,0.19730630480630484,0.06666666666666667
cold_genie,0.0,10,5,50,42,27,0.9076923076923077,0.39599999999999996,0.06000000000000001,0.23335621894445424,0.06666666666666667
cold_genie,0.0,10,5,50,42,28,0.7571428571428571,0.37700000000000006,0.054000000000000006,0.24515304140304145,0.06666666666666667
cold_genie,0.0,10,5,50,42,29,1.0491803278688525,0.45299999999999996,0.078,0.18394050394050393,0.06666666666666667
cold_genie,0.0,10,5,50,42,30,0.7922077922077922,0.4360000000000001,0.08399999999999999,0.20586746586746588,0.06666666666666667
cold_genie,0.0,10,5,50,42,31,1.0476190476190477,0.487,0.041999999999999996,0.17880563880563882,0.06666666666666667
cold_genie,0.0,10,5,50,42,32,1.0952380952380953,0.502,0.06000000000000001,0.17853757353757355,0.06666666666666667
cold_genie,0.0,10,5,50,42,33,1.0333333333333334,0.374,0.09,0.19293643856143855,0.06666666666666667
cold_genie,0.0,10,5,50,42,34,0.9428571428571428,0.46399999999999986,0.06599999999999999,0.19613247863247862,0.06666666666666667
cold_genie,0.0,10,5,50,42,35,1.0615384615384615,0.4960000000000001,0.06600000000000002,0.16947150072150072,0.06666666666666667
cold_genie,0.0,10,5,50,42,36,1.0461538461538462,0.46299999999999997,0.06000000000000001,0.2188397713397713,0.06666666666666667
cold_genie,0.0,10,5,50,42,37,0.9846153846153847,0.496,0.041999999999999996,0.17192182817182816,0.06666666666666667
cold_genie,0.0,10,5,50,42,38,0.9682539682539683,0.42699999999999994,0.048,0.24171356421356424,0.06666666666666667
cold_genie,0.0,10,5,50,42,39,1.1272727272727272,0.43200000000000005,0.07200000000000002,0.2137397324897325,0.06666666666666667
cold_genie,0.0,10,5,50,42,40,0.921875,0.368,0.066,0.24122613497613493,0.06666666666666667
cold_genie,0.0,10,5,50,42,41,0.9705882352941176,0.4780000000000001,0.06599999999999999,0.19882561882561883,0.06666666666666667
cold_genie,0.0,10,5,50,42,42,0.9242424242424242,0.4419999999999999,0.09600000000000002,0.21839646464646462,0.06666666666666667
cold_genie,0.0,10,5,50,42,43,0.927536231884058,0.453,0.048,0.19720099345099346,0.06666666666666667
cold_genie,0.0,10,5,50,42,44,0.8,0.39000000000000007,0.078,0.22773795648795653,0.06666666666666667
cold_genie,0.0,10,5,50,42,45,0.9090909090909091,0.37600000000000006,0.10200000000000001,0.20464577089577088,0.06666666666666667
cold_genie,0.0,10,5,50,42,46,0.8787878787878788,0.4169999999999999,0.10800000000000001,0.17799630924630921,0.06666666666666667
cold_genie,0.0,10,5,50,42,47,1.0,0.453,0.036,0.20988539238539242,0.06666666666666667
cold_genie,0.0,10,5,50,42,48,1.0,0.44600000000000006,0.041999999999999996,0.22813943001443002,0.06666666666666667
cold_genie,0.0,10,5,50,42,49,0.7808219178082192,0.4210000000000001,0.09,0.20598651348651345,0.06666666666666667
cold_nv,0.0,10,5,50,42,0,0.9672131147540983,0.417,0.054000000000000006,0.2628787878787879,0.10000000000000002
cold_nv,0.0,10,5,50,42,1,0.9538461538461539,0.42400000000000004,0.03,0.28527597402597404,0.10000000000000002
cold_nv,0.0,10,5,50,42,2,0.8360655737704918,0.33099999999999996,0.06599999999999999,0.27589729714729716,0.10000000000000002
cold_nv,0.0,10,5,50,42,3,0.803030303030303,0.34,0.036,0.3322853535353535,0.10000000000000002
cold_nv,0.0,10,5,50,42,4,0.8412698412698413,0.391,0.041999999999999996,0.2995670995670996,0.10000000000000002
cold_nv,0.0,10,5,50,42,5,0.8507462686567164,0.38199999999999995,0.06000000000000001,0.31207431457431456,0.10000000000000002
cold_nv,0.0,10,5,50,42,6,1.0701754385964912,0.473,0.048,0.2505920468420468,0.10000000000000002
cold_nv,0.0,10,5,50,42,7,0.7962962962962963,0.32100000000000006,0.041999999999999996,0.31978896103896104,0.10000000000000002
cold_nv,0.0,10,5,50,42,8,0.8028169014084507,0.38,0.036,0.30150002775002777,0.10000000000000002
cold_nv,0.0,10,5,50,42,9,1.0793650793650793,0.47800000000000004,0.012,0.25442390942390947,0.10000000000000002
cold_nv,0.0,10,5,50,42,10,0.8823529411764706,0.403,0.048,0.2808585858585858,0.10000000000000002
cold_nv,0.0,10,5,50,42,11,0.9836065573770492,0.46299999999999997,0.024,0.2797276334776334,0.10000000000000002
cold_nv,0.0,10,5,50,42,12,0.7681159420289855,0.37700000000000006,0.018,0.3303607503607503,0.10000000000000002
cold_nv,0.0,10,5,50,42,13,0.9841269841269841,0.48400000000000015,0.06600000000000002,0.251984126984127,0.10000000000000002
cold_nv,0.0,10,5,50,42,14,0.828125,0.372,0.06000000000000001,0.29766233766233763,0.10000000000000002
cold_nv,0.0,10,5,50,42,15,0.7164179104477612,0.3560000000000001,0.048,0.29586663336663344,0.10000000000000002
cold_nv,0.0,10,5,50,42,16,0.7702702702702703,0.3690000000000001,0.084,0.2950875513375513,0.10000000000000002
cold_nv,0.0,10,5,50,42,17,0.8405797101449275,0.4090000000000001,0.048,0.29595959595959603,0.10000000000000002
cold_nv,0.0,10,5,50,42,18,1.0545454545454545,0.39299999999999996,0.048,0.2673375235875236,0.10000000000000002
cold_nv,0.0,10,5,50,42,19,0.704225352112676,0.351,0.041999999999999996,0.32869769119769116,0.10000000000000002
cold_nv,0.0,10,5,50,42,20,1.32,0.4710000000000001,0.048,0.2317994505494505,0.10000000000000002
cold_nv,0.0,10,5,50,42,21,0.90625,0.44799999999999995,0.048,0.25233044733044735,0.10000000000000002
cold_nv,0.0,10,5,50,42,22,1.078125,0.4900000000000001,0.048,0.22656024531024527,0.10000000000000002
cold_nv,0.0,10,5,50,42,23,0.676056338028169,0.33299999999999996,0.03,0.33093253968253966,0.10000000000000002
cold_nv,0.0,10,5,50,42,24,0.863013698630137,0.45100000000000007,0.06000000000000001,0.24862012987012988,0.10000000000000002
cold_nv,0.0,10,5,50,42,25,1.0714285714285714,0.44300000000000006,0.048,0.2706619769119769,0.10000000000000002
cold_nv,0.0,10,5,50,42,26,0.6666666666666666,0.31,0.036,0.35273809523809524,0.10000000000000002
cold_nv,0.0,10,5,50,42,27,1.0615384615384615,0.5149999999999999,0.036,0.22960497835497837,0.10000000000000002
cold_nv,0.0,10,5,50,42,28,0.7142857142857143,0.318,0.024,0.3288888888888889,0.10000000000000002
cold_nv,0.0,10,5,50,42,29,0.9836065573770492,0.394,0.041999999999999996,0.28468253968253965,0.10000000000000002
cold_nv,0.0,10,5,50,42,30,0.5974025974025974,0.306,0.06000000000000001,0.32024378399378395,0.10000000000000002
cold_nv,0.0,10,5,50,42,31,0.8253968253968254,0.364,0.041999999999999996,0.3220639083139083,0.10000000000000002
cold_nv,0.0,10,5,50,42,32,0.9365079365079365,0.426,0.012,0.31664321789321787,0.10000000000000002
cold_nv,0.0,10,5,50,42,33,1.0333333333333334,0.42699999999999994,0.018,0.2846277333777333,0.10000000000000002
cold_nv,0.0,10,5,50,42,34,0.8,0.402,0.054000000000000006,0.25767045454545456,0.10000000000000002
cold_nv,0.0,10,5,50,42,35,0.8307692307692308,0.399,0.048,0.3217857142857143,0.10000000000000002
cold_nv,0.0,10,5,50,42,36,1.0615384615384615,0.4760000000000001,0.041999999999999996,0.2497511516261516,0.10000000000000002
cold_nv,0.0,10,5,50,42,37,0.8153846153846154,0.3809999999999999,0.03,0.30401154401154395,0.10000000000000002
cold_nv,0.0,10,5,50,42,38,0.8571428571428571,0.362,0.048,0.33473290598290595,0.10000000000000002
cold_nv,0.0,10,5,50,42,39,0.7090909090909091,0.29,0.024,0.37504329004329,0.10000000000000002
cold_nv,0.0,10,5,50,42,40,0.90625,0.384,0.041999999999999996,0.3359607059607059,0.10000000000000002
cold_nv,0.0,10,5,50,42,41,0.7352941176470589,0.368,0.036,0.29092532467532467,0.10000000000000002
cold_nv,0.0,10,5,50,42,42,0.9242424242424242,0.41500000000000004,0.054000000000000006,0.26827408702408706,0.10000000000000002
cold_nv,0.0,10,5,50,42,43,0.7971014492753623,0.369,0.041999999999999996,0.29320165945165944,0.10000000000000002
cold_nv,0.0,10,5,50,42,44,0.7285714285714285,0.3520000000000001,0.048,0.2898393273393273,0.10000000000000002
cold_nv,0.0,10,5,50,42,45,1.0363636363636364,0.42700000000000005,0.06600000000000002,0.27994283494283495,0.10000000000000002
cold_nv,0.0,10,5,50,42,46,0.8787878787878788,0.44200000000000006,0.048,0.23999278499278498,0.10000000000000002
cold_nv,0.0,10,5,50,42,47,0.828125,0.37100000000000005,0.036,0.30461982461982456,0.10000000000000002
cold_nv,0.0,10,5,50,42,48,0.96875,0.42799999999999994,0.041999999999999996,0.27240190365190364,0.10000000000000002
cold_nv,0.0,10,5,50,42,49,0.9315068493150684,0.44200000000000006,0.018,0.22753205128205126,0.10000000000000002
cold_high,0.0,10,5,50,42,0,0.11475409836065574,0.03200000000000001,0.0,0.9128571428571428,0.5
cold_high,0.0,10,5,50,42,1,0.13846153846153847,0.044,0.006,0.8683333333333334,0.5
cold_high,0.0,10,5,50,42,2,0.06557377049180328,0.019,0.0,0.9204761904761906,0.5
cold_high,0.0,10,5,50,42,3,0.12121212121212122,0.039,0.0,0.905,0.5
cold_high,0.0,10,5,50,42,4,0.14285714285714285,0.038,0.0,0.8457142857142855,0.5
cold_high,0.0,10,5,50,42,5,0.1044776119402985,0.046,0.0,0.8926190476190475,0.5
cold_high,0.0,10,5,50,42,6,0.17543859649122806,0.05500000000000001,0.0,0.881904761904762,0.5
cold_high,0.0,10,5,50,42,7,0.2037037037037037,0.060999999999999985,0.0,0.868095238095238,0.5
cold_high,0.0,10,5,50,42,8,0.04225352112676056,0.012,0.006,0.9137500000000001,0.5
cold_high,0.0,10,5,50,42,9,0.19047619047619047,0.062,0.0,0.8602380952380952,0.5
cold_high,0.0,10,5,50,42,10,0.11764705882352941,0.038,0.0,0.9089880952380953,0.5
cold_high,0.0,10,5,50,42,11,0.11475409836065574,0.043,0.0,0.8733333333333336,0.5
cold_high,0.0,10,5,50,42,12,0.2028985507246377,0.079,0.0,0.83625,0.5
cold_high,0.0,10,5,50,42,13,0.1111111111111111,0.034999999999999996,0.0,0.906904761904762,0.5
cold_high,0.0,10,5,50,42,14,0.140625,0.05,0.0,0.8661904761904763,0.5
cold_high,0.0,10,5,50,42,15,0.14925373134328357,0.054000000000000006,0.0,0.88375,0.5
cold_high,0.0,10,5,50,42,16,0.12162162162162163,0.044,0.0,0.853809523809524,0.5
cold_high,0.0,10,5,50,42,17,0.10144927536231885,0.051000000000000004,0.0,0.881904761904762,0.5
cold_high,0.0,10,5,50,42,18,0.14545454545454545,0.039999999999999994,0.0,0.8907142857142858,0.5
cold_high,0.0,10,5,50,42,19,0.15492957746478872,0.045,0.0,0.8629166666666667,0.5
cold_high,0.0,10,5,50,42,20,0.24,0.062,0.0,0.8342857142857143,0.5
cold_high,0.0,10,5,50,42,21,0.125,0.040999999999999995,0.0,0.8619047619047621,0.5
cold_high,0.0,10,5,50,42,22,0.15625,0.049,0.0,0.871547619047619,0.5
cold_high,0.0,10,5,50,42,23,0.11267605633802817,0.031000000000000007,0.0,0.8938095238095238,0.5
cold_high,0.0,10,5,50,42,24,0.1232876712328767,0.03799999999999999,0.0,0.8540476190476192,0.5
cold_high,0.0,10,5,50,42,25,0.17857142857142858,0.047,0.0,0.8630952380952384,0.5
cold_high,0.0,10,5,50,42,26,0.23809523809523808,0.08,0.0,0.8033333333333335,0.5
cold_high,0.0,10,5,50,42,27,0.15384615384615385,0.05600000000000001,0.0,0.8342857142857142,0.5
cold_high,0.0,10,5,50,42,28,0.18571428571428572,0.07,0.0,0.862857142857143,0.5
cold_high,0.0,10,5,50,42,29,0.09836065573770492,0.036,0.0,0.9023809523809524,0.5
cold_high,0.0,10,5,50,42,30,0.09090909090909091,0.034,0.0,0.9210714285714285,0.5
cold_high,0.0,10,5,50,42,31,0.19047619047619047,0.06899999999999999,0.0,0.8740476190476191,0.5
cold_high,0.0,10,5,50,42,32,0.1746031746031746,0.054000000000000006,0.0,0.8426190476190476,0.5
cold_high,0.0,10,5,50,42,33,0.15,0.037,0.0,0.8835119047619049,0.5
cold_high,0.0,10,5,50,42,34,0.12857142857142856,0.041999999999999996,0.0,0.872857142857143,0.5
cold_high,0.0,10,5,50,42,35,0.18461538461538463,0.049,0.0,0.8671428571428571,0.5
cold_high,0.0,10,5,50,42,36,0.09230769230769231,0.032,0.0,0.8752380952380954,0.5
cold_high,0.0,10,5,50,42,37,0.23076923076923078,0.074,0.0,0.7949206349206348,0.5
cold_high,0.0,10,5,50,42,38,0.12698412698412698,0.03200000000000001,0.0,0.8866666666666669,0.5
cold_high,0.0,10,5,50,42,39,0.16363636363636364,0.052000000000000005,0.0,0.8995238095238095,0.5
cold_high,0.0,10,5,50,42,40,0.109375,0.053000000000000005,0.0,0.9314285714285715,0.5
cold_high,0.0,10,5,50,42,41,0.1323529411764706,0.05500000000000001,0.0,0.8564285714285713,0.5
cold_high,0.0,10,5,50,42,42,0.12121212121212122,0.031000000000000007,0.0,0.8794047619047619,0.5
cold_high,0.0,10,5,50,42,43,0.057971014492753624,0.017,0.0,0.8827380952380952,0.5
cold_high,0.0,10,5,50,42,44,0.14285714285714285,0.052000000000000005,0.0,0.8470238095238096,0.5
cold_high,0.0,10,5,50,42,45,0.2,0.072,0.0,0.8615476190476189,0.5
cold_high,0.0,10,5,50,42,46,0.12121212121212122,0.048,0.0,0.9066666666666666,0.5
cold_high,0.0,10,5,50,42,47,0.171875,0.062,0.0,0.8363690476190477,0.5
cold_high,0.0,10,5,50,42,48,0.203125,0.068,0.0,0.8599404761904761,0.5
cold_high,0.0,10,5,50,42,49,0.1506849315068493,0.054000000000000006,0.0,0.8707142857142858,0.5
warm_nv,0.0,10,5,50,42,0,1.0,0.43099999999999994,0.024,0.2851597014097014,0.10000000000000002
warm_nv,0.0,10,5,50,42,1,0.8615384615384616,0.369,0.054000000000000006,0.28204600954600956,0.11672162162962962
warm_nv,0.0,10,5,50,42,2,0.8524590163934426,0.367,0.024,0.3775306637806638,0.14629553516213992
warm_nv,0.0,10,5,50,42,3,0.8939393939393939,0.36300000000000004,0.0,0.36973304473304475,0.1543637251851852
warm_nv,0.0,10,5,50,42,4,0.6666666666666666,0.30299999999999994,0.036,0.4143650793650793,0.1560696625185185
warm_nv,0.0,10,5,50,42,5,0.746268656716418,0.3380000000000001,0.018,0.3566612554112554,0.14653398950617286
warm_nv,0.0,10,5,50,42,6,0.8421052631578947,0.316,0.06000000000000001,0.3775505050505051,0.15041788977777779
warm_nv,0.0,10,5,50,42,7,0.9259259259259259,0.346,0.024,0.32978535353535354,0.14847786346666664
warm_nv,0.0,10,5,50,42,8,0.7605633802816901,0.39199999999999996,0.03,0.3582738095238095,0.14291619644444442
warm_nv,0.0,10,5,50,42,9,0.9365079365079365,0.38700000000000007,0.012,0.3624055111555111,0.15352594933333333
warm_nv,0.0,10,5,50,42,10,0.6323529411764706,0.282,0.018,0.40395021645021634,0.14451216533333333
warm_nv,0.0,10,5,50,42,11,0.7540983606557377,0.3350000000000001,0.012,0.41314213564213553,0.14500998983703703
warm_nv,0.0,10,5,50,42,12,0.6666666666666666,0.326,0.024,0.3825793650793651,0.15004166651851852
warm_nv,0.0,10,5,50,42,13,0.6984126984126984,0.32999999999999996,0.006,0.40246753246753253,0.14552219306666667
warm_nv,0.0,10,5,50,42,14,0.8125,0.34400000000000003,0.036,0.3426930014430015,0.14551619146666667
warm_nv,0.0,10,5,50,42,15,0.7313432835820896,0.375,0.012,0.378538961038961,0.14290259288888893
warm_nv,0.0,10,5,50,42,16,0.7162162162162162,0.3410000000000001,0.024,0.3938095238095239,0.1381723586666667
warm_nv,0.0,10,5,50,42,17,0.855072463768116,0.41999999999999993,0.024,0.3324680874680874,0.12822156472908094
warm_nv,0.0,10,5,50,42,18,0.9636363636363636,0.374,0.041999999999999996,0.3653012265512265,0.13465467713648835
warm_nv,0.0,10,5,50,42,19,0.7746478873239436,0.37,0.036,0.3456240981240981,0.12799349333333337
warm_nv,0.0,10,5,50,42,20,0.88,0.29300000000000004,0.036,0.37407578532578534,0.12951494370370373
warm_nv,0.0,10,5,50,42,21,0.65625,0.30699999999999994,0.024,0.42151875901875907,0.1395852166115556
warm_nv,0.0,10,5,50,42,22,1.0,0.44299999999999995,0.048,0.2880765068265068,0.12620966311111115
warm_nv,0.0,10,5,50,42,23,0.676056338028169,0.332,0.036,0.3796284271284271,0.13944124106666672
warm_nv,0.0,10,5,50,42,24,0.726027397260274,0.379,0.018,0.32748917748917744,0.13602291555555554
warm_nv,0.0,10,5,50,42,25,0.7678571428571429,0.305,0.018,0.42119769119769124,0.14452499946666666
warm_nv,0.0,10,5,50,42,26,0.7936507936507936,0.375,0.048,0.3611904761904762,0.1584205238765432
warm_nv,0.0,10,5,50,42,27,0.6461538461538462,0.31,0.03,0.4091937229437229,0.1719171525925926
warm_nv,0.0,10,5,50,42,28,0.6857142857142857,0.32399999999999995,0.024,0.43879856254856253,0.15175130311111112
warm_nv,0.0,10,5,50,42,29,0.8360655737704918,0.36,0.024,0.35104797979797975,0.13344147413925928
warm_nv,0.0,10,5,50,42,30,0.6233766233766234,0.315,0.036,0.3891179653679654,0.1315054593223111
warm_nv,0.0,10,5,50,42,31,0.8095238095238095,0.409,0.06600000000000002,0.3388690476190476,0.13979296000000005
warm_nv,0.0,10,5,50,42,32,0.6507936507936508,0.30300000000000005,0.024,0.4175450937950938,0.14050624000000006
warm_nv,0.0,10,5,50,42,33,0.85,0.36800000000000005,0.018,0.35736263736263735,0.13130106032592595
warm_nv,0.0,10,5,50,42,34,0.6285714285714286,0.2880000000000001,0.041999999999999996,0.3613923576423576,0.12839515106172844
warm_nv,0.0,10,5,50,42,35,0.6923076923076923,0.31000000000000005,0.03,0.41072802197802194,0.1493045376296297
warm_nv,0.0,10,5,50,42,36,1.0307692307692307,0.46699999999999997,0.03,0.34345598845598846,0.14991373940740743
warm_nv,0.0,10,5,50,42,37,0.8615384615384616,0.417,0.03,0.36989538239538244,0.1486011580740741
warm_nv,0.0,10,5,50,42,38,0.5714285714285714,0.24100000000000002,0.03,0.4676623376623376,0.15560913176296298
warm_nv,0.0,10,5,50,42,39,0.8363636363636363,0.333,0.018,0.3938467088467088,0.1389544512592593
warm_nv,0.0,10,5,50,42,40,0.875,0.37000000000000005,0.03,0.36537698412698416,0.13958279381333336
warm_nv,0.0,10,5,50,42,41,0.8235294117647058,0.402,0.018,0.340515873015873,0.13858859733333337
warm_nv,0.0,10,5,50,42,42,0.803030303030303,0.34700000000000003,0.024,0.40025793650793656,0.15006065902222226
warm_nv,0.0,10,5,50,42,43,0.8115942028985508,0.381,0.012,0.33237914862914864,0.14445688106666668
warm_nv,0.0,10,5,50,42,44,0.5571428571428572,0.27199999999999996,0.054000000000000006,0.4334415584415584,0.143387846962963
warm_nv,0.0,10,5,50,42,45,0.5818181818181818,0.26100000000000007,0.036,0.41934523809523805,0.13679934669629631
warm_nv,0.0,10,5,50,42,46,0.6666666666666666,0.33000000000000007,0.036,0.3600649350649351,0.15666000610370376
warm_nv,0.0,10,5,50,42,47,0.546875,0.26299999999999996,0.018,0.4972420634920633,0.15823291223802474
warm_nv,0.0,10,5,50,42,48,0.8125,0.349,0.024,0.38538059163059163,0.1560573466962963
warm_nv,0.0,10,5,50,42,49,0.6986301369863014,0.344,0.036,0.3988546176046175,0.1460381804454321
warm_high,0.0,10,5,50,42,0,0.04918032786885246,0.01,0.0,0.9207142857142859,0.5
warm_high,0.0,10,5,50,42,1,0.38461538461538464,0.133,0.006,0.6978968253968254,0.32075575488683133
warm_high,0.0,10,5,50,42,2,0.4918032786885246,0.201,0.006,0.6284126984126985,0.2451646757119772
warm_high,0.0,10,5,50,42,3,0.7727272727272727,0.35700000000000004,0.024,0.42218795093795086,0.2108146126466915
warm_high,0.0,10,5,50,42,4,0.5396825396825397,0.267,0.03,0.47837301587301584,0.193549487850585
warm_high,0.0,10,5,50,42,5,0.9253731343283582,0.3870000000000001,0.024,0.3643235930735931,0.16124532519635448
warm_high,0.0,10,5,50,42,6,0.8947368421052632,0.372,0.018,0.4098863636363636,0.16574608174328745
warm_high,0.0,10,5,50,42,7,0.7592592592592593,0.3240000000000001,0.024,0.41950452325452325,0.16081765750670818
warm_high,0.0,10,5,50,42,8,0.5352112676056338,0.277,0.018,0.4591071428571428,0.14663659629448597
warm_high,0.0,10,5,50,42,9,0.8888888888888888,0.41800000000000004,0.03,0.34863455988455994,0.1633302162061003
warm_high,0.0,10,5,50,42,10,0.6617647058823529,0.311,0.0,0.4166052003552004,0.16915618039083544
warm_high,0.0,10,5,50,42,11,0.8524590163934426,0.395,0.036,0.3520869408369408,0.16254540734296158
warm_high,0.0,10,5,50,42,12,0.6956521739130435,0.34,0.018,0.4074800199800199,0.15549646921611193
warm_high,0.0,10,5,50,42,13,0.9523809523809523,0.4680000000000001,0.012,0.32533008658008655,0.14197390120336778
warm_high,0.0,10,5,50,42,14,0.90625,0.39299999999999996,0.036,0.3371825396825397,0.14689259409949576
warm_high,0.0,10,5,50,42,15,0.6567164179104478,0.29500000000000004,0.012,0.4626190476190476,0.17087151473677867
warm_high,0.0,10,5,50,42,16,0.5675675675675675,0.32000000000000006,0.03,0.4745808358308358,0.1529231160881061
warm_high,0.0,10,5,50,42,17,0.7246376811594203,0.37100000000000005,0.03,0.3941287878787879,0.1415712040012852
warm_high,0.0,10,5,50,42,18,0.6909090909090909,0.257,0.012,0.4288672438672438,0.12843239152874134
warm_high,0.0,10,5,50,42,19,0.6901408450704225,0.34800000000000003,0.018,0.37211080586080586,0.12817781040285114
warm_high,0.0,10,5,50,42,20,0.96,0.32100000000000006,0.054000000000000006,0.3353499278499278,0.12609142179638674
warm_high,0.0,10,5,50,42,21,0.765625,0.37700000000000006,0.03,0.3625414862914863,0.13479073066242492
warm_high,0.0,10,5,50,42,22,0.65625,0.2940000000000001,0.024,0.4278769841269841,0.13809155748465862
warm_high,0.0,10,5,50,42,23,0.7464788732394366,0.38600000000000007,0.024,0.3800936563436563,0.1367068089232235
warm_high,0.0,10,5,50,42,24,0.6575342465753424,0.316,0.03,0.38548132423132425,0.130206670213443
warm_high,0.0,10,5,50,42,25,0.7857142857142857,0.32500000000000007,0.048,0.3675148462648462,0.1286824646964458
warm_high,0.0,10,5,50,42,26,0.6825396825396826,0.36000000000000004,0.036,0.3791269841269841,0.12523141389893205
warm_high,0.0,10,5,50,42,27,0.8307692307692308,0.38099999999999995,0.036,0.3552994227994228,0.12977536428566466
warm_high,0.0,10,5,50,42,28,0.9428571428571428,0.417,0.036,0.31095584970584966,0.13192872370156145
warm_high,0.0,10,5,50,42,29,0.9344262295081968,0.404,0.018,0.34648809523809526,0.14994679732186147
warm_high,0.0,10,5,50,42,30,0.7272727272727273,0.393,0.03,0.3971933621933622,0.14913298286361146
warm_high,0.0,10,5,50,42,31,0.9047619047619048,0.41600000000000004,0.024,0.31741272616272614,0.1364848640750823
warm_high,0.0,10,5,50,42,32,0.7619047619047619,0.322,0.024,0.40055555555555555,0.14877712479287597
warm_high,0.0,10,5,50,42,33,0.9666666666666667,0.371,0.03,0.3823755411255411,0.15956927224900092
warm_high,0.0,10,5,50,42,34,0.6714285714285714,0.32500000000000007,0.018,0.3990602453102453,0.1558341270001927
warm_high,0.0,10,5,50,42,35,0.6923076923076923,0.33499999999999996,0.036,0.3861940836940837,0.14555132925334435
warm_high,0.0,10,5,50,42,36,0.8769230769230769,0.3809999999999999,0.018,0.34064574314574314,0.13906813970030307
warm_high,0.0,10,5,50,42,37,0.8461538461538461,0.3710000000000001,0.024,0.36695887445887443,0.14258965365612014
warm_high,0.0,10,5,50,42,38,0.8571428571428571,0.4200000000000001,0.012,0.3536381673881674,0.14020578732314748
warm_high,0.0,10,5,50,42,39,0.8545454545454545,0.32399999999999995,0.024,0.41148074148074143,0.14772144919224486
warm_high,0.0,10,5,50,42,40,0.828125,0.346,0.03,0.3780411255411255,0.15234107194552932
warm_high,0.0,10,5,50,42,41,0.7794117647058824,0.376,0.03,0.35045565545565543,0.15369455966818366
warm_high,0.0,10,5,50,42,42,0.696969696969697,0.29900000000000004,0.06000000000000001,0.38786616161616166,0.1519715034911971
warm_high,0.0,10,5,50,42,43,0.6811594202898551,0.319,0.054000000000000006,0.3870392107892108,0.16199668527629957
warm_high,0.0,10,5,50,42,44,0.6428571428571429,0.31999999999999995,0.018,0.4290072427572428,0.15948765954823674
warm_high,0.0,10,5,50,42,45,0.9090909090909091,0.353,0.012,0.4046031746031746,0.15860068355382875
warm_high,0.0,10,5,50,42,46,0.8181818181818182,0.42099999999999993,0.018,0.34778138528138525,0.14945212300137092
warm_high,0.0,10,5,50,42,47,0.546875,0.273,0.024,0.4629906204906205,0.15008628656889927
warm_high,0.0,10,5,50,42,48,0.90625,0.3890000000000001,0.03,0.33631895881895885,0.13749322316257542
warm_high,0.0,10,5,50,42,49,0.7534246575342466,0.377,0.03,0.3518228993228993,0.14379943383553812
dcf_conv,0.0,10,5,50,42,0,0.7213114754098361,0.317,0.096,0.1671490519284637,nan
dcf_conv,0.0,10,5,50,42,1,0.5846153846153846,0.276,0.13800000000000004,0.18395750083250081,nan
dcf_conv,0.0,10,5,50,42,2,0.6885245901639344,0.262,0.15600000000000003,0.17136536257859789,nan
dcf_conv,0.0,10,5,50,42,3,0.6666666666666666,0.309,0.12600000000000003,0.17060127372627373,nan
dcf_conv,0.0,10,5,50,42,4,0.6984126984126984,0.357,0.10800000000000003,0.15255043567543566,nan
dcf_conv,0.0,10,5,50,42,5,0.5671641791044776,0.24700000000000003,0.19800000000000004,0.15630801280762582,nan
dcf_conv,0.0,10,5,50,42,6,0.6666666666666666,0.261,0.192,0.15825384174648882,nan
dcf_conv,0.0,10,5,50,42,7,0.8148148148148148,0.342,0.13200000000000003,0.1548489010989011,nan
dcf_conv,0.0,10,5,50,42,8,0.5915492957746479,0.29999999999999993,0.13200000000000003,0.16767926517926515,nan
dcf_conv,0.0,10,5,50,42,9,0.6031746031746031,0.27599999999999997,0.168,0.15906426906426904,nan
dcf_conv,0.0,10,5,50,42,10,0.6617647058823529,0.31399999999999995,0.15,0.1665992289444302,nan
dcf_conv,0.0,10,5,50,42,11,0.7213114754098361,0.3420000000000001,0.15000000000000002,0.14960825938767114,nan
dcf_conv,0.0,10,5,50,42,12,0.4927536231884058,0.24600000000000008,0.12000000000000002,0.17992598088186323,nan
dcf_conv,0.0,10,5,50,42,13,0.6507936507936508,0.27599999999999997,0.162,0.15443926880652886,nan
dcf_conv,0.0,10,5,50,42,14,0.625,0.29500000000000004,0.138,0.1772414105502341,nan
dcf_conv,0.0,10,5,50,42,15,0.5074626865671642,0.23600000000000004,0.15600000000000006,0.18798826173826172,nan
dcf_conv,0.0,10,5,50,42,16,0.6891891891891891,0.35400000000000004,0.13800000000000004,0.1548861799964741,nan
dcf_conv,0.0,10,5,50,42,17,0.6086956521739131,0.31,0.13200000000000003,0.15024174355056705,nan
dcf_conv,0.0,10,5,50,42,18,0.8363636363636363,0.322,0.14400000000000004,0.147565957219595,nan
dcf_conv,0.0,10,5,50,42,19,0.5633802816901409,0.286,0.12600000000000003,0.16658466533466534,nan
dcf_conv,0.0,10,5,50,42,20,0.76,0.262,0.17400000000000007,0.1545171617598088,nan
dcf_conv,0.0,10,5,50,42,21,0.515625,0.221,0.14400000000000004,0.1983284077034077,nan
dcf_conv,0.0,10,5,50,42,22,0.78125,0.33599999999999997,0.156,0.13145672739712988,nan
dcf_conv,0.0,10,5,50,42,23,0.5915492957746479,0.28700000000000003,0.13200000000000003,0.16751734376734376,nan
dcf_conv,0.0,10,5,50,42,24,0.5753424657534246,0.29000000000000004,0.138,0.18197193737634915,nan
dcf_conv,0.0,10,5,50,42,25,0.8035714285714286,0.337,0.14400000000000004,0.1660964035964036,nan
dcf_conv,0.0,10,5,50,42,26,0.6984126984126984,0.332,0.18,0.14172077922077925,nan
dcf_conv,0.0,10,5,50,42,27,0.6615384615384615,0.3510000000000001,0.15600000000000006,0.14813832001332,nan
dcf_conv,0.0,10,5,50,42,28,0.6714285714285714,0.322,0.09000000000000001,0.19057458472899644,nan
dcf_conv,0.0,10,5,50,42,29,0.6229508196721312,0.2800000000000001,0.14400000000000004,0.1854993535875889,nan
dcf_conv,0.0,10,5,50,42,30,0.4935064935064935,0.293,0.16800000000000004,0.16492978512715356,nan
dcf_conv,0.0,10,5,50,42,31,0.7777777777777778,0.323,0.072,0.18676698301698297,nan
dcf_conv,0.0,10,5,50,42,32,0.6984126984126984,0.29700000000000004,0.12600000000000003,0.18050890994969943,nan
dcf_conv,0.0,10,5,50,42,33,0.7833333333333333,0.32299999999999995,0.16200000000000003,0.1504750111000111,nan
dcf_conv,0.0,10,5,50,42,34,0.5,0.23399999999999999,0.14400000000000004,0.2000921137685844,nan
dcf_conv,0.0,10,5,50,42,35,0.6153846153846154,0.28200000000000003,0.14400000000000002,0.1724449080331433,nan
dcf_conv,0.0,10,5,50,42,36,0.6153846153846154,0.30199999999999994,0.13799999999999998,0.15913884726384725,nan
dcf_conv,0.0,10,5,50,42,37,0.5692307692307692,0.265,0.10800000000000001,0.1855240511122864,nan
dcf_conv,0.0,10,5,50,42,38,0.7142857142857143,0.31899999999999995,0.15000000000000005,0.1601213982096335,nan
dcf_conv,0.0,10,5,50,42,39,0.8,0.32500000000000007,0.14400000000000002,0.16058151407416116,nan
dcf_conv,0.0,10,5,50,42,40,0.734375,0.294,0.15000000000000005,0.16234609752992107,nan
dcf_conv,0.0,10,5,50,42,41,0.45588235294117646,0.23900000000000002,0.192,0.17333812021312023,nan
dcf_conv,0.0,10,5,50,42,42,0.5909090909090909,0.22500000000000003,0.18000000000000002,0.16808509709244998,nan
dcf_conv,0.0,10,5,50,42,43,0.6086956521739131,0.29500000000000004,0.13200000000000003,0.1711908149040502,nan
dcf_conv,0.0,10,5,50,42,44,0.6571428571428571,0.33399999999999996,0.18,0.13988565356212412,nan
dcf_conv,0.0,10,5,50,42,45,0.7454545454545455,0.32,0.09000000000000004,0.19491043678543674,nan
dcf_conv,0.0,10,5,50,42,46,0.6515151515151515,0.33000000000000007,0.13800000000000004,0.17541208791208793,nan
dcf_conv,0.0,10,5,50,42,47,0.734375,0.318,0.10200000000000001,0.18493382842647546,nan
dcf_conv,0.0,10,5,50,42,48,0.5625,0.25600000000000006,0.11400000000000002,0.19792901542901545,nan
dcf_conv,0.0,10,5,50,42,49,0.5068493150684932,0.255,0.18000000000000002,0.16608516483516486,nan
oracle,0.0,10,5,50,123,0,1.0,0.471,0.12600000000000003,0.1611997030747031,nan
oracle,0.0,10,5,50,123,1,1.0,0.41800000000000004,0.09600000000000002,0.23259670884670883,nan
oracle,0.0,10,5,50,123,2,0.9066666666666666,0.4580000000000001,0.09000000000000001,0.19372169497169495,nan
oracle,0.0,10,5,50,123,3,0.8666666666666667,0.42800000000000005,0.084,0.18438880563880566,nan
oracle,0.0,10,5,50,123,4,0.8382352941176471,0.39599999999999996,0.10800000000000001,0.18821706071706074,nan
oracle,0.0,10,5,50,123,5,0.8709677419354839,0.409,0.084,0.22239288489288483,nan
oracle,0.0,10,5,50,123,6,0.7971014492753623,0.37599999999999995,0.10800000000000003,0.23519425019425017,nan
oracle,0.0,10,5,50,123,7,1.2678571428571428,0.46799999999999997,0.10200000000000002,0.1769827394827395,nan
oracle,0.0,10,5,50,123,8,1.0344827586206897,0.43000000000000005,0.084,0.22442009379509376,nan
oracle,0.0,10,5,50,123,9,0.8611111111111112,0.40499999999999997,0.072,0.22872797137503018,nan
oracle,0.0,10,5,50,123,10,1.2131147540983607,0.4840000000000001,0.09000000000000001,0.16367791930291933,nan
oracle,0.0,10,5,50,123,11,1.1016949152542372,0.47800000000000004,0.09000000000000001,0.17899503274503273,nan
oracle,0.0,10,5,50,123,12,1.0746268656716418,0.47300000000000003,0.09000000000000001,0.1975103572897691,nan
oracle,0.0,10,5,50,123,13,0.921875,0.371,0.09,0.234266983016983,nan
oracle,0.0,10,5,50,123,14,0.9264705882352942,0.40099999999999997,0.09,0.22640928515928516,nan
oracle,0.0,10,5,50,123,15,0.84,0.45,0.12600000000000003,0.20264041514041514,nan
oracle,0.0,10,5,50,123,16,0.8412698412698413,0.37100000000000005,0.11400000000000003,0.25068348318348316,nan
oracle,0.0,10,5,50,123,17,1.0158730158730158,0.43999999999999995,0.096,0.19715395715395717,nan
oracle,0.0,10,5,50,123,18,1.0476190476190477,0.48100000000000004,0.12000000000000002,0.18221521534021534,nan
oracle,0.0,10,5,50,123,19,1.121212121212121,0.473,0.09000000000000001,0.18504051504051505,nan
oracle,0.0,10,5,50,123,20,0.9701492537313433,0.43599999999999994,0.10200000000000001,0.19302631192337077,nan
oracle,0.0,10,5,50,123,21,0.8533333333333334,0.449,0.06000000000000001,0.22540764790764795,nan
oracle,0.0,10,5,50,123,22,0.9545454545454546,0.457,0.09600000000000002,0.1939188589188589,nan
oracle,0.0,10,5,50,123,23,1.0895522388059702,0.513,0.066,0.22298881673881676,nan
oracle,0.0,10,5,50,123,24,1.0806451612903225,0.4549999999999999,0.09000000000000001,0.2302025752025752,nan
oracle,0.0,10,5,50,123,25,0.9583333333333334,0.46900000000000014,0.048,0.21190351315351313,nan
oracle,0.0,10,5,50,123,26,1.3214285714285714,0.4790000000000001,0.09000000000000004,0.1803345265845266,nan
oracle,0.0,10,5,50,123,27,1.0298507462686568,0.484,0.09600000000000004,0.18123959373959375,nan
oracle,0.0,10,5,50,123,28,0.9846153846153847,0.43400000000000005,0.09000000000000001,0.21058344433344436,nan
oracle,0.0,10,5,50,123,29,1.1016949152542372,0.46299999999999997,0.10800000000000001,0.1844128094128094,nan
oracle,0.0,10,5,50,123,30,1.18,0.4079999999999999,0.11400000000000002,0.22691835941835942,nan
oracle,0.0,10,5,50,123,31,1.2692307692307692,0.466,0.096,0.19877622377622375,nan
oracle,0.0,10,5,50,123,32,1.0303030303030303,0.4779999999999999,0.07200000000000001,0.20593031968031966,nan
oracle,0.0,10,5,50,123,33,0.9552238805970149,0.454,0.07800000000000003,0.22024864024864027,nan
oracle,0.0,10,5,50,123,34,1.05,0.42200000000000004,0.10800000000000001,0.18223304473304472,nan
oracle,0.0,10,5,50,123,35,0.9538461538461539,0.4590000000000002,0.13800000000000004,0.14142995892995897,nan
oracle,0.0,10,5,50,123,36,0.9,0.384,0.08400000000000002,0.2462177405927405,nan
oracle,0.0,10,5,50,123,37,1.0,0.426,0.10200000000000001,0.20746553884711777,nan
oracle,0.0,10,5,50,123,38,0.9558823529411765,0.42400000000000004,0.096,0.2344744144744145,nan
oracle,0.0,10,5,50,123,39,0.9833333333333333,0.465,0.10200000000000002,0.21400835275835278,nan
oracle,0.0,10,5,50,123,40,1.0923076923076922,0.51,0.08400000000000003,0.18918747918747922,nan
oracle,0.0,10,5,50,123,41,0.953125,0.4299999999999999,0.06600000000000002,0.2445141663891664,nan
oracle,0.0,10,5,50,123,42,1.1428571428571428,0.5030000000000001,0.06,0.18317162004662008,nan
oracle,0.0,10,5,50,123,43,1.1578947368421053,0.4630000000000001,0.09,0.1761888111888112,nan
oracle,0.0,10,5,50,123,44,1.1694915254237288,0.48999999999999994,0.12000000000000006,0.1730770618270619,nan
oracle,0.0,10,5,50,123,45,1.1044776119402986,0.516,0.084,0.16646422205245737,nan
oracle,0.0,10,5,50,123,46,0.935064935064935,0.506,0.09600000000000002,0.1798106060606061,nan
oracle,0.0,10,5,50,123,47,1.36,0.438,0.084,0.20437395937395936,nan
oracle,0.0,10,5,50,123,48,0.9027777777777778,0.479,0.06600000000000002,0.2308805083805084,nan
oracle,0.0,10,5,50,123,49,1.096774193548387,0.458,0.15600000000000006,0.15255577755577754,nan
cold_genie,0.0,10,5,50,123,0,0.8840579710144928,0.4200000000000001,0.048,0.2369094794094794,0.06666666666666667
cold_genie,0.0,10,5,50,123,1,1.0163934426229508,0.42299999999999993,0.10200000000000001,0.20265748140748138,0.06666666666666667
cold_genie,0.0,10,5,50,123,2,0.6933333333333334,0.36800000000000005,0.072,0.24261544011544012,0.06666666666666667
cold_genie,0.0,10,5,50,123,3,0.8666666666666667,0.5050000000000001,0.09,0.17026376401376403,0.06666666666666667
cold_genie,0.0,10,5,50,123,4,0.9411764705882353,0.4539999999999999,0.07800000000000003,0.18967463092463094,0.06666666666666667
cold_genie,0.0,10,5,50,123,5,0.8548387096774194,0.4050000000000001,0.06600000000000002,0.2266901154401154,0.06666666666666667
cold_genie,0.0,10,5,50,123,6,0.855072463768116,0.43500000000000005,0.06600000000000002,0.2295931845931846,0.06666666666666667
cold_genie,0.0,10,5,50,123,7,0.9464285714285714,0.337,0.11400000000000002,0.20437701187701185,0.06666666666666667
cold_genie,0.0,10,5,50,123,8,0.9310344827586207,0.3610000000000001,0.08400000000000003,0.2619948107448107,0.06666666666666667
cold_genie,0.0,10,5,50,123,9,0.8333333333333334,0.43000000000000016,0.10200000000000001,0.19816919191919194,0.06666666666666667
cold_genie,0.0,10,5,50,123,10,0.7704918032786885,0.322,0.06600000000000002,0.25892510267510266,0.06666666666666667
cold_genie,0.0,10,5,50,123,11,0.9322033898305084,0.37,0.07800000000000001,0.2483409645909646,0.06666666666666667
cold_genie,0.0,10,5,50,123,12,0.8955223880597015,0.4,0.09000000000000004,0.226780303030303,0.06666666666666667
cold_genie,0.0,10,5,50,123,13,0.796875,0.36600000000000005,0.07200000000000002,0.23628302253302252,0.06666666666666667
cold_genie,0.0,10,5,50,123,14,0.8235294117647058,0.394,0.072,0.2354802142302142,0.06666666666666667
cold_genie,0.0,10,5,50,123,15,0.7733333333333333,0.4159999999999999,0.072,0.21282398157398158,0.06666666666666667
cold_genie,0.0,10,5,50,123,16,0.8412698412698413,0.392,0.096,0.2290399184149184,0.06666666666666667
cold_genie,0.0,10,5,50,123,17,0.8253968253968254,0.354,0.078,0.23463619713619716,0.06666666666666667
cold_genie,0.0,10,5,50,123,18,1.0634920634920635,0.5050000000000001,0.084,0.16158411033411035,0.06666666666666667
cold_genie,0.0,10,5,50,123,19,1.0303030303030303,0.4160000000000001,0.11400000000000002,0.19836930226636107,0.06666666666666667
cold_genie,0.0,10,5,50,123,20,1.0,0.4760000000000001,0.07200000000000001,0.18918262293262295,0.06666666666666667
cold_genie,0.0,10,5,50,123,21,0.8,0.44400000000000006,0.06599999999999999,0.2173719336219336,0.06666666666666667
cold_genie,0.0,10,5,50,123,22,0.8484848484848485,0.4170000000000001,0.09600000000000002,0.20025835275835274,0.06666666666666667
cold_genie,0.0,10,5,50,123,23,1.0298507462686568,0.454,0.054000000000000006,0.194450826950827,0.06666666666666667
cold_genie,0.0,10,5,50,123,24,1.096774193548387,0.45999999999999996,0.07200000000000002,0.18801239610063133,0.06666666666666667
cold_genie,0.0,10,5,50,123,25,0.7916666666666666,0.399,0.048,0.2413725163725164,0.06666666666666667
cold_genie,0.0,10,5,50,123,26,0.875,0.345,0.072,0.2608279220779221,0.06666666666666667
cold_genie,0.0,10,5,50,123,27,0.9253731343283582,0.44700000000000006,0.06599999999999999,0.1872501803751804,0.06666666666666667
cold_genie,0.0,10,5,50,123,28,0.9384615384615385,0.46099999999999997,0.078,0.20510878010878014,0.06666666666666667
cold_genie,0.0,10,5,50,123,29,1.1355932203389831,0.4879999999999999,0.10200000000000001,0.17079170829170826,0.06666666666666667
cold_genie,0.0,10,5,50,123,30,1.24,0.429,0.06600000000000002,0.2175937950937951,0.06666666666666667
cold_genie,0.0,10,5,50,123,31,1.0576923076923077,0.374,0.06000000000000001,0.2278604728604728,0.06666666666666667
cold_genie,0.0,10,5,50,123,32,0.9545454545454546,0.43299999999999994,0.10200000000000001,0.20909063159063163,0.06666666666666667
cold_genie,0.0,10,5,50,123,33,1.0597014925373134,0.516,0.09600000000000002,0.16393093018093016,0.06666666666666667
cold_genie,0.0,10,5,50,123,34,0.9166666666666666,0.4,0.06000000000000001,0.22671564546564546,0.06666666666666667
cold_genie,0.0,10,5,50,123,35,0.9846153846153847,0.45199999999999996,0.036,0.22544594294594295,0.06666666666666667
cold_genie,0.0,10,5,50,123,36,1.0333333333333334,0.42899999999999994,0.06600000000000002,0.20340909090909093,0.06666666666666667
cold_genie,0.0,10,5,50,123,37,1.046875,0.44099999999999995,0.054000000000000006,0.2120625208125208,0.06666666666666667
cold_genie,0.0,10,5,50,123,38,0.9705882352941176,0.44400000000000006,0.10200000000000005,0.19548937173937173,0.06666666666666667
cold_genie,0.0,10,5,50,123,39,1.0666666666666667,0.49899999999999994,0.06000000000000001,0.2009776334776335,0.06666666666666667
cold_genie,0.0,10,5,50,123,40,0.9538461538461539,0.42699999999999994,0.10200000000000001,0.19949508824508827,0.06666666666666667
cold_genie,0.0,10,5,50,123,41,0.921875,0.429,0.078,0.21228715728715727,0.06666666666666667
cold_genie,0.0,10,5,50,123,42,0.9206349206349206,0.40499999999999997,0.072,0.23424963924963924,0.06666666666666667
cold_genie,0.0,10,5,50,123,43,1.0350877192982457,0.45500000000000007,0.06000000000000001,0.20230699855699852,0.06666666666666667
cold_genie,0.0,10,5,50,123,44,0.8135593220338984,0.36500000000000005,0.054000000000000006,0.2859275446775446,0.06666666666666667
cold_genie,0.0,10,5,50,123,45,0.9104477611940298,0.4620000000000001,0.06600000000000002,0.1940234765234765,0.06666666666666667
cold_genie,0.0,10,5,50,123,46,0.987012987012987,0.518,0.08400000000000003,0.17059690309690306,0.06666666666666667
cold_genie,0.0,10,5,50,123,47,1.32,0.425,0.06600000000000002,0.2061502386502386,0.06666666666666667
cold_genie,0.0,10,5,50,123,48,0.9722222222222222,0.48199999999999993,0.07200000000000002,0.18783605283605284,0.06666666666666667
cold_genie,0.0,10,5,50,123,49,0.8870967741935484,0.41899999999999993,0.054000000000000006,0.23008713508713505,0.06666666666666667
cold_nv,0.0,10,5,50,123,0,0.8260869565217391,0.39499999999999996,0.041999999999999996,0.28787559662559664,0.10000000000000002
cold_nv,0.0,10,5,50,123,1,0.9836065573770492,0.4010000000000001,0.03,0.28164002664002663,0.10000000000000002
cold_nv,0.0,10,5,50,123,2,0.8533333333333334,0.44299999999999995,0.03,0.2654261016761016,0.10000000000000002
cold_nv,0.0,10,5,50,123,3,0.76,0.40099999999999997,0.03,0.2889735264735265,0.10000000000000002
cold_nv,0.0,10,5,50,123,4,0.7058823529411765,0.33499999999999996,0.024,0.3434471084471085,0.10000000000000002
cold_nv,0.0,10,5,50,123,5,0.9354838709677419,0.45099999999999996,0.036,0.25261655011655015,0.10000000000000002
cold_nv,0.0,10,5,50,123,6,0.8115942028985508,0.41200000000000003,0.054000000000000006,0.26098665223665224,0.10000000000000002
cold_nv,0.0,10,5,50,123,7,1.1607142857142858,0.4210000000000001,0.03,0.29137626262626265,0.10000000000000002
cold_nv,0.0,10,5,50,123,8,1.1206896551724137,0.4789999999999999,0.03,0.2520093795093795,0.10000000000000002
cold_nv,0.0,10,5,50,123,9,0.8055555555555556,0.42000000000000004,0.036,0.28541666666666665,0.10000000000000002
cold_nv,0.0,10,5,50,123,10,0.9344262295081968,0.40800000000000003,0.036,0.29178391053391056,0.10000000000000002
cold_nv,0.0,10,5,50,123,11,0.9830508474576272,0.421,0.048,0.27741161616161614,0.10000000000000002
cold_nv,0.0,10,5,50,123,12,0.7761194029850746,0.354,0.06000000000000001,0.30024267399267396,0.10000000000000002
cold_nv,0.0,10,5,50,123,13,0.984375,0.43499999999999994,0.054000000000000006,0.2784992784992785,0.10000000000000002
cold_nv,0.0,10,5,50,123,14,0.7205882352941176,0.34500000000000003,0.041999999999999996,0.3077272727272727,0.10000000000000002
cold_nv,0.0,10,5,50,123,15,0.7466666666666667,0.41,0.024,0.2802727827727828,0.10000000000000002
cold_nv,0.0,10,5,50,123,16,0.7936507936507936,0.356,0.054000000000000006,0.3292944555444555,0.10000000000000002
cold_nv,0.0,10,5,50,123,17,0.8571428571428571,0.371,0.048,0.31271284271284266,0.10000000000000002
cold_nv,0.0,10,5,50,123,18,0.8095238095238095,0.37400000000000005,0.041999999999999996,0.30073939948939943,0.10000000000000002
cold_nv,0.0,10,5,50,123,19,0.8636363636363636,0.37899999999999995,0.041999999999999996,0.29610431235431234,0.10000000000000002
cold_nv,0.0,10,5,50,123,20,1.0298507462686568,0.4710000000000001,0.036,0.2548416860916861,0.10000000000000002
cold_nv,0.0,10,5,50,123,21,0.72,0.39699999999999996,0.041999999999999996,0.28209054834054836,0.10000000000000002
cold_nv,0.0,10,5,50,123,22,0.8333333333333334,0.38099999999999995,0.024,0.2988131313131313,0.10000000000000002
cold_nv,0.0,10,5,50,123,23,0.835820895522388,0.37900000000000006,0.048,0.28580808080808084,0.10000000000000002
cold_nv,0.0,10,5,50,123,24,0.7903225806451613,0.3340000000000001,0.041999999999999996,0.36157287157287155,0.10000000000000002
cold_nv,0.0,10,5,50,123,25,0.8888888888888888,0.45700000000000013,0.036,0.2695454545454546,0.10000000000000002
cold_nv,0.0,10,5,50,123,26,1.125,0.43100000000000005,0.036,0.28217518592518587,0.10000000000000002
cold_nv,0.0,10,5,50,123,27,0.7611940298507462,0.403,0.03,0.3429147241647242,0.10000000000000002
cold_nv,0.0,10,5,50,123,28,0.9076923076923077,0.40800000000000003,0.024,0.3094473581973582,0.10000000000000002
cold_nv,0.0,10,5,50,123,29,1.0847457627118644,0.44400000000000006,0.03,0.25656912531912535,0.10000000000000002
cold_nv,0.0,10,5,50,123,30,1.08,0.37100000000000005,0.054000000000000006,0.2918703518703518,0.10000000000000002
cold_nv,0.0,10,5,50,123,31,1.1730769230769231,0.44200000000000006,0.024,0.2945400432900433,0.10000000000000002
cold_nv,0.0,10,5,50,123,32,0.8787878787878788,0.4159999999999999,0.041999999999999996,0.2613838938838938,0.10000000000000002
cold_nv,0.0,10,5,50,123,33,0.8656716417910447,0.44000000000000006,0.06000000000000001,0.26605394605394606,0.10000000000000002
cold_nv,0.0,10,5,50,123,34,0.8666666666666667,0.39000000000000007,0.018,0.2946968309468309,0.10000000000000002
cold_nv,0.0,10,5,50,123,35,0.7384615384615385,0.29400000000000004,0.07200000000000002,0.341475468975469,0.10000000000000002
cold_nv,0.0,10,5,50,123,36,0.9666666666666667,0.41999999999999993,0.024,0.2840764790764791,0.10000000000000002
cold_nv,0.0,10,5,50,123,37,1.015625,0.42200000000000004,0.048,0.2603246753246753,0.10000000000000002
cold_nv,0.0,10,5,50,123,38,0.8382352941176471,0.4,0.06600000000000002,0.26652569652569646,0.10000000000000002
cold_nv,0.0,10,5,50,123,39,0.8833333333333333,0.36,0.048,0.3035281385281385,0.10000000000000002
cold_nv,0.0,10,5,50,123,40,0.8769230769230769,0.396,0.06600000000000002,0.2579477466977467,0.10000000000000002
cold_nv,0.0,10,5,50,123,41,0.828125,0.375,0.036,0.3179437229437229,0.10000000000000002
cold_nv,0.0,10,5,50,123,42,0.7777777777777778,0.359,0.06600000000000002,0.2861435786435786,0.10000000000000002
cold_nv,0.0,10,5,50,123,43,1.087719298245614,0.47300000000000003,0.048,0.24555916305916306,0.10000000000000002
cold_nv,0.0,10,5,50,123,44,0.9830508474576272,0.45,0.03,0.29951839826839827,0.10000000000000002
cold_nv,0.0,10,5,50,123,45,0.7313432835820896,0.36200000000000004,0.036,0.32233766233766226,0.10000000000000002
cold_nv,0.0,10,5,50,123,46,0.6493506493506493,0.35900000000000004,0.06600000000000002,0.27776334776334766,0.10000000000000002
cold_nv,0.0,10,5,50,123,47,1.08,0.346,0.06000000000000001,0.2900112387612387,0.10000000000000002
cold_nv,0.0,10,5,50,123,48,0.8472222222222222,0.4250000000000001,0.041999999999999996,0.2376046176046176,0.10000000000000002
cold_nv,0.0,10,5,50,123,49,0.9193548387096774,0.453,0.054000000000000006,0.23845779220779223,0.10000000000000002
cold_high,0.0,10,5,50,123,0,0.15942028985507245,0.05800000000000001,0.0,0.8359523809523811,0.5
cold_high,0.0,10,5,50,123,1,0.13114754098360656,0.039,0.0,0.8854761904761904,0.5
cold_high,0.0,10,5,50,123,2,0.12,0.045,0.0,0.9002380952380953,0.5
cold_high,0.0,10,5,50,123,3,0.16,0.052000000000000005,0.0,0.837261904761905,0.5
cold_high,0.0,10,5,50,123,4,0.20588235294117646,0.06699999999999999,0.0,0.8514285714285714,0.5
cold_high,0.0,10,5,50,123,5,0.1935483870967742,0.05600000000000001,0.0,0.8608333333333332,0.5
cold_high,0.0,10,5,50,123,6,0.17391304347826086,0.066,0.0,0.8592857142857145,0.5
cold_high,0.0,10,5,50,123,7,0.19642857142857142,0.068,0.0,0.8611309523809524,0.5
cold_high,0.0,10,5,50,123,8,0.1896551724137931,0.057999999999999996,0.0,0.8569642857142858,0.5
cold_high,0.0,10,5,50,123,9,0.20833333333333334,0.06399999999999999,0.0,0.8165079365079364,0.5
cold_high,0.0,10,5,50,123,10,0.14754098360655737,0.038,0.0,0.8926190476190478,0.5
cold_high,0.0,10,5,50,123,11,0.1694915254237288,0.04800000000000001,0.0,0.8533928571428573,0.5
cold_high,0.0,10,5,50,123,12,0.07462686567164178,0.022,0.0,0.8997619047619049,0.5
cold_high,0.0,10,5,50,123,13,0.140625,0.036,0.0,0.8626785714285713,0.5
cold_high,0.0,10,5,50,123,14,0.11764705882352941,0.039999999999999994,0.0,0.8735714285714286,0.5
cold_high,0.0,10,5,50,123,15,0.08,0.031999999999999994,0.0,0.8885714285714286,0.5
cold_high,0.0,10,5,50,123,16,0.047619047619047616,0.013000000000000001,0.0,0.9311904761904763,0.5
cold_high,0.0,10,5,50,123,17,0.15873015873015872,0.044000000000000004,0.0,0.85625,0.5
cold_high,0.0,10,5,50,123,18,0.07936507936507936,0.026000000000000002,0.0,0.9216666666666666,0.5
cold_high,0.0,10,5,50,123,19,0.13636363636363635,0.036,0.0,0.868690476190476,0.5
cold_high,0.0,10,5,50,123,20,0.11940298507462686,0.03799999999999999,0.0,0.8774404761904762,0.5
cold_high,0.0,10,5,50,123,21,0.18666666666666668,0.08599999999999998,0.006,0.798154761904762,0.5
cold_high,0.0,10,5,50,123,22,0.09090909090909091,0.034,0.0,0.8733333333333333,0.5
cold_high,0.0,10,5,50,123,23,0.11940298507462686,0.03400000000000001,0.0,0.9012499999999999,0.5
cold_high,0.0,10,5,50,123,24,0.20967741935483872,0.07500000000000001,0.0,0.7788095238095241,0.5
cold_high,0.0,10,5,50,123,25,0.16666666666666666,0.073,0.0,0.8410714285714288,0.5
cold_high,0.0,10,5,50,123,26,0.19642857142857142,0.053000000000000005,0.0,0.8473809523809525,0.5
cold_high,0.0,10,5,50,123,27,0.1791044776119403,0.05299999999999999,0.0,0.8714285714285717,0.5
cold_high,0.0,10,5,50,123,28,0.15384615384615385,0.053000000000000005,0.0,0.8783333333333333,0.5
cold_high,0.0,10,5,50,123,29,0.1016949152542373,0.019,0.0,0.9014285714285716,0.5
cold_high,0.0,10,5,50,123,30,0.2,0.05500000000000001,0.0,0.8461904761904764,0.5
cold_high,0.0,10,5,50,123,31,0.1346153846153846,0.031,0.0,0.8950000000000001,0.5
cold_high,0.0,10,5,50,123,32,0.12121212121212122,0.043000000000000003,0.0,0.8873809523809525,0.5
cold_high,0.0,10,5,50,123,33,0.22388059701492538,0.07600000000000001,0.0,0.8405555555555557,0.5
cold_high,0.0,10,5,50,123,34,0.13333333333333333,0.048,0.0,0.8419047619047622,0.5
cold_high,0.0,10,5,50,123,35,0.12307692307692308,0.045000000000000005,0.0,0.8758333333333332,0.5
cold_high,0.0,10,5,50,123,36,0.1,0.023,0.0,0.8700595238095238,0.5
cold_high,0.0,10,5,50,123,37,0.15625,0.052000000000000005,0.0,0.8610119047619049,0.5
cold_high,0.0,10,5,50,123,38,0.16176470588235295,0.06600000000000002,0.0,0.8795238095238096,0.5
cold_high,0.0,10,5,50,123,39,0.06666666666666667,0.015000000000000003,0.0,0.9233333333333335,0.5
cold_high,0.0,10,5,50,123,40,0.18461538461538463,0.07500000000000001,0.0,0.8120238095238097,0.5
cold_high,0.0,10,5,50,123,41,0.109375,0.034999999999999996,0.0,0.8738095238095237,0.5
cold_high,0.0,10,5,50,123,42,0.12698412698412698,0.030000000000000006,0.0,0.8957142857142859,0.5
cold_high,0.0,10,5,50,123,43,0.15789473684210525,0.044,0.0,0.8902380952380954,0.5
cold_high,0.0,10,5,50,123,44,0.03389830508474576,0.006,0.0,0.938809523809524,0.5
cold_high,0.0,10,5,50,123,45,0.14925373134328357,0.05700000000000001,0.0,0.8875000000000002,0.5
cold_high,0.0,10,5,50,123,46,0.05194805194805195,0.018,0.0,0.9233333333333335,0.5
cold_high,0.0,10,5,50,123,47,0.22,0.061,0.0,0.8149404761904762,0.5
cold_high,0.0,10,5,50,123,48,0.1527777777777778,0.041999999999999996,0.0,0.8552380952380954,0.5
cold_high,0.0,10,5,50,123,49,0.1935483870967742,0.06999999999999999,0.0,0.8500000000000002,0.5
warm_nv,0.0,10,5,50,123,0,0.8985507246376812,0.446,0.054000000000000006,0.23025432900432902,0.10000000000000002
warm_nv,0.0,10,5,50,123,1,0.7049180327868853,0.295,0.018,0.41098124098124095,0.13917269333333335
warm_nv,0.0,10,5,50,123,2,0.7333333333333333,0.3910000000000001,0.012,0.4065710678210678,0.14200330844444445
warm_nv,0.0,10,5,50,123,3,0.72,0.344,0.048,0.3312031024531024,0.12422279693827161
warm_nv,0.0,10,5,50,123,4,0.8382352941176471,0.41,0.024,0.30516955266955265,0.12824290691358026
warm_nv,0.0,10,5,50,123,5,0.6451612903225806,0.2720000000000001,0.018,0.45539640098463624,0.14189426467901237
warm_nv,0.0,10,5,50,123,6,0.7681159420289855,0.375,0.012,0.37513888888888886,0.13432853558518518
warm_nv,0.0,10,5,50,123,7,0.9464285714285714,0.3530000000000001,0.036,0.35378787878787876,0.12731526874074076
warm_nv,0.0,10,5,50,123,8,0.8793103448275862,0.3530000000000001,0.03,0.3533170995670996,0.13067652138271604
warm_nv,0.0,10,5,50,123,9,0.7638888888888888,0.373,0.048,0.36907106782106786,0.13002059925925927
warm_nv,0.0,10,5,50,123,10,0.9344262295081968,0.3920000000000001,0.036,0.3107395382395382,0.12640120965925924
warm_nv,0.0,10,5,50,123,11,0.9152542372881356,0.383,0.024,0.3417063492063491,0.14043411733333333
warm_nv,0.0,10,5,50,123,12,0.7761194029850746,0.362,0.018,0.37711399711399707,0.13653802844444446
warm_nv,0.0,10,5,50,123,13,0.546875,0.258,0.024,0.4494764957264958,0.15079999241481482
warm_nv,0.0,10,5,50,123,14,0.7058823529411765,0.33799999999999997,0.048,0.3808098845598845,0.13835298772053334
warm_nv,0.0,10,5,50,123,15,0.6533333333333333,0.361,0.018,0.36541666666666667,0.1502228098380247
warm_nv,0.0,10,5,50,123,16,0.8253968253968254,0.388,0.03,0.34936507936507943,0.13646991842962966
warm_nv,0.0,10,5,50,123,17,0.7777777777777778,0.317,0.03,0.39974789099789093,0.1358908866666667
warm_nv,0.0,10,5,50,123,18,0.8095238095238095,0.372,0.03,0.3544895382395382,0.13633471928888893
warm_nv,0.0,10,5,50,123,19,0.9090909090909091,0.384,0.024,0.3773719336219336,0.12965355765432102
warm_nv,0.0,10,5,50,123,20,0.7014925373134329,0.34900000000000003,0.03,0.36623168498168496,0.12775052977777782
warm_nv,0.0,10,5,50,123,21,0.6133333333333333,0.347,0.006,0.40199134199134195,0.1231570266666667
warm_nv,0.0,10,5,50,123,22,0.8181818181818182,0.372,0.036,0.33931027306027306,0.11998557925925926
warm_nv,0.0,10,5,50,123,23,0.9104477611940298,0.43099999999999994,0.024,0.3323183760683761,0.13435511427160496
warm_nv,0.0,10,5,50,123,24,0.7419354838709677,0.329,0.03,0.38258227883227885,0.14666384302222227
warm_nv,0.0,10,5,50,123,25,0.5277777777777778,0.271,0.012,0.45000721500721497,0.14047282973155556
warm_nv,0.0,10,5,50,123,26,0.9464285714285714,0.35000000000000003,0.048,0.34950493950493944,0.12141596392263376
warm_nv,0.0,10,5,50,123,27,0.8059701492537313,0.373,0.024,0.3852716727716728,0.1340431371851852
warm_nv,0.0,10,5,50,123,28,0.9076923076923077,0.372,0.024,0.33548701298701294,0.12886295644444445
warm_nv,0.0,10,5,50,123,29,0.7627118644067796,0.36100000000000004,0.018,0.37045745920745915,0.12781955440000003
warm_nv,0.0,10,5,50,123,30,1.04,0.37,0.024,0.3909000721500721,0.12654153345679015
warm_nv,0.0,10,5,50,123,31,0.8461538461538461,0.337,0.024,0.37115981240981244,0.11508247916049383
warm_nv,0.0,10,5,50,123,32,0.6060606060606061,0.284,0.03,0.43647727272727277,0.1374599502533608
warm_nv,0.0,10,5,50,123,33,0.6865671641791045,0.323,0.054000000000000006,0.395436507936508,0.14026475066666666
warm_nv,0.0,10,5,50,123,34,0.8333333333333334,0.367,0.041999999999999996,0.3488636363636364,0.13122847114074077
warm_nv,0.0,10,5,50,123,35,0.7384615384615385,0.3490000000000001,0.041999999999999996,0.37833152958152955,0.1326311777777778
warm_nv,0.0,10,5,50,123,36,0.7833333333333333,0.333,0.041999999999999996,0.3920627983127983,0.13639656007407405
warm_nv,0.0,10,5,50,123,37,1.09375,0.44699999999999995,0.012,0.2805728993228993,0.1221598874320988
warm_nv,0.0,10,5,50,123,38,0.7794117647058824,0.376,0.018,0.4056475468975469,0.14377972518518523
warm_nv,0.0,10,5,50,123,39,0.8333333333333334,0.3990000000000001,0.03,0.34750901875901874,0.139789304
warm_nv,0.0,10,5,50,123,40,0.6307692307692307,0.277,0.041999999999999996,0.39751443001443,0.13448381866666667
warm_nv,0.0,10,5,50,123,41,0.75,0.38299999999999995,0.03,0.4182467532467532,0.13706715111111115
warm_nv,0.0,10,5,50,123,42,0.8253968253968254,0.348,0.048,0.3256605894105894,0.12480453955555557
warm_nv,0.0,10,5,50,123,43,0.6666666666666666,0.29800000000000004,0.048,0.4038202075702076,0.13937175111111114
warm_nv,0.0,10,5,50,123,44,0.864406779661017,0.35900000000000004,0.012,0.3908748196248196,0.143923772
warm_nv,0.0,10,5,50,123,45,0.7761194029850746,0.37500000000000006,0.024,0.3724657287157287,0.15545658995061734
warm_nv,0.0,10,5,50,123,46,0.6233766233766234,0.3510000000000001,0.018,0.4208272283272282,0.1472207791111112
warm_nv,0.0,10,5,50,123,47,0.96,0.327,0.036,0.40508254817078343,0.14066823837860082
warm_nv,0.0,10,5,50,123,48,0.6527777777777778,0.368,0.018,0.3775396825396825,0.14711012533333334
warm_nv,0.0,10,5,50,123,49,0.967741935483871,0.40800000000000003,0.018,0.3594841269841271,0.1586362178488889
warm_high,0.0,10,5,50,123,0,0.08695652173913043,0.037,0.0,0.8931547619047618,0.5
warm_high,0.0,10,5,50,123,1,0.32786885245901637,0.134,0.0,0.7832142857142858,0.3415291280864198
warm_high,0.0,10,5,50,123,2,0.44,0.23599999999999993,0.006,0.5399603174603175,0.23699663593742076
warm_high,0.0,10,5,50,123,3,0.5066666666666667,0.27,0.024,0.4559996947496948,0.17273807122624502
warm_high,0.0,10,5,50,123,4,0.5882352941176471,0.28300000000000003,0.024,0.44486097236097244,0.17018984564311543
warm_high,0.0,10,5,50,123,5,0.6451612903225806,0.30700000000000005,0.03,0.47019841269841267,0.1635842038778838
warm_high,0.0,10,5,50,123,6,0.5507246376811594,0.283,0.012,0.41870115995116,0.14215123189285203
warm_high,0.0,10,5,50,123,7,1.0535714285714286,0.397,0.041999999999999996,0.34822510822510827,0.13939611116910502
warm_high,0.0,10,5,50,123,8,0.9655172413793104,0.375,0.024,0.383814935064935,0.15107132563804487
warm_high,0.0,10,5,50,123,9,0.6944444444444444,0.359,0.012,0.41169191919191916,0.15666870591970855
warm_high,0.0,10,5,50,123,10,0.8360655737704918,0.37300000000000005,0.03,0.4056295093795093,0.14257710462926143
warm_high,0.0,10,5,50,123,11,1.0508474576271187,0.45299999999999996,0.036,0.3311614774114774,0.1430161532926001
warm_high,0.0,10,5,50,123,12,0.6716417910447762,0.35800000000000004,0.018,0.3742135642135643,0.1439526918666617
warm_high,0.0,10,5,50,123,13,0.703125,0.33399999999999996,0.024,0.3531547619047619,0.14211917626476006
warm_high,0.0,10,5,50,123,14,0.7058823529411765,0.31100000000000005,0.018,0.38393620268620265,0.15522265952455802
warm_high,0.0,10,5,50,123,15,0.7066666666666667,0.37100000000000005,0.036,0.34892857142857137,0.1618242238325018
warm_high,0.0,10,5,50,123,16,0.6190476190476191,0.275,0.018,0.4806746031746032,0.1425291300404507
warm_high,0.0,10,5,50,123,17,0.8253968253968254,0.36100000000000004,0.012,0.40965659340659333,0.13662153989015102
warm_high,0.0,10,5,50,123,18,0.6666666666666666,0.26500000000000007,0.048,0.4138279775779775,0.14370254441117447
warm_high,0.0,10,5,50,123,19,0.8939393939393939,0.36700000000000005,0.041999999999999996,0.35886474636474636,0.14104081066583046
warm_high,0.0,10,5,50,123,20,0.7164179104477612,0.363,0.006,0.4228012265512266,0.14316283036601235
warm_high,0.0,10,5,50,123,21,0.6933333333333334,0.32399999999999995,0.03,0.39096320346320346,0.14874296316069524
warm_high,0.0,10,5,50,123,22,0.7272727272727273,0.33100000000000007,0.03,0.4343903318903319,0.14782314674548153
warm_high,0.0,10,5,50,123,23,0.8507462686567164,0.4130000000000001,0.036,0.3149404761904762,0.1346455671475552
warm_high,0.0,10,5,50,123,24,0.7741935483870968,0.32500000000000007,0.024,0.3762175324675325,0.1476495925589871
warm_high,0.0,10,5,50,123,25,0.8333333333333334,0.43299999999999994,0.018,0.3152308802308802,0.1392806428602883
warm_high,0.0,10,5,50,123,26,0.9642857142857143,0.3320000000000001,0.018,0.3391665279165279,0.14359698490772765
warm_high,0.0,10,5,50,123,27,0.6417910447761194,0.311,0.024,0.4073466810966811,0.16801693172366874
warm_high,0.0,10,5,50,123,28,0.8307692307692308,0.3780000000000001,0.018,0.38920995670995673,0.15922839192751526
warm_high,0.0,10,5,50,123,29,0.7288135593220338,0.31,0.03,0.397579365079365,0.1497280720767481
warm_high,0.0,10,5,50,123,30,1.06,0.36899999999999994,0.018,0.3691869241869242,0.1384239586759492
warm_high,0.0,10,5,50,123,31,0.8076923076923077,0.311,0.03,0.4532792207792207,0.14232320837796442
warm_high,0.0,10,5,50,123,32,1.0151515151515151,0.483,0.03,0.27540945165945163,0.13642048507853208
warm_high,0.0,10,5,50,123,33,0.8656716417910447,0.383,0.018,0.34167748917748914,0.14888367265306596
warm_high,0.0,10,5,50,123,34,0.7166666666666667,0.29999999999999993,0.018,0.4528174603174602,0.14517819508114574
warm_high,0.0,10,5,50,123,35,0.7538461538461538,0.3470000000000001,0.03,0.3955735930735931,0.14571042823635946
warm_high,0.0,10,5,50,123,36,0.9,0.381,0.041999999999999996,0.35615981240981237,0.13818639621401577
warm_high,0.0,10,5,50,123,37,0.640625,0.269,0.03,0.42960497835497835,0.15314402472025582
warm_high,0.0,10,5,50,123,38,0.5882352941176471,0.26999999999999996,0.018,0.4806240981240982,0.14281211885945774
warm_high,0.0,10,5,50,123,39,0.85,0.40099999999999997,0.03,0.324237012987013,0.14775649236257257
warm_high,0.0,10,5,50,123,40,0.7384615384615385,0.31700000000000006,0.024,0.4453174603174602,0.16011126129195127
warm_high,0.0,10,5,50,123,41,0.703125,0.29000000000000015,0.012,0.40143939393939404,0.14870490535347677
warm_high,0.0,10,5,50,123,42,0.746031746031746,0.34400000000000003,0.036,0.37185606060606063,0.148893035670058
warm_high,0.0,10,5,50,123,43,0.9298245614035088,0.4149999999999999,0.012,0.4175992063492064,0.1588632593879153
warm_high,0.0,10,5,50,123,44,0.8135593220338984,0.308,0.012,0.42167388167388153,0.14916922244815578
warm_high,0.0,10,5,50,123,45,0.6865671641791045,0.35500000000000004,0.036,0.41283730158730164,0.15752595446915652
warm_high,0.0,10,5,50,123,46,0.6493506493506493,0.3389999999999999,0.041999999999999996,0.3552777777777778,0.13653853388766207
warm_high,0.0,10,5,50,123,47,1.14,0.399,0.012,0.3513383838383838,0.12947392653318562
warm_high,0.0,10,5,50,123,48,0.5694444444444444,0.2760000000000001,0.03,0.4276046176046176,0.13967350109919313
warm_high,0.0,10,5,50,123,49,0.6612903225806451,0.282,0.024,0.42912698412698413,0.1306318777317569
dcf_conv,0.0,10,5,50,123,0,0.6811594202898551,0.32500000000000007,0.10800000000000001,0.16970522533022533,nan
dcf_conv,0.0,10,5,50,123,1,0.7213114754098361,0.318,0.18600000000000003,0.13483511586452762,nan
dcf_conv,0.0,10,5,50,123,2,0.64,0.3379999999999999,0.11400000000000002,0.17846944721944727,nan
dcf_conv,0.0,10,5,50,123,3,0.49333333333333335,0.27699999999999997,0.162,0.15774981232218077,nan
dcf_conv,0.0,10,5,50,123,4,0.6617647058823529,0.32199999999999995,0.096,0.18157092907092906,nan
dcf_conv,0.0,10,5,50,123,5,0.5,0.23600000000000004,0.10800000000000001,0.20161068098568097,nan
dcf_conv,0.0,10,5,50,123,6,0.6811594202898551,0.3559999999999999,0.13200000000000003,0.1573626373626374,nan
dcf_conv,0.0,10,5,50,123,7,0.6607142857142857,0.253,0.16200000000000003,0.1763779480323598,nan
dcf_conv,0.0,10,5,50,123,8,0.8448275862068966,0.34900000000000003,0.13800000000000004,0.14643245643245645,nan
dcf_conv,0.0,10,5,50,123,9,0.625,0.332,0.138,0.16774649370237607,nan
dcf_conv,0.0,10,5,50,123,10,0.6721311475409836,0.30399999999999994,0.14400000000000002,0.1618159863012804,nan
dcf_conv,0.0,10,5,50,123,11,0.6779661016949152,0.27999999999999997,0.156,0.14591334104492,nan
dcf_conv,0.0,10,5,50,123,12,0.5671641791044776,0.236,0.13800000000000004,0.18753990290754996,nan
dcf_conv,0.0,10,5,50,123,13,0.671875,0.31799999999999995,0.12600000000000003,0.1805665290591761,nan
dcf_conv,0.0,10,5,50,123,14,0.6176470588235294,0.311,0.168,0.16097818847818848,nan
dcf_conv,0.0,10,5,50,123,15,0.48,0.26,0.14400000000000002,0.17748309288750466,nan
dcf_conv,0.0,10,5,50,123,16,0.5873015873015873,0.26599999999999996,0.13200000000000003,0.176743672993673,nan
dcf_conv,0.0,10,5,50,123,17,0.5396825396825397,0.251,0.13800000000000004,0.19838231213231214,nan
dcf_conv,0.0,10,5,50,123,18,0.6507936507936508,0.28300000000000003,0.168,0.1606089743589744,nan
dcf_conv,0.0,10,5,50,123,19,0.6515151515151515,0.28300000000000003,0.13800000000000004,0.1816487788527262,nan
dcf_conv,0.0,10,5,50,123,20,0.5970149253731343,0.264,0.10800000000000001,0.2048447385947386,nan
dcf_conv,0.0,10,5,50,123,21,0.5866666666666667,0.296,0.132,0.15939857936181467,nan
dcf_conv,0.0,10,5,50,123,22,0.7121212121212122,0.37099999999999994,0.138,0.15222550110708008,nan
dcf_conv,0.0,10,5,50,123,23,0.6119402985074627,0.308,0.14400000000000002,0.16546662895927602,nan
dcf_conv,0.0,10,5,50,123,24,0.5806451612903226,0.28500000000000003,0.15000000000000005,0.17988636363636365,nan
dcf_conv,0.0,10,5,50,123,25,0.5833333333333334,0.296,0.15000000000000005,0.16975348181230535,nan
dcf_conv,0.0,10,5,50,123,26,0.6785714285714286,0.272,0.16199999999999998,0.16201917363682075,nan
dcf_conv,0.0,10,5,50,123,27,0.6417910447761194,0.261,0.168,0.1665830003330003,nan
dcf_conv,0.0,10,5,50,123,28,0.7538461538461538,0.329,0.12600000000000003,0.1532288544788545,nan
dcf_conv,0.0,10,5,50,123,29,0.576271186440678,0.261,0.15600000000000003,0.1658545621045621,nan
dcf_conv,0.0,10,5,50,123,30,0.74,0.24499999999999997,0.15600000000000006,0.18383299706829123,nan
dcf_conv,0.0,10,5,50,123,31,0.75,0.273,0.16199999999999998,0.16204628704628704,nan
dcf_conv,0.0,10,5,50,123,32,0.7424242424242424,0.358,0.18000000000000002,0.1146376744170862,nan
dcf_conv,0.0,10,5,50,123,33,0.6268656716417911,0.289,0.162,0.16303681612505141,nan
dcf_conv,0.0,10,5,50,123,34,0.5166666666666667,0.23299999999999996,0.18600000000000005,0.18498077494401025,nan
dcf_conv,0.0,10,5,50,123,35,0.6923076923076923,0.30300000000000005,0.12600000000000003,0.16859244921744918,nan
dcf_conv,0.0,10,5,50,123,36,0.8166666666666667,0.36799999999999994,0.12000000000000002,0.15445278985720162,nan
dcf_conv,0.0,10,5,50,123,37,0.71875,0.331,0.10799999999999998,0.16314159266945646,nan
dcf_conv,0.0,10,5,50,123,38,0.6911764705882353,0.30000000000000004,0.12600000000000003,0.17742424242424243,nan
dcf_conv,0.0,10,5,50,123,39,0.7666666666666667,0.35,0.14400000000000004,0.1507873009343597,nan
dcf_conv,0.0,10,5,50,123,40,0.5692307692307692,0.2800000000000001,0.16199999999999998,0.1657611138861139,nan
dcf_conv,0.0,10,5,50,123,41,0.671875,0.33599999999999997,0.14400000000000002,0.15108333251715608,nan
dcf_conv,0.0,10,5,50,123,42,0.6825396825396826,0.277,0.09000000000000001,0.19742381801205328,nan
dcf_conv,0.0,10,5,50,123,43,0.6842105263157895,0.315,0.10200000000000002,0.17844334586981644,nan
dcf_conv,0.0,10,5,50,123,44,0.9152542372881356,0.40800000000000003,0.12000000000000002,0.1294590948267419,nan
dcf_conv,0.0,10,5,50,123,45,0.5671641791044776,0.286,0.12600000000000003,0.17446164946164947,nan
dcf_conv,0.0,10,5,50,123,46,0.5584415584415584,0.336,0.11400000000000002,0.17555631868131866,nan
dcf_conv,0.0,10,5,50,123,47,0.94,0.3480000000000001,0.11400000000000002,0.16476960539460542,nan
dcf_conv,0.0,10,5,50,123,48,0.5694444444444444,0.314,0.15000000000000002,0.16374067517449872,nan
dcf_conv,0.0,10,5,50,123,49,0.5645161290322581,0.25,0.14400000000000004,0.1864735387161858,nan
oracle,0.0,10,5,50,456,0,1.0606060606060606,0.5220000000000001,0.09000000000000004,0.1735941835941836,nan
oracle,0.0,10,5,50,456,1,1.1785714285714286,0.458,0.06000000000000001,0.22087121212121213,nan
oracle,0.0,10,5,50,456,2,1.2,0.46799999999999997,0.078,0.20655636030636032,nan
oracle,0.0,10,5,50,456,3,1.3846153846153846,0.5189999999999999,0.09600000000000002,0.17987373737373735,nan
oracle,0.0,10,5,50,456,4,0.8378378378378378,0.4530000000000001,0.10200000000000001,0.18757575757575756,nan
oracle,0.0,10,5,50,456,5,1.2413793103448276,0.502,0.096,0.1866504329004329,nan
oracle,0.0,10,5,50,456,6,0.9104477611940298,0.42400000000000004,0.078,0.2356882006882007,nan
oracle,0.0,10,5,50,456,7,1.032258064516129,0.48,0.096,0.18608627483627488,nan
oracle,0.0,10,5,50,456,8,1.0144927536231885,0.45199999999999996,0.096,0.17102078477078475,nan
oracle,0.0,10,5,50,456,9,1.1320754716981132,0.4589999999999999,0.06600000000000002,0.2272785547785548,nan
oracle,0.0,10,5,50,456,10,0.9264705882352942,0.4149999999999999,0.09600000000000002,0.21909188034188035,nan
oracle,0.0,10,5,50,456,11,0.9558823529411765,0.41200000000000003,0.12000000000000002,0.18943188755688756,nan
oracle,0.0,10,5,50,456,12,0.6753246753246753,0.3509999999999999,0.09000000000000004,0.22023480604362958,nan
oracle,0.0,10,5,50,456,13,0.9838709677419355,0.43200000000000005,0.072,0.20700986513486508,nan
oracle,0.0,10,5,50,456,14,0.8333333333333334,0.41200000000000003,0.11400000000000002,0.1993849206349206,nan
oracle,0.0,10,5,50,456,15,0.84,0.4760000000000001,0.10800000000000001,0.19607378732378736,nan
oracle,0.0,10,5,50,456,16,0.9078947368421053,0.48600000000000004,0.11400000000000003,0.16360139860139858,nan
oracle,0.0,10,5,50,456,17,0.9041095890410958,0.4320000000000001,0.09000000000000001,0.22409812409812405,nan
oracle,0.0,10,5,50,456,18,1.046875,0.4539999999999999,0.096,0.2208567821067821,nan
oracle,0.0,10,5,50,456,19,1.1578947368421053,0.45500000000000007,0.14400000000000002,0.17115800865800868,nan
oracle,0.0,10,5,50,456,20,1.05,0.418,0.09000000000000001,0.1970723720723721,nan
oracle,0.0,10,5,50,456,21,0.8472222222222222,0.4130000000000001,0.09,0.24286250514191687,nan
oracle,0.0,10,5,50,456,22,0.9846153846153847,0.42400000000000004,0.08400000000000003,0.18893624349506702,nan
oracle,0.0,10,5,50,456,23,0.984375,0.4,0.084,0.23155538905538905,nan
oracle,0.0,10,5,50,456,24,0.88,0.43499999999999994,0.084,0.22542159229659225,nan
oracle,0.0,10,5,50,456,25,1.0923076923076922,0.48699999999999993,0.06600000000000002,0.18862012987012985,nan
oracle,0.0,10,5,50,456,26,1.2941176470588236,0.504,0.07200000000000001,0.2066576479076479,nan
oracle,0.0,10,5,50,456,27,0.8529411764705882,0.398,0.10200000000000001,0.24031746031746032,nan
oracle,0.0,10,5,50,456,28,0.9142857142857143,0.476,0.10800000000000001,0.1794064269064269,nan
oracle,0.0,10,5,50,456,29,1.0357142857142858,0.41600000000000004,0.10800000000000001,0.18455544455544454,nan
oracle,0.0,10,5,50,456,30,1.1481481481481481,0.41899999999999993,0.06000000000000001,0.25393856143856136,nan
oracle,0.0,10,5,50,456,31,1.1515151515151516,0.512,0.054000000000000006,0.20267787767787765,nan
oracle,0.0,10,5,50,456,32,1.2083333333333333,0.40800000000000003,0.09600000000000002,0.2332756132756133,nan
oracle,0.0,10,5,50,456,33,1.03125,0.45899999999999996,0.054000000000000006,0.23882638195138198,nan
oracle,0.0,10,5,50,456,34,0.9655172413793104,0.387,0.07800000000000003,0.24362123987123985,nan
oracle,0.0,10,5,50,456,35,1.0149253731343284,0.45099999999999996,0.10800000000000003,0.17657499363381718,nan
oracle,0.0,10,5,50,456,36,0.84,0.4349999999999999,0.06000000000000001,0.23374458874458873,nan
oracle,0.0,10,5,50,456,37,0.9701492537313433,0.46099999999999997,0.096,0.21496572871572867,nan
oracle,0.0,10,5,50,456,38,0.9649122807017544,0.393,0.12600000000000003,0.2031732156732157,nan
oracle,0.0,10,5,50,456,39,0.8695652173913043,0.41800000000000004,0.10800000000000003,0.2134887334887335,nan
oracle,0.0,10,5,50,456,40,1.0,0.4080000000000001,0.07800000000000003,0.2343430180930181,nan
oracle,0.0,10,5,50,456,41,0.8955223880597015,0.382,0.09600000000000002,0.2443521756021756,nan
oracle,0.0,10,5,50,456,42,1.1935483870967742,0.46699999999999997,0.09000000000000001,0.16960617813558987,nan
oracle,0.0,10,5,50,456,43,1.0476190476190477,0.453,0.11400000000000002,0.2009541847041847,nan
oracle,0.0,10,5,50,456,44,1.015625,0.45200000000000007,0.06600000000000002,0.20816509879009876,nan
oracle,0.0,10,5,50,456,45,1.0,0.44399999999999995,0.07799999999999999,0.21938353313353312,nan
oracle,0.0,10,5,50,456,46,1.0317460317460319,0.46500000000000014,0.06599999999999999,0.22448953823953827,nan
oracle,0.0,10,5,50,456,47,0.8472222222222222,0.4130000000000001,0.10200000000000002,0.20574314574314573,nan
oracle,0.0,10,5,50,456,48,0.971830985915493,0.48200000000000004,0.06600000000000002,0.2452453102453102,nan
oracle,0.0,10,5,50,456,49,1.123076923076923,0.49099999999999994,0.054000000000000006,0.2190610778110778,nan
cold_genie,0.0,10,5,50,456,0,0.8787878787878788,0.421,0.09,0.21999098124098126,0.06666666666666667
cold_genie,0.0,10,5,50,456,1,1.1964285714285714,0.44700000000000006,0.09600000000000003,0.19120060495060495,0.06666666666666667
cold_genie,0.0,10,5,50,456,2,0.7833333333333333,0.359,0.072,0.2591711066711066,0.06666666666666667
cold_genie,0.0,10,5,50,456,3,1.0192307692307692,0.39000000000000007,0.072,0.21587107337107336,0.06666666666666667
cold_genie,0.0,10,5,50,456,4,0.7297297297297297,0.403,0.09000000000000001,0.21236222111222108,0.06666666666666667
cold_genie,0.0,10,5,50,456,5,0.9137931034482759,0.38199999999999995,0.078,0.21167499167499165,0.06666666666666667
cold_genie,0.0,10,5,50,456,6,0.746268656716418,0.36700000000000005,0.10200000000000002,0.2150242812742813,0.06666666666666667
cold_genie,0.0,10,5,50,456,7,0.7741935483870968,0.3879999999999999,0.054000000000000006,0.2553479853479853,0.06666666666666667
cold_genie,0.0,10,5,50,456,8,0.8840579710144928,0.4,0.054000000000000006,0.24190032190032187,0.06666666666666667
cold_genie,0.0,10,5,50,456,9,1.2641509433962264,0.5130000000000001,0.09000000000000001,0.16625541125541124,0.06666666666666667
cold_genie,0.0,10,5,50,456,10,0.9852941176470589,0.48199999999999993,0.06000000000000001,0.17682775557775557,0.06666666666666667
cold_genie,0.0,10,5,50,456,11,0.8823529411764706,0.422,0.024,0.24414252414252413,0.06666666666666667
cold_genie,0.0,10,5,50,456,12,0.8831168831168831,0.46699999999999997,0.078,0.19827824952824954,0.06666666666666667
cold_genie,0.0,10,5,50,456,13,1.1290322580645162,0.45199999999999996,0.08399999999999999,0.192694943944944,0.06666666666666667
cold_genie,0.0,10,5,50,456,14,1.0454545454545454,0.47400000000000003,0.078,0.17833805083805082,0.06666666666666667
cold_genie,0.0,10,5,50,456,15,0.8666666666666667,0.46299999999999997,0.06600000000000002,0.19768745143745148,0.06666666666666667
cold_genie,0.0,10,5,50,456,16,0.8026315789473685,0.4320000000000001,0.12600000000000003,0.1774293761793762,0.06666666666666667
cold_genie,0.0,10,5,50,456,17,0.8767123287671232,0.42800000000000005,0.054000000000000006,0.21618104118104112,0.06666666666666667
cold_genie,0.0,10,5,50,456,18,0.984375,0.43100000000000005,0.084,0.19167735042735043,0.06666666666666667
cold_genie,0.0,10,5,50,456,19,0.9824561403508771,0.406,0.072,0.22045621045621044,0.06666666666666667
cold_genie,0.0,10,5,50,456,20,0.9666666666666667,0.37899999999999995,0.07200000000000002,0.2455501443001443,0.06666666666666667
cold_genie,0.0,10,5,50,456,21,0.9027777777777778,0.465,0.084,0.2044479131979132,0.06666666666666667
cold_genie,0.0,10,5,50,456,22,0.9076923076923077,0.393,0.084,0.2186417748917749,0.06666666666666667
cold_genie,0.0,10,5,50,456,23,0.765625,0.32100000000000006,0.09,0.25370768120768117,0.06666666666666667
cold_genie,0.0,10,5,50,456,24,0.8266666666666667,0.445,0.10200000000000001,0.2088780663780664,0.06666666666666667
cold_genie,0.0,10,5,50,456,25,0.7846153846153846,0.36400000000000005,0.09600000000000003,0.23354020979020987,0.06666666666666667
cold_genie,0.0,10,5,50,456,26,0.9607843137254902,0.387,0.10200000000000001,0.22178668553668554,0.06666666666666667
cold_genie,0.0,10,5,50,456,27,0.9264705882352942,0.46599999999999986,0.08399999999999999,0.1975725663225663,0.06666666666666667
cold_genie,0.0,10,5,50,456,28,0.7142857142857143,0.374,0.09000000000000004,0.23747946497946498,0.06666666666666667
cold_genie,0.0,10,5,50,456,29,1.0892857142857142,0.4710000000000001,0.041999999999999996,0.20517968142968143,0.06666666666666667
cold_genie,0.0,10,5,50,456,30,1.2037037037037037,0.44200000000000006,0.06600000000000002,0.2286459373959374,0.06666666666666667
cold_genie,0.0,10,5,50,456,31,1.196969696969697,0.5089999999999999,0.09,0.1530406399156399,0.06666666666666667
cold_genie,0.0,10,5,50,456,32,1.2291666666666667,0.4109999999999999,0.12000000000000002,0.16373085248085248,0.06666666666666667
cold_genie,0.0,10,5,50,456,33,0.90625,0.376,0.06600000000000002,0.2281124431124431,0.06666666666666667
cold_genie,0.0,10,5,50,456,34,0.8448275862068966,0.347,0.06000000000000001,0.26293997668997665,0.06666666666666667
cold_genie,0.0,10,5,50,456,35,0.8208955223880597,0.41899999999999993,0.06600000000000002,0.22686313686313686,0.06666666666666667
cold_genie,0.0,10,5,50,456,36,0.7466666666666667,0.3850000000000001,0.06000000000000001,0.25569264069264064,0.06666666666666667
cold_genie,0.0,10,5,50,456,37,0.9104477611940298,0.43200000000000005,0.084,0.20149891774891776,0.06666666666666667
cold_genie,0.0,10,5,50,456,38,0.9298245614035088,0.425,0.08400000000000003,0.21070041070041068,0.06666666666666667
cold_genie,0.0,10,5,50,456,39,0.6521739130434783,0.357,0.07800000000000003,0.26592352092352095,0.06666666666666667
cold_genie,0.0,10,5,50,456,40,1.03125,0.43600000000000005,0.07800000000000003,0.20824832030714385,0.06666666666666667
cold_genie,0.0,10,5,50,456,41,0.8805970149253731,0.376,0.06000000000000001,0.22488171550671548,0.06666666666666667
cold_genie,0.0,10,5,50,456,42,0.9838709677419355,0.42800000000000005,0.09000000000000001,0.21518134643134643,0.06666666666666667
cold_genie,0.0,10,5,50,456,43,0.8571428571428571,0.33799999999999997,0.06000000000000001,0.23395881895881893,0.06666666666666667
cold_genie,0.0,10,5,50,456,44,0.90625,0.402,0.072,0.22484487734487738,0.06666666666666667
cold_genie,0.0,10,5,50,456,45,0.9411764705882353,0.42299999999999993,0.06600000000000002,0.20518537018537022,0.06666666666666667
cold_genie,0.0,10,5,50,456,46,0.9206349206349206,0.441,0.048,0.24467532467532466,0.06666666666666667
cold_genie,0.0,10,5,50,456,47,0.7361111111111112,0.41400000000000003,0.048,0.2433205683205683,0.06666666666666667
cold_genie,0.0,10,5,50,456,48,0.8169014084507042,0.36,0.054000000000000006,0.2533164058164058,0.06666666666666667
cold_genie,0.0,10,5,50,456,49,0.9230769230769231,0.417,0.06599999999999999,0.24772047397047398,0.06666666666666667
cold_nv,0.0,10,5,50,456,0,0.8333333333333334,0.43200000000000005,0.03,0.2681493506493506,0.10000000000000002
cold_nv,0.0,10,5,50,456,1,0.7142857142857143,0.26000000000000006,0.041999999999999996,0.369265873015873,0.10000000000000002
cold_nv,0.0,10,5,50,456,2,1.1833333333333333,0.502,0.018,0.2582810245310246,0.10000000000000002
cold_nv,0.0,10,5,50,456,3,1.2307692307692308,0.4629999999999999,0.024,0.29708694083694087,0.10000000000000002
cold_nv,0.0,10,5,50,456,4,0.7837837837837838,0.38800000000000007,0.03,0.29155483405483407,0.10000000000000002
cold_nv,0.0,10,5,50,456,5,0.9482758620689655,0.39,0.06599999999999999,0.2907316294816295,0.10000000000000002
cold_nv,0.0,10,5,50,456,6,1.0597014925373134,0.484,0.03,0.23667027417027414,0.10000000000000002
cold_nv,0.0,10,5,50,456,7,0.8064516129032258,0.39799999999999996,0.006,0.32530039405039407,0.10000000000000002
cold_nv,0.0,10,5,50,456,8,0.855072463768116,0.38699999999999996,0.048,0.2818506493506493,0.10000000000000002
cold_nv,0.0,10,5,50,456,9,1.1886792452830188,0.44899999999999995,0.036,0.24468073593073592,0.10000000000000002
cold_nv,0.0,10,5,50,456,10,0.7352941176470589,0.36900000000000005,0.048,0.3202525252525253,0.10000000000000002
cold_nv,0.0,10,5,50,456,11,0.8235294117647058,0.37099999999999994,0.048,0.32754259629259624,0.10000000000000002
cold_nv,0.0,10,5,50,456,12,0.7792207792207793,0.413,0.041999999999999996,0.2828282828282829,0.10000000000000002
cold_nv,0.0,10,5,50,456,13,0.8870967741935484,0.4069999999999999,0.024,0.2941695804195804,0.10000000000000002
cold_nv,0.0,10,5,50,456,14,1.0303030303030303,0.4600000000000001,0.036,0.246462703962704,0.10000000000000002
cold_nv,0.0,10,5,50,456,15,0.7333333333333333,0.422,0.07200000000000002,0.2609372571872572,0.10000000000000002
cold_nv,0.0,10,5,50,456,16,0.6973684210526315,0.363,0.041999999999999996,0.3221428571428572,0.10000000000000002
cold_nv,0.0,10,5,50,456,17,0.726027397260274,0.343,0.036,0.32389360639360637,0.10000000000000002
cold_nv,0.0,10,5,50,456,18,0.890625,0.39300000000000007,0.048,0.2829166666666666,0.10000000000000002
cold_nv,0.0,10,5,50,456,19,1.2105263157894737,0.534,0.006,0.2411742424242424,0.10000000000000002
cold_nv,0.0,10,5,50,456,20,0.8666666666666667,0.372,0.036,0.32069805194805195,0.10000000000000002
cold_nv,0.0,10,5,50,456,21,0.8611111111111112,0.414,0.054000000000000006,0.2781336718836719,0.10000000000000002
cold_nv,0.0,10,5,50,456,22,0.8923076923076924,0.38899999999999996,0.03,0.3255952380952381,0.10000000000000002
cold_nv,0.0,10,5,50,456,23,0.890625,0.37200000000000005,0.024,0.3155878843378843,0.10000000000000002
cold_nv,0.0,10,5,50,456,24,0.8533333333333334,0.44000000000000006,0.06599999999999999,0.25334415584415576,0.10000000000000002
cold_nv,0.0,10,5,50,456,25,0.8769230769230769,0.43200000000000005,0.012,0.2951019813519814,0.10000000000000002
cold_nv,0.0,10,5,50,456,26,1.1372549019607843,0.421,0.024,0.27593906093906095,0.10000000000000002
cold_nv,0.0,10,5,50,456,27,0.7205882352941176,0.3590000000000001,0.036,0.3344552669552669,0.10000000000000002
cold_nv,0.0,10,5,50,456,28,0.7571428571428571,0.36499999999999994,0.041999999999999996,0.34008935508935506,0.10000000000000002
cold_nv,0.0,10,5,50,456,29,0.9464285714285714,0.4149999999999999,0.036,0.3025811688311688,0.10000000000000002
cold_nv,0.0,10,5,50,456,30,1.1481481481481481,0.43599999999999994,0.018,0.2773340548340548,0.10000000000000002
cold_nv,0.0,10,5,50,456,31,0.8939393939393939,0.396,0.08400000000000003,0.26925685425685425,0.10000000000000002
cold_nv,0.0,10,5,50,456,32,1.5,0.5229999999999999,0.018,0.21613553113553113,0.10000000000000002
cold_nv,0.0,10,5,50,456,33,0.734375,0.35700000000000004,0.024,0.35506493506493503,0.10000000000000002
cold_nv,0.0,10,5,50,456,34,1.0172413793103448,0.42699999999999994,0.041999999999999996,0.2971915584415584,0.10000000000000002
cold_nv,0.0,10,5,50,456,35,1.0149253731343284,0.4749999999999999,0.018,0.242252886002886,0.10000000000000002
cold_nv,0.0,10,5,50,456,36,0.84,0.44299999999999995,0.06000000000000001,0.22406413031413033,0.10000000000000002
cold_nv,0.0,10,5,50,456,37,0.7761194029850746,0.3540000000000001,0.048,0.29546231546231544,0.10000000000000002
cold_nv,0.0,10,5,50,456,38,0.8771929824561403,0.35999999999999993,0.054000000000000006,0.2877922077922078,0.10000000000000002
cold_nv,0.0,10,5,50,456,39,0.7681159420289855,0.392,0.024,0.31731240981240977,0.10000000000000002
cold_nv,0.0,10,5,50,456,40,1.109375,0.502,0.06,0.23664904539904538,0.10000000000000002
cold_nv,0.0,10,5,50,456,41,0.8955223880597015,0.414,0.041999999999999996,0.303041403041403,0.10000000000000002
cold_nv,0.0,10,5,50,456,42,0.9032258064516129,0.398,0.06600000000000002,0.2837087912087912,0.10000000000000002
cold_nv,0.0,10,5,50,456,43,0.9523809523809523,0.4079999999999999,0.054000000000000006,0.2860624098124098,0.10000000000000002
cold_nv,0.0,10,5,50,456,44,0.765625,0.324,0.07200000000000001,0.3233603896103896,0.10000000000000002
cold_nv,0.0,10,5,50,456,45,0.9852941176470589,0.45,0.03,0.25419871794871784,0.10000000000000002
cold_nv,0.0,10,5,50,456,46,0.7936507936507936,0.37099999999999994,0.054000000000000006,0.3154338716838717,0.10000000000000002
cold_nv,0.0,10,5,50,456,47,0.8888888888888888,0.461,0.036,0.24920260295260296,0.10000000000000002
cold_nv,0.0,10,5,50,456,48,0.9014084507042254,0.449,0.054000000000000006,0.24058080808080806,0.10000000000000002
cold_nv,0.0,10,5,50,456,49,0.9230769230769231,0.44300000000000006,0.036,0.2904166666666666,0.10000000000000002
cold_high,0.0,10,5,50,456,0,0.06060606060606061,0.019,0.0,0.9233333333333335,0.5
cold_high,0.0,10,5,50,456,1,0.17857142857142858,0.051000000000000004,0.0,0.8656349206349206,0.5
cold_high,0.0,10,5,50,456,2,0.2,0.06000000000000001,0.0,0.8646428571428573,0.5
cold_high,0.0,10,5,50,456,3,0.1346153846153846,0.03,0.006,0.8672619047619046,0.5
cold_high,0.0,10,5,50,456,4,0.08108108108108109,0.032999999999999995,0.0,0.9079166666666669,0.5
cold_high,0.0,10,5,50,456,5,0.20689655172413793,0.06500000000000002,0.006,0.8209523809523811,0.5
cold_high,0.0,10,5,50,456,6,0.11940298507462686,0.031,0.0,0.8976785714285714,0.5
cold_high,0.0,10,5,50,456,7,0.1935483870967742,0.061,0.0,0.8338095238095239,0.5
cold_high,0.0,10,5,50,456,8,0.11594202898550725,0.033,0.0,0.8495238095238097,0.5
cold_high,0.0,10,5,50,456,9,0.1320754716981132,0.034999999999999996,0.0,0.8785714285714287,0.5
cold_high,0.0,10,5,50,456,10,0.08823529411764706,0.024,0.0,0.9208333333333334,0.5
cold_high,0.0,10,5,50,456,11,0.14705882352941177,0.05100000000000001,0.0,0.8802380952380954,0.5
cold_high,0.0,10,5,50,456,12,0.16883116883116883,0.06000000000000001,0.0,0.8639880952380953,0.5
cold_high,0.0,10,5,50,456,13,0.12903225806451613,0.034999999999999996,0.0,0.8773809523809522,0.5
cold_high,0.0,10,5,50,456,14,0.16666666666666666,0.05800000000000001,0.0,0.8428571428571429,0.5
cold_high,0.0,10,5,50,456,15,0.08,0.036,0.0,0.8740476190476192,0.5
cold_high,0.0,10,5,50,456,16,0.17105263157894737,0.08000000000000002,0.0,0.8407738095238095,0.5
cold_high,0.0,10,5,50,456,17,0.1780821917808219,0.06100000000000001,0.0,0.8154761904761905,0.5
cold_high,0.0,10,5,50,456,18,0.09375,0.026000000000000002,0.0,0.9123809523809525,0.5
cold_high,0.0,10,5,50,456,19,0.12280701754385964,0.03,0.0,0.8502380952380955,0.5
cold_high,0.0,10,5,50,456,20,0.15,0.046000000000000006,0.0,0.8866666666666667,0.5
cold_high,0.0,10,5,50,456,21,0.1388888888888889,0.05,0.0,0.8839880952380954,0.5
cold_high,0.0,10,5,50,456,22,0.09230769230769231,0.034,0.0,0.8850595238095238,0.5
cold_high,0.0,10,5,50,456,23,0.15625,0.049999999999999996,0.0,0.86,0.5
cold_high,0.0,10,5,50,456,24,0.13333333333333333,0.045,0.0,0.8604761904761906,0.5
cold_high,0.0,10,5,50,456,25,0.1076923076923077,0.030000000000000006,0.0,0.8795238095238096,0.5
cold_high,0.0,10,5,50,456,26,0.058823529411764705,0.011,0.0,0.8923809523809524,0.5
cold_high,0.0,10,5,50,456,27,0.1323529411764706,0.04899999999999999,0.0,0.8897619047619048,0.5
cold_high,0.0,10,5,50,456,28,0.12857142857142856,0.044,0.0,0.8950000000000002,0.5
cold_high,0.0,10,5,50,456,29,0.10714285714285714,0.025,0.0,0.8554761904761907,0.5
cold_high,0.0,10,5,50,456,30,0.09259259259259259,0.027999999999999997,0.0,0.9020833333333333,0.5
cold_high,0.0,10,5,50,456,31,0.13636363636363635,0.040999999999999995,0.0,0.8785119047619048,0.5
cold_high,0.0,10,5,50,456,32,0.20833333333333334,0.053000000000000005,0.0,0.8958333333333334,0.5
cold_high,0.0,10,5,50,456,33,0.203125,0.057999999999999996,0.0,0.8425,0.5
cold_high,0.0,10,5,50,456,34,0.10344827586206896,0.036000000000000004,0.0,0.8870833333333333,0.5
cold_high,0.0,10,5,50,456,35,0.14925373134328357,0.051000000000000004,0.0,0.8738095238095239,0.5
cold_high,0.0,10,5,50,456,36,0.09333333333333334,0.039,0.0,0.8944047619047619,0.5
cold_high,0.0,10,5,50,456,37,0.11940298507462686,0.037,0.0,0.8673015873015876,0.5
cold_high,0.0,10,5,50,456,38,0.19298245614035087,0.047999999999999994,0.0,0.8125,0.5
cold_high,0.0,10,5,50,456,39,0.057971014492753624,0.020999999999999998,0.0,0.9167857142857143,0.5
cold_high,0.0,10,5,50,456,40,0.140625,0.038000000000000006,0.0,0.8790476190476193,0.5
cold_high,0.0,10,5,50,456,41,0.13432835820895522,0.052000000000000005,0.0,0.891904761904762,0.5
cold_high,0.0,10,5,50,456,42,0.16129032258064516,0.04800000000000001,0.0,0.8716666666666667,0.5
cold_high,0.0,10,5,50,456,43,0.19047619047619047,0.061,0.0,0.8359523809523811,0.5
cold_high,0.0,10,5,50,456,44,0.15625,0.05700000000000001,0.0,0.880952380952381,0.5
cold_high,0.0,10,5,50,456,45,0.14705882352941177,0.048,0.0,0.8677380952380952,0.5
cold_high,0.0,10,5,50,456,46,0.15873015873015872,0.040999999999999995,0.0,0.8844642857142858,0.5
cold_high,0.0,10,5,50,456,47,0.125,0.046,0.0,0.8823809523809525,0.5
cold_high,0.0,10,5,50,456,48,0.11267605633802817,0.051000000000000004,0.0,0.9095238095238096,0.5
cold_high,0.0,10,5,50,456,49,0.15384615384615385,0.05600000000000001,0.0,0.8567857142857143,0.5
warm_nv,0.0,10,5,50,456,0,0.8484848484848485,0.367,0.06000000000000001,0.2989116439116439,0.10000000000000002
warm_nv,0.0,10,5,50,456,1,0.7678571428571429,0.2930000000000001,0.06600000000000002,0.34919178044178045,0.11466520434567903
warm_nv,0.0,10,5,50,456,2,0.95,0.38299999999999995,0.012,0.36737873237873236,0.13257232520987655
warm_nv,0.0,10,5,50,456,3,1.0961538461538463,0.378,0.03,0.32347763347763353,0.15589533688888893
warm_nv,0.0,10,5,50,456,4,0.6891891891891891,0.35500000000000004,0.041999999999999996,0.34934523809523815,0.15298146240000002
warm_nv,0.0,10,5,50,456,5,0.7241379310344828,0.28500000000000003,0.018,0.4457298257298258,0.15261790933333333
warm_nv,0.0,10,5,50,456,6,0.7313432835820896,0.337,0.03,0.3967099567099567,0.14472593659259259
warm_nv,0.0,10,5,50,456,7,0.6612903225806451,0.301,0.006,0.4733189033189033,0.15176746363950616
warm_nv,0.0,10,5,50,456,8,0.6811594202898551,0.2960000000000001,0.03,0.3989652014652014,0.13468167484444446
warm_nv,0.0,10,5,50,456,9,0.7924528301886793,0.331,0.03,0.35851551226551226,0.12563198474074078
warm_nv,0.0,10,5,50,456,10,0.8382352941176471,0.39300000000000007,0.03,0.3554617604617605,0.14221193325925927
warm_nv,0.0,10,5,50,456,11,0.7352941176470589,0.355,0.041999999999999996,0.36450396825396814,0.14219235136
warm_nv,0.0,10,5,50,456,12,0.7792207792207793,0.41500000000000004,0.018,0.3386309523809524,0.13929042385185192
warm_nv,0.0,10,5,50,456,13,0.9516129032258065,0.4170000000000001,0.006,0.3188449050949051,0.12921420462222222
warm_nv,0.0,10,5,50,456,14,0.7272727272727273,0.348,0.018,0.400566378066378,0.14958619091555556
warm_nv,0.0,10,5,50,456,15,0.7066666666666667,0.36400000000000005,0.018,0.3718793706293706,0.1384108578765432
warm_nv,0.0,10,5,50,456,16,0.6578947368421053,0.348,0.0,0.4204605117105117,0.14319085734320988
warm_nv,0.0,10,5,50,456,17,0.7123287671232876,0.32799999999999996,0.036,0.4020093795093794,0.14167353780740743
warm_nv,0.0,10,5,50,456,18,0.90625,0.417,0.03,0.3264141414141414,0.13999003261728396
warm_nv,0.0,10,5,50,456,19,0.9473684210526315,0.369,0.041999999999999996,0.353044733044733,0.14141278345679015
warm_nv,0.0,10,5,50,456,20,0.9166666666666666,0.4130000000000001,0.018,0.3396733821733822,0.14723223703703708
warm_nv,0.0,10,5,50,456,21,0.6944444444444444,0.32699999999999996,0.024,0.3905609668109668,0.15738251502222222
warm_nv,0.0,10,5,50,456,22,0.8153846153846154,0.35700000000000004,0.024,0.39990620490620493,0.15965232821333333
warm_nv,0.0,10,5,50,456,23,0.765625,0.319,0.024,0.4149134199134199,0.1481809146666667
warm_nv,0.0,10,5,50,456,24,0.7066666666666667,0.391,0.036,0.34440476190476194,0.14472367834156377
warm_nv,0.0,10,5,50,456,25,0.7076923076923077,0.32399999999999995,0.048,0.37360389610389605,0.1343828295061729
warm_nv,0.0,10,5,50,456,26,0.9607843137254902,0.346,0.041999999999999996,0.37385128760128766,0.13516052989711935
warm_nv,0.0,10,5,50,456,27,0.8088235294117647,0.3970000000000001,0.012,0.3259203296703296,0.13366520903703705
warm_nv,0.0,10,5,50,456,28,0.7714285714285715,0.388,0.018,0.36404220779220775,0.13230178373333337
warm_nv,0.0,10,5,50,456,29,1.0178571428571428,0.4109999999999999,0.024,0.31566017316017314,0.1376450408888889
warm_nv,0.0,10,5,50,456,30,1.0185185185185186,0.388,0.03,0.39269841269841266,0.1421043452444445
warm_nv,0.0,10,5,50,456,31,0.7878787878787878,0.3410000000000001,0.024,0.360030525030525,0.13167524642057615
warm_nv,0.0,10,5,50,456,32,0.8125,0.275,0.018,0.396343795093795,0.1501910550765432
warm_nv,0.0,10,5,50,456,33,0.703125,0.312,0.018,0.46744227994228,0.15727476184296296
warm_nv,0.0,10,5,50,456,34,1.0344827586206897,0.42300000000000004,0.018,0.31250901875901876,0.1418816773333334
warm_nv,0.0,10,5,50,456,35,0.7014925373134329,0.36500000000000005,0.024,0.37150613275613276,0.14626799111111116
warm_nv,0.0,10,5,50,456,36,0.6666666666666666,0.343,0.024,0.3999007936507936,0.15682906844444447
warm_nv,0.0,10,5,50,456,37,0.7611940298507462,0.3470000000000001,0.036,0.398531746031746,0.147392926962963
warm_nv,0.0,10,5,50,456,38,0.8245614035087719,0.3439999999999999,0.012,0.39712481962481966,0.14528704088888889
warm_nv,0.0,10,5,50,456,39,0.6811594202898551,0.3430000000000001,0.041999999999999996,0.38004509379509377,0.1322599562962963
warm_nv,0.0,10,5,50,456,40,0.875,0.34199999999999997,0.024,0.3686055611055611,0.14090835200000001
warm_nv,0.0,10,5,50,456,41,0.835820895522388,0.368,0.036,0.3536165223665223,0.13864181114074076
warm_nv,0.0,10,5,50,456,42,0.8225806451612904,0.324,0.024,0.3796103896103896,0.15304035928888896
warm_nv,0.0,10,5,50,456,43,0.8253968253968254,0.336,0.012,0.3776028138528139,0.16172445973333338
warm_nv,0.0,10,5,50,456,44,0.75,0.33000000000000007,0.012,0.41195526695526696,0.15541106990933334
warm_nv,0.0,10,5,50,456,45,0.9117647058823529,0.45000000000000007,0.024,0.35992063492063486,0.1572947466666667
warm_nv,0.0,10,5,50,456,46,0.746031746031746,0.29400000000000004,0.018,0.4743704906204906,0.1560953363555556
warm_nv,0.0,10,5,50,456,47,0.6805555555555556,0.296,0.024,0.41745115995116,0.13870200444444444
warm_nv,0.0,10,5,50,456,48,0.7605633802816901,0.39100000000000007,0.018,0.37867063492063485,0.14455320962962967
warm_nv,0.0,10,5,50,456,49,0.8615384615384616,0.409,0.018,0.34009018759018766,0.15007197777777784
warm_high,0.0,10,5,50,456,0,0.18181818181818182,0.07600000000000001,0.0,0.8657142857142859,0.5
warm_high,0.0,10,5,50,456,1,0.35714285714285715,0.10700000000000001,0.0,0.7621428571428573,0.348091885288066
warm_high,0.0,10,5,50,456,2,0.5666666666666667,0.21000000000000002,0.018,0.5617261904761904,0.2503356697304623
warm_high,0.0,10,5,50,456,3,0.8076923076923077,0.319,0.012,0.5061183261183261,0.22050247847794008
warm_high,0.0,10,5,50,456,4,0.5540540540540541,0.297,0.012,0.48853174603174593,0.17742275716716532
warm_high,0.0,10,5,50,456,5,0.8275862068965517,0.32700000000000007,0.018,0.4398719336219335,0.16517122816040714
warm_high,0.0,10,5,50,456,6,0.8507462686567164,0.42300000000000004,0.018,0.36347222222222214,0.14636416200808378
warm_high,0.0,10,5,50,456,7,0.9516129032258065,0.4389999999999999,0.024,0.32623376623376626,0.13220875596414255
warm_high,0.0,10,5,50,456,8,0.7681159420289855,0.363,0.036,0.3208927183927184,0.13647101238008214
warm_high,0.0,10,5,50,456,9,0.8679245283018868,0.33,0.03,0.38293650793650796,0.14437968161875056
warm_high,0.0,10,5,50,456,10,0.7647058823529411,0.372,0.036,0.34302849927849927,0.14210753999567555
warm_high,0.0,10,5,50,456,11,0.75,0.362,0.024,0.3602813852813852,0.14038839343099122
warm_high,0.0,10,5,50,456,12,0.6233766233766234,0.31,0.024,0.41161165223665225,0.14229010358089383
warm_high,0.0,10,5,50,456,13,0.8709677419354839,0.404,0.018,0.3696049783549783,0.14871785408153007
warm_high,0.0,10,5,50,456,14,0.803030303030303,0.34800000000000003,0.012,0.38689865689865693,0.14684037637284472
warm_high,0.0,10,5,50,456,15,0.5866666666666667,0.32199999999999995,0.036,0.40096139971139977,0.1380680184598852
warm_high,0.0,10,5,50,456,16,0.7368421052631579,0.41200000000000003,0.036,0.3339466089466089,0.13165101858052752
warm_high,0.0,10,5,50,456,17,0.7123287671232876,0.33799999999999997,0.041999999999999996,0.3770038295038295,0.14678772810934834
warm_high,0.0,10,5,50,456,18,0.9375,0.409,0.018,0.343989898989899,0.13293309152431498
warm_high,0.0,10,5,50,456,19,0.8771929824561403,0.399,0.036,0.3329004329004329,0.13448668562698227
warm_high,0.0,10,5,50,456,20,0.65,0.267,0.03,0.4407370407370409,0.151143984200357
warm_high,0.0,10,5,50,456,21,0.7777777777777778,0.3960000000000001,0.048,0.3575748556998558,0.14013771968264452
warm_high,0.0,10,5,50,456,22,0.7384615384615385,0.29599999999999993,0.024,0.42265498390498396,0.14229526504665652
warm_high,0.0,10,5,50,456,23,0.765625,0.359,0.03,0.40838023088023084,0.1362194280465104
warm_high,0.0,10,5,50,456,24,0.8,0.39399999999999996,0.024,0.3007936507936507,0.12968378676795891
warm_high,0.0,10,5,50,456,25,0.8,0.3889999999999999,0.03,0.34996031746031747,0.14475578031564845
warm_high,0.0,10,5,50,456,26,0.9607843137254902,0.33199999999999996,0.018,0.37619769119769125,0.15110608645928797
warm_high,0.0,10,5,50,456,27,0.6617647058823529,0.31,0.03,0.39775432900432894,0.1419370282585296
warm_high,0.0,10,5,50,456,28,0.7571428571428571,0.37200000000000005,0.024,0.37014971139971137,0.14348662637714465
warm_high,0.0,10,5,50,456,29,1.0178571428571428,0.386,0.036,0.3622564935064934,0.14064556645111445
warm_high,0.0,10,5,50,456,30,0.8333333333333334,0.30900000000000005,0.012,0.40387806637806634,0.1400280984501705
warm_high,0.0,10,5,50,456,31,0.8787878787878788,0.398,0.024,0.3456100843600844,0.14427453970413884
warm_high,0.0,10,5,50,456,32,0.75,0.26000000000000006,0.012,0.4452114552114551,0.15350698421874742
warm_high,0.0,10,5,50,456,33,0.90625,0.41500000000000004,0.041999999999999996,0.3153948828948829,0.15412847016276052
warm_high,0.0,10,5,50,456,34,0.6206896551724138,0.263,0.018,0.49024350649350656,0.15212648958898944
warm_high,0.0,10,5,50,456,35,0.8656716417910447,0.438,0.036,0.3246825396825397,0.1542279590757087
warm_high,0.0,10,5,50,456,36,0.68,0.38,0.024,0.3763221500721501,0.14642978714661906
warm_high,0.0,10,5,50,456,37,0.9104477611940298,0.406,0.012,0.35191544566544564,0.14421041862363013
warm_high,0.0,10,5,50,456,38,1.0,0.42600000000000005,0.024,0.33672619047619046,0.14261997449891112
warm_high,0.0,10,5,50,456,39,0.5797101449275363,0.273,0.03,0.42733044733044734,0.16034236644963298
warm_high,0.0,10,5,50,456,40,0.859375,0.382,0.018,0.380283189033189,0.1476952017355952
warm_high,0.0,10,5,50,456,41,0.7910447761194029,0.343,0.03,0.3608928571428571,0.14587247298390435
warm_high,0.0,10,5,50,456,42,0.8548387096774194,0.3550000000000001,0.036,0.33627442002442,0.14155288118572834
warm_high,0.0,10,5,50,456,43,0.7777777777777778,0.30199999999999994,0.024,0.4032738095238095,0.1546029542133331
warm_high,0.0,10,5,50,456,44,0.921875,0.393,0.018,0.3414285714285715,0.14093028069527674
warm_high,0.0,10,5,50,456,45,0.7058823529411765,0.298,0.018,0.4228035853035853,0.1509341760158422
warm_high,0.0,10,5,50,456,46,0.7936507936507936,0.333,0.024,0.41313478188478187,0.14712698825735976
warm_high,0.0,10,5,50,456,47,0.5694444444444444,0.27399999999999997,0.012,0.4544083694083695,0.14805691882690847
warm_high,0.0,10,5,50,456,48,0.8591549295774648,0.44700000000000006,0.036,0.3046503496503496,0.130949354741778
warm_high,0.0,10,5,50,456,49,0.7384615384615385,0.32100000000000006,0.024,0.41648809523809527,0.1528849258357819
dcf_conv,0.0,10,5,50,456,0,0.5454545454545454,0.254,0.156,0.1844552454769173,nan
dcf_conv,0.0,10,5,50,456,1,0.7321428571428571,0.27799999999999997,0.12000000000000002,0.1647277363589283,nan
dcf_conv,0.0,10,5,50,456,2,0.55,0.20299999999999999,0.18600000000000003,0.19125624375624373,nan
dcf_conv,0.0,10,5,50,456,3,0.8076923076923077,0.30000000000000004,0.13200000000000003,0.1692296306634542,nan
dcf_conv,0.0,10,5,50,456,4,0.3918918918918919,0.22200000000000003,0.13800000000000004,0.22828136324459852,nan
dcf_conv,0.0,10,5,50,456,5,0.7413793103448276,0.29,0.11400000000000002,0.1731746031746032,nan
dcf_conv,0.0,10,5,50,456,6,0.6716417910447762,0.347,0.11400000000000006,0.15809440559440555,nan
dcf_conv,0.0,10,5,50,456,7,0.6612903225806451,0.315,0.11999999999999997,0.1560765337603573,nan
dcf_conv,0.0,10,5,50,456,8,0.5507246376811594,0.26399999999999996,0.15600000000000006,0.16453952179571377,nan
dcf_conv,0.0,10,5,50,456,9,0.8490566037735849,0.32400000000000007,0.12600000000000003,0.1540687498775734,nan
dcf_conv,0.0,10,5,50,456,10,0.7941176470588235,0.389,0.09600000000000002,0.13506035631035634,nan
dcf_conv,0.0,10,5,50,456,11,0.5588235294117647,0.267,0.15,0.20005119880119882,nan
dcf_conv,0.0,10,5,50,456,12,0.5584415584415584,0.26600000000000007,0.15000000000000005,0.17687107912727112,nan
dcf_conv,0.0,10,5,50,456,13,0.6129032258064516,0.302,0.11400000000000002,0.19387279795368031,nan
dcf_conv,0.0,10,5,50,456,14,0.7121212121212122,0.315,0.10800000000000001,0.16558348514230864,nan
dcf_conv,0.0,10,5,50,456,15,0.5066666666666667,0.27899999999999997,0.13800000000000004,0.18570894383394382,nan
dcf_conv,0.0,10,5,50,456,16,0.5526315789473685,0.32199999999999995,0.12600000000000003,0.1656158832997068,nan
dcf_conv,0.0,10,5,50,456,17,0.6575342465753424,0.29000000000000004,0.13200000000000003,0.18505250876574406,nan
dcf_conv,0.0,10,5,50,456,18,0.71875,0.31700000000000006,0.16799999999999998,0.14593663281163285,nan
dcf_conv,0.0,10,5,50,456,19,0.7017543859649122,0.31999999999999995,0.12600000000000003,0.17973470973470976,nan
dcf_conv,0.0,10,5,50,456,20,0.6833333333333333,0.27799999999999997,0.12600000000000003,0.17921323774264952,nan
dcf_conv,0.0,10,5,50,456,21,0.5555555555555556,0.277,0.10800000000000001,0.17708714080037607,nan
dcf_conv,0.0,10,5,50,456,22,0.7384615384615385,0.33999999999999997,0.138,0.14839701964701962,nan
dcf_conv,0.0,10,5,50,456,23,0.640625,0.28,0.13800000000000004,0.17604806957748131,nan
dcf_conv,0.0,10,5,50,456,24,0.5066666666666667,0.229,0.21600000000000005,0.15847594291673242,nan
dcf_conv,0.0,10,5,50,456,25,0.6461538461538462,0.30899999999999994,0.144,0.1611768836168991,nan
dcf_conv,0.0,10,5,50,456,26,0.7450980392156863,0.268,0.17400000000000002,0.17218843656343658,nan
dcf_conv,0.0,10,5,50,456,27,0.7058823529411765,0.342,0.14400000000000004,0.16009441946941946,nan
dcf_conv,0.0,10,5,50,456,28,0.5857142857142857,0.284,0.11400000000000002,0.1891955470999589,nan
dcf_conv,0.0,10,5,50,456,29,0.7321428571428571,0.273,0.168,0.16612010130392488,nan
dcf_conv,0.0,10,5,50,456,30,0.7592592592592593,0.31099999999999994,0.144,0.1677655677655678,nan
dcf_conv,0.0,10,5,50,456,31,0.6363636363636364,0.29500000000000004,0.13800000000000004,0.1710088930677166,nan
dcf_conv,0.0,10,5,50,456,32,0.75,0.261,0.16200000000000006,0.16485006415153475,nan
dcf_conv,0.0,10,5,50,456,33,0.75,0.35699999999999993,0.144,0.14279637029637032,nan
dcf_conv,0.0,10,5,50,456,34,0.6206896551724138,0.25800000000000006,0.10800000000000001,0.18847663366045717,nan
dcf_conv,0.0,10,5,50,456,35,0.7164179104477612,0.34500000000000003,0.12600000000000003,0.16080988455988451,nan
dcf_conv,0.0,10,5,50,456,36,0.5866666666666667,0.33199999999999996,0.138,0.16823426573426573,nan
dcf_conv,0.0,10,5,50,456,37,0.6865671641791045,0.32299999999999995,0.18000000000000002,0.13708464329787856,nan
dcf_conv,0.0,10,5,50,456,38,0.6842105263157895,0.293,0.156,0.16452717217423102,nan
dcf_conv,0.0,10,5,50,456,39,0.5507246376811594,0.25599999999999995,0.16200000000000006,0.1690277492115727,nan
dcf_conv,0.0,10,5,50,456,40,0.578125,0.25600000000000006,0.15000000000000005,0.16872597990245047,nan
dcf_conv,0.0,10,5,50,456,41,0.5522388059701493,0.25899999999999995,0.13200000000000006,0.17978059930265816,nan
dcf_conv,0.0,10,5,50,456,42,0.7741935483870968,0.32699999999999996,0.15000000000000005,0.13465894399717926,nan
dcf_conv,0.0,10,5,50,456,43,0.6349206349206349,0.29999999999999993,0.15000000000000005,0.1565558053058053,nan
dcf_conv,0.0,10,5,50,456,44,0.65625,0.311,0.15000000000000005,0.17165917415917417,nan
dcf_conv,0.0,10,5,50,456,45,0.5294117647058824,0.24500000000000002,0.174,0.1772891272813874,nan
dcf_conv,0.0,10,5,50,456,46,0.6825396825396826,0.29900000000000004,0.156,0.15596333405156937,nan
dcf_conv,0.0,10,5,50,456,47,0.6527777777777778,0.337,0.11400000000000002,0.16529764739904057,nan
dcf_conv,0.0,10,5,50,456,48,0.6197183098591549,0.302,0.15,0.1690986790986791,nan
dcf_conv,0.0,10,5,50,456,49,0.5230769230769231,0.23199999999999993,0.15000000000000002,0.18118897442426854,nan
oracle,0.0,10,5,50,789,0,1.0847457627118644,0.44300000000000017,0.13800000000000004,0.16760878010878014,nan
oracle,0.0,10,5,50,789,1,0.9436619718309859,0.445,0.10200000000000001,0.20481338106338112,nan
oracle,0.0,10,5,50,789,2,0.859375,0.377,0.10800000000000001,0.22774357586857588,nan
oracle,0.0,10,5,50,789,3,1.0508474576271187,0.404,0.10200000000000002,0.1981463103889575,nan
oracle,0.0,10,5,50,789,4,0.8767123287671232,0.45599999999999996,0.10800000000000003,0.1819086469086469,nan
oracle,0.0,10,5,50,789,5,1.3392857142857142,0.5379999999999999,0.08400000000000002,0.15893745143745147,nan
oracle,0.0,10,5,50,789,6,1.0461538461538462,0.46299999999999997,0.11400000000000002,0.184767871017871,nan
oracle,0.0,10,5,50,789,7,0.9076923076923077,0.42700000000000005,0.07800000000000001,0.22942973692973695,nan
oracle,0.0,10,5,50,789,8,1.1929824561403508,0.48999999999999994,0.06000000000000001,0.19162323787323787,nan
oracle,0.0,10,5,50,789,9,0.958904109589041,0.4590000000000001,0.096,0.21838369963369964,nan
oracle,0.0,10,5,50,789,10,1.0149253731343284,0.4900000000000001,0.11400000000000002,0.15104534354534355,nan
oracle,0.0,10,5,50,789,11,0.9852941176470589,0.46799999999999997,0.09000000000000002,0.22136211011211007,nan
oracle,0.0,10,5,50,789,12,0.8767123287671232,0.418,0.06000000000000001,0.24884698634698638,nan
oracle,0.0,10,5,50,789,13,1.0833333333333333,0.517,0.12,0.14157344697785873,nan
oracle,0.0,10,5,50,789,14,1.0597014925373134,0.442,0.08400000000000003,0.19675657675657676,nan
oracle,0.0,10,5,50,789,15,0.7662337662337663,0.378,0.12600000000000003,0.21384837384837385,nan
oracle,0.0,10,5,50,789,16,0.9516129032258065,0.37099999999999994,0.048,0.2590066183816184,nan
oracle,0.0,10,5,50,789,17,1.1,0.4840000000000001,0.07200000000000001,0.20244269619269617,nan
oracle,0.0,10,5,50,789,18,1.0909090909090908,0.49499999999999994,0.078,0.1877412171162171,nan
oracle,0.0,10,5,50,789,19,1.169811320754717,0.43400000000000005,0.072,0.2043961593961594,nan
oracle,0.0,10,5,50,789,20,1.0746268656716418,0.4920000000000001,0.072,0.2120958208458208,nan
oracle,0.0,10,5,50,789,21,1.0163934426229508,0.44399999999999995,0.07200000000000001,0.23403721278721284,nan
oracle,0.0,10,5,50,789,22,0.8507462686567164,0.41200000000000003,0.084,0.21310661560661556,nan
oracle,0.0,10,5,50,789,23,1.03125,0.465,0.12000000000000002,0.18427794427794428,nan
oracle,0.0,10,5,50,789,24,0.9436619718309859,0.453,0.09000000000000001,0.19155862111744465,nan
oracle,0.0,10,5,50,789,25,1.0588235294117647,0.48600000000000004,0.10200000000000002,0.21055305805305805,nan
oracle,0.0,10,5,50,789,26,1.0,0.47700000000000004,0.078,0.20530303030303038,nan
oracle,0.0,10,5,50,789,27,0.8656716417910447,0.36699999999999994,0.12000000000000002,0.2288693251193251,nan
oracle,0.0,10,5,50,789,28,1.046875,0.4580000000000001,0.12000000000000002,0.20344308469308467,nan
oracle,0.0,10,5,50,789,29,1.2333333333333334,0.48600000000000004,0.138,0.1515332584082584,nan
oracle,0.0,10,5,50,789,30,1.0588235294117647,0.5,0.07800000000000003,0.16901362526362523,nan
oracle,0.0,10,5,50,789,31,1.2950819672131149,0.544,0.096,0.14594794094794095,nan
oracle,0.0,10,5,50,789,32,1.0862068965517242,0.43200000000000005,0.084,0.23222693972693972,nan
oracle,0.0,10,5,50,789,33,0.8985507246376812,0.41400000000000003,0.06600000000000002,0.23457237207237208,nan
oracle,0.0,10,5,50,789,34,0.7794117647058824,0.33199999999999996,0.072,0.28135704573204573,nan
oracle,0.0,10,5,50,789,35,1.0579710144927537,0.4959999999999999,0.08399999999999999,0.22058112638994992,nan
oracle,0.0,10,5,50,789,36,1.0666666666666667,0.465,0.078,0.21505855255855252,nan
oracle,0.0,10,5,50,789,37,1.1886792452830188,0.43100000000000005,0.06600000000000002,0.22250388500388502,nan
oracle,0.0,10,5,50,789,38,0.9122807017543859,0.37400000000000005,0.12000000000000002,0.24102394745777106,nan
oracle,0.0,10,5,50,789,39,0.9692307692307692,0.41200000000000003,0.11400000000000002,0.18259827590709943,nan
oracle,0.0,10,5,50,789,40,0.9375,0.453,0.10800000000000005,0.1853968253968254,nan
oracle,0.0,10,5,50,789,41,1.0338983050847457,0.44300000000000006,0.06599999999999999,0.23083361083361087,nan
oracle,0.0,10,5,50,789,42,0.8142857142857143,0.391,0.096,0.22526334776334775,nan
oracle,0.0,10,5,50,789,43,1.0476190476190477,0.44000000000000006,0.10200000000000002,0.19460594960594962,nan
oracle,0.0,10,5,50,789,44,0.9852941176470589,0.46499999999999997,0.084,0.2049848762348762,nan
oracle,0.0,10,5,50,789,45,1.1481481481481481,0.404,0.096,0.2509039571539572,nan
oracle,0.0,10,5,50,789,46,1.0151515151515151,0.44300000000000006,0.06600000000000002,0.24697982572982574,nan
oracle,0.0,10,5,50,789,47,0.9850746268656716,0.4170000000000001,0.09000000000000001,0.22160270285270287,nan
oracle,0.0,10,5,50,789,48,0.9047619047619048,0.409,0.11400000000000002,0.2154057054057054,nan
oracle,0.0,10,5,50,789,49,1.2363636363636363,0.462,0.048,0.22834221334221333,nan
cold_genie,0.0,10,5,50,789,0,1.1016949152542372,0.505,0.07800000000000001,0.1804779942279942,0.06666666666666667
cold_genie,0.0,10,5,50,789,1,0.7887323943661971,0.41500000000000004,0.09,0.20809731934731937,0.06666666666666667
cold_genie,0.0,10,5,50,789,2,1.03125,0.4760000000000001,0.078,0.175233793983794,0.06666666666666667
cold_genie,0.0,10,5,50,789,3,0.9491525423728814,0.3929999999999999,0.07200000000000002,0.23615981240981238,0.06666666666666667
cold_genie,0.0,10,5,50,789,4,0.7123287671232876,0.40199999999999997,0.078,0.2122915972915973,0.06666666666666667
cold_genie,0.0,10,5,50,789,5,1.1607142857142858,0.44799999999999995,0.06000000000000001,0.21034021534021535,0.06666666666666667
cold_genie,0.0,10,5,50,789,6,0.9538461538461539,0.43499999999999994,0.09600000000000004,0.18823620823620826,0.06666666666666667
cold_genie,0.0,10,5,50,789,7,0.7846153846153846,0.3810000000000001,0.10800000000000001,0.23092171717171714,0.06666666666666667
cold_genie,0.0,10,5,50,789,8,0.9298245614035088,0.4040000000000001,0.09600000000000002,0.21855547230547234,0.06666666666666667
cold_genie,0.0,10,5,50,789,9,0.8904109589041096,0.441,0.12600000000000003,0.18586219336219337,0.06666666666666667
cold_genie,0.0,10,5,50,789,10,0.8955223880597015,0.4580000000000001,0.07200000000000002,0.20532328782328785,0.06666666666666667
cold_genie,0.0,10,5,50,789,11,0.9852941176470589,0.48600000000000004,0.07800000000000003,0.18569069819069822,0.06666666666666667
cold_genie,0.0,10,5,50,789,12,0.821917808219178,0.4290000000000001,0.06599999999999999,0.18896575646575645,0.06666666666666667
cold_genie,0.0,10,5,50,789,13,0.9305555555555556,0.43699999999999994,0.054000000000000006,0.2083426295926296,0.06666666666666667
cold_genie,0.0,10,5,50,789,14,0.8805970149253731,0.382,0.078,0.2238600288600289,0.06666666666666667
cold_genie,0.0,10,5,50,789,15,0.8051948051948052,0.41400000000000003,0.08399999999999999,0.2366534772417125,0.06666666666666667
cold_genie,0.0,10,5,50,789,16,0.8870967741935484,0.40499999999999997,0.054000000000000006,0.2345815295815296,0.06666666666666667
cold_genie,0.0,10,5,50,789,17,0.95,0.43,0.06000000000000001,0.2092950105450105,0.06666666666666667
cold_genie,0.0,10,5,50,789,18,0.8787878787878788,0.4149999999999999,0.084,0.21583763458763458,0.06666666666666667
cold_genie,0.0,10,5,50,789,19,0.9811320754716981,0.37800000000000006,0.084,0.22488837551337557,0.06666666666666667
cold_genie,0.0,10,5,50,789,20,0.9104477611940298,0.4130000000000001,0.06000000000000001,0.21103438228438226,0.06666666666666667
cold_genie,0.0,10,5,50,789,21,1.0163934426229508,0.422,0.048,0.2087307831057831,0.06666666666666667
cold_genie,0.0,10,5,50,789,22,0.7910447761194029,0.41999999999999993,0.06599999999999999,0.2512330724830725,0.06666666666666667
cold_genie,0.0,10,5,50,789,23,1.03125,0.4590000000000001,0.036,0.2387046287046287,0.06666666666666667
cold_genie,0.0,10,5,50,789,24,0.8028169014084507,0.403,0.07200000000000002,0.22669289044289043,0.06666666666666667
cold_genie,0.0,10,5,50,789,25,0.7794117647058824,0.40499999999999997,0.03,0.2657575757575757,0.06666666666666667
cold_genie,0.0,10,5,50,789,26,1.0,0.477,0.06000000000000001,0.19281496281496285,0.06666666666666667
cold_genie,0.0,10,5,50,789,27,0.8208955223880597,0.391,0.10200000000000001,0.20425241425241425,0.06666666666666667
cold_genie,0.0,10,5,50,789,28,0.921875,0.44400000000000006,0.07800000000000001,0.21551046176046174,0.06666666666666667
cold_genie,0.0,10,5,50,789,29,0.8333333333333334,0.346,0.06600000000000002,0.24112984237984242,0.06666666666666667
cold_genie,0.0,10,5,50,789,30,0.9411764705882353,0.4740000000000001,0.078,0.18258297258297262,0.06666666666666667
cold_genie,0.0,10,5,50,789,31,1.0,0.441,0.07200000000000001,0.1969172494172494,0.06666666666666667
cold_genie,0.0,10,5,50,789,32,1.103448275862069,0.462,0.09,0.18870670995670996,0.06666666666666667
cold_genie,0.0,10,5,50,789,33,0.7971014492753623,0.41600000000000004,0.09600000000000002,0.2088322788322788,0.06666666666666667
cold_genie,0.0,10,5,50,789,34,0.9411764705882353,0.41899999999999993,0.018,0.23136224886224888,0.06666666666666667
cold_genie,0.0,10,5,50,789,35,0.9565217391304348,0.46699999999999997,0.048,0.18908605283605284,0.06666666666666667
cold_genie,0.0,10,5,50,789,36,0.9666666666666667,0.394,0.08400000000000003,0.2032070707070707,0.06666666666666667
cold_genie,0.0,10,5,50,789,37,1.490566037735849,0.546,0.06599999999999999,0.15419705294705296,0.06666666666666667
cold_genie,0.0,10,5,50,789,38,1.1403508771929824,0.49300000000000005,0.06600000000000002,0.21105921855921855,0.06666666666666667
cold_genie,0.0,10,5,50,789,39,1.0307692307692307,0.4630000000000001,0.06000000000000001,0.18497890997890998,0.06666666666666667
cold_genie,0.0,10,5,50,789,40,0.765625,0.35400000000000004,0.09000000000000001,0.2478535353535353,0.06666666666666667
cold_genie,0.0,10,5,50,789,41,1.0338983050847457,0.42699999999999994,0.06599999999999999,0.21464597902097907,0.06666666666666667
cold_genie,0.0,10,5,50,789,42,0.8571428571428571,0.43800000000000006,0.08400000000000002,0.2016780441780442,0.06666666666666667
cold_genie,0.0,10,5,50,789,43,0.8888888888888888,0.38199999999999995,0.084,0.20203130203130198,0.06666666666666667
cold_genie,0.0,10,5,50,789,44,0.8088235294117647,0.42000000000000004,0.09,0.22393689643689646,0.06666666666666667
cold_genie,0.0,10,5,50,789,45,1.1666666666666667,0.45500000000000007,0.07200000000000002,0.20154983904983906,0.06666666666666667
cold_genie,0.0,10,5,50,789,46,0.8939393939393939,0.41900000000000004,0.08400000000000003,0.20998057498057499,0.06666666666666667
cold_genie,0.0,10,5,50,789,47,0.8955223880597015,0.3900000000000001,0.09,0.22123085248085247,0.06666666666666667
cold_genie,0.0,10,5,50,789,48,0.9047619047619048,0.4080000000000001,0.054000000000000006,0.24278499278499271,0.06666666666666667
cold_genie,0.0,10,5,50,789,49,1.0727272727272728,0.45,0.08400000000000003,0.21879620379620382,0.06666666666666667
cold_nv,0.0,10,5,50,789,0,0.8135593220338984,0.33899999999999997,0.041999999999999996,0.3150559163059163,0.10000000000000002
cold_nv,0.0,10,5,50,789,1,0.7887323943661971,0.40800000000000003,0.054000000000000006,0.2939357864357864,0.10000000000000002
cold_nv,0.0,10,5,50,789,2,1.046875,0.42400000000000004,0.018,0.2664350926850927,0.10000000000000002
cold_nv,0.0,10,5,50,789,3,0.9491525423728814,0.3910000000000001,0.03,0.29032495282495274,0.10000000000000002
cold_nv,0.0,10,5,50,789,4,0.9315068493150684,0.49800000000000005,0.03,0.21309149184149184,0.10000000000000002
cold_nv,0.0,10,5,50,789,5,1.1428571428571428,0.409,0.054000000000000006,0.2847736985236985,0.10000000000000002
cold_nv,0.0,10,5,50,789,6,0.8769230769230769,0.4,0.054000000000000006,0.2675474525474525,0.10000000000000002
cold_nv,0.0,10,5,50,789,7,1.0,0.446,0.054000000000000006,0.23898559773559774,0.10000000000000002
cold_nv,0.0,10,5,50,789,8,0.9298245614035088,0.394,0.048,0.2992832167832168,0.10000000000000002
cold_nv,0.0,10,5,50,789,9,0.8356164383561644,0.40099999999999997,0.06000000000000001,0.23428432678432679,0.10000000000000002
cold_nv,0.0,10,5,50,789,10,0.8656716417910447,0.40800000000000003,0.041999999999999996,0.26044413919413917,0.10000000000000002
cold_nv,0.0,10,5,50,789,11,0.7058823529411765,0.358,0.041999999999999996,0.2880162892662893,0.10000000000000002
cold_nv,0.0,10,5,50,789,12,0.7534246575342466,0.406,0.06600000000000002,0.28365800865800866,0.10000000000000002
cold_nv,0.0,10,5,50,789,13,0.875,0.4010000000000001,0.041999999999999996,0.2824336774336774,0.10000000000000002
cold_nv,0.0,10,5,50,789,14,0.835820895522388,0.4050000000000001,0.041999999999999996,0.2824873737373737,0.10000000000000002
cold_nv,0.0,10,5,50,789,15,0.7402597402597403,0.32299999999999995,0.072,0.3148988511488512,0.10000000000000002
cold_nv,0.0,10,5,50,789,16,1.0483870967741935,0.441,0.06000000000000001,0.24759920634920635,0.10000000000000002
cold_nv,0.0,10,5,50,789,17,0.9166666666666666,0.425,0.041999999999999996,0.2759126984126984,0.10000000000000002
cold_nv,0.0,10,5,50,789,18,0.9090909090909091,0.44099999999999995,0.06599999999999999,0.2458964646464646,0.10000000000000002
cold_nv,0.0,10,5,50,789,19,0.7924528301886793,0.298,0.018,0.3129689754689755,0.10000000000000002
cold_nv,0.0,10,5,50,789,20,0.8805970149253731,0.40099999999999997,0.041999999999999996,0.2741360028860029,0.10000000000000002
cold_nv,0.0,10,5,50,789,21,0.9836065573770492,0.402,0.048,0.25980963480963476,0.10000000000000002
cold_nv,0.0,10,5,50,789,22,0.746268656716418,0.3710000000000001,0.018,0.3106385281385281,0.10000000000000002
cold_nv,0.0,10,5,50,789,23,0.953125,0.44399999999999995,0.048,0.2603463203463203,0.10000000000000002
cold_nv,0.0,10,5,50,789,24,0.8732394366197183,0.442,0.012,0.2633355533355533,0.10000000000000002
cold_nv,0.0,10,5,50,789,25,0.7794117647058824,0.398,0.048,0.29687409812409815,0.10000000000000002
cold_nv,0.0,10,5,50,789,26,0.703125,0.34199999999999997,0.041999999999999996,0.3608928571428572,0.10000000000000002
cold_nv,0.0,10,5,50,789,27,0.9701492537313433,0.45899999999999996,0.048,0.22791347541347537,0.10000000000000002
cold_nv,0.0,10,5,50,789,28,0.828125,0.392,0.036,0.30146825396825394,0.10000000000000002
cold_nv,0.0,10,5,50,789,29,0.9,0.38300000000000006,0.024,0.3177523865023865,0.10000000000000002
cold_nv,0.0,10,5,50,789,30,0.8382352941176471,0.434,0.036,0.277319486069486,0.10000000000000002
cold_nv,0.0,10,5,50,789,31,1.1475409836065573,0.489,0.024,0.2328138528138528,0.10000000000000002
cold_nv,0.0,10,5,50,789,32,0.9310344827586207,0.392,0.06600000000000002,0.27567640692640694,0.10000000000000002
cold_nv,0.0,10,5,50,789,33,0.7681159420289855,0.403,0.06600000000000002,0.26141774891774894,0.10000000000000002
cold_nv,0.0,10,5,50,789,34,0.7941176470588235,0.372,0.06000000000000001,0.2965223665223665,0.10000000000000002
cold_nv,0.0,10,5,50,789,35,1.0144927536231885,0.48500000000000015,0.054000000000000006,0.2258369408369408,0.10000000000000002
cold_nv,0.0,10,5,50,789,36,1.1333333333333333,0.492,0.03,0.24046536796536797,0.10000000000000002
cold_nv,0.0,10,5,50,789,37,1.0566037735849056,0.42200000000000004,0.07200000000000002,0.2509992784992785,0.10000000000000002
cold_nv,0.0,10,5,50,789,38,1.0350877192982457,0.4000000000000001,0.048,0.28431277056277054,0.10000000000000002
cold_nv,0.0,10,5,50,789,39,0.8923076923076924,0.41500000000000004,0.041999999999999996,0.2963961038961039,0.10000000000000002
cold_nv,0.0,10,5,50,789,40,0.78125,0.3650000000000001,0.036,0.32332611832611835,0.10000000000000002
cold_nv,0.0,10,5,50,789,41,0.8135593220338984,0.365,0.024,0.3410730935730936,0.10000000000000002
cold_nv,0.0,10,5,50,789,42,0.9714285714285714,0.501,0.048,0.23445346320346322,0.10000000000000002
cold_nv,0.0,10,5,50,789,43,0.9206349206349206,0.41900000000000004,0.036,0.29441738816738816,0.10000000000000002
cold_nv,0.0,10,5,50,789,44,0.8823529411764706,0.44000000000000006,0.048,0.26961330336330336,0.10000000000000002
cold_nv,0.0,10,5,50,789,45,0.9444444444444444,0.35300000000000004,0.048,0.292772089022089,0.10000000000000002
cold_nv,0.0,10,5,50,789,46,0.8333333333333334,0.372,0.054000000000000006,0.2908423520923521,0.10000000000000002
cold_nv,0.0,10,5,50,789,47,0.9104477611940298,0.377,0.041999999999999996,0.2901079476079476,0.10000000000000002
cold_nv,0.0,10,5,50,789,48,0.8571428571428571,0.391,0.006,0.3370797258297259,0.10000000000000002
cold_nv,0.0,10,5,50,789,49,0.9454545454545454,0.376,0.03,0.3271121933621933,0.10000000000000002
cold_high,0.0,10,5,50,789,0,0.1694915254237288,0.040999999999999995,0.0,0.8323809523809524,0.5
cold_high,0.0,10,5,50,789,1,0.11267605633802817,0.03699999999999999,0.0,0.8766666666666667,0.5
cold_high,0.0,10,5,50,789,2,0.171875,0.05600000000000001,0.0,0.8214285714285714,0.5
cold_high,0.0,10,5,50,789,3,0.1016949152542373,0.031,0.0,0.8877777777777778,0.5
cold_high,0.0,10,5,50,789,4,0.136986301369863,0.053000000000000005,0.0,0.8845238095238095,0.5
cold_high,0.0,10,5,50,789,5,0.21428571428571427,0.07100000000000001,0.0,0.8533333333333335,0.5
cold_high,0.0,10,5,50,789,6,0.15384615384615385,0.047,0.0,0.865952380952381,0.5
cold_high,0.0,10,5,50,789,7,0.18461538461538463,0.07100000000000001,0.0,0.8390476190476193,0.5
cold_high,0.0,10,5,50,789,8,0.14035087719298245,0.044,0.0,0.8735119047619048,0.5
cold_high,0.0,10,5,50,789,9,0.136986301369863,0.047,0.0,0.8253571428571428,0.5
cold_high,0.0,10,5,50,789,10,0.11940298507462686,0.044,0.0,0.9102380952380953,0.5
cold_high,0.0,10,5,50,789,11,0.14705882352941177,0.048,0.0,0.8816666666666666,0.5
cold_high,0.0,10,5,50,789,12,0.1917808219178082,0.07400000000000001,0.0,0.8482738095238094,0.5
cold_high,0.0,10,5,50,789,13,0.1388888888888889,0.048999999999999995,0.0,0.8739285714285716,0.5
cold_high,0.0,10,5,50,789,14,0.04477611940298507,0.017,0.0,0.9390476190476189,0.5
cold_high,0.0,10,5,50,789,15,0.1038961038961039,0.03,0.0,0.8888492063492064,0.5
cold_high,0.0,10,5,50,789,16,0.12903225806451613,0.042,0.0,0.8431547619047619,0.5
cold_high,0.0,10,5,50,789,17,0.18333333333333332,0.06300000000000001,0.0,0.8348809523809525,0.5
cold_high,0.0,10,5,50,789,18,0.15151515151515152,0.057999999999999996,0.0,0.9000000000000001,0.5
cold_high,0.0,10,5,50,789,19,0.20754716981132076,0.049,0.0,0.8857142857142858,0.5
cold_high,0.0,10,5,50,789,20,0.13432835820895522,0.043000000000000003,0.0,0.8834126984126984,0.5
cold_high,0.0,10,5,50,789,21,0.13114754098360656,0.045,0.0,0.870238095238095,0.5
cold_high,0.0,10,5,50,789,22,0.11940298507462686,0.03799999999999999,0.0,0.9040476190476191,0.5
cold_high,0.0,10,5,50,789,23,0.171875,0.05499999999999999,0.0,0.8557142857142859,0.5
cold_high,0.0,10,5,50,789,24,0.09859154929577464,0.032,0.0,0.9219642857142858,0.5
cold_high,0.0,10,5,50,789,25,0.16176470588235295,0.06000000000000001,0.0,0.8590476190476192,0.5
cold_high,0.0,10,5,50,789,26,0.1875,0.06100000000000001,0.0,0.8304761904761904,0.5
cold_high,0.0,10,5,50,789,27,0.14925373134328357,0.052000000000000005,0.0,0.8629166666666668,0.5
cold_high,0.0,10,5,50,789,28,0.15625,0.056999999999999995,0.0,0.8783333333333333,0.5
cold_high,0.0,10,5,50,789,29,0.2,0.054000000000000006,0.0,0.8504761904761905,0.5
cold_high,0.0,10,5,50,789,30,0.17647058823529413,0.06399999999999999,0.0,0.855952380952381,0.5
cold_high,0.0,10,5,50,789,31,0.16393442622950818,0.06200000000000001,0.0,0.8699999999999999,0.5
cold_high,0.0,10,5,50,789,32,0.20689655172413793,0.068,0.0,0.8708333333333333,0.5
cold_high,0.0,10,5,50,789,33,0.07246376811594203,0.018,0.0,0.8897619047619048,0.5
cold_high,0.0,10,5,50,789,34,0.14705882352941177,0.045,0.0,0.9135714285714286,0.5
cold_high,0.0,10,5,50,789,35,0.14492753623188406,0.05800000000000001,0.0,0.8433333333333334,0.5
cold_high,0.0,10,5,50,789,36,0.23333333333333334,0.068,0.0,0.8400000000000001,0.5
cold_high,0.0,10,5,50,789,37,0.1509433962264151,0.038,0.0,0.8666666666666666,0.5
cold_high,0.0,10,5,50,789,38,0.21052631578947367,0.06000000000000001,0.0,0.8421428571428571,0.5
cold_high,0.0,10,5,50,789,39,0.09230769230769231,0.022,0.0,0.9307142857142858,0.5
cold_high,0.0,10,5,50,789,40,0.09375,0.027000000000000003,0.0,0.9038888888888887,0.5
cold_high,0.0,10,5,50,789,41,0.1016949152542373,0.037,0.0,0.9099999999999999,0.5
cold_high,0.0,10,5,50,789,42,0.14285714285714285,0.052000000000000005,0.0,0.8320238095238095,0.5
cold_high,0.0,10,5,50,789,43,0.1746031746031746,0.068,0.0,0.8345238095238094,0.5
cold_high,0.0,10,5,50,789,44,0.16176470588235295,0.07000000000000002,0.0,0.8483333333333333,0.5
cold_high,0.0,10,5,50,789,45,0.14814814814814814,0.036000000000000004,0.006,0.8557142857142859,0.5
cold_high,0.0,10,5,50,789,46,0.06060606060606061,0.017,0.0,0.9264285714285716,0.5
cold_high,0.0,10,5,50,789,47,0.19402985074626866,0.071,0.0,0.8376190476190475,0.5
cold_high,0.0,10,5,50,789,48,0.12698412698412698,0.031,0.0,0.8904761904761906,0.5
cold_high,0.0,10,5,50,789,49,0.12727272727272726,0.039999999999999994,0.0,0.9007738095238096,0.5
warm_nv,0.0,10,5,50,789,0,1.1694915254237288,0.5089999999999999,0.03,0.24502331002331,0.10000000000000002
warm_nv,0.0,10,5,50,789,1,0.647887323943662,0.355,0.06000000000000001,0.32407828282828277,0.12136356888888891
warm_nv,0.0,10,5,50,789,2,0.765625,0.31700000000000006,0.036,0.3823106060606061,0.13044863481481483
warm_nv,0.0,10,5,50,789,3,0.8135593220338984,0.327,0.041999999999999996,0.38981421356421353,0.13387741237195855
warm_nv,0.0,10,5,50,789,4,0.7671232876712328,0.382,0.018,0.3178943278943279,0.13706998506172835
warm_nv,0.0,10,5,50,789,5,0.7857142857142857,0.328,0.036,0.40774711399711394,0.1405725817037037
warm_nv,0.0,10,5,50,789,6,0.7230769230769231,0.301,0.018,0.40838924963924966,0.14080535744790126
warm_nv,0.0,10,5,50,789,7,0.676923076923077,0.30900000000000005,0.024,0.41832112332112326,0.1446032693333334
warm_nv,0.0,10,5,50,789,8,0.9122807017543859,0.377,0.036,0.39827380952380953,0.15049609706666667
warm_nv,0.0,10,5,50,789,9,0.726027397260274,0.32800000000000007,0.006,0.4182142857142857,0.15511115306666667
warm_nv,0.0,10,5,50,789,10,0.835820895522388,0.394,0.012,0.3650847763347763,0.1424551489777778
warm_nv,0.0,10,5,50,789,11,0.7058823529411765,0.35200000000000004,0.024,0.3940476190476191,0.13552757777777777
warm_nv,0.0,10,5,50,789,12,0.5753424657534246,0.30500000000000005,0.03,0.3610424297924298,0.13600343980740742
warm_nv,0.0,10,5,50,789,13,0.6527777777777778,0.30800000000000005,0.041999999999999996,0.42436743811743816,0.1466541013688889
warm_nv,0.0,10,5,50,789,14,0.7761194029850746,0.344,0.012,0.3616616716616717,0.13902456523950618
warm_nv,0.0,10,5,50,789,15,0.6883116883116883,0.328,0.024,0.4200992063492063,0.13175954829629632
warm_nv,0.0,10,5,50,789,16,0.967741935483871,0.43599999999999994,0.041999999999999996,0.30912698412698414,0.12514279644444443
warm_nv,0.0,10,5,50,789,17,0.5833333333333334,0.254,0.041999999999999996,0.40822871572871555,0.13295244773333334
warm_nv,0.0,10,5,50,789,18,0.8333333333333334,0.385,0.041999999999999996,0.3450323287823288,0.13747223433580247
warm_nv,0.0,10,5,50,789,19,0.9811320754716981,0.38099999999999995,0.06,0.3302380952380952,0.13401960412345681
warm_nv,0.0,10,5,50,789,20,0.746268656716418,0.36600000000000005,0.041999999999999996,0.35484625668449193,0.13521348574979428
warm_nv,0.0,10,5,50,789,21,0.9016393442622951,0.417,0.018,0.3652686202686203,0.14227172839822222
warm_nv,0.0,10,5,50,789,22,0.43283582089552236,0.23800000000000004,0.018,0.49429112554112553,0.1654409694900148
warm_nv,0.0,10,5,50,789,23,0.796875,0.29999999999999993,0.03,0.41904220779220785,0.14345062070933332
warm_nv,0.0,10,5,50,789,24,0.7605633802816901,0.3869999999999999,0.041999999999999996,0.3286111111111111,0.14550761755358027
warm_nv,0.0,10,5,50,789,25,0.6911764705882353,0.3330000000000001,0.041999999999999996,0.36851731601731597,0.14794470667341567
warm_nv,0.0,10,5,50,789,26,0.640625,0.33100000000000007,0.041999999999999996,0.3582593795093795,0.16554210427654326
warm_nv,0.0,10,5,50,789,27,0.8208955223880597,0.366,0.018,0.37690642690642695,0.16859063573333338
warm_nv,0.0,10,5,50,789,28,0.796875,0.363,0.018,0.4051388888888889,0.1479634791703704
warm_nv,0.0,10,5,50,789,29,0.95,0.35,0.024,0.3729509379509379,0.1615268231407408
warm_nv,0.0,10,5,50,789,30,0.7647058823529411,0.37299999999999994,0.012,0.37680555555555556,0.14802851398518518
warm_nv,0.0,10,5,50,789,31,0.8852459016393442,0.391,0.03,0.3715530303030303,0.148141379308642
warm_nv,0.0,10,5,50,789,32,0.9655172413793104,0.39,0.006,0.3911813186813187,0.15929291206518523
warm_nv,0.0,10,5,50,789,33,0.6521739130434783,0.319,0.041999999999999996,0.4093992118992119,0.14975645570370374
warm_nv,0.0,10,5,50,789,34,0.8088235294117647,0.34700000000000003,0.024,0.3784426684426684,0.14547191822222222
warm_nv,0.0,10,5,50,789,35,0.7391304347826086,0.344,0.018,0.42568167943167934,0.1682161911703704
warm_nv,0.0,10,5,50,789,36,0.7,0.30900000000000005,0.03,0.4007215007215007,0.15137228714666667
warm_nv,0.0,10,5,50,789,37,0.7924528301886793,0.261,0.048,0.4298214285714286,0.14676080622222226
warm_nv,0.0,10,5,50,789,38,0.9649122807017544,0.4000000000000001,0.03,0.37222402597402593,0.13878029439506176
warm_nv,0.0,10,5,50,789,39,1.123076923076923,0.4780000000000001,0.03,0.28241161616161614,0.15420873422222225
warm_nv,0.0,10,5,50,789,40,0.703125,0.32199999999999995,0.012,0.4488888888888889,0.15525420799999995
warm_nv,0.0,10,5,50,789,41,0.7796610169491526,0.31600000000000006,0.018,0.4100685425685426,0.1510109739259259
warm_nv,0.0,10,5,50,789,42,0.7714285714285715,0.41200000000000003,0.018,0.35573260073260077,0.1398419370666667
warm_nv,0.0,10,5,50,789,43,0.7777777777777778,0.33199999999999996,0.018,0.3957997557997558,0.14240810933333334
warm_nv,0.0,10,5,50,789,44,0.7352941176470589,0.36000000000000004,0.024,0.3851443001443001,0.13489044444444448
warm_nv,0.0,10,5,50,789,45,1.2222222222222223,0.454,0.036,0.29375180375180376,0.13384734400000003
warm_nv,0.0,10,5,50,789,46,0.8484848484848485,0.4010000000000001,0.03,0.3517712842712843,0.14304640444444452
warm_nv,0.0,10,5,50,789,47,0.8507462686567164,0.37700000000000006,0.024,0.3629401154401154,0.15786754121481486
warm_nv,0.0,10,5,50,789,48,0.6825396825396826,0.317,0.036,0.40046897546897553,0.1469384906666667
warm_nv,0.0,10,5,50,789,49,1.0545454545454545,0.4130000000000001,0.024,0.32215007215007213,0.14987507288888896
warm_high,0.0,10,5,50,789,0,0.1016949152542373,0.024,0.0,0.9002380952380953,0.5
warm_high,0.0,10,5,50,789,1,0.2535211267605634,0.10200000000000001,0.006,0.7316666666666667,0.3432536008230453
warm_high,0.0,10,5,50,789,2,0.484375,0.22699999999999995,0.006,0.6271825396825396,0.25347759820300203
warm_high,0.0,10,5,50,789,3,0.7966101694915254,0.289,0.006,0.4729022366522366,0.20964729110265073
warm_high,0.0,10,5,50,789,4,0.6575342465753424,0.312,0.018,0.39781746031746035,0.17545765010356842
warm_high,0.0,10,5,50,789,5,0.5714285714285714,0.227,0.012,0.5189769952269951,0.17869767463856343
warm_high,0.0,10,5,50,789,6,0.7384615384615385,0.33099999999999996,0.012,0.4478174603174603,0.14831316850023357
warm_high,0.0,10,5,50,789,7,0.5846153846153846,0.30400000000000005,0.054000000000000006,0.3719570707070706,0.14347931771116693
warm_high,0.0,10,5,50,789,8,0.8245614035087719,0.35200000000000004,0.0,0.4095464257964257,0.13811891468325482
warm_high,0.0,10,5,50,789,9,0.6027397260273972,0.303,0.024,0.3968632756132756,0.1372641484100136
warm_high,0.0,10,5,50,789,10,0.8208955223880597,0.39199999999999996,0.018,0.3718344155844156,0.1310340388805875
warm_high,0.0,10,5,50,789,11,0.7352941176470589,0.379,0.036,0.34735736485736485,0.1330622202480975
warm_high,0.0,10,5,50,789,12,0.8082191780821918,0.414,0.018,0.3391827616827617,0.13314482677430337
warm_high,0.0,10,5,50,789,13,0.7916666666666666,0.353,0.03,0.37154838217338215,0.14822474572395655
warm_high,0.0,10,5,50,789,14,0.9104477611940298,0.37100000000000005,0.03,0.35432109557109565,0.14608829848249932
warm_high,0.0,10,5,50,789,15,0.7142857142857143,0.33599999999999997,0.03,0.41559981684981684,0.1771574328761919
warm_high,0.0,10,5,50,789,16,0.6935483870967742,0.309,0.024,0.42753968253968255,0.17078139334460313
warm_high,0.0,10,5,50,789,17,0.6,0.29000000000000004,0.048,0.42541666666666667,0.15799508048516256
warm_high,0.0,10,5,50,789,18,0.7424242424242424,0.33,0.024,0.3958549783549784,0.14356305762373664
warm_high,0.0,10,5,50,789,19,0.7169811320754716,0.27,0.024,0.41423340548340554,0.1448910701687631
warm_high,0.0,10,5,50,789,20,0.9253731343283582,0.43800000000000006,0.024,0.33166666666666667,0.13488846267792395
warm_high,0.0,10,5,50,789,21,0.8032786885245902,0.357,0.012,0.3626587301587302,0.13495370759706501
warm_high,0.0,10,5,50,789,22,0.6865671641791045,0.3469999999999999,0.006,0.41294913419913415,0.14603823714600384
warm_high,0.0,10,5,50,789,23,0.75,0.301,0.041999999999999996,0.384033189033189,0.13944190226560174
warm_high,0.0,10,5,50,789,24,0.9014084507042254,0.4149999999999999,0.024,0.3571482683982684,0.13636344905892334
warm_high,0.0,10,5,50,789,25,0.8382352941176471,0.42399999999999993,0.03,0.3459577922077922,0.1522518902413586
warm_high,0.0,10,5,50,789,26,0.875,0.42300000000000004,0.036,0.30198773448773447,0.1380620957271495
warm_high,0.0,10,5,50,789,27,0.9104477611940298,0.4400000000000001,0.012,0.31406204906204904,0.14924186705638545
warm_high,0.0,10,5,50,789,28,0.65625,0.287,0.041999999999999996,0.43652694527694524,0.16584942174944228
warm_high,0.0,10,5,50,789,29,0.75,0.31899999999999995,0.018,0.43566558441558445,0.16205259796356603
warm_high,0.0,10,5,50,789,30,0.7352941176470589,0.35200000000000004,0.018,0.3990873015873015,0.14321284274469606
warm_high,0.0,10,5,50,789,31,0.9836065573770492,0.4149999999999999,0.024,0.3448611111111111,0.1440569702073327
warm_high,0.0,10,5,50,789,32,0.9310344827586207,0.378,0.024,0.3142189754689755,0.13816483481194516
warm_high,0.0,10,5,50,789,33,0.7681159420289855,0.39,0.041999999999999996,0.35156746031746033,0.14923454911639827
warm_high,0.0,10,5,50,789,34,0.5735294117647058,0.252,0.018,0.46950688200688206,0.16318467631115513
warm_high,0.0,10,5,50,789,35,0.8115942028985508,0.4009999999999999,0.03,0.3873719336219336,0.1525792143211328
warm_high,0.0,10,5,50,789,36,0.6666666666666666,0.292,0.018,0.4518650793650794,0.15069370804215315
warm_high,0.0,10,5,50,789,37,0.8301886792452831,0.312,0.024,0.4182936507936509,0.1413197718945015
warm_high,0.0,10,5,50,789,38,0.9824561403508771,0.43200000000000005,0.024,0.31702561327561324,0.13032815109516774
warm_high,0.0,10,5,50,789,39,0.9692307692307692,0.446,0.012,0.303511766011766,0.13915109643282225
warm_high,0.0,10,5,50,789,40,0.78125,0.39299999999999996,0.03,0.32946969696969697,0.14132632597768385
warm_high,0.0,10,5,50,789,41,0.847457627118644,0.35200000000000004,0.0,0.379033189033189,0.15734147181287128
warm_high,0.0,10,5,50,789,42,0.7571428571428571,0.356,0.006,0.4022619047619048,0.16190862247515048
warm_high,0.0,10,5,50,789,43,0.8571428571428571,0.37899999999999995,0.03,0.34081890331890335,0.1339055148300322
warm_high,0.0,10,5,50,789,44,0.6617647058823529,0.35,0.048,0.3648809523809523,0.13647532620137914
warm_high,0.0,10,5,50,789,45,0.8888888888888888,0.322,0.018,0.38990800865800873,0.13921163613301213
warm_high,0.0,10,5,50,789,46,1.0757575757575757,0.46399999999999997,0.06000000000000001,0.2571049783549783,0.1369389516214818
warm_high,0.0,10,5,50,789,47,0.7313432835820896,0.30800000000000005,0.012,0.42581640581640584,0.1486611929328887
warm_high,0.0,10,5,50,789,48,0.8095238095238095,0.35100000000000003,0.024,0.3962301587301587,0.13371661393801393
warm_high,0.0,10,5,50,789,49,0.7272727272727273,0.317,0.012,0.46165945165945166,0.1548499271380527
dcf_conv,0.0,10,5,50,789,0,0.6610169491525424,0.28700000000000003,0.12000000000000002,0.1843529387279387,nan
dcf_conv,0.0,10,5,50,789,1,0.6338028169014085,0.3410000000000001,0.12000000000000002,0.156231684981685,nan
dcf_conv,0.0,10,5,50,789,2,0.71875,0.30600000000000005,0.14400000000000004,0.15771802951950012,nan
dcf_conv,0.0,10,5,50,789,3,0.6101694915254238,0.23900000000000005,0.138,0.17192325648208,nan
dcf_conv,0.0,10,5,50,789,4,0.5616438356164384,0.299,0.09,0.18009162814309873,nan
dcf_conv,0.0,10,5,50,789,5,0.6607142857142857,0.24899999999999994,0.15000000000000002,0.1761041736041736,nan
dcf_conv,0.0,10,5,50,789,6,0.6461538461538462,0.304,0.12000000000000002,0.1752840949899773,nan
dcf_conv,0.0,10,5,50,789,7,0.5538461538461539,0.28700000000000003,0.13200000000000003,0.1836617059411177,nan
dcf_conv,0.0,10,5,50,789,8,0.5964912280701754,0.21999999999999997,0.15000000000000005,0.1799854516398634,nan
dcf_conv,0.0,10,5,50,789,9,0.6027397260273972,0.30700000000000005,0.13800000000000004,0.15563676519558872,nan
dcf_conv,0.0,10,5,50,789,10,0.6716417910447762,0.3330000000000001,0.14400000000000004,0.14446591398797282,nan
dcf_conv,0.0,10,5,50,789,11,0.5882352941176471,0.28600000000000003,0.156,0.15480311355311355,nan
dcf_conv,0.0,10,5,50,789,12,0.6712328767123288,0.342,0.144,0.14940930393136279,nan
dcf_conv,0.0,10,5,50,789,13,0.4861111111111111,0.23600000000000004,0.11400000000000002,0.1990376369846184,nan
dcf_conv,0.0,10,5,50,789,14,0.6567164179104478,0.326,0.11400000000000002,0.1504046381465112,nan
dcf_conv,0.0,10,5,50,789,15,0.5454545454545454,0.31500000000000006,0.12,0.1719862490450726,nan
dcf_conv,0.0,10,5,50,789,16,0.6612903225806451,0.2960000000000001,0.156,0.16615666196548548,nan
dcf_conv,0.0,10,5,50,789,17,0.7,0.332,0.144,0.1671786546786547,nan
dcf_conv,0.0,10,5,50,789,18,0.5909090909090909,0.29000000000000004,0.12600000000000003,0.17898726273726273,nan
dcf_conv,0.0,10,5,50,789,19,0.8490566037735849,0.352,0.10800000000000003,0.15841129458776518,nan
dcf_conv,0.0,10,5,50,789,20,0.6567164179104478,0.32499999999999996,0.12000000000000002,0.1839174020424021,nan
dcf_conv,0.0,10,5,50,789,21,0.5081967213114754,0.25,0.17400000000000007,0.18772491397491398,nan
dcf_conv,0.0,10,5,50,789,22,0.5223880597014925,0.29300000000000004,0.13800000000000004,0.1870879120879121,nan
dcf_conv,0.0,10,5,50,789,23,0.640625,0.2770000000000001,0.17400000000000002,0.17140917905623787,nan
dcf_conv,0.0,10,5,50,789,24,0.4788732394366197,0.24299999999999994,0.15600000000000006,0.1797337139984199,nan
dcf_conv,0.0,10,5,50,789,25,0.5882352941176471,0.263,0.16800000000000007,0.18070803379626904,nan
dcf_conv,0.0,10,5,50,789,26,0.5625,0.26000000000000006,0.156,0.17656156343656343,nan
dcf_conv,0.0,10,5,50,789,27,0.582089552238806,0.26799999999999996,0.14400000000000004,0.1944997404556228,nan
dcf_conv,0.0,10,5,50,789,28,0.65625,0.31400000000000006,0.09600000000000002,0.17390383803502996,nan
dcf_conv,0.0,10,5,50,789,29,0.6,0.24299999999999997,0.096,0.19674054273899472,nan
dcf_conv,0.0,10,5,50,789,30,0.6029411764705882,0.30100000000000005,0.126,0.17018501600738442,nan
dcf_conv,0.0,10,5,50,789,31,0.5737704918032787,0.262,0.132,0.19590634855340738,nan
dcf_conv,0.0,10,5,50,789,32,0.5862068965517241,0.265,0.168,0.15975986431868788,nan
dcf_conv,0.0,10,5,50,789,33,0.5942028985507246,0.29900000000000004,0.15600000000000006,0.17125785978727154,nan
dcf_conv,0.0,10,5,50,789,34,0.8088235294117647,0.391,0.11400000000000002,0.15360636504018857,nan
dcf_conv,0.0,10,5,50,789,35,0.6231884057971014,0.288,0.09000000000000004,0.21233183483183482,nan
dcf_conv,0.0,10,5,50,789,36,0.7166666666666667,0.307,0.12600000000000006,0.1526621825886532,nan
dcf_conv,0.0,10,5,50,789,37,0.8113207547169812,0.31,0.12000000000000002,0.16651487401487403,nan
dcf_conv,0.0,10,5,50,789,38,0.7017543859649122,0.31300000000000006,0.15600000000000006,0.1643108198990552,nan
dcf_conv,0.0,10,5,50,789,39,0.6461538461538462,0.2800000000000001,0.15000000000000005,0.17966458786311731,nan
dcf_conv,0.0,10,5,50,789,40,0.5625,0.268,0.19799999999999998,0.16251623376623375,nan
dcf_conv,0.0,10,5,50,789,41,0.6271186440677966,0.263,0.10200000000000001,0.18170016666340194,nan
dcf_conv,0.0,10,5,50,789,42,0.5428571428571428,0.262,0.12000000000000002,0.18782158394580994,nan
dcf_conv,0.0,10,5,50,789,43,0.7619047619047619,0.356,0.15,0.1525391683479919,nan
dcf_conv,0.0,10,5,50,789,44,0.6323529411764706,0.30300000000000005,0.11400000000000002,0.1686879786879787,nan
dcf_conv,0.0,10,5,50,789,45,0.7777777777777778,0.2909999999999999,0.15000000000000005,0.1562134107722343,nan
dcf_conv,0.0,10,5,50,789,46,0.6363636363636364,0.292,0.17400000000000007,0.15479045442861233,nan
dcf_conv,0.0,10,5,50,789,47,0.7014925373134329,0.305,0.13800000000000004,0.152144191592721,nan
dcf_conv,0.0,10,5,50,789,48,0.5714285714285714,0.25,0.156,0.19626092539211737,nan
dcf_conv,0.0,10,5,50,789,49,0.7818181818181819,0.30399999999999994,0.14400000000000004,0.17104054034201094,nan
oracle,0.0,10,5,50,1234,0,1.0172413793103448,0.4120000000000001,0.10800000000000001,0.24714993339993335,nan
oracle,0.0,10,5,50,1234,1,0.9264705882352942,0.43500000000000005,0.084,0.2035635198135198,nan
oracle,0.0,10,5,50,1234,2,1.11864406779661,0.491,0.07200000000000002,0.19850219225219223,nan
oracle,0.0,10,5,50,1234,3,1.0606060606060606,0.484,0.07200000000000002,0.22699009324009317,nan
oracle,0.0,10,5,50,1234,4,0.8656716417910447,0.37300000000000005,0.12000000000000002,0.20980991230991228,nan
oracle,0.0,10,5,50,1234,5,1.0,0.40099999999999997,0.07200000000000002,0.2524754330636684,nan
oracle,0.0,10,5,50,1234,6,1.1014492753623188,0.48200000000000004,0.06600000000000002,0.2184702307496425,nan
oracle,0.0,10,5,50,1234,7,1.088235294117647,0.472,0.06600000000000002,0.2131673881673882,nan
oracle,0.0,10,5,50,1234,8,1.2280701754385965,0.4660000000000001,0.12000000000000002,0.15528332778332773,nan
oracle,0.0,10,5,50,1234,9,0.9180327868852459,0.40800000000000003,0.078,0.2584555722055722,nan
oracle,0.0,10,5,50,1234,10,0.7887323943661971,0.45199999999999996,0.08400000000000003,0.1952705627705628,nan
oracle,0.0,10,5,50,1234,11,0.9230769230769231,0.4,0.078,0.2607801226551226,nan
oracle,0.0,10,5,50,1234,12,0.9178082191780822,0.493,0.09600000000000002,0.1625736763236763,nan
oracle,0.0,10,5,50,1234,13,0.9411764705882353,0.4620000000000001,0.10200000000000002,0.18728465978465977,nan
oracle,0.0,10,5,50,1234,14,0.8823529411764706,0.43299999999999994,0.10200000000000002,0.20464167776667774,nan
oracle,0.0,10,5,50,1234,15,1.2166666666666666,0.5109999999999999,0.15,0.12330447330447332,nan
oracle,0.0,10,5,50,1234,16,0.9178082191780822,0.434,0.10800000000000003,0.2064303751803752,nan
oracle,0.0,10,5,50,1234,17,1.2321428571428572,0.466,0.078,0.20258283383283385,nan
oracle,0.0,10,5,50,1234,18,0.8656716417910447,0.4210000000000001,0.13200000000000003,0.1974300699300699,nan
oracle,0.0,10,5,50,1234,19,0.7121212121212122,0.32799999999999996,0.11400000000000002,0.23747100122100123,nan
oracle,0.0,10,5,50,1234,20,1.0,0.4149999999999999,0.12000000000000002,0.20204905388728922,nan
oracle,0.0,10,5,50,1234,21,0.9230769230769231,0.4130000000000001,0.12600000000000003,0.20527236652236652,nan
oracle,0.0,10,5,50,1234,22,1.015625,0.43600000000000005,0.06000000000000001,0.2141291061879297,nan
oracle,0.0,10,5,50,1234,23,0.9295774647887324,0.46799999999999997,0.10800000000000003,0.18737720612720613,nan
oracle,0.0,10,5,50,1234,24,1.0303030303030303,0.46900000000000003,0.06000000000000001,0.2197291597291598,nan
oracle,0.0,10,5,50,1234,25,0.8857142857142857,0.4640000000000001,0.10800000000000001,0.18464826839826837,nan
oracle,0.0,10,5,50,1234,26,1.1666666666666667,0.425,0.06600000000000002,0.20316600066600063,nan
oracle,0.0,10,5,50,1234,27,1.2264150943396226,0.44399999999999995,0.11400000000000002,0.1834372571872572,nan
oracle,0.0,10,5,50,1234,28,0.9090909090909091,0.40199999999999997,0.054000000000000006,0.26127802752802753,nan
oracle,0.0,10,5,50,1234,29,1.0793650793650793,0.45999999999999996,0.06599999999999999,0.21306743909685086,nan
oracle,0.0,10,5,50,1234,30,1.1774193548387097,0.4669999999999999,0.072,0.2028743478743479,nan
oracle,0.0,10,5,50,1234,31,0.8985507246376812,0.43900000000000017,0.084,0.20984654234654238,nan
oracle,0.0,10,5,50,1234,32,1.1666666666666667,0.5180000000000001,0.10200000000000002,0.18520299145299146,nan
oracle,0.0,10,5,50,1234,33,1.1896551724137931,0.44600000000000006,0.09,0.2158127983127983,nan
oracle,0.0,10,5,50,1234,34,0.8904109589041096,0.4710000000000001,0.054000000000000006,0.23245004995004998,nan
oracle,0.0,10,5,50,1234,35,1.0606060606060606,0.51,0.08400000000000002,0.17074536574536575,nan
oracle,0.0,10,5,50,1234,36,0.8695652173913043,0.44000000000000006,0.08399999999999999,0.2042527611277612,nan
oracle,0.0,10,5,50,1234,37,0.9696969696969697,0.4670000000000001,0.096,0.20789862914862917,nan
oracle,0.0,10,5,50,1234,38,1.0615384615384615,0.49499999999999994,0.08399999999999999,0.18105019980019982,nan
oracle,0.0,10,5,50,1234,39,0.9818181818181818,0.37699999999999995,0.11400000000000002,0.23714715023538546,nan
oracle,0.0,10,5,50,1234,40,1.0461538461538462,0.504,0.078,0.1910152347652348,nan
oracle,0.0,10,5,50,1234,41,0.8125,0.4699999999999999,0.10800000000000001,0.174005994005994,nan
oracle,0.0,10,5,50,1234,42,1.0298507462686568,0.481,0.12000000000000002,0.1739321789321789,nan
oracle,0.0,10,5,50,1234,43,1.0,0.457,0.07800000000000003,0.21909500222000222,nan
oracle,0.0,10,5,50,1234,44,1.0655737704918034,0.42700000000000005,0.138,0.18400880981763332,nan
oracle,0.0,10,5,50,1234,45,0.9583333333333334,0.454,0.072,0.21191641691641686,nan
oracle,0.0,10,5,50,1234,46,1.0,0.42400000000000004,0.084,0.1922768897768898,nan
oracle,0.0,10,5,50,1234,47,1.044776119402985,0.48900000000000005,0.078,0.1874042624042624,nan
oracle,0.0,10,5,50,1234,48,0.92,0.48600000000000004,0.10200000000000002,0.18131299256299255,nan
oracle,0.0,10,5,50,1234,49,1.2142857142857142,0.4900000000000002,0.09,0.18768571706071707,nan
cold_genie,0.0,10,5,50,1234,0,0.7586206896551724,0.28900000000000003,0.09600000000000002,0.25954836829836825,0.06666666666666667
cold_genie,0.0,10,5,50,1234,1,0.9117647058823529,0.462,0.054000000000000006,0.20937146187146188,0.06666666666666667
cold_genie,0.0,10,5,50,1234,2,1.0338983050847457,0.4680000000000001,0.08400000000000003,0.1501300782550783,0.06666666666666667
cold_genie,0.0,10,5,50,1234,3,0.9242424242424242,0.42899999999999994,0.09000000000000001,0.1965728144404615,0.06666666666666667
cold_genie,0.0,10,5,50,1234,4,0.9701492537313433,0.45999999999999996,0.10800000000000001,0.17879370629370628,0.06666666666666667
cold_genie,0.0,10,5,50,1234,5,1.0491803278688525,0.43600000000000005,0.084,0.19171939171939173,0.06666666666666667
cold_genie,0.0,10,5,50,1234,6,1.0,0.47000000000000003,0.07200000000000002,0.182260101010101,0.06666666666666667
cold_genie,0.0,10,5,50,1234,7,0.9264705882352942,0.44299999999999995,0.084,0.20946386946386947,0.06666666666666667
cold_genie,0.0,10,5,50,1234,8,1.0526315789473684,0.42300000000000004,0.072,0.20179736929736927,0.06666666666666667
cold_genie,0.0,10,5,50,1234,9,1.1311475409836065,0.47700000000000015,0.08399999999999999,0.17604388666888665,0.06666666666666667
cold_genie,0.0,10,5,50,1234,10,0.8028169014084507,0.434,0.048,0.2174693362193362,0.06666666666666667
cold_genie,0.0,10,5,50,1234,11,1.1384615384615384,0.48600000000000004,0.036,0.17080024142524142,0.06666666666666667
cold_genie,0.0,10,5,50,1234,12,0.7123287671232876,0.40099999999999997,0.048,0.24022366522366526,0.06666666666666667
cold_genie,0.0,10,5,50,1234,13,0.8823529411764706,0.44000000000000006,0.06000000000000001,0.207278416028416,0.06666666666666667
cold_genie,0.0,10,5,50,1234,14,0.9117647058823529,0.44699999999999995,0.084,0.18186410811410814,0.06666666666666667
cold_genie,0.0,10,5,50,1234,15,0.95,0.395,0.09000000000000001,0.19852564102564108,0.06666666666666667
cold_genie,0.0,10,5,50,1234,16,0.7123287671232876,0.351,0.10200000000000002,0.22456460206460202,0.06666666666666667
cold_genie,0.0,10,5,50,1234,17,1.0178571428571428,0.3969999999999999,0.09,0.22098540348540352,0.06666666666666667
cold_genie,0.0,10,5,50,1234,18,0.8208955223880597,0.41,0.06599999999999999,0.22057178932178934,0.06666666666666667
cold_genie,0.0,10,5,50,1234,19,0.8636363636363636,0.43600000000000005,0.041999999999999996,0.23428821178821174,0.06666666666666667
cold_genie,0.0,10,5,50,1234,20,0.8382352941176471,0.40800000000000003,0.06000000000000001,0.24041673604173602,0.06666666666666667
cold_genie,0.0,10,5,50,1234,21,0.9846153846153847,0.42400000000000004,0.09000000000000004,0.19366508491508494,0.06666666666666667
cold_genie,0.0,10,5,50,1234,22,0.9375,0.384,0.09000000000000001,0.1949701687201687,0.06666666666666667
cold_genie,0.0,10,5,50,1234,23,0.9295774647887324,0.42700000000000005,0.06599999999999999,0.2070761591349827,0.06666666666666667
cold_genie,0.0,10,5,50,1234,24,0.9242424242424242,0.454,0.09,0.19496628371628374,0.06666666666666667
cold_genie,0.0,10,5,50,1234,25,0.8571428571428571,0.44800000000000006,0.06600000000000002,0.2011038961038961,0.06666666666666667
cold_genie,0.0,10,5,50,1234,26,0.8518518518518519,0.307,0.06599999999999999,0.27763708513708507,0.06666666666666667
cold_genie,0.0,10,5,50,1234,27,1.2452830188679245,0.476,0.06000000000000001,0.21044191919191918,0.06666666666666667
cold_genie,0.0,10,5,50,1234,28,0.9696969696969697,0.43800000000000006,0.066,0.20664918414918415,0.06666666666666667
cold_genie,0.0,10,5,50,1234,29,0.8571428571428571,0.362,0.06000000000000001,0.2482804205598323,0.06666666666666667
cold_genie,0.0,10,5,50,1234,30,1.0161290322580645,0.41500000000000004,0.072,0.24417610167610165,0.06666666666666667
cold_genie,0.0,10,5,50,1234,31,0.9420289855072463,0.479,0.06000000000000001,0.1889880952380952,0.06666666666666667
cold_genie,0.0,10,5,50,1234,32,1.05,0.504,0.06000000000000001,0.17710900210900213,0.06666666666666667
cold_genie,0.0,10,5,50,1234,33,0.9827586206896551,0.42000000000000004,0.084,0.2277125652125652,0.06666666666666667
cold_genie,0.0,10,5,50,1234,34,0.8493150684931506,0.4590000000000002,0.07800000000000001,0.19475579975579976,0.06666666666666667
cold_genie,0.0,10,5,50,1234,35,0.7575757575757576,0.38499999999999995,0.072,0.22720168720168718,0.06666666666666667
cold_genie,0.0,10,5,50,1234,36,0.9420289855072463,0.44700000000000006,0.07800000000000001,0.20275668775668781,0.06666666666666667
cold_genie,0.0,10,5,50,1234,37,0.8484848484848485,0.4080000000000001,0.054000000000000006,0.23283549783549784,0.06666666666666667
cold_genie,0.0,10,5,50,1234,38,0.9076923076923077,0.388,0.09000000000000001,0.2249704462204462,0.06666666666666667
cold_genie,0.0,10,5,50,1234,39,1.0545454545454545,0.384,0.048,0.2257410644910645,0.06666666666666667
cold_genie,0.0,10,5,50,1234,40,0.8769230769230769,0.40499999999999997,0.06600000000000002,0.23358016983016983,0.06666666666666667
cold_genie,0.0,10,5,50,1234,41,0.6375,0.3730000000000001,0.078,0.2641697885447885,0.06666666666666667
cold_genie,0.0,10,5,50,1234,42,1.0,0.442,0.084,0.17781940281940278,0.06666666666666667
cold_genie,0.0,10,5,50,1234,43,0.9393939393939394,0.438,0.078,0.19993298368298368,0.06666666666666667
cold_genie,0.0,10,5,50,1234,44,0.8688524590163934,0.376,0.048,0.24884254634254632,0.06666666666666667
cold_genie,0.0,10,5,50,1234,45,0.8333333333333334,0.441,0.07800000000000001,0.19749999999999998,0.06666666666666667
cold_genie,0.0,10,5,50,1234,46,0.9701492537313433,0.43699999999999994,0.054000000000000006,0.19468926906426906,0.06666666666666667
cold_genie,0.0,10,5,50,1234,47,0.8059701492537313,0.386,0.03,0.25829711954711954,0.06666666666666667
cold_genie,0.0,10,5,50,1234,48,0.8133333333333334,0.44299999999999995,0.06,0.21406260406260405,0.06666666666666667
cold_genie,0.0,10,5,50,1234,49,1.0714285714285714,0.43,0.078,0.21731643356643357,0.06666666666666667
cold_nv,0.0,10,5,50,1234,0,0.9482758620689655,0.376,0.041999999999999996,0.3122763347763348,0.10000000000000002
cold_nv,0.0,10,5,50,1234,1,0.8088235294117647,0.40800000000000003,0.036,0.3124152236652236,0.10000000000000002
cold_nv,0.0,10,5,50,1234,2,0.8983050847457628,0.39100000000000007,0.024,0.3009758297258297,0.10000000000000002
cold_nv,0.0,10,5,50,1234,3,0.9696969696969697,0.47800000000000004,0.036,0.2841430791430791,0.10000000000000002
cold_nv,0.0,10,5,50,1234,4,0.5970149253731343,0.30500000000000005,0.078,0.3165349927849928,0.10000000000000002
cold_nv,0.0,10,5,50,1234,5,1.1147540983606556,0.48600000000000004,0.036,0.2380000555000555,0.10000000000000002
cold_nv,0.0,10,5,50,1234,6,0.782608695652174,0.377,0.036,0.30732503607503603,0.10000000000000002
cold_nv,0.0,10,5,50,1234,7,0.8382352941176471,0.39399999999999996,0.048,0.2920544733044733,0.10000000000000002
cold_nv,0.0,10,5,50,1234,8,1.087719298245614,0.4410000000000001,0.048,0.2541940004440004,0.10000000000000002
cold_nv,0.0,10,5,50,1234,9,1.0163934426229508,0.46399999999999997,0.03,0.2575631313131313,0.10000000000000002
cold_nv,0.0,10,5,50,1234,10,0.7183098591549296,0.36699999999999994,0.041999999999999996,0.29125,0.10000000000000002
cold_nv,0.0,10,5,50,1234,11,0.7846153846153846,0.37,0.03,0.3110948773448773,0.10000000000000002
cold_nv,0.0,10,5,50,1234,12,0.7945205479452054,0.43499999999999994,0.041999999999999996,0.2649912587412588,0.10000000000000002
cold_nv,0.0,10,5,50,1234,13,0.8529411764705882,0.39300000000000007,0.054000000000000006,0.2906042568542569,0.10000000000000002
cold_nv,0.0,10,5,50,1234,14,0.6911764705882353,0.344,0.041999999999999996,0.292056277056277,0.10000000000000002
cold_nv,0.0,10,5,50,1234,15,0.85,0.38500000000000006,0.054000000000000006,0.29054112554112554,0.10000000000000002
cold_nv,0.0,10,5,50,1234,16,0.6301369863013698,0.355,0.036,0.321118326118326,0.10000000000000002
cold_nv,0.0,10,5,50,1234,17,1.0714285714285714,0.43099999999999994,0.06600000000000002,0.24002247752247746,0.10000000000000002
cold_nv,0.0,10,5,50,1234,18,0.7313432835820896,0.38,0.03,0.31643023643023643,0.10000000000000002
cold_nv,0.0,10,5,50,1234,19,0.7272727272727273,0.34400000000000003,0.041999999999999996,0.35489177489177487,0.10000000000000002
cold_nv,0.0,10,5,50,1234,20,0.6911764705882353,0.34700000000000003,0.012,0.35729076479076477,0.10000000000000002
cold_nv,0.0,10,5,50,1234,21,0.9538461538461539,0.4320000000000001,0.036,0.2695797258297258,0.10000000000000002
cold_nv,0.0,10,5,50,1234,22,0.90625,0.38499999999999995,0.03,0.2860230047730048,0.10000000000000002
cold_nv,0.0,10,5,50,1234,23,0.676056338028169,0.346,0.024,0.36732142857142863,0.10000000000000002
cold_nv,0.0,10,5,50,1234,24,0.7727272727272727,0.3960000000000001,0.054000000000000006,0.27526515151515146,0.10000000000000002
cold_nv,0.0,10,5,50,1234,25,0.7714285714285715,0.37599999999999995,0.06000000000000001,0.2718452380952381,0.10000000000000002
cold_nv,0.0,10,5,50,1234,26,1.0740740740740742,0.4250000000000001,0.036,0.2830326617826618,0.10000000000000002
cold_nv,0.0,10,5,50,1234,27,1.0566037735849056,0.385,0.048,0.26651695526695524,0.10000000000000002
cold_nv,0.0,10,5,50,1234,28,0.6515151515151515,0.327,0.048,0.3402128427128427,0.10000000000000002
cold_nv,0.0,10,5,50,1234,29,0.8412698412698413,0.389,0.041999999999999996,0.3004329004329004,0.10000000000000002
cold_nv,0.0,10,5,50,1234,30,0.8387096774193549,0.362,0.036,0.26795815295815295,0.10000000000000002
cold_nv,0.0,10,5,50,1234,31,0.782608695652174,0.39699999999999996,0.078,0.2658333333333333,0.10000000000000002
cold_nv,0.0,10,5,50,1234,32,0.9333333333333333,0.41900000000000004,0.054000000000000006,0.26582070707070704,0.10000000000000002
cold_nv,0.0,10,5,50,1234,33,0.9655172413793104,0.40100000000000013,0.041999999999999996,0.3111056998556998,0.10000000000000002
cold_nv,0.0,10,5,50,1234,34,0.8082191780821918,0.43100000000000005,0.036,0.2699440836940837,0.10000000000000002
cold_nv,0.0,10,5,50,1234,35,0.9393939393939394,0.43099999999999994,0.03,0.275671411921412,0.10000000000000002
cold_nv,0.0,10,5,50,1234,36,0.8840579710144928,0.433,0.048,0.2587337662337662,0.10000000000000002
cold_nv,0.0,10,5,50,1234,37,0.8333333333333334,0.39699999999999996,0.03,0.27856407481407486,0.10000000000000002
cold_nv,0.0,10,5,50,1234,38,0.8153846153846154,0.4,0.048,0.29931998556998557,0.10000000000000002
cold_nv,0.0,10,5,50,1234,39,1.0363636363636364,0.429,0.018,0.3204960317460318,0.10000000000000002
cold_nv,0.0,10,5,50,1234,40,0.7230769230769231,0.32399999999999995,0.024,0.3302795815295815,0.10000000000000002
cold_nv,0.0,10,5,50,1234,41,0.7875,0.43400000000000005,0.024,0.26289668664668664,0.10000000000000002
cold_nv,0.0,10,5,50,1234,42,0.6716417910447762,0.32700000000000007,0.024,0.3396212121212121,0.10000000000000002
cold_nv,0.0,10,5,50,1234,43,0.9242424242424242,0.4129999999999999,0.024,0.2693217893217893,0.10000000000000002
cold_nv,0.0,10,5,50,1234,44,0.9672131147540983,0.4,0.018,0.2643921356421356,0.10000000000000002
cold_nv,0.0,10,5,50,1234,45,0.875,0.44099999999999995,0.024,0.2906313131313131,0.10000000000000002
cold_nv,0.0,10,5,50,1234,46,0.8656716417910447,0.404,0.041999999999999996,0.2914062326562326,0.10000000000000002
cold_nv,0.0,10,5,50,1234,47,0.7164179104477612,0.331,0.036,0.2955501443001442,0.10000000000000002
cold_nv,0.0,10,5,50,1234,48,0.88,0.461,0.041999999999999996,0.262045732045732,0.10000000000000002
cold_nv,0.0,10,5,50,1234,49,0.9821428571428571,0.41500000000000004,0.018,0.31871933621933624,0.10000000000000002
cold_high,0.0,10,5,50,1234,0,0.1896551724137931,0.04,0.0,0.8573809523809522,0.5
cold_high,0.0,10,5,50,1234,1,0.1323529411764706,0.05399999999999999,0.0,0.8727380952380953,0.5
cold_high,0.0,10,5,50,1234,2,0.06779661016949153,0.018000000000000002,0.0,0.9333333333333333,0.5
cold_high,0.0,10,5,50,1234,3,0.09090909090909091,0.030000000000000006,0.0,0.9247619047619049,0.5
cold_high,0.0,10,5,50,1234,4,0.13432835820895522,0.043000000000000003,0.0,0.8741666666666668,0.5
cold_high,0.0,10,5,50,1234,5,0.08196721311475409,0.025,0.0,0.92125,0.5
cold_high,0.0,10,5,50,1234,6,0.10144927536231885,0.03200000000000001,0.0,0.8748809523809523,0.5
cold_high,0.0,10,5,50,1234,7,0.10294117647058823,0.031000000000000007,0.0,0.8759523809523809,0.5
cold_high,0.0,10,5,50,1234,8,0.19298245614035087,0.05300000000000001,0.0,0.8731547619047619,0.5
cold_high,0.0,10,5,50,1234,9,0.21311475409836064,0.08200000000000002,0.0,0.8800000000000001,0.5
cold_high,0.0,10,5,50,1234,10,0.15492957746478872,0.040999999999999995,0.0,0.8385714285714286,0.5
cold_high,0.0,10,5,50,1234,11,0.12307692307692308,0.051000000000000004,0.0,0.8840476190476192,0.5
cold_high,0.0,10,5,50,1234,12,0.1232876712328767,0.052000000000000005,0.0,0.893095238095238,0.5
cold_high,0.0,10,5,50,1234,13,0.19117647058823528,0.08700000000000001,0.006,0.8426190476190477,0.5
cold_high,0.0,10,5,50,1234,14,0.16176470588235295,0.045000000000000005,0.0,0.8388095238095238,0.5
cold_high,0.0,10,5,50,1234,15,0.2,0.065,0.0,0.8332142857142859,0.5
cold_high,0.0,10,5,50,1234,16,0.136986301369863,0.052000000000000005,0.0,0.8526190476190477,0.5
cold_high,0.0,10,5,50,1234,17,0.14285714285714285,0.052000000000000005,0.0,0.8777380952380953,0.5
cold_high,0.0,10,5,50,1234,18,0.08955223880597014,0.027000000000000003,0.0,0.8811904761904762,0.5
cold_high,0.0,10,5,50,1234,19,0.15151515151515152,0.046,0.0,0.8828571428571429,0.5
cold_high,0.0,10,5,50,1234,20,0.16176470588235295,0.05800000000000001,0.006,0.8852380952380955,0.5
cold_high,0.0,10,5,50,1234,21,0.13846153846153847,0.054000000000000006,0.0,0.8557142857142859,0.5
cold_high,0.0,10,5,50,1234,22,0.171875,0.06000000000000001,0.0,0.8847619047619049,0.5
cold_high,0.0,10,5,50,1234,23,0.18309859154929578,0.067,0.0,0.83375,0.5
cold_high,0.0,10,5,50,1234,24,0.13636363636363635,0.051000000000000004,0.0,0.8794047619047621,0.5
cold_high,0.0,10,5,50,1234,25,0.15714285714285714,0.07700000000000003,0.0,0.8452380952380955,0.5
cold_high,0.0,10,5,50,1234,26,0.2222222222222222,0.05600000000000001,0.0,0.8326190476190476,0.5
cold_high,0.0,10,5,50,1234,27,0.2641509433962264,0.07400000000000001,0.0,0.8257142857142856,0.5
cold_high,0.0,10,5,50,1234,28,0.12121212121212122,0.03600000000000001,0.0,0.8850000000000001,0.5
cold_high,0.0,10,5,50,1234,29,0.14285714285714285,0.047,0.0,0.905,0.5
cold_high,0.0,10,5,50,1234,30,0.16129032258064516,0.042,0.0,0.8861904761904764,0.5
cold_high,0.0,10,5,50,1234,31,0.15942028985507245,0.069,0.0,0.8516666666666668,0.5
cold_high,0.0,10,5,50,1234,32,0.2,0.07400000000000002,0.0,0.8426190476190476,0.5
cold_high,0.0,10,5,50,1234,33,0.1896551724137931,0.053000000000000005,0.0,0.8682142857142857,0.5
cold_high,0.0,10,5,50,1234,34,0.1643835616438356,0.067,0.0,0.8545833333333333,0.5
cold_high,0.0,10,5,50,1234,35,0.07575757575757576,0.028000000000000004,0.0,0.8887500000000002,0.5
cold_high,0.0,10,5,50,1234,36,0.17391304347826086,0.05299999999999999,0.0,0.8138690476190475,0.5
cold_high,0.0,10,5,50,1234,37,0.16666666666666666,0.056999999999999995,0.0,0.8600000000000003,0.5
cold_high,0.0,10,5,50,1234,38,0.13846153846153847,0.047,0.0,0.8850000000000001,0.5
cold_high,0.0,10,5,50,1234,39,0.21818181818181817,0.06000000000000001,0.0,0.8694642857142858,0.5
cold_high,0.0,10,5,50,1234,40,0.18461538461538463,0.06800000000000002,0.0,0.8466666666666667,0.5
cold_high,0.0,10,5,50,1234,41,0.1375,0.06800000000000002,0.0,0.8619047619047621,0.5
cold_high,0.0,10,5,50,1234,42,0.13432835820895522,0.046000000000000006,0.0,0.9128571428571428,0.5
cold_high,0.0,10,5,50,1234,43,0.22727272727272727,0.06899999999999999,0.0,0.8335714285714287,0.5
cold_high,0.0,10,5,50,1234,44,0.16393442622950818,0.052000000000000005,0.0,0.8494642857142857,0.5
cold_high,0.0,10,5,50,1234,45,0.20833333333333334,0.08399999999999999,0.0,0.8535714285714286,0.5
cold_high,0.0,10,5,50,1234,46,0.1791044776119403,0.05600000000000001,0.0,0.8625,0.5
cold_high,0.0,10,5,50,1234,47,0.16417910447761194,0.052000000000000005,0.0,0.8721428571428571,0.5
cold_high,0.0,10,5,50,1234,48,0.13333333333333333,0.046000000000000006,0.0,0.8685714285714287,0.5
cold_high,0.0,10,5,50,1234,49,0.14285714285714285,0.05399999999999999,0.0,0.8859523809523809,0.5
warm_nv,0.0,10,5,50,1234,0,1.103448275862069,0.4700000000000001,0.036,0.23018217893217896,0.10000000000000002
warm_nv,0.0,10,5,50,1234,1,0.7058823529411765,0.374,0.03,0.34386002886002887,0.12701752444444442
warm_nv,0.0,10,5,50,1234,2,0.6610169491525424,0.2980000000000001,0.024,0.446984126984127,0.14452561032098765
warm_nv,0.0,10,5,50,1234,3,0.9242424242424242,0.41600000000000004,0.041999999999999996,0.29077741702741705,0.13785563706172838
warm_nv,0.0,10,5,50,1234,4,0.7611940298507462,0.355,0.03,0.40299603174603177,0.16255838079999999
warm_nv,0.0,10,5,50,1234,5,0.8688524590163934,0.4029999999999999,0.018,0.4007142857142857,0.15717628728888894
warm_nv,0.0,10,5,50,1234,6,0.6231884057971014,0.29100000000000004,0.054000000000000006,0.45415515040515037,0.14131376875857335
warm_nv,0.0,10,5,50,1234,7,0.75,0.332,0.03,0.37301379176379174,0.12698813703703704
warm_nv,0.0,10,5,50,1234,8,0.8771929824561403,0.332,0.024,0.3413358863358863,0.13790819555555556
warm_nv,0.0,10,5,50,1234,9,0.8032786885245902,0.383,0.018,0.3819516594516595,0.14199294666666668
warm_nv,0.0,10,5,50,1234,10,0.7323943661971831,0.394,0.041999999999999996,0.3359235209235209,0.13496261362962964
warm_nv,0.0,10,5,50,1234,11,0.6615384615384615,0.29099999999999987,0.03,0.4064141414141414,0.1421225851851852
warm_nv,0.0,10,5,50,1234,12,0.6575342465753424,0.352,0.024,0.3947781385281386,0.13572222222222222
warm_nv,0.0,10,5,50,1234,13,0.7205882352941176,0.34500000000000003,0.018,0.37153318903318905,0.13741086432098765
warm_nv,0.0,10,5,50,1234,14,0.8235294117647058,0.43400000000000005,0.006,0.33210317460317457,0.13512361037105622
warm_nv,0.0,10,5,50,1234,15,1.0166666666666666,0.43500000000000005,0.03,0.3248809523809524,0.13761121037037038
warm_nv,0.0,10,5,50,1234,16,0.547945205479452,0.257,0.03,0.4273122710622711,0.13729021125925928
warm_nv,0.0,10,5,50,1234,17,0.9464285714285714,0.37600000000000006,0.024,0.36551101676101677,0.1400919035555556
warm_nv,0.0,10,5,50,1234,18,0.7164179104477612,0.34900000000000003,0.018,0.404709595959596,0.14467411825777782
warm_nv,0.0,10,5,50,1234,19,0.6515151515151515,0.309,0.03,0.3853914141414141,0.16412975875555558
warm_nv,0.0,10,5,50,1234,20,0.8088235294117647,0.371,0.018,0.39601551226551224,0.15975662783278466
warm_nv,0.0,10,5,50,1234,21,0.9384615384615385,0.417,0.024,0.32347222222222227,0.15055518029629633
warm_nv,0.0,10,5,50,1234,22,0.71875,0.294,0.036,0.42878607503607497,0.14915431943209875
warm_nv,0.0,10,5,50,1234,23,0.8732394366197183,0.442,0.018,0.33527222777222776,0.1460435578320988
warm_nv,0.0,10,5,50,1234,24,0.8484848484848485,0.417,0.03,0.37191017316017316,0.15480971306666663
warm_nv,0.0,10,5,50,1234,25,0.7,0.36499999999999994,0.018,0.4072853535353535,0.14397701568711113
warm_nv,0.0,10,5,50,1234,26,0.8518518518518519,0.32300000000000006,0.036,0.415219363969364,0.14520908139259261
warm_nv,0.0,10,5,50,1234,27,0.9622641509433962,0.37000000000000005,0.041999999999999996,0.3641071428571429,0.13602304906666668
warm_nv,0.0,10,5,50,1234,28,0.7575757575757576,0.34,0.018,0.3837987012987013,0.13998480202074076
warm_nv,0.0,10,5,50,1234,29,0.746031746031746,0.3330000000000001,0.048,0.3697431734931734,0.13897709887407408
warm_nv,0.0,10,5,50,1234,30,0.8548387096774194,0.351,0.036,0.36526209901209905,0.11786103703703706
warm_nv,0.0,10,5,50,1234,31,0.6521739130434783,0.31700000000000006,0.03,0.38218795093795094,0.12464355881481486
warm_nv,0.0,10,5,50,1234,32,0.7333333333333333,0.31899999999999995,0.024,0.4110443722943723,0.1386578643463649
warm_nv,0.0,10,5,50,1234,33,0.896551724137931,0.356,0.048,0.34211926961926953,0.1329947801481482
warm_nv,0.0,10,5,50,1234,34,0.6164383561643836,0.36400000000000005,0.024,0.37728174603174597,0.1437332624
warm_nv,0.0,10,5,50,1234,35,0.7727272727272727,0.352,0.03,0.3508333333333334,0.1478110218320988
warm_nv,0.0,10,5,50,1234,36,0.5072463768115942,0.23200000000000004,0.024,0.47644841269841265,0.17006295466666668
warm_nv,0.0,10,5,50,1234,37,0.6666666666666666,0.304,0.018,0.390576368076368,0.15998052284444447
warm_nv,0.0,10,5,50,1234,38,0.6923076923076923,0.3290000000000001,0.036,0.4338492063492064,0.17098997173333338
warm_nv,0.0,10,5,50,1234,39,0.8,0.33000000000000007,0.024,0.4437698412698413,0.15900020888888894
warm_nv,0.0,10,5,50,1234,40,0.6461538461538462,0.28800000000000003,0.03,0.39589285714285716,0.141959408
warm_nv,0.0,10,5,50,1234,41,0.6625,0.35600000000000004,0.024,0.33827380952380953,0.13210158669135805
warm_nv,0.0,10,5,50,1234,42,0.7014925373134329,0.36800000000000005,0.012,0.3766666666666666,0.1435448337777778
warm_nv,0.0,10,5,50,1234,43,0.696969696969697,0.32100000000000006,0.012,0.4053228715728715,0.14537487822222225
warm_nv,0.0,10,5,50,1234,44,0.7213114754098361,0.30900000000000005,0.024,0.4146969696969697,0.14636384269629635
warm_nv,0.0,10,5,50,1234,45,0.8611111111111112,0.4299999999999999,0.006,0.30373834498834495,0.1375218515555556
warm_nv,0.0,10,5,50,1234,46,0.835820895522388,0.4130000000000001,0.024,0.3622148684648684,0.14332478088888895
warm_nv,0.0,10,5,50,1234,47,0.835820895522388,0.394,0.041999999999999996,0.3576800976800977,0.13873086345679017
warm_nv,0.0,10,5,50,1234,48,0.7466666666666667,0.38,0.03,0.3322437284937284,0.13957390417283952
warm_nv,0.0,10,5,50,1234,49,0.8928571428571429,0.368,0.024,0.3882792207792207,0.15924591555555556
warm_high,0.0,10,5,50,1234,0,0.15517241379310345,0.033,0.006,0.8452380952380952,0.5
warm_high,0.0,10,5,50,1234,1,0.27941176470588236,0.123,0.0,0.775,0.332982896090535
warm_high,0.0,10,5,50,1234,2,0.6440677966101694,0.29,0.0,0.5745238095238094,0.2510059037799911
warm_high,0.0,10,5,50,1234,3,0.5151515151515151,0.205,0.012,0.5326587301587302,0.23217318744587617
warm_high,0.0,10,5,50,1234,4,0.6417910447761194,0.308,0.03,0.4679761904761904,0.17672805101367758
warm_high,0.0,10,5,50,1234,5,0.8032786885245902,0.367,0.006,0.4190530303030303,0.17321477003661248
warm_high,0.0,10,5,50,1234,6,0.6231884057971014,0.289,0.018,0.4528391053391053,0.15617431259787665
warm_high,0.0,10,5,50,1234,7,0.8823529411764706,0.386,0.018,0.35873737373737374,0.14721957485716203
warm_high,0.0,10,5,50,1234,8,0.8596491228070176,0.3370000000000001,0.03,0.3551443001443002,0.141374347688799
warm_high,0.0,10,5,50,1234,9,0.8360655737704918,0.364,0.012,0.4179960317460317,0.14899957739160014
warm_high,0.0,10,5,50,1234,10,0.6197183098591549,0.307,0.024,0.398490120990121,0.1572099326440572
warm_high,0.0,10,5,50,1234,11,0.8769230769230769,0.404,0.03,0.3466720779220779,0.15055640581511964
warm_high,0.0,10,5,50,1234,12,0.6575342465753424,0.338,0.012,0.417049062049062,0.14915086163212973
warm_high,0.0,10,5,50,1234,13,0.6764705882352942,0.32400000000000007,0.024,0.40069250194250194,0.13470951908027617
warm_high,0.0,10,5,50,1234,14,0.8676470588235294,0.43599999999999994,0.03,0.31492965367965364,0.13408461672707797
warm_high,0.0,10,5,50,1234,15,0.8,0.328,0.024,0.41846139971139973,0.15360510087881385
warm_high,0.0,10,5,50,1234,16,0.6301369863013698,0.352,0.012,0.4215692640692641,0.1414178063575577
warm_high,0.0,10,5,50,1234,17,0.9285714285714286,0.37900000000000006,0.024,0.36836219336219334,0.13534259900618753
warm_high,0.0,10,5,50,1234,18,0.6865671641791045,0.30900000000000005,0.036,0.4203733766233766,0.14490319836806143
warm_high,0.0,10,5,50,1234,19,0.696969696969697,0.33799999999999997,0.024,0.3872330447330447,0.1347296637793004
warm_high,0.0,10,5,50,1234,20,0.7205882352941176,0.335,0.048,0.3813838938838939,0.1369782100253133
warm_high,0.0,10,5,50,1234,21,0.6923076923076923,0.304,0.048,0.40845238095238096,0.15227007606285542
warm_high,0.0,10,5,50,1234,22,0.6875,0.318,0.03,0.3529616217116217,0.1330081173134346
warm_high,0.0,10,5,50,1234,23,0.676056338028169,0.3370000000000001,0.054000000000000006,0.38976551226551226,0.1465873146962638
warm_high,0.0,10,5,50,1234,24,0.6818181818181818,0.345,0.012,0.36996031746031743,0.14800451105484355
warm_high,0.0,10,5,50,1234,25,0.6428571428571429,0.332,0.048,0.36502344877344883,0.14905147411119019
warm_high,0.0,10,5,50,1234,26,0.7962962962962963,0.28300000000000003,0.036,0.4359794372294372,0.14704572706069594
warm_high,0.0,10,5,50,1234,27,0.8301886792452831,0.315,0.048,0.38728896103896104,0.1366237692127249
warm_high,0.0,10,5,50,1234,28,0.8484848484848485,0.396,0.024,0.33962301587301585,0.14065907018413076
warm_high,0.0,10,5,50,1234,29,0.9206349206349206,0.4090000000000001,0.036,0.29829420579420574,0.1324880608664587
warm_high,0.0,10,5,50,1234,30,0.8225806451612904,0.37699999999999995,0.012,0.4118269230769231,0.14335576309775794
warm_high,0.0,10,5,50,1234,31,0.6521739130434783,0.33699999999999997,0.048,0.3687210012210012,0.13169718528302138
warm_high,0.0,10,5,50,1234,32,0.8166666666666667,0.372,0.018,0.3515512265512265,0.1435056131457418
warm_high,0.0,10,5,50,1234,33,0.7586206896551724,0.288,0.012,0.4749260461760462,0.1555228486335899
warm_high,0.0,10,5,50,1234,34,0.6986301369863014,0.364,0.036,0.3680753968253968,0.1438136278362377
warm_high,0.0,10,5,50,1234,35,0.7121212121212122,0.361,0.018,0.3837576312576313,0.15723522815741928
warm_high,0.0,10,5,50,1234,36,0.6376811594202898,0.27999999999999997,0.012,0.4715205627705628,0.16317996524163428
warm_high,0.0,10,5,50,1234,37,0.5606060606060606,0.24500000000000002,0.036,0.4703510378510378,0.16236778273360636
warm_high,0.0,10,5,50,1234,38,0.8,0.384,0.018,0.35221681096681084,0.13979601885633067
warm_high,0.0,10,5,50,1234,39,0.9636363636363636,0.35600000000000004,0.036,0.3258748196248195,0.13663349299729902
warm_high,0.0,10,5,50,1234,40,0.8769230769230769,0.40700000000000003,0.018,0.35845238095238097,0.14211021464297668
warm_high,0.0,10,5,50,1234,41,0.6875,0.38500000000000006,0.03,0.3480343267843268,0.1465772246313837
warm_high,0.0,10,5,50,1234,42,0.7014925373134329,0.3410000000000001,0.006,0.4115684315684317,0.14110691095299305
warm_high,0.0,10,5,50,1234,43,0.7272727272727273,0.343,0.012,0.40016233766233766,0.14388161651845569
warm_high,0.0,10,5,50,1234,44,0.819672131147541,0.3410000000000001,0.03,0.38141774891774893,0.13934709960821737
warm_high,0.0,10,5,50,1234,45,0.7083333333333334,0.356,0.03,0.3645526695526695,0.13018165691785555
warm_high,0.0,10,5,50,1234,46,0.7164179104477612,0.35500000000000004,0.03,0.36105519480519477,0.13529899433063947
warm_high,0.0,10,5,50,1234,47,0.7761194029850746,0.40700000000000003,0.041999999999999996,0.33244949494949505,0.14140822053065372
warm_high,0.0,10,5,50,1234,48,0.7866666666666666,0.437,0.018,0.3228769841269841,0.1481165573690139
warm_high,0.0,10,5,50,1234,49,0.7857142857142857,0.32699999999999996,0.041999999999999996,0.39742063492063495,0.15355339785011782
dcf_conv,0.0,10,5,50,1234,0,0.8103448275862069,0.326,0.13800000000000004,0.16375645188145185,nan
dcf_conv,0.0,10,5,50,1234,1,0.5588235294117647,0.265,0.16200000000000003,0.16059142246642244,nan
dcf_conv,0.0,10,5,50,1234,2,0.7627118644067796,0.356,0.096,0.17885905760905763,nan
dcf_conv,0.0,10,5,50,1234,3,0.6818181818181818,0.33399999999999996,0.174,0.13268808805573515,nan
dcf_conv,0.0,10,5,50,1234,4,0.6417910447761194,0.31000000000000005,0.14400000000000004,0.18061690352131526,nan
dcf_conv,0.0,10,5,50,1234,5,0.6885245901639344,0.30900000000000005,0.09600000000000002,0.18680888555888558,nan
dcf_conv,0.0,10,5,50,1234,6,0.7391304347826086,0.339,0.11400000000000006,0.155168793624676,nan
dcf_conv,0.0,10,5,50,1234,7,0.6323529411764706,0.292,0.11400000000000002,0.17190324789589495,nan
dcf_conv,0.0,10,5,50,1234,8,0.6666666666666666,0.28700000000000003,0.13200000000000003,0.1860304687142922,nan
dcf_conv,0.0,10,5,50,1234,9,0.5573770491803278,0.21799999999999997,0.12600000000000003,0.20640588578088576,nan
dcf_conv,0.0,10,5,50,1234,10,0.5211267605633803,0.26499999999999996,0.13200000000000003,0.1683009270141623,nan
dcf_conv,0.0,10,5,50,1234,11,0.8307692307692308,0.34700000000000003,0.132,0.14548448691831045,nan
dcf_conv,0.0,10,5,50,1234,12,0.5616438356164384,0.29100000000000004,0.10800000000000001,0.1870104536416456,nan
dcf_conv,0.0,10,5,50,1234,13,0.4852941176470588,0.229,0.156,0.19727309240467136,nan
dcf_conv,0.0,10,5,50,1234,14,0.6029411764705882,0.321,0.162,0.14379844420285598,nan
dcf_conv,0.0,10,5,50,1234,15,0.7833333333333333,0.3540000000000001,0.096,0.18143426018426018,nan
dcf_conv,0.0,10,5,50,1234,16,0.726027397260274,0.37,0.10200000000000002,0.14395276184943373,nan
dcf_conv,0.0,10,5,50,1234,17,0.6785714285714286,0.287,0.15600000000000006,0.15744564259270138,nan
dcf_conv,0.0,10,5,50,1234,18,0.7313432835820896,0.38100000000000006,0.17400000000000002,0.12552031302031302,nan
dcf_conv,0.0,10,5,50,1234,19,0.6818181818181818,0.34800000000000003,0.10200000000000002,0.1794451790040025,nan
dcf_conv,0.0,10,5,50,1234,20,0.6470588235294118,0.30100000000000005,0.15600000000000003,0.1590125509165757,nan
dcf_conv,0.0,10,5,50,1234,21,0.6923076923076923,0.325,0.10800000000000001,0.164324090941738,nan
dcf_conv,0.0,10,5,50,1234,22,0.828125,0.369,0.14400000000000004,0.1440168858918859,nan
dcf_conv,0.0,10,5,50,1234,23,0.7323943661971831,0.335,0.11400000000000002,0.15192075081780965,nan
dcf_conv,0.0,10,5,50,1234,24,0.7424242424242424,0.3489999999999999,0.132,0.1642466561216561,nan
dcf_conv,0.0,10,5,50,1234,25,0.7,0.35,0.10800000000000001,0.16072705072705076,nan
dcf_conv,0.0,10,5,50,1234,26,0.7962962962962963,0.30300000000000005,0.12600000000000003,0.17080502830502836,nan
dcf_conv,0.0,10,5,50,1234,27,0.8490566037735849,0.34700000000000003,0.14400000000000004,0.15098276723276724,nan
dcf_conv,0.0,10,5,50,1234,28,0.5909090909090909,0.254,0.168,0.17557137307137308,nan
dcf_conv,0.0,10,5,50,1234,29,0.6984126984126984,0.32800000000000007,0.13800000000000004,0.15985868298368303,nan
dcf_conv,0.0,10,5,50,1234,30,0.6290322580645161,0.2870000000000001,0.12600000000000003,0.17037188301894185,nan
dcf_conv,0.0,10,5,50,1234,31,0.5942028985507246,0.271,0.10800000000000001,0.19767000156706044,nan
dcf_conv,0.0,10,5,50,1234,32,0.5166666666666667,0.23500000000000001,0.162,0.19257055444555443,nan
dcf_conv,0.0,10,5,50,1234,33,0.8448275862068966,0.332,0.14400000000000002,0.16628891941391943,nan
dcf_conv,0.0,10,5,50,1234,34,0.4931506849315068,0.275,0.11400000000000002,0.1893464174714175,nan
dcf_conv,0.0,10,5,50,1234,35,0.5454545454545454,0.24800000000000005,0.144,0.18174935358758887,nan
dcf_conv,0.0,10,5,50,1234,36,0.4492753623188406,0.22900000000000004,0.12600000000000003,0.2076939726939727,nan
dcf_conv,0.0,10,5,50,1234,37,0.5606060606060606,0.275,0.14999999999999997,0.16085016290898643,nan
dcf_conv,0.0,10,5,50,1234,38,0.676923076923077,0.33999999999999997,0.186,0.13184893537834713,nan
dcf_conv,0.0,10,5,50,1234,39,0.6,0.251,0.15000000000000005,0.1848008853891207,nan
dcf_conv,0.0,10,5,50,1234,40,0.6307692307692307,0.316,0.13799999999999998,0.15395368520368521,nan
dcf_conv,0.0,10,5,50,1234,41,0.4625,0.25999999999999995,0.13800000000000004,0.17588079683474425,nan
dcf_conv,0.0,10,5,50,1234,42,0.582089552238806,0.265,0.15600000000000006,0.18063713247536775,nan
dcf_conv,0.0,10,5,50,1234,43,0.5757575757575758,0.26400000000000007,0.15000000000000005,0.18988349069231422,nan
dcf_conv,0.0,10,5,50,1234,44,0.8032786885245902,0.356,0.156,0.13797183208947914,nan
dcf_conv,0.0,10,5,50,1234,45,0.5555555555555556,0.28200000000000003,0.174,0.15324838152044035,nan
dcf_conv,0.0,10,5,50,1234,46,0.5074626865671642,0.22100000000000003,0.13799999999999998,0.2087424585218703,nan
dcf_conv,0.0,10,5,50,1234,47,0.6865671641791045,0.34400000000000003,0.12600000000000003,0.17213945776445774,nan
dcf_conv,0.0,10,5,50,1234,48,0.4533333333333333,0.24499999999999997,0.13200000000000003,0.20627776012257434,nan
dcf_conv,0.0,10,5,50,1234,49,0.7321428571428571,0.288,0.14999999999999997,0.16602397602397606,nan
oracle,0.0,10,10,50,42,0,0.8596491228070176,0.32999999999999996,0.17400000000000007,0.1873134175765755,nan
oracle,0.0,10,10,50,42,1,1.1730769230769231,0.402,0.15600000000000003,0.1842995321671792,nan
oracle,0.0,10,10,50,42,2,1.2692307692307692,0.44299999999999995,0.13200000000000003,0.14956085581085576,nan
oracle,0.0,10,10,50,42,3,0.7428571428571429,0.33799999999999997,0.13200000000000003,0.21116695804195804,nan
oracle,0.0,10,10,50,42,4,1.3181818181818181,0.47000000000000003,0.13800000000000004,0.1956148916443034,nan
oracle,0.0,10,10,50,42,5,0.9672131147540983,0.377,0.15000000000000005,0.21591297591297592,nan
oracle,0.0,10,10,50,42,6,0.9692307692307692,0.4410000000000001,0.16199999999999998,0.16261863136863136,nan
oracle,0.0,10,10,50,42,7,0.8688524590163934,0.41000000000000003,0.138,0.20915657871540225,nan
oracle,0.0,10,10,50,42,8,0.9047619047619048,0.385,0.15000000000000005,0.17363043818926177,nan
oracle,0.0,10,10,50,42,9,0.9516129032258065,0.41899999999999993,0.13200000000000003,0.17543796481296486,nan
oracle,0.0,10,10,50,42,10,1.0588235294117647,0.38000000000000006,0.15000000000000005,0.1926104451104451,nan
oracle,0.0,10,10,50,42,11,1.0847457627118644,0.457,0.10200000000000002,0.18343360071301246,nan
oracle,0.0,10,10,50,42,12,0.7164179104477612,0.31900000000000006,0.16200000000000006,0.20992521367521366,nan
oracle,0.0,10,10,50,42,13,0.7903225806451613,0.34800000000000003,0.168,0.19779914529914527,nan
oracle,0.0,10,10,50,42,14,1.0,0.37900000000000006,0.15,0.1735815083609201,nan
oracle,0.0,10,10,50,42,15,0.828125,0.362,0.16800000000000004,0.17899017649017648,nan
oracle,0.0,10,10,50,42,16,0.8524590163934426,0.32899999999999996,0.18600000000000003,0.19041715229215228,nan
oracle,0.0,10,10,50,42,17,1.032258064516129,0.44000000000000006,0.15,0.1783542846042846,nan
oracle,0.0,10,10,50,42,18,0.9464285714285714,0.322,0.13799999999999998,0.23644771894771893,nan
oracle,0.0,10,10,50,42,19,1.0188679245283019,0.361,0.14400000000000002,0.20976467976467977,nan
oracle,0.0,10,10,50,42,20,0.9464285714285714,0.38700000000000007,0.13800000000000004,0.2035287629037629,nan
oracle,0.0,10,10,50,42,21,0.9615384615384616,0.322,0.156,0.22332029082029078,nan
oracle,0.0,10,10,50,42,22,1.0392156862745099,0.39399999999999996,0.126,0.21957008269508269,nan
oracle,0.0,10,10,50,42,23,0.9622641509433962,0.36599999999999994,0.12600000000000003,0.20193106729871432,nan
oracle,0.0,10,10,50,42,24,0.9661016949152542,0.383,0.14400000000000004,0.19555846114669645,nan
oracle,0.0,10,10,50,42,25,1.018181818181818,0.39300000000000007,0.15000000000000002,0.17911026473526473,nan
oracle,0.0,10,10,50,42,26,1.0862068965517242,0.4339999999999999,0.09000000000000001,0.2108540764790765,nan
oracle,0.0,10,10,50,42,27,0.85,0.377,0.126,0.20316329503829503,nan
oracle,0.0,10,10,50,42,28,1.1636363636363636,0.422,0.19200000000000003,0.13876512376512376,nan
oracle,0.0,10,10,50,42,29,0.9152542372881356,0.3630000000000001,0.162,0.1893660506160506,nan
oracle,0.0,10,10,50,42,30,1.0555555555555556,0.37100000000000005,0.174,0.1771704684204684,nan
oracle,0.0,10,10,50,42,31,1.0909090909090908,0.4130000000000001,0.162,0.17095841658341657,nan
oracle,0.0,10,10,50,42,32,1.1176470588235294,0.368,0.16200000000000003,0.19399988899988901,nan
oracle,0.0,10,10,50,42,33,1.0,0.38399999999999995,0.174,0.16717675298557655,nan
oracle,0.0,10,10,50,42,34,1.2115384615384615,0.44300000000000006,0.15600000000000006,0.16007776945276947,nan
oracle,0.0,10,10,50,42,35,0.847457627118644,0.3410000000000001,0.14400000000000002,0.22780278544984425,nan
oracle,0.0,10,10,50,42,36,1.1454545454545455,0.4250000000000001,0.15600000000000003,0.18318181818181817,nan
oracle,0.0,10,10,50,42,37,0.9310344827586207,0.371,0.15000000000000005,0.1846894771894772,nan
oracle,0.0,10,10,50,42,38,1.1967213114754098,0.483,0.15,0.1364635568679686,nan
oracle,0.0,10,10,50,42,39,0.9285714285714286,0.343,0.17400000000000002,0.1805416030048383,nan
oracle,0.0,10,10,50,42,40,1.0,0.39399999999999996,0.168,0.17888351414667203,nan
oracle,0.0,10,10,50,42,41,0.8909090909090909,0.3590000000000001,0.13200000000000003,0.22862206421029949,nan
oracle,0.0,10,10,50,42,42,1.1428571428571428,0.4250000000000001,0.12000000000000002,0.1838174325674326,nan
oracle,0.0,10,10,50,42,43,0.8285714285714286,0.399,0.16200000000000003,0.17246434121434123,nan
oracle,0.0,10,10,50,42,44,0.9047619047619048,0.35,0.198,0.16261550949050949,nan
oracle,0.0,10,10,50,42,45,0.9516129032258065,0.4530000000000001,0.13799999999999998,0.18128533231474403,nan
oracle,0.0,10,10,50,42,46,1.2954545454545454,0.394,0.156,0.19003579753579752,nan
oracle,0.0,10,10,50,42,47,1.0769230769230769,0.391,0.168,0.18033466533466538,nan
oracle,0.0,10,10,50,42,48,1.0655737704918034,0.42299999999999993,0.10800000000000001,0.17426069029010205,nan
oracle,0.0,10,10,50,42,49,1.1639344262295082,0.4779999999999999,0.17400000000000007,0.12591380841380845,nan
cold_genie,0.0,10,10,50,42,0,0.8245614035087719,0.354,0.10800000000000001,0.2284061077811078,0.05000000000000001
cold_genie,0.0,10,10,50,42,1,1.0384615384615385,0.384,0.16800000000000007,0.16427059052059054,0.05000000000000001
cold_genie,0.0,10,10,50,42,2,1.1153846153846154,0.399,0.13200000000000003,0.19461815961815968,0.05000000000000001
cold_genie,0.0,10,10,50,42,3,0.8571428571428571,0.4040000000000001,0.10200000000000002,0.21219738594738594,0.05000000000000001
cold_genie,0.0,10,10,50,42,4,1.1136363636363635,0.39799999999999996,0.16799999999999998,0.1750757575757576,0.05000000000000001
cold_genie,0.0,10,10,50,42,5,0.9836065573770492,0.383,0.13200000000000003,0.19358627483627486,0.05000000000000001
cold_genie,0.0,10,10,50,42,6,0.9846153846153847,0.454,0.10800000000000001,0.16467879342879344,0.05000000000000001
cold_genie,0.0,10,10,50,42,7,0.8852459016393442,0.43200000000000005,0.084,0.2139868464868465,0.05000000000000001
cold_genie,0.0,10,10,50,42,8,0.8888888888888888,0.37,0.13200000000000003,0.20129981129981128,0.05000000000000001
cold_genie,0.0,10,10,50,42,9,0.8548387096774194,0.36700000000000005,0.09600000000000002,0.21252219186042712,0.05000000000000001
cold_genie,0.0,10,10,50,42,10,1.1372549019607843,0.42000000000000004,0.07200000000000002,0.2161326173826174,0.05000000000000001
cold_genie,0.0,10,10,50,42,11,0.711864406779661,0.30600000000000005,0.12000000000000002,0.22928904428904423,0.05000000000000001
cold_genie,0.0,10,10,50,42,12,0.8805970149253731,0.42299999999999993,0.15000000000000002,0.17012848262848262,0.05000000000000001
cold_genie,0.0,10,10,50,42,13,0.9193548387096774,0.40599999999999997,0.11400000000000002,0.18161338661338658,0.05000000000000001
cold_genie,0.0,10,10,50,42,14,1.1206896551724137,0.4659999999999999,0.10200000000000001,0.16819680319680322,0.05000000000000001
cold_genie,0.0,10,10,50,42,15,0.890625,0.406,0.13800000000000004,0.16581918081918084,0.05000000000000001
cold_genie,0.0,10,10,50,42,16,0.8524590163934426,0.37699999999999995,0.096,0.20175241425241425,0.05000000000000001
cold_genie,0.0,10,10,50,42,17,0.7741935483870968,0.326,0.10200000000000001,0.2330919080919081,0.05000000000000001
cold_genie,0.0,10,10,50,42,18,1.0892857142857142,0.438,0.10800000000000003,0.17567432567432567,0.05000000000000001
cold_genie,0.0,10,10,50,42,19,1.0,0.39499999999999996,0.084,0.22185564435564437,0.05000000000000001
cold_genie,0.0,10,10,50,42,20,1.0714285714285714,0.39499999999999996,0.078,0.1992113442113442,0.05000000000000001
cold_genie,0.0,10,10,50,42,21,0.9615384615384616,0.33100000000000007,0.12600000000000003,0.18641549218755102,0.05000000000000001
cold_genie,0.0,10,10,50,42,22,1.0980392156862746,0.393,0.138,0.1935742035742036,0.05000000000000001
cold_genie,0.0,10,10,50,42,23,1.0566037735849056,0.38,0.10800000000000001,0.19137612387612385,0.05000000000000001
cold_genie,0.0,10,10,50,42,24,0.8305084745762712,0.36200000000000004,0.09000000000000001,0.2217162004662005,0.05000000000000001
cold_genie,0.0,10,10,50,42,25,1.0909090909090908,0.43500000000000005,0.09600000000000002,0.18771880896880894,0.05000000000000001
cold_genie,0.0,10,10,50,42,26,0.8448275862068966,0.34900000000000003,0.12600000000000003,0.2051778776778777,0.05000000000000001
cold_genie,0.0,10,10,50,42,27,1.0,0.43099999999999994,0.11400000000000002,0.1728881249469485,0.05000000000000001
cold_genie,0.0,10,10,50,42,28,1.1636363636363636,0.409,0.11400000000000002,0.1768117993117993,0.05000000000000001
cold_genie,0.0,10,10,50,42,29,0.9491525423728814,0.40800000000000003,0.10800000000000001,0.18834776334776335,0.05000000000000001
cold_genie,0.0,10,10,50,42,30,0.9444444444444444,0.353,0.11400000000000003,0.20817071817071814,0.05000000000000001
cold_genie,0.0,10,10,50,42,31,0.8909090909090909,0.368,0.12600000000000003,0.2062839937839938,0.05000000000000001
cold_genie,0.0,10,10,50,42,32,1.0196078431372548,0.36400000000000005,0.144,0.1885024697524698,0.05000000000000001
cold_genie,0.0,10,10,50,42,33,0.8181818181818182,0.374,0.12600000000000003,0.20639854426619136,0.05000000000000001
cold_genie,0.0,10,10,50,42,34,1.2115384615384615,0.45999999999999996,0.10800000000000001,0.16789016539016544,0.05000000000000001
cold_genie,0.0,10,10,50,42,35,0.9491525423728814,0.38299999999999995,0.12600000000000003,0.20666673604173597,0.05000000000000001
cold_genie,0.0,10,10,50,42,36,1.1090909090909091,0.381,0.09600000000000004,0.21469169719169717,0.05000000000000001
cold_genie,0.0,10,10,50,42,37,0.9655172413793104,0.42700000000000005,0.10800000000000005,0.20299561549561548,0.05000000000000001
cold_genie,0.0,10,10,50,42,38,1.0,0.44099999999999995,0.10800000000000001,0.17965569153069152,0.05000000000000001
cold_genie,0.0,10,10,50,42,39,1.0535714285714286,0.40700000000000003,0.10800000000000003,0.20112762237762233,0.05000000000000001
cold_genie,0.0,10,10,50,42,40,1.1147540983606556,0.4069999999999999,0.10800000000000003,0.20199747964453846,0.05000000000000001
cold_genie,0.0,10,10,50,42,41,1.0,0.3799999999999999,0.14400000000000004,0.16698336385836385,0.05000000000000001
cold_genie,0.0,10,10,50,42,42,1.2678571428571428,0.471,0.10800000000000001,0.16690725940725942,0.05000000000000001
cold_genie,0.0,10,10,50,42,43,0.8142857142857143,0.36499999999999994,0.11400000000000002,0.2023756798756799,0.05000000000000001
cold_genie,0.0,10,10,50,42,44,0.7619047619047619,0.3449999999999999,0.15600000000000006,0.19876290376290376,0.05000000000000001
cold_genie,0.0,10,10,50,42,45,0.9193548387096774,0.43099999999999994,0.06000000000000001,0.2266540404040404,0.05000000000000001
cold_genie,0.0,10,10,50,42,46,1.0681818181818181,0.35200000000000004,0.11400000000000002,0.20149850149850157,0.05000000000000001
cold_genie,0.0,10,10,50,42,47,1.2115384615384615,0.42699999999999994,0.13200000000000003,0.15831779331779333,0.05000000000000001
cold_genie,0.0,10,10,50,42,48,0.8524590163934426,0.348,0.12000000000000002,0.2195280944545651,0.05000000000000001
cold_genie,0.0,10,10,50,42,49,0.9016393442622951,0.373,0.15000000000000002,0.1973562548562549,0.05000000000000001
cold_nv,0.0,10,10,50,42,0,0.9649122807017544,0.3919999999999999,0.048,0.29870310245310244,0.10000000000000002
cold_nv,0.0,10,10,50,42,1,1.0,0.35899999999999993,0.054000000000000006,0.3252453102453102,0.10000000000000002
cold_nv,0.0,10,10,50,42,2,1.2884615384615385,0.44299999999999995,0.09000000000000004,0.2213816738816739,0.10000000000000002
cold_nv,0.0,10,10,50,42,3,0.7857142857142857,0.37,0.03,0.3044552669552669,0.10000000000000002
cold_nv,0.0,10,10,50,42,4,1.0227272727272727,0.3309999999999999,0.06000000000000001,0.3334881784881785,0.10000000000000002
cold_nv,0.0,10,10,50,42,5,0.7377049180327869,0.27,0.054000000000000006,0.35936188811188813,0.10000000000000002
cold_nv,0.0,10,10,50,42,6,0.8923076923076924,0.44200000000000006,0.048,0.25077713952713954,0.10000000000000002
cold_nv,0.0,10,10,50,42,7,0.819672131147541,0.359,0.024,0.33226911976911977,0.10000000000000002
cold_nv,0.0,10,10,50,42,8,0.7142857142857143,0.32799999999999996,0.054000000000000006,0.3455007492507492,0.10000000000000002
cold_nv,0.0,10,10,50,42,9,1.1290322580645162,0.5189999999999999,0.06599999999999999,0.2284343434343435,0.10000000000000002
cold_nv,0.0,10,10,50,42,10,0.8823529411764706,0.328,0.06600000000000002,0.3338275613275613,0.10000000000000002
cold_nv,0.0,10,10,50,42,11,0.9322033898305084,0.418,0.036,0.2766450216450217,0.10000000000000002
cold_nv,0.0,10,10,50,42,12,0.7910447761194029,0.373,0.06000000000000001,0.30826520701520693,0.10000000000000002
cold_nv,0.0,10,10,50,42,13,0.8709677419354839,0.413,0.041999999999999996,0.2524542124542124,0.10000000000000002
cold_nv,0.0,10,10,50,42,14,0.8275862068965517,0.35000000000000003,0.048,0.3119773282273282,0.10000000000000002
cold_nv,0.0,10,10,50,42,15,0.84375,0.394,0.024,0.31759199134199134,0.10000000000000002
cold_nv,0.0,10,10,50,42,16,0.9672131147540983,0.43499999999999994,0.072,0.27360028860028857,0.10000000000000002
cold_nv,0.0,10,10,50,42,17,0.8387096774193549,0.377,0.012,0.3235933510933512,0.10000000000000002
cold_nv,0.0,10,10,50,42,18,0.875,0.33799999999999997,0.054000000000000006,0.28575854700854697,0.10000000000000002
cold_nv,0.0,10,10,50,42,19,1.2264150943396226,0.476,0.054000000000000006,0.21432900432900434,0.10000000000000002
cold_nv,0.0,10,10,50,42,20,0.9821428571428571,0.36,0.03,0.3396753246753247,0.10000000000000002
cold_nv,0.0,10,10,50,42,21,0.8461538461538461,0.32500000000000007,0.07200000000000002,0.30876262626262624,0.10000000000000002
cold_nv,0.0,10,10,50,42,22,1.0588235294117647,0.384,0.06000000000000001,0.2873863636363636,0.10000000000000002
cold_nv,0.0,10,10,50,42,23,0.9811320754716981,0.37300000000000005,0.041999999999999996,0.27501193251193246,0.10000000000000002
cold_nv,0.0,10,10,50,42,24,0.9322033898305084,0.393,0.048,0.332224025974026,0.10000000000000002
cold_nv,0.0,10,10,50,42,25,1.0909090909090908,0.43599999999999994,0.03,0.2615859140859141,0.10000000000000002
cold_nv,0.0,10,10,50,42,26,0.7931034482758621,0.358,0.06600000000000002,0.30611652236652226,0.10000000000000002
cold_nv,0.0,10,10,50,42,27,0.85,0.35900000000000004,0.054000000000000006,0.2958946608946608,0.10000000000000002
cold_nv,0.0,10,10,50,42,28,0.9636363636363636,0.36900000000000005,0.078,0.2939312076812076,0.10000000000000002
cold_nv,0.0,10,10,50,42,29,1.0169491525423728,0.4309999999999999,0.041999999999999996,0.2674583749583749,0.10000000000000002
cold_nv,0.0,10,10,50,42,30,0.9074074074074074,0.332,0.06600000000000002,0.30762987012987014,0.10000000000000002
cold_nv,0.0,10,10,50,42,31,0.8545454545454545,0.325,0.036,0.3755934343434343,0.10000000000000002
cold_nv,0.0,10,10,50,42,32,1.0784313725490196,0.396,0.06000000000000001,0.3111814574314574,0.10000000000000002
cold_nv,0.0,10,10,50,42,33,0.9696969696969697,0.43999999999999995,0.048,0.2828427128427128,0.10000000000000002
cold_nv,0.0,10,10,50,42,34,1.0769230769230769,0.383,0.03,0.3046216283716284,0.10000000000000002
cold_nv,0.0,10,10,50,42,35,0.9491525423728814,0.393,0.078,0.28864288489288487,0.10000000000000002
cold_nv,0.0,10,10,50,42,36,0.9636363636363636,0.34900000000000003,0.036,0.3453210678210678,0.10000000000000002
cold_nv,0.0,10,10,50,42,37,0.7413793103448276,0.3,0.078,0.3591901154401154,0.10000000000000002
cold_nv,0.0,10,10,50,42,38,0.9016393442622951,0.364,0.054000000000000006,0.3150198412698413,0.10000000000000002
cold_nv,0.0,10,10,50,42,39,0.9821428571428571,0.38699999999999996,0.041999999999999996,0.3331746031746032,0.10000000000000002
cold_nv,0.0,10,10,50,42,40,0.9508196721311475,0.397,0.041999999999999996,0.27914502164502164,0.10000000000000002
cold_nv,0.0,10,10,50,42,41,0.8545454545454545,0.3450000000000001,0.036,0.29945263070263073,0.10000000000000002
cold_nv,0.0,10,10,50,42,42,1.0892857142857142,0.39799999999999996,0.041999999999999996,0.28935606060606056,0.10000000000000002
cold_nv,0.0,10,10,50,42,43,0.8,0.413,0.041999999999999996,0.28253607503607503,0.10000000000000002
cold_nv,0.0,10,10,50,42,44,0.873015873015873,0.37599999999999995,0.084,0.2769287656787657,0.10000000000000002
cold_nv,0.0,10,10,50,42,45,0.7580645161290323,0.35200000000000004,0.054000000000000006,0.33053377178377175,0.10000000000000002
cold_nv,0.0,10,10,50,42,46,1.25,0.41400000000000003,0.048,0.26614454989454994,0.10000000000000002
cold_nv,0.0,10,10,50,42,47,1.0961538461538463,0.382,0.066,0.2829845154845155,0.10000000000000002
cold_nv,0.0,10,10,50,42,48,1.098360655737705,0.4640000000000001,0.06000000000000001,0.2540530303030303,0.10000000000000002
cold_nv,0.0,10,10,50,42,49,0.9508196721311475,0.41600000000000004,0.048,0.27340187590187587,0.10000000000000002
cold_high,0.0,10,10,50,42,0,0.17543859649122806,0.053000000000000005,0.0,0.9011904761904764,0.5
cold_high,0.0,10,10,50,42,1,0.1346153846153846,0.043000000000000003,0.0,0.8869047619047619,0.5
cold_high,0.0,10,10,50,42,2,0.1346153846153846,0.03,0.0,0.926666666666667,0.5
cold_high,0.0,10,10,50,42,3,0.07142857142857142,0.032,0.0,0.9328571428571429,0.5
cold_high,0.0,10,10,50,42,4,0.18181818181818182,0.035,0.0,0.8691666666666669,0.5
cold_high,0.0,10,10,50,42,5,0.16393442622950818,0.05,0.0,0.8894444444444446,0.5
cold_high,0.0,10,10,50,42,6,0.1076923076923077,0.031,0.0,0.8531547619047618,0.5
cold_high,0.0,10,10,50,42,7,0.04918032786885246,0.011,0.006,0.9200000000000002,0.5
cold_high,0.0,10,10,50,42,8,0.15873015873015872,0.05,0.0,0.8954166666666667,0.5
cold_high,0.0,10,10,50,42,9,0.14516129032258066,0.038,0.0,0.8417261904761905,0.5
cold_high,0.0,10,10,50,42,10,0.13725490196078433,0.037000000000000005,0.0,0.9195238095238096,0.5
cold_high,0.0,10,10,50,42,11,0.1694915254237288,0.061,0.0,0.881904761904762,0.5
cold_high,0.0,10,10,50,42,12,0.1044776119402985,0.038,0.0,0.8790277777777776,0.5
cold_high,0.0,10,10,50,42,13,0.11290322580645161,0.028000000000000004,0.0,0.8957142857142857,0.5
cold_high,0.0,10,10,50,42,14,0.10344827586206896,0.033,0.0,0.9133333333333333,0.5
cold_high,0.0,10,10,50,42,15,0.125,0.033999999999999996,0.0,0.8757142857142858,0.5
cold_high,0.0,10,10,50,42,16,0.21311475409836064,0.065,0.0,0.8540476190476192,0.5
cold_high,0.0,10,10,50,42,17,0.22580645161290322,0.08,0.0,0.8576190476190476,0.5
cold_high,0.0,10,10,50,42,18,0.17857142857142858,0.044,0.0,0.8492857142857142,0.5
cold_high,0.0,10,10,50,42,19,0.1320754716981132,0.034999999999999996,0.0,0.8890476190476191,0.5
cold_high,0.0,10,10,50,42,20,0.16071428571428573,0.041999999999999996,0.0,0.9066666666666668,0.5
cold_high,0.0,10,10,50,42,21,0.15384615384615385,0.049,0.0,0.9033333333333335,0.5
cold_high,0.0,10,10,50,42,22,0.21568627450980393,0.05500000000000001,0.0,0.8119642857142857,0.5
cold_high,0.0,10,10,50,42,23,0.09433962264150944,0.026000000000000002,0.0,0.9204166666666668,0.5
cold_high,0.0,10,10,50,42,24,0.1864406779661017,0.06100000000000001,0.0,0.8764285714285714,0.5
cold_high,0.0,10,10,50,42,25,0.18181818181818182,0.057999999999999996,0.0,0.8550000000000001,0.5
cold_high,0.0,10,10,50,42,26,0.15517241379310345,0.045000000000000005,0.0,0.8702380952380953,0.5
cold_high,0.0,10,10,50,42,27,0.1,0.032,0.0,0.875714285714286,0.5
cold_high,0.0,10,10,50,42,28,0.2,0.05499999999999999,0.0,0.8791666666666668,0.5
cold_high,0.0,10,10,50,42,29,0.15254237288135594,0.043,0.0,0.8133333333333332,0.5
cold_high,0.0,10,10,50,42,30,0.12962962962962962,0.030000000000000006,0.0,0.8608928571428572,0.5
cold_high,0.0,10,10,50,42,31,0.12727272727272726,0.059,0.0,0.8648214285714285,0.5
cold_high,0.0,10,10,50,42,32,0.27450980392156865,0.062,0.0,0.8588690476190477,0.5
cold_high,0.0,10,10,50,42,33,0.09090909090909091,0.026000000000000002,0.0,0.9256349206349205,0.5
cold_high,0.0,10,10,50,42,34,0.21153846153846154,0.068,0.0,0.8488095238095239,0.5
cold_high,0.0,10,10,50,42,35,0.1864406779661017,0.05600000000000001,0.0,0.8433333333333332,0.5
cold_high,0.0,10,10,50,42,36,0.2909090909090909,0.07500000000000002,0.0,0.8203174603174604,0.5
cold_high,0.0,10,10,50,42,37,0.15517241379310345,0.033999999999999996,0.0,0.8654761904761905,0.5
cold_high,0.0,10,10,50,42,38,0.14754098360655737,0.039999999999999994,0.0,0.866904761904762,0.5
cold_high,0.0,10,10,50,42,39,0.21428571428571427,0.053000000000000005,0.0,0.8511904761904763,0.5
cold_high,0.0,10,10,50,42,40,0.13114754098360656,0.040999999999999995,0.0,0.8957142857142857,0.5
cold_high,0.0,10,10,50,42,41,0.10909090909090909,0.027000000000000003,0.0,0.9035714285714285,0.5
cold_high,0.0,10,10,50,42,42,0.17857142857142858,0.051000000000000004,0.0,0.8068055555555557,0.5
cold_high,0.0,10,10,50,42,43,0.14285714285714285,0.06,0.0,0.8741071428571431,0.5
cold_high,0.0,10,10,50,42,44,0.12698412698412698,0.037,0.0,0.8869047619047619,0.5
cold_high,0.0,10,10,50,42,45,0.12903225806451613,0.043000000000000003,0.0,0.8412499999999999,0.5
cold_high,0.0,10,10,50,42,46,0.22727272727272727,0.047,0.0,0.8652380952380951,0.5
cold_high,0.0,10,10,50,42,47,0.1346153846153846,0.036,0.0,0.8919047619047621,0.5
cold_high,0.0,10,10,50,42,48,0.21311475409836064,0.056999999999999995,0.0,0.8589682539682538,0.5
cold_high,0.0,10,10,50,42,49,0.16393442622950818,0.072,0.0,0.8682142857142857,0.5
warm_nv,0.0,10,10,50,42,0,0.7719298245614035,0.33199999999999996,0.048,0.316717587967588,0.10000000000000002
warm_nv,0.0,10,10,50,42,1,0.8653846153846154,0.27199999999999996,0.041999999999999996,0.39543290043290047,0.12043091703703705
warm_nv,0.0,10,10,50,42,2,1.2307692307692308,0.43299999999999994,0.024,0.3318957431457431,0.1249810874074074
warm_nv,0.0,10,10,50,42,3,0.5857142857142857,0.275,0.041999999999999996,0.42794191919191915,0.13952733185185184
warm_nv,0.0,10,10,50,42,4,0.9772727272727273,0.3410000000000001,0.036,0.3708036408036408,0.12739839074074072
warm_nv,0.0,10,10,50,42,5,0.8360655737704918,0.362,0.036,0.3994895382395382,0.1415299151407408
warm_nv,0.0,10,10,50,42,6,0.7230769230769231,0.34299999999999997,0.041999999999999996,0.35547799422799425,0.1350438760839506
warm_nv,0.0,10,10,50,42,7,0.6721311475409836,0.31400000000000006,0.024,0.3772276334776335,0.13852568213333333
warm_nv,0.0,10,10,50,42,8,0.6031746031746031,0.29599999999999993,0.012,0.382195165945166,0.12898594977777778
warm_nv,0.0,10,10,50,42,9,0.7580645161290323,0.33000000000000007,0.036,0.37861111111111106,0.1358697678874074
warm_nv,0.0,10,10,50,42,10,0.9215686274509803,0.314,0.03,0.37992604617604614,0.13300244819753088
warm_nv,0.0,10,10,50,42,11,0.8813559322033898,0.386,0.048,0.34891414141414134,0.13690885777777778
warm_nv,0.0,10,10,50,42,12,0.7164179104477612,0.35500000000000004,0.024,0.387579365079365,0.1414942072888889
warm_nv,0.0,10,10,50,42,13,0.8064516129032258,0.35900000000000004,0.03,0.347212370962371,0.13576197777777782
warm_nv,0.0,10,10,50,42,14,0.7413793103448276,0.305,0.048,0.4081854256854257,0.1448674872592593
warm_nv,0.0,10,10,50,42,15,0.90625,0.396,0.018,0.37886724386724385,0.13638294296296294
warm_nv,0.0,10,10,50,42,16,0.7049180327868853,0.311,0.041999999999999996,0.36476911976911974,0.12552552000000003
warm_nv,0.0,10,10,50,42,17,0.9354838709677419,0.3999999999999999,0.041999999999999996,0.3329419191919192,0.12701020074074076
warm_nv,0.0,10,10,50,42,18,0.8928571428571429,0.36499999999999994,0.048,0.32754870129870123,0.11967181629629631
warm_nv,0.0,10,10,50,42,19,1.0566037735849056,0.39299999999999996,0.036,0.33371753246753244,0.12733486832592594
warm_nv,0.0,10,10,50,42,20,0.7857142857142857,0.305,0.048,0.3950523088023088,0.13079444888888891
warm_nv,0.0,10,10,50,42,21,1.0192307692307692,0.38499999999999995,0.041999999999999996,0.29743006993006993,0.11657248148148151
warm_nv,0.0,10,10,50,42,22,0.8627450980392157,0.29900000000000004,0.041999999999999996,0.4124873737373738,0.12728392000000005
warm_nv,0.0,10,10,50,42,23,0.9056603773584906,0.329,0.06000000000000001,0.35682165057165055,0.12658647629629632
warm_nv,0.0,10,10,50,42,24,0.7966101694915254,0.286,0.048,0.3749260461760462,0.13213429703703705
warm_nv,0.0,10,10,50,42,25,0.9818181818181818,0.4210000000000001,0.036,0.336031746031746,0.1278290540740741
warm_nv,0.0,10,10,50,42,26,0.896551724137931,0.382,0.024,0.39055555555555554,0.14942612222222224
warm_nv,0.0,10,10,50,42,27,0.65,0.308,0.041999999999999996,0.41004509379509385,0.1447253051851852
warm_nv,0.0,10,10,50,42,28,0.8181818181818182,0.3300000000000001,0.024,0.43805555555555553,0.1523955600355556
warm_nv,0.0,10,10,50,42,29,0.7457627118644068,0.314,0.036,0.39440476190476187,0.1520917675259259
warm_nv,0.0,10,10,50,42,30,0.9444444444444444,0.382,0.041999999999999996,0.3336507936507937,0.13560122488888887
warm_nv,0.0,10,10,50,42,31,0.8,0.30500000000000005,0.036,0.4253174603174603,0.14517558222222224
warm_nv,0.0,10,10,50,42,32,0.9607843137254902,0.328,0.012,0.4122695360195359,0.13690535555555558
warm_nv,0.0,10,10,50,42,33,0.7878787878787878,0.354,0.024,0.37948232323232317,0.1388499665777778
warm_nv,0.0,10,10,50,42,34,1.0,0.325,0.036,0.36559704184704184,0.14270861333333337
warm_nv,0.0,10,10,50,42,35,0.8135593220338984,0.344,0.06000000000000001,0.3407904595404595,0.1404109720740741
warm_nv,0.0,10,10,50,42,36,0.8363636363636363,0.306,0.036,0.4217965367965368,0.15460829564444448
warm_nv,0.0,10,10,50,42,37,0.9137931034482759,0.36,0.036,0.35468434343434346,0.13376300533333335
warm_nv,0.0,10,10,50,42,38,0.6557377049180327,0.306,0.048,0.38801212676212676,0.12501142079506175
warm_nv,0.0,10,10,50,42,39,0.875,0.346,0.054000000000000006,0.33972943722943716,0.13126440049876548
warm_nv,0.0,10,10,50,42,40,0.9672131147540983,0.387,0.024,0.35181027306027307,0.13993113653432104
warm_nv,0.0,10,10,50,42,41,0.9272727272727272,0.3499999999999999,0.012,0.38005591630591634,0.1409610207901235
warm_nv,0.0,10,10,50,42,42,0.8035714285714286,0.295,0.036,0.42008658008658006,0.14837708416
warm_nv,0.0,10,10,50,42,43,0.7714285714285715,0.366,0.054000000000000006,0.3492982017982018,0.1352001315555556
warm_nv,0.0,10,10,50,42,44,0.6984126984126984,0.30999999999999994,0.048,0.3892388167388167,0.13754134488888892
warm_nv,0.0,10,10,50,42,45,0.7903225806451613,0.383,0.054000000000000006,0.32273809523809527,0.1332935866666667
warm_nv,0.0,10,10,50,42,46,1.0681818181818181,0.32399999999999995,0.03,0.4229327616827617,0.1445119112888889
warm_nv,0.0,10,10,50,42,47,1.0,0.375,0.03,0.39902777777777787,0.13570430743209877
warm_nv,0.0,10,10,50,42,48,0.8032786885245902,0.352,0.036,0.41649891774891773,0.13366982790123463
warm_nv,0.0,10,10,50,42,49,0.7049180327868853,0.29999999999999993,0.036,0.36247835497835496,0.1231201573925926
warm_nv,0.1,10,10,50,42,0,0.8771929824561403,0.32799999999999996,0.03,0.34993853368853367,0.10000000000000002
warm_nv,0.1,10,10,50,42,1,1.0961538461538463,0.381,0.041999999999999996,0.30231240981240975,0.10177962222222225
warm_nv,0.1,10,10,50,42,2,1.0576923076923077,0.343,0.024,0.3220905483405484,0.11408307039506174
warm_nv,0.1,10,10,50,42,3,0.8142857142857143,0.39300000000000007,0.03,0.3371554834054834,0.12416468151111112
warm_nv,0.1,10,10,50,42,4,0.9318181818181818,0.324,0.03,0.3778101065601066,0.12347814814814817
warm_nv,0.1,10,10,50,42,5,0.8032786885245902,0.32599999999999996,0.036,0.3944047619047619,0.12234990311111113
warm_nv,0.1,10,10,50,42,6,0.8153846153846154,0.402,0.018,0.3423196248196248,0.1209472851851852
warm_nv,0.1,10,10,50,42,7,0.8524590163934426,0.392,0.06000000000000001,0.32746031746031745,0.12450296518518522
warm_nv,0.1,10,10,50,42,8,0.873015873015873,0.388,0.048,0.32911976911976903,0.12942455185185184
warm_nv,0.1,10,10,50,42,9,0.7903225806451613,0.355,0.024,0.38347222222222227,0.1291754355555556
warm_nv,0.1,10,10,50,42,10,1.0392156862745099,0.378,0.024,0.3784379509379509,0.13141335040000002
warm_nv,0.1,10,10,50,42,11,0.7288135593220338,0.32799999999999996,0.024,0.3885352147852147,0.12936765499259262
warm_nv,0.1,10,10,50,42,12,0.7014925373134329,0.31,0.024,0.3976370851370852,0.14528274137837036
warm_nv,0.1,10,10,50,42,13,0.7580645161290323,0.348,0.041999999999999996,0.39580447330447327,0.13970299379555556
warm_nv,0.1,10,10,50,42,14,0.8103448275862069,0.30900000000000005,0.024,0.3992388167388167,0.12541930044444446
warm_nv,0.1,10,10,50,42,15,0.765625,0.316,0.036,0.3424474136974137,0.1332860952592593
warm_nv,0.1,10,10,50,42,16,0.7868852459016393,0.35800000000000004,0.03,0.3769246031746032,0.1301004207654321
warm_nv,0.1,10,10,50,42,17,0.8870967741935484,0.36900000000000005,0.054000000000000006,0.3278860028860029,0.11873334518518522
warm_nv,0.1,10,10,50,42,18,0.7857142857142857,0.3350000000000001,0.041999999999999996,0.3564484126984127,0.13277246844444443
warm_nv,0.1,10,10,50,42,19,0.8113207547169812,0.334,0.024,0.4042460317460317,0.14281045371851853
warm_nv,0.1,10,10,50,42,20,0.8214285714285714,0.319,0.03,0.38671536796536793,0.13416329884444445
warm_nv,0.1,10,10,50,42,21,0.9423076923076923,0.35600000000000004,0.041999999999999996,0.35093795093795094,0.1380594890666667
warm_nv,0.1,10,10,50,42,22,0.9607843137254902,0.346,0.06000000000000001,0.3421338383838384,0.11682439703703709
warm_nv,0.1,10,10,50,42,23,0.9811320754716981,0.36399999999999993,0.06599999999999999,0.3133567821067821,0.12349266918518523
warm_nv,0.1,10,10,50,42,24,0.8983050847457628,0.3490000000000001,0.024,0.3464783827283827,0.11735397111111112
warm_nv,0.1,10,10,50,42,25,0.8,0.32299999999999995,0.048,0.3577290764790764,0.12422476275720166
warm_nv,0.1,10,10,50,42,26,0.7241379310344828,0.30399999999999994,0.018,0.4353264790764791,0.12936622477037038
warm_nv,0.1,10,10,50,42,27,0.75,0.346,0.07800000000000001,0.3355375180375181,0.11528858080246915
warm_nv,0.1,10,10,50,42,28,1.0,0.36600000000000005,0.012,0.37909451659451665,0.1232078441975309
warm_nv,0.1,10,10,50,42,29,0.8135593220338984,0.32200000000000006,0.07800000000000003,0.35008394383394387,0.12395238844444442
warm_nv,0.1,10,10,50,42,30,1.1296296296296295,0.42299999999999993,0.036,0.28946969696969693,0.12128671483950619
warm_nv,0.1,10,10,50,42,31,0.8727272727272727,0.352,0.0,0.38147366522366516,0.12755454014814818
warm_nv,0.1,10,10,50,42,32,0.9607843137254902,0.344,0.03,0.3703066378066378,0.12944773214814814
warm_nv,0.1,10,10,50,42,33,0.803030303030303,0.404,0.048,0.3301587301587302,0.127635892271605
warm_nv,0.1,10,10,50,42,34,1.0576923076923077,0.37399999999999994,0.03,0.38375901875901874,0.13753063134320986
warm_nv,0.1,10,10,50,42,35,0.7966101694915254,0.33799999999999997,0.018,0.3911507936507937,0.14632288592661183
warm_nv,0.1,10,10,50,42,36,0.9454545454545454,0.347,0.018,0.4129735542235543,0.1393903799061729
warm_nv,0.1,10,10,50,42,37,0.9137931034482759,0.3629999999999999,0.036,0.34911976911976905,0.14374619111111112
warm_nv,0.1,10,10,50,42,38,0.9016393442622951,0.41,0.03,0.3391323953823953,0.1257870266666667
warm_nv,0.1,10,10,50,42,39,0.9107142857142857,0.3769999999999999,0.024,0.3483134920634921,0.1303483688888889
warm_nv,0.1,10,10,50,42,40,0.7868852459016393,0.32599999999999996,0.048,0.37977633477633466,0.1388331714074074
warm_nv,0.1,10,10,50,42,41,0.6545454545454545,0.27,0.03,0.43546176046176044,0.1317153937679012
warm_nv,0.1,10,10,50,42,42,1.0357142857142858,0.36500000000000005,0.06599999999999999,0.3366095016095016,0.12492193356543213
warm_nv,0.1,10,10,50,42,43,0.6142857142857143,0.291,0.03,0.43370712620712615,0.14077077688888887
warm_nv,0.1,10,10,50,42,44,0.7936507936507936,0.33100000000000007,0.06000000000000001,0.3414933677433677,0.12631086261728394
warm_nv,0.1,10,10,50,42,45,0.8870967741935484,0.392,0.036,0.3420725108225108,0.12231406399999997
warm_nv,0.1,10,10,50,42,46,1.2045454545454546,0.36899999999999994,0.041999999999999996,0.3285335497835497,0.1110621777777778
warm_nv,0.1,10,10,50,42,47,1.1153846153846154,0.37600000000000006,0.036,0.341533189033189,0.12646583920592594
warm_nv,0.1,10,10,50,42,48,0.8852459016393442,0.37,0.036,0.3756457431457431,0.13986396772839507
warm_nv,0.1,10,10,50,42,49,0.7540983606557377,0.358,0.054000000000000006,0.335285409035409,0.12305912070222225
warm_nv,0.3,10,10,50,42,0,1.1403508771929824,0.42499999999999993,0.09000000000000001,0.25597041847041846,0.10000000000000002
warm_nv,0.3,10,10,50,42,1,0.9038461538461539,0.31800000000000006,0.06000000000000001,0.35937590187590185,0.10976813333333335
warm_nv,0.3,10,10,50,42,2,0.8076923076923077,0.29500000000000004,0.06000000000000001,0.3641779054279054,0.11192791185185184
warm_nv,0.3,10,10,50,42,3,0.6571428571428571,0.333,0.012,0.41168040293040287,0.1232145160296296
warm_nv,0.3,10,10,50,42,4,1.2045454545454546,0.3979999999999999,0.036,0.3192189754689755,0.12467194808774322
warm_nv,0.3,10,10,50,42,5,0.9016393442622951,0.382,0.06000000000000001,0.33276334776334776,0.1218208705185185
warm_nv,0.3,10,10,50,42,6,0.6923076923076923,0.31399999999999995,0.06000000000000001,0.3836580086580086,0.12945708074074075
warm_nv,0.3,10,10,50,42,7,0.7704918032786885,0.335,0.036,0.39712301587301585,0.12624965940740746
warm_nv,0.3,10,10,50,42,8,0.7142857142857143,0.339,0.018,0.3806564269064269,0.1288598397827161
warm_nv,0.3,10,10,50,42,9,0.7903225806451613,0.334,0.054000000000000006,0.3497330447330447,0.11588465333333331
warm_nv,0.3,10,10,50,42,10,1.0588235294117647,0.3710000000000001,0.03,0.33881313131313123,0.1172132031111111
warm_nv,0.3,10,10,50,42,11,1.0,0.42300000000000004,0.041999999999999996,0.3028299478299478,0.1154954662469136
warm_nv,0.3,10,10,50,42,12,0.8208955223880597,0.374,0.048,0.33418664668664666,0.12836831028740742
warm_nv,0.3,10,10,50,42,13,0.7741935483870968,0.32399999999999995,0.066,0.34127525252525254,0.12993192076543209
warm_nv,0.3,10,10,50,42,14,0.896551724137931,0.37000000000000005,0.06000000000000001,0.32873556998556996,0.12270192533333331
warm_nv,0.3,10,10,50,42,15,0.78125,0.36599999999999994,0.041999999999999996,0.36028069153069153,0.12371999101234568
warm_nv,0.3,10,10,50,42,16,0.7213114754098361,0.33999999999999997,0.048,0.33983752358752356,0.12343176370370372
warm_nv,0.3,10,10,50,42,17,0.7580645161290323,0.33899999999999997,0.041999999999999996,0.37382575757575753,0.12579232466666668
warm_nv,0.3,10,10,50,42,18,0.9464285714285714,0.3950000000000001,0.041999999999999996,0.28771145521145514,0.11783444594650208
warm_nv,0.3,10,10,50,42,19,0.7924528301886793,0.32500000000000007,0.041999999999999996,0.370770202020202,0.1197246442962963
warm_nv,0.3,10,10,50,42,20,1.0535714285714286,0.4370000000000001,0.03,0.30651334776334777,0.12550331217283953
warm_nv,0.3,10,10,50,42,21,0.8846153846153846,0.3410000000000001,0.041999999999999996,0.3390115440115441,0.1313083697777778
warm_nv,0.3,10,10,50,42,22,1.1372549019607843,0.39899999999999997,0.036,0.3121878121878121,0.13052764785185184
warm_nv,0.3,10,10,50,42,23,0.8490566037735849,0.35200000000000004,0.024,0.40835317460317466,0.14023020910222223
warm_nv,0.3,10,10,50,42,24,0.6949152542372882,0.275,0.06000000000000001,0.3658784271284271,0.1259012167233196
warm_nv,0.3,10,10,50,42,25,0.7272727272727273,0.31700000000000006,0.012,0.44497474747474736,0.1263373837925926
warm_nv,0.3,10,10,50,42,26,0.9310344827586207,0.38700000000000007,0.024,0.346933621933622,0.11297734829218109
warm_nv,0.3,10,10,50,42,27,0.8666666666666667,0.392,0.048,0.32382756132756135,0.11825178962962965
warm_nv,0.3,10,10,50,42,28,1.0727272727272728,0.42000000000000004,0.03,0.32574494949494953,0.11251470962962966
warm_nv,0.3,10,10,50,42,29,0.8983050847457628,0.375,0.036,0.30856060606060604,0.1070457024691358
warm_nv,0.3,10,10,50,42,30,0.9814814814814815,0.355,0.054000000000000006,0.3636165223665223,0.11003195185185186
warm_nv,0.3,10,10,50,42,31,0.8545454545454545,0.36100000000000004,0.048,0.34363566988566985,0.11308280962962965
warm_nv,0.3,10,10,50,42,32,0.9411764705882353,0.334,0.036,0.359265873015873,0.11651506420290354
warm_nv,0.3,10,10,50,42,33,0.6666666666666666,0.31200000000000006,0.03,0.3558061383061383,0.12161161777777778
warm_nv,0.3,10,10,50,42,34,1.0,0.3330000000000001,0.024,0.3770508658008657,0.10966602903703707
warm_nv,0.3,10,10,50,42,35,0.9830508474576272,0.4,0.041999999999999996,0.3166791541791542,0.10843147185185184
warm_nv,0.3,10,10,50,42,36,1.0545454545454545,0.396,0.048,0.3233477633477634,0.11267859925925924
warm_nv,0.3,10,10,50,42,37,0.8275862068965517,0.338,0.03,0.3536482961482962,0.11512991385185187
warm_nv,0.3,10,10,50,42,38,0.819672131147541,0.372,0.054000000000000006,0.3275432900432901,0.11666918941234568
warm_nv,0.3,10,10,50,42,39,0.9642857142857143,0.4010000000000001,0.036,0.31167388167388166,0.11656530740740742
warm_nv,0.3,10,10,50,42,40,0.9508196721311475,0.381,0.06599999999999999,0.31628898878898876,0.12112548518518518
warm_nv,0.3,10,10,50,42,41,0.9090909090909091,0.38199999999999995,0.018,0.35244408369408364,0.11414127555555556
warm_nv,0.3,10,10,50,42,42,0.9107142857142857,0.31499999999999995,0.06599999999999999,0.3371504884004884,0.12278525795555557
warm_nv,0.3,10,10,50,42,43,0.8428571428571429,0.41200000000000003,0.03,0.30511030636030634,0.11477314666666664
warm_nv,0.3,10,10,50,42,44,0.8412698412698413,0.327,0.036,0.3624693362193362,0.12192886432098766
warm_nv,0.3,10,10,50,42,45,0.7580645161290323,0.364,0.018,0.40415043290043284,0.11971084592592596
warm_nv,0.3,10,10,50,42,46,1.0227272727272727,0.338,0.036,0.36028138528138526,0.11515572432098768
warm_nv,0.3,10,10,50,42,47,0.9807692307692307,0.378,0.024,0.39244033744033746,0.1206970144855967
warm_nv,0.3,10,10,50,42,48,0.7377049180327869,0.312,0.06599999999999999,0.3558782883782884,0.11592587802469138
warm_nv,0.3,10,10,50,42,49,0.8852459016393442,0.39899999999999997,0.03,0.3271449383949384,0.11776261425185183
warm_nv,0.5,10,10,50,42,0,0.8947368421052632,0.371,0.048,0.30941197691197686,0.10000000000000002
warm_nv,0.5,10,10,50,42,1,1.0,0.364,0.06000000000000001,0.3097871572871572,0.10538894444444447
warm_nv,0.5,10,10,50,42,2,0.9230769230769231,0.318,0.07800000000000001,0.3405645743145743,0.11517392
warm_nv,0.5,10,10,50,42,3,0.8428571428571429,0.388,0.072,0.28859126984126987,0.11573551111111113
warm_nv,0.5,10,10,50,42,4,0.9090909090909091,0.30999999999999994,0.036,0.3804761904761904,0.1170470220740741
warm_nv,0.5,10,10,50,42,5,0.9180327868852459,0.375,0.048,0.32486111111111116,0.11701537884444446
warm_nv,0.5,10,10,50,42,6,0.7846153846153846,0.40700000000000003,0.078,0.2737950937950938,0.10655995496296297
warm_nv,0.5,10,10,50,42,7,0.8032786885245902,0.354,0.036,0.32584776334776333,0.11322589333333336
warm_nv,0.5,10,10,50,42,8,0.9047619047619048,0.397,0.048,0.31273434898434893,0.11759931040000002
warm_nv,0.5,10,10,50,42,9,0.967741935483871,0.388,0.054000000000000006,0.2996663059163059,0.1119906808888889
warm_nv,0.5,10,10,50,42,10,0.8823529411764706,0.3320000000000001,0.054000000000000006,0.38573704073704074,0.11667924518518517
warm_nv,0.5,10,10,50,42,11,0.711864406779661,0.304,0.048,0.3595819458319458,0.12259060977777778
warm_nv,0.5,10,10,50,42,12,0.7164179104477612,0.373,0.048,0.33606060606060606,0.11299857063786009
warm_nv,0.5,10,10,50,42,13,0.7741935483870968,0.35,0.024,0.36148088023088026,0.11111639999999998
warm_nv,0.5,10,10,50,42,14,0.8620689655172413,0.32700000000000007,0.048,0.3565997890997891,0.11206823362962963
warm_nv,0.5,10,10,50,42,15,0.75,0.356,0.041999999999999996,0.33812770562770567,0.10909092222222223
warm_nv,0.5,10,10,50,42,16,0.7868852459016393,0.315,0.041999999999999996,0.3871717171717171,0.1092078316049383
warm_nv,0.5,10,10,50,42,17,0.7903225806451613,0.32300000000000006,0.03,0.3714592352092352,0.10843575200000002
warm_nv,0.5,10,10,50,42,18,0.7321428571428571,0.27599999999999997,0.048,0.3675341325341325,0.1109528651930864
warm_nv,0.5,10,10,50,42,19,1.2075471698113207,0.4670000000000001,0.054000000000000006,0.24682900432900431,0.1135609116871111
warm_nv,0.5,10,10,50,42,20,0.875,0.32399999999999995,0.036,0.40108044733044734,0.1237114291726222
warm_nv,0.5,10,10,50,42,21,1.1153846153846154,0.445,0.03,0.2947979797979798,0.1130219657472
warm_nv,0.5,10,10,50,42,22,0.9019607843137255,0.30100000000000005,0.041999999999999996,0.3987409812409813,0.12413323493925928
warm_nv,0.5,10,10,50,42,23,0.7924528301886793,0.304,0.06600000000000002,0.34394896769896766,0.1063993087654321
warm_nv,0.5,10,10,50,42,24,0.711864406779661,0.321,0.054000000000000006,0.3703878066378066,0.11095786000000003
warm_nv,0.5,10,10,50,42,25,0.8909090909090909,0.3400000000000001,0.03,0.326453823953824,0.10887444657283954
warm_nv,0.5,10,10,50,42,26,0.9827586206896551,0.39,0.048,0.3306232656232656,0.11396105725925927
warm_nv,0.5,10,10,50,42,27,0.6666666666666666,0.32399999999999995,0.06,0.37192085692085697,0.10853338246913583
warm_nv,0.5,10,10,50,42,28,0.8,0.27,0.048,0.3574919524919524,0.10754975296296299
warm_nv,0.5,10,10,50,42,29,0.7966101694915254,0.3049999999999999,0.041999999999999996,0.35564935064935066,0.11007287558518516
warm_nv,0.5,10,10,50,42,30,1.0925925925925926,0.39300000000000007,0.041999999999999996,0.31420634920634916,0.10821468533333334
warm_nv,0.5,10,10,50,42,31,1.0,0.356,0.041999999999999996,0.3150901875901876,0.10612921555555557
warm_nv,0.5,10,10,50,42,32,0.9411764705882353,0.363,0.036,0.37129689754689754,0.10866429555555557
warm_nv,0.5,10,10,50,42,33,0.7121212121212122,0.29799999999999993,0.03,0.38571941946941946,0.11045155278174816
warm_nv,0.5,10,10,50,42,34,0.8076923076923077,0.28099999999999997,0.06600000000000002,0.34638944388944387,0.11244032296912594
warm_nv,0.5,10,10,50,42,35,0.8813559322033898,0.362,0.078,0.3112968975468976,0.11494677093218768
warm_nv,0.5,10,10,50,42,36,1.0909090909090908,0.37200000000000005,0.018,0.31887792762792766,0.12142262909914073
warm_nv,0.5,10,10,50,42,37,0.7931034482758621,0.349,0.018,0.3827867965367965,0.12017091446380246
warm_nv,0.5,10,10,50,42,38,0.7704918032786885,0.33799999999999997,0.041999999999999996,0.3481962481962483,0.1197402809254321
warm_nv,0.5,10,10,50,42,39,0.9285714285714286,0.38900000000000007,0.006,0.3894696969696969,0.12013709656296297
warm_nv,0.5,10,10,50,42,40,0.819672131147541,0.292,0.06599999999999999,0.3283261183261183,0.10351364582716052
warm_nv,0.5,10,10,50,42,41,0.8181818181818182,0.31399999999999995,0.054000000000000006,0.33482864357864367,0.11145874844444445
warm_nv,0.5,10,10,50,42,42,0.9107142857142857,0.33000000000000007,0.036,0.36938117438117446,0.11724219718518518
warm_nv,0.5,10,10,50,42,43,0.8571428571428571,0.389,0.048,0.32213911088911085,0.11415672977777777
warm_nv,0.5,10,10,50,42,44,0.746031746031746,0.33600000000000013,0.041999999999999996,0.3631275668775668,0.1134237087654321
warm_nv,0.5,10,10,50,42,45,0.8870967741935484,0.41800000000000004,0.036,0.328015873015873,0.11649286061728395
warm_nv,0.5,10,10,50,42,46,1.1590909090909092,0.392,0.03,0.3228246753246753,0.12237338444444443
warm_nv,0.5,10,10,50,42,47,0.9230769230769231,0.36400000000000005,0.036,0.3672709235209234,0.11838042740740742
warm_nv,0.5,10,10,50,42,48,0.8688524590163934,0.36200000000000004,0.041999999999999996,0.3203661616161616,0.11429979839506173
warm_nv,0.5,10,10,50,42,49,0.9508196721311475,0.389,0.06000000000000001,0.29876540126540124,0.11257946740740743
warm_nv,1.0,10,10,50,42,0,0.7192982456140351,0.31100000000000005,0.054000000000000006,0.3545833333333333,0.10000000000000002
warm_nv,1.0,10,10,50,42,1,1.2307692307692308,0.4170000000000001,0.036,0.2588111888111888,0.10000000000000002
warm_nv,1.0,10,10,50,42,2,1.1538461538461537,0.4149999999999999,0.07800000000000003,0.2616225441225441,0.10000000000000002
warm_nv,1.0,10,10,50,42,3,0.7571428571428571,0.3600000000000001,0.036,0.2947420634920635,0.10000000000000002
warm_nv,1.0,10,10,50,42,4,1.0,0.3309999999999999,0.06600000000000002,0.29514430014430015,0.10000000000000002
warm_nv,1.0,10,10,50,42,5,0.9180327868852459,0.378,0.06,0.2737408424908425,0.10000000000000002
warm_nv,1.0,10,10,50,42,6,0.7846153846153846,0.381,0.041999999999999996,0.3466666666666667,0.10000000000000002
warm_nv,1.0,10,10,50,42,7,0.8524590163934426,0.35899999999999993,0.03,0.33017246642246645,0.10000000000000002
warm_nv,1.0,10,10,50,42,8,0.8253968253968254,0.376,0.041999999999999996,0.3344119769119769,0.10000000000000002
warm_nv,1.0,10,10,50,42,9,1.0,0.48200000000000004,0.024,0.27123556998556986,0.10000000000000002
warm_nv,1.0,10,10,50,42,10,1.0784313725490196,0.376,0.036,0.32450036075036076,0.10000000000000002
warm_nv,1.0,10,10,50,42,11,0.8135593220338984,0.37900000000000006,0.054000000000000006,0.31371392496392486,0.10000000000000002
warm_nv,1.0,10,10,50,42,12,0.7313432835820896,0.37200000000000005,0.06000000000000001,0.3022713397713398,0.10000000000000002
warm_nv,1.0,10,10,50,42,13,0.7580645161290323,0.33799999999999997,0.041999999999999996,0.3303533966033966,0.10000000000000002
warm_nv,1.0,10,10,50,42,14,0.7586206896551724,0.33,0.041999999999999996,0.30256493506493515,0.10000000000000002
warm_nv,1.0,10,10,50,42,15,0.765625,0.3189999999999999,0.054000000000000006,0.29422438672438667,0.10000000000000002
warm_nv,1.0,10,10,50,42,16,0.8852459016393442,0.36299999999999993,0.041999999999999996,0.2822213897213896,0.10000000000000002
warm_nv,1.0,10,10,50,42,17,0.9838709677419355,0.43400000000000005,0.036,0.2601398601398601,0.10000000000000002
warm_nv,1.0,10,10,50,42,18,1.0357142857142858,0.40499999999999997,0.07800000000000001,0.2692081529581529,0.10000000000000002
warm_nv,1.0,10,10,50,42,19,0.9811320754716981,0.37000000000000005,0.036,0.31973304473304476,0.10000000000000002
warm_nv,1.0,10,10,50,42,20,0.7142857142857143,0.30100000000000005,0.036,0.3691575091575091,0.10000000000000002
warm_nv,1.0,10,10,50,42,21,1.0384615384615385,0.417,0.054000000000000006,0.27878968253968256,0.10000000000000002
warm_nv,1.0,10,10,50,42,22,1.2549019607843137,0.43699999999999994,0.048,0.2474786324786325,0.10000000000000002
warm_nv,1.0,10,10,50,42,23,0.9811320754716981,0.33199999999999996,0.048,0.3446071983571983,0.10000000000000002
warm_nv,1.0,10,10,50,42,24,1.1694915254237288,0.502,0.09,0.20693542568542567,0.10000000000000002
warm_nv,1.0,10,10,50,42,25,0.8909090909090909,0.33099999999999996,0.048,0.2987554112554113,0.10000000000000002
warm_nv,1.0,10,10,50,42,26,0.9827586206896551,0.438,0.09000000000000004,0.26746031746031745,0.10000000000000002
warm_nv,1.0,10,10,50,42,27,0.9166666666666666,0.379,0.041999999999999996,0.30833333333333335,0.10000000000000002
warm_nv,1.0,10,10,50,42,28,1.0727272727272728,0.43999999999999995,0.06599999999999999,0.2748791486291486,0.10000000000000002
warm_nv,1.0,10,10,50,42,29,0.6949152542372882,0.331,0.066,0.2893253968253967,0.10000000000000002
warm_nv,1.0,10,10,50,42,30,1.037037037037037,0.41200000000000003,0.06000000000000001,0.28285714285714286,0.10000000000000002
warm_nv,1.0,10,10,50,42,31,0.8727272727272727,0.351,0.09,0.2941396103896104,0.10000000000000002
warm_nv,1.0,10,10,50,42,32,1.1764705882352942,0.393,0.03,0.31593434343434346,0.10000000000000002
warm_nv,1.0,10,10,50,42,33,0.9545454545454546,0.425,0.06000000000000001,0.2627079864579865,0.10000000000000002
warm_nv,1.0,10,10,50,42,34,0.8461538461538461,0.346,0.07200000000000001,0.31523199023199017,0.10000000000000002
warm_nv,1.0,10,10,50,42,35,0.9322033898305084,0.372,0.054000000000000006,0.29671162171162174,0.10000000000000002
warm_nv,1.0,10,10,50,42,36,0.8545454545454545,0.3550000000000001,0.018,0.3376948051948052,0.10000000000000002
warm_nv,1.0,10,10,50,42,37,1.1896551724137931,0.488,0.07200000000000002,0.2156564269064269,0.10000000000000002
warm_nv,1.0,10,10,50,42,38,1.0655737704918034,0.47700000000000015,0.048,0.23803210678210673,0.10000000000000002
warm_nv,1.0,10,10,50,42,39,0.9642857142857143,0.36200000000000004,0.041999999999999996,0.31680735930735926,0.10000000000000002
warm_nv,1.0,10,10,50,42,40,0.8852459016393442,0.346,0.048,0.3105211455211455,0.10000000000000002
warm_nv,1.0,10,10,50,42,41,1.0,0.3750000000000001,0.054000000000000006,0.2892415917415917,0.10000000000000002
warm_nv,1.0,10,10,50,42,42,1.0714285714285714,0.4109999999999999,0.084,0.260241563991564,0.10000000000000002
warm_nv,1.0,10,10,50,42,43,0.8571428571428571,0.434,0.041999999999999996,0.30713564213564215,0.10000000000000002
warm_nv,1.0,10,10,50,42,44,0.7777777777777778,0.32899999999999996,0.054000000000000006,0.3113081363081363,0.10000000000000002
warm_nv,1.0,10,10,50,42,45,0.9032258064516129,0.42300000000000004,0.036,0.2951587301587302,0.10000000000000002
warm_nv,1.0,10,10,50,42,46,1.1818181818181819,0.39999999999999997,0.054000000000000006,0.2986872849372849,0.10000000000000002
warm_nv,1.0,10,10,50,42,47,0.9423076923076923,0.35100000000000003,0.06000000000000001,0.31301226551226546,0.10000000000000002
warm_nv,1.0,10,10,50,42,48,0.8688524590163934,0.385,0.03,0.30174242424242415,0.10000000000000002
warm_nv,1.0,10,10,50,42,49,0.7049180327868853,0.338,0.048,0.33586191586191594,0.10000000000000002
warm_high,0.0,10,10,50,42,0,0.17543859649122806,0.045,0.0,0.8658333333333335,0.5
warm_high,0.0,10,10,50,42,1,0.5769230769230769,0.17600000000000005,0.0,0.6838690476190477,0.32496302726337456
warm_high,0.0,10,10,50,42,2,0.6538461538461539,0.23900000000000002,0.018,0.5639880952380952,0.23647501829948703
warm_high,0.0,10,10,50,42,3,0.5857142857142857,0.29300000000000004,0.03,0.4651857864357864,0.20568959115395913
warm_high,0.0,10,10,50,42,4,0.7727272727272727,0.22899999999999995,0.018,0.5048214285714285,0.20690382722400047
warm_high,0.0,10,10,50,42,5,0.7868852459016393,0.32799999999999996,0.018,0.4658134920634921,0.19646596829771412
warm_high,0.0,10,10,50,42,6,0.676923076923077,0.362,0.036,0.40271825396825395,0.1572080384428478
warm_high,0.0,10,10,50,42,7,0.5409836065573771,0.257,0.054000000000000006,0.4194678932178932,0.15173914901613764
warm_high,0.0,10,10,50,42,8,0.6984126984126984,0.33100000000000007,0.036,0.42611291486291486,0.14564102988476296
warm_high,0.0,10,10,50,42,9,0.8870967741935484,0.39000000000000007,0.024,0.35288239538239535,0.14954752089416073
warm_high,0.0,10,10,50,42,10,0.9411764705882353,0.32400000000000007,0.012,0.41818542568542566,0.1482484044399192
warm_high,0.0,10,10,50,42,11,0.6949152542372882,0.288,0.054000000000000006,0.3958531746031746,0.1394850426032675
warm_high,0.0,10,10,50,42,12,0.7611940298507462,0.3469999999999999,0.041999999999999996,0.3816197691197691,0.1342634944668166
warm_high,0.0,10,10,50,42,13,0.6612903225806451,0.30700000000000005,0.054000000000000006,0.39748917748917745,0.13883866582078885
warm_high,0.0,10,10,50,42,14,0.9310344827586207,0.35899999999999993,0.048,0.3284798534798534,0.1491215865584214
warm_high,0.0,10,10,50,42,15,0.6875,0.3,0.03,0.4255194805194805,0.13236009434642132
warm_high,0.0,10,10,50,42,16,0.5737704918032787,0.26000000000000006,0.054000000000000006,0.42772727272727273,0.12383457508220064
warm_high,0.0,10,10,50,42,17,0.6612903225806451,0.30399999999999994,0.018,0.4469696969696969,0.13585897921666773
warm_high,0.0,10,10,50,42,18,0.8392857142857143,0.351,0.041999999999999996,0.3645833333333333,0.14096382785494238
warm_high,0.0,10,10,50,42,19,0.8301886792452831,0.302,0.03,0.4213419913419913,0.1315183158831918
warm_high,0.0,10,10,50,42,20,0.8214285714285714,0.308,0.041999999999999996,0.37307539682539687,0.12597232691440008
warm_high,0.0,10,10,50,42,21,0.8653846153846154,0.321,0.024,0.37853035853035844,0.11958100051185679
warm_high,0.0,10,10,50,42,22,1.1176470588235294,0.39300000000000007,0.024,0.33338120213120215,0.12616747107725068
warm_high,0.0,10,10,50,42,23,0.9433962264150944,0.32600000000000007,0.054000000000000006,0.37276875901875894,0.13566935279467474
warm_high,0.0,10,10,50,42,24,0.8813559322033898,0.3730000000000001,0.06000000000000001,0.35034271284271284,0.13381589401826172
warm_high,0.0,10,10,50,42,25,0.8727272727272727,0.362,0.054000000000000006,0.35599747474747473,0.12427401052628724
warm_high,0.0,10,10,50,42,26,0.7931034482758621,0.34400000000000003,0.054000000000000006,0.3522330447330447,0.12149125770469323
warm_high,0.0,10,10,50,42,27,0.8333333333333334,0.368,0.06000000000000001,0.3353445165945166,0.12475547202001006
warm_high,0.0,10,10,50,42,28,0.8545454545454545,0.319,0.018,0.3982665945165945,0.13331495825313427
warm_high,0.0,10,10,50,42,29,0.847457627118644,0.36700000000000005,0.024,0.36330627705627705,0.13072615662466958
warm_high,0.0,10,10,50,42,30,0.8333333333333334,0.28800000000000003,0.054000000000000006,0.392245670995671,0.13186175861062305
warm_high,0.0,10,10,50,42,31,0.9636363636363636,0.37700000000000006,0.03,0.36136544011544014,0.1386275476465462
warm_high,0.0,10,10,50,42,32,1.1176470588235294,0.36000000000000004,0.048,0.34716144966144963,0.1420362756644035
warm_high,0.0,10,10,50,42,33,0.7575757575757576,0.3489999999999999,0.06000000000000001,0.3700523088023088,0.13817947023252586
warm_high,0.0,10,10,50,42,34,1.0192307692307692,0.33399999999999996,0.036,0.3143560606060606,0.13568221750537035
warm_high,0.0,10,10,50,42,35,0.847457627118644,0.324,0.048,0.37014069264069266,0.13470350353394273
warm_high,0.0,10,10,50,42,36,1.0909090909090908,0.41,0.012,0.3318781218781218,0.13274017428753465
warm_high,0.0,10,10,50,42,37,0.8103448275862069,0.324,0.041999999999999996,0.36858225108225107,0.14317132995836665
warm_high,0.0,10,10,50,42,38,0.7704918032786885,0.31500000000000006,0.036,0.41835678210678207,0.13934891076771405
warm_high,0.0,10,10,50,42,39,0.8392857142857143,0.33999999999999997,0.03,0.3780555555555556,0.1383721156709626
warm_high,0.0,10,10,50,42,40,0.7377049180327869,0.29600000000000004,0.018,0.46797799422799413,0.14341012268991515
warm_high,0.0,10,10,50,42,41,0.8363636363636363,0.33199999999999996,0.024,0.3644982794982795,0.12693662088086705
warm_high,0.0,10,10,50,42,42,0.9107142857142857,0.34900000000000003,0.048,0.4043073593073593,0.13560911826490654
warm_high,0.0,10,10,50,42,43,0.7714285714285715,0.372,0.048,0.3665499777999778,0.13284715728444033
warm_high,0.0,10,10,50,42,44,0.7301587301587301,0.29900000000000004,0.03,0.387785409035409,0.1416653774472746
warm_high,0.0,10,10,50,42,45,0.8548387096774194,0.37099999999999994,0.036,0.3941071428571429,0.14674814250123544
warm_high,0.0,10,10,50,42,46,0.9318181818181818,0.28200000000000003,0.041999999999999996,0.38525252525252524,0.13224795479926513
warm_high,0.0,10,10,50,42,47,1.1538461538461537,0.42700000000000016,0.036,0.31496392496392495,0.1265633068943341
warm_high,0.0,10,10,50,42,48,0.7540983606557377,0.3229999999999999,0.048,0.37630952380952376,0.13772282633269226
warm_high,0.0,10,10,50,42,49,0.7540983606557377,0.3020000000000001,0.09000000000000001,0.3528708791208791,0.13928502912222276
warm_high,0.1,10,10,50,42,0,0.17543859649122806,0.054000000000000006,0.0,0.8869047619047621,0.5
warm_high,0.1,10,10,50,42,1,0.4423076923076923,0.129,0.0,0.7461309523809525,0.34504677854938276
warm_high,0.1,10,10,50,42,2,0.5192307692307693,0.157,0.006,0.685654761904762,0.27088430941126496
warm_high,0.1,10,10,50,42,3,0.3,0.11900000000000002,0.012,0.6678373015873015,0.26137987730804524
warm_high,0.1,10,10,50,42,4,0.75,0.257,0.012,0.6207142857142857,0.26549780219252017
warm_high,0.1,10,10,50,42,5,0.5081967213114754,0.17200000000000001,0.012,0.6240277777777778,0.288481163291499
warm_high,0.1,10,10,50,42,6,0.36923076923076925,0.167,0.006,0.6994551282051281,0.29530332796278264
warm_high,0.1,10,10,50,42,7,0.47540983606557374,0.19,0.012,0.6417460317460317,0.28056280805276596
warm_high,0.1,10,10,50,42,8,0.3968253968253968,0.19200000000000003,0.018,0.6855844155844156,0.26933469355481
warm_high,0.1,10,10,50,42,9,0.3709677419354839,0.155,0.0,0.7044642857142859,0.2766715418984961
warm_high,0.1,10,10,50,42,10,0.5490196078431373,0.21100000000000002,0.006,0.6169642857142857,0.2813433889893987
warm_high,0.1,10,10,50,42,11,0.5084745762711864,0.195,0.024,0.6126785714285714,0.2625724028353133
warm_high,0.1,10,10,50,42,12,0.4925373134328358,0.189,0.012,0.6193416305916306,0.24071532572411805
warm_high,0.1,10,10,50,42,13,0.4032258064516129,0.2020000000000001,0.0,0.6876785714285716,0.23844610485960122
warm_high,0.1,10,10,50,42,14,0.5,0.18800000000000003,0.041999999999999996,0.6125490196078431,0.29117975735427015
warm_high,0.1,10,10,50,42,15,0.3125,0.137,0.012,0.6699603174603175,0.27897103846291044
warm_high,0.1,10,10,50,42,16,0.47540983606557374,0.189,0.018,0.585297619047619,0.2565512841200375
warm_high,0.1,10,10,50,42,17,0.4032258064516129,0.16100000000000003,0.024,0.653611111111111,0.26535896669274023
warm_high,0.1,10,10,50,42,18,0.48214285714285715,0.191,0.0,0.6701388888888888,0.3280382539620811
warm_high,0.1,10,10,50,42,19,0.5660377358490566,0.19100000000000003,0.006,0.6864502164502165,0.2925008204963681
warm_high,0.1,10,10,50,42,20,0.5178571428571429,0.191,0.0,0.6517135642135642,0.28548559461939105
warm_high,0.1,10,10,50,42,21,0.6923076923076923,0.24899999999999997,0.012,0.5645454545454545,0.24753517981663137
warm_high,0.1,10,10,50,42,22,0.5882352941176471,0.174,0.006,0.6139880952380952,0.31379493683765514
warm_high,0.1,10,10,50,42,23,0.4716981132075472,0.151,0.0,0.6902182539682541,0.29735184065724923
warm_high,0.1,10,10,50,42,24,0.5254237288135594,0.19400000000000003,0.006,0.6227518315018314,0.29941422975704457
warm_high,0.1,10,10,50,42,25,0.6363636363636364,0.22400000000000003,0.018,0.6009487734487735,0.24236949168947114
warm_high,0.1,10,10,50,42,26,0.5172413793103449,0.22600000000000003,0.0,0.661031746031746,0.2722264627153792
warm_high,0.1,10,10,50,42,27,0.45,0.178,0.012,0.6827579365079365,0.291123640064753
warm_high,0.1,10,10,50,42,28,0.5454545454545454,0.174,0.018,0.6091468253968253,0.3045052057281234
warm_high,0.1,10,10,50,42,29,0.5084745762711864,0.21199999999999997,0.0,0.6050595238095238,0.2584410753673795
warm_high,0.1,10,10,50,42,30,0.5185185185185185,0.18100000000000002,0.006,0.6473611111111112,0.2829397694770156
warm_high,0.1,10,10,50,42,31,0.6,0.21600000000000003,0.006,0.657900432900433,0.2719428275956481
warm_high,0.1,10,10,50,42,32,0.5294117647058824,0.18000000000000002,0.024,0.6133549783549783,0.2537512656628339
warm_high,0.1,10,10,50,42,33,0.5303030303030303,0.21000000000000002,0.018,0.5985209235209236,0.2521780357958584
warm_high,0.1,10,10,50,42,34,0.7115384615384616,0.24100000000000002,0.012,0.549563492063492,0.23315779267737807
warm_high,0.1,10,10,50,42,35,0.559322033898305,0.22200000000000003,0.0,0.5967748917748917,0.25357589002411507
warm_high,0.1,10,10,50,42,36,0.5818181818181818,0.219,0.006,0.6317049617049617,0.27441053613456
warm_high,0.1,10,10,50,42,37,0.4482758620689655,0.171,0.006,0.6702976190476189,0.27776605449383807
warm_high,0.1,10,10,50,42,38,0.3770491803278688,0.15200000000000002,0.018,0.7115873015873017,0.3122952220643158
warm_high,0.1,10,10,50,42,39,0.5,0.18400000000000002,0.006,0.6101984126984126,0.30231035056496347
warm_high,0.1,10,10,50,42,40,0.4918032786885246,0.21800000000000005,0.006,0.6304441391941393,0.2735853320064566
warm_high,0.1,10,10,50,42,41,0.6181818181818182,0.255,0.024,0.5730411255411256,0.27057797257318433
warm_high,0.1,10,10,50,42,42,0.6607142857142857,0.193,0.012,0.6219642857142857,0.29732483120808284
warm_high,0.1,10,10,50,42,43,0.35714285714285715,0.166,0.012,0.6583802308802309,0.30436063650060025
warm_high,0.1,10,10,50,42,44,0.5079365079365079,0.17500000000000002,0.018,0.6387698412698413,0.2836029777428358
warm_high,0.1,10,10,50,42,45,0.532258064516129,0.22799999999999998,0.018,0.5445670995670995,0.2760218503097776
warm_high,0.1,10,10,50,42,46,0.75,0.24800000000000005,0.0,0.6025595238095237,0.27582004541453614
warm_high,0.1,10,10,50,42,47,0.5769230769230769,0.20900000000000002,0.018,0.62998778998779,0.2591080380233632
warm_high,0.1,10,10,50,42,48,0.4918032786885246,0.18200000000000002,0.018,0.690959595959596,0.26853227616933406
warm_high,0.1,10,10,50,42,49,0.5081967213114754,0.203,0.012,0.5569642857142857,0.2514982645008013
warm_high,0.3,10,10,50,42,0,0.17543859649122806,0.04,0.0,0.8909523809523809,0.5
warm_high,0.3,10,10,50,42,1,0.25,0.065,0.006,0.7885119047619049,0.3762533221879288
warm_high,0.3,10,10,50,42,2,0.38461538461538464,0.11600000000000002,0.012,0.7276857864357866,0.30726660099331127
warm_high,0.3,10,10,50,42,3,0.2571428571428571,0.10300000000000001,0.0,0.7791666666666667,0.3446659547686628
warm_high,0.3,10,10,50,42,4,0.3181818181818182,0.08600000000000001,0.0,0.7906547619047618,0.3476955266783198
warm_high,0.3,10,10,50,42,5,0.29508196721311475,0.11499999999999999,0.0,0.7655357142857142,0.33565041390431427
warm_high,0.3,10,10,50,42,6,0.2923076923076923,0.14,0.0,0.7357142857142858,0.350452660965121
warm_high,0.3,10,10,50,42,7,0.29508196721311475,0.13300000000000006,0.0,0.7479761904761905,0.3385588240817876
warm_high,0.3,10,10,50,42,8,0.2222222222222222,0.101,0.0,0.8152380952380953,0.34545480287795
warm_high,0.3,10,10,50,42,9,0.3870967741935484,0.11500000000000002,0.0,0.6855411255411255,0.3377044898094729
warm_high,0.3,10,10,50,42,10,0.5490196078431373,0.18000000000000002,0.0,0.7174801587301587,0.3451780813635344
warm_high,0.3,10,10,50,42,11,0.3050847457627119,0.101,0.0,0.7457936507936509,0.3563927885546699
warm_high,0.3,10,10,50,42,12,0.2537313432835821,0.088,0.0,0.7694642857142858,0.37393627423122855
warm_high,0.3,10,10,50,42,13,0.3387096774193548,0.131,0.006,0.7289285714285715,0.3551574541846206
warm_high,0.3,10,10,50,42,14,0.39655172413793105,0.14100000000000001,0.012,0.7298550061050062,0.35003936400166563
warm_high,0.3,10,10,50,42,15,0.234375,0.10700000000000003,0.0,0.7860714285714285,0.3350676820967491
warm_high,0.3,10,10,50,42,16,0.2786885245901639,0.101,0.0,0.7725595238095238,0.3624863744837858
warm_high,0.3,10,10,50,42,17,0.3387096774193548,0.152,0.006,0.7270238095238095,0.3495016854138404
warm_high,0.3,10,10,50,42,18,0.26785714285714285,0.10499999999999998,0.006,0.7898809523809525,0.3439681800183826
warm_high,0.3,10,10,50,42,19,0.2641509433962264,0.06600000000000002,0.0,0.7479166666666666,0.3353118652812791
warm_high,0.3,10,10,50,42,20,0.48214285714285715,0.186,0.012,0.6504166666666666,0.33329667242529026
warm_high,0.3,10,10,50,42,21,0.40384615384615385,0.139,0.0,0.7073214285714284,0.32314612049973895
warm_high,0.3,10,10,50,42,22,0.37254901960784315,0.12500000000000003,0.012,0.7507539682539683,0.3462202697497196
warm_high,0.3,10,10,50,42,23,0.32075471698113206,0.07999999999999999,0.006,0.7435714285714285,0.34731825373714365
warm_high,0.3,10,10,50,42,24,0.2711864406779661,0.081,0.0,0.8023214285714285,0.3706191492496784
warm_high,0.3,10,10,50,42,25,0.32727272727272727,0.12100000000000002,0.006,0.7648214285714288,0.35090989065661
warm_high,0.3,10,10,50,42,26,0.3620689655172414,0.133,0.012,0.7089880952380951,0.3517172940494296
warm_high,0.3,10,10,50,42,27,0.26666666666666666,0.10500000000000001,0.0,0.7221230158730159,0.35216846668145824
warm_high,0.3,10,10,50,42,28,0.3090909090909091,0.094,0.0,0.7920833333333334,0.3713748583688894
warm_high,0.3,10,10,50,42,29,0.2542372881355932,0.07600000000000001,0.0,0.7692857142857142,0.3376310835633433
warm_high,0.3,10,10,50,42,30,0.3888888888888889,0.134,0.012,0.6970833333333333,0.3245052325692014
warm_high,0.3,10,10,50,42,31,0.41818181818181815,0.14600000000000005,0.0,0.6875992063492062,0.33608709780284446
warm_high,0.3,10,10,50,42,32,0.21568627450980393,0.08399999999999999,0.0,0.8010912698412698,0.34252207384025546
warm_high,0.3,10,10,50,42,33,0.4696969696969697,0.193,0.0,0.6696825396825397,0.3239644521841681
warm_high,0.3,10,10,50,42,34,0.4230769230769231,0.11400000000000002,0.0,0.7630357142857143,0.3427201493117425
warm_high,0.3,10,10,50,42,35,0.23728813559322035,0.07600000000000001,0.006,0.7749801587301588,0.36781924456266335
warm_high,0.3,10,10,50,42,36,0.4727272727272727,0.157,0.0,0.6993452380952381,0.32636687001969666
warm_high,0.3,10,10,50,42,37,0.3793103448275862,0.13400000000000004,0.0,0.6855844155844155,0.3576830095222672
warm_high,0.3,10,10,50,42,38,0.45901639344262296,0.18300000000000002,0.006,0.7027380952380953,0.3559876833444071
warm_high,0.3,10,10,50,42,39,0.2857142857142857,0.10500000000000001,0.006,0.7866269841269842,0.3523303624956082
warm_high,0.3,10,10,50,42,40,0.36065573770491804,0.15100000000000002,0.0,0.7007142857142857,0.35359808268339277
warm_high,0.3,10,10,50,42,41,0.36363636363636365,0.13600000000000004,0.0,0.7552380952380953,0.33074802089409705
warm_high,0.3,10,10,50,42,42,0.26785714285714285,0.10500000000000001,0.006,0.8201388888888891,0.3566102596007358
warm_high,0.3,10,10,50,42,43,0.2857142857142857,0.12999999999999998,0.006,0.6957738095238095,0.333739567945292
warm_high,0.3,10,10,50,42,44,0.36507936507936506,0.15200000000000005,0.0,0.712202380952381,0.35196005572868644
warm_high,0.3,10,10,50,42,45,0.3225806451612903,0.123,0.006,0.7375198412698414,0.35156411870663035
warm_high,0.3,10,10,50,42,46,0.3181818181818182,0.08700000000000001,0.006,0.7738690476190476,0.35490210926935173
warm_high,0.3,10,10,50,42,47,0.5,0.167,0.012,0.6859523809523809,0.31541244264089363
warm_high,0.3,10,10,50,42,48,0.4262295081967213,0.17100000000000004,0.0,0.7226190476190477,0.32142076334341557
warm_high,0.3,10,10,50,42,49,0.32786885245901637,0.11500000000000002,0.006,0.7343650793650793,0.3485341569428573
warm_high,0.5,10,10,50,42,0,0.24561403508771928,0.06100000000000001,0.0,0.8357738095238094,0.5
warm_high,0.5,10,10,50,42,1,0.21153846153846154,0.05900000000000001,0.006,0.8109523809523809,0.413748392489712
warm_high,0.5,10,10,50,42,2,0.28846153846153844,0.10300000000000001,0.0,0.7883928571428572,0.3822340907584433
warm_high,0.5,10,10,50,42,3,0.18571428571428572,0.094,0.0,0.7873412698412701,0.39077794881371186
warm_high,0.5,10,10,50,42,4,0.29545454545454547,0.072,0.0,0.8073809523809524,0.4174666843808568
warm_high,0.5,10,10,50,42,5,0.21311475409836064,0.065,0.006,0.8025595238095239,0.40779467018533333
warm_high,0.5,10,10,50,42,6,0.26153846153846155,0.094,0.0,0.7757142857142858,0.39228210930336627
warm_high,0.5,10,10,50,42,7,0.3114754098360656,0.132,0.0,0.7399603174603175,0.387482615217738
warm_high,0.5,10,10,50,42,8,0.1746031746031746,0.049,0.0,0.8236904761904764,0.4166979615871399
warm_high,0.5,10,10,50,42,9,0.27419354838709675,0.11300000000000002,0.0,0.7836904761904762,0.39172748750039305
warm_high,0.5,10,10,50,42,10,0.3333333333333333,0.08900000000000002,0.0,0.7773809523809523,0.3954389534471504
warm_high,0.5,10,10,50,42,11,0.2711864406779661,0.09100000000000001,0.0,0.7894444444444444,0.41122639334758004
warm_high,0.5,10,10,50,42,12,0.22388059701492538,0.076,0.0,0.8630952380952379,0.40801626032327026
warm_high,0.5,10,10,50,42,13,0.27419354838709675,0.10500000000000001,0.006,0.7379761904761905,0.3944791317110313
warm_high,0.5,10,10,50,42,14,0.27586206896551724,0.06600000000000002,0.0,0.7778174603174604,0.38368819049953473
warm_high,0.5,10,10,50,42,15,0.234375,0.082,0.0,0.8350000000000002,0.376492856879011
warm_high,0.5,10,10,50,42,16,0.14754098360655737,0.05600000000000001,0.0,0.851190476190476,0.3871154221361033
warm_high,0.5,10,10,50,42,17,0.24193548387096775,0.077,0.0,0.7992857142857143,0.3914200871170275
warm_high,0.5,10,10,50,42,18,0.21428571428571427,0.07700000000000001,0.0,0.8308333333333333,0.39025371258390906
warm_high,0.5,10,10,50,42,19,0.20754716981132076,0.08399999999999999,0.0,0.8271428571428572,0.38791633523101726
warm_high,0.5,10,10,50,42,20,0.2857142857142857,0.097,0.0,0.7995833333333333,0.3954678302828
warm_high,0.5,10,10,50,42,21,0.25,0.085,0.0,0.8550000000000001,0.3853740101169579
warm_high,0.5,10,10,50,42,22,0.13725490196078433,0.044000000000000004,0.0,0.8635714285714287,0.39614816624289223
warm_high,0.5,10,10,50,42,23,0.1509433962264151,0.051000000000000004,0.006,0.8436309523809523,0.39671316630772224
warm_high,0.5,10,10,50,42,24,0.2711864406779661,0.07,0.0,0.812857142857143,0.37700906947112933
warm_high,0.5,10,10,50,42,25,0.34545454545454546,0.11700000000000002,0.0,0.7745833333333334,0.39216457576732616
warm_high,0.5,10,10,50,42,26,0.29310344827586204,0.118,0.006,0.7442857142857144,0.39350045062163286
warm_high,0.5,10,10,50,42,27,0.15,0.05600000000000001,0.0,0.8213095238095238,0.4304283383418895
warm_high,0.5,10,10,50,42,28,0.2727272727272727,0.094,0.0,0.8282738095238097,0.415449151639039
warm_high,0.5,10,10,50,42,29,0.3050847457627119,0.10900000000000001,0.0,0.7418452380952381,0.39683600483769277
warm_high,0.5,10,10,50,42,30,0.24074074074074073,0.082,0.0,0.8323214285714287,0.3869402059027919
warm_high,0.5,10,10,50,42,31,0.4,0.17300000000000001,0.006,0.7416865079365079,0.36809371348814374
warm_high,0.5,10,10,50,42,32,0.47058823529411764,0.146,0.0,0.714920634920635,0.3917446784089027
warm_high,0.5,10,10,50,42,33,0.19696969696969696,0.061,0.0,0.825138888888889,0.3955030802370036
warm_high,0.5,10,10,50,42,34,0.38461538461538464,0.10599999999999998,0.0,0.7676190476190476,0.39988750851522903
warm_high,0.5,10,10,50,42,35,0.2542372881355932,0.08900000000000001,0.0,0.7962698412698412,0.4189923146620022
warm_high,0.5,10,10,50,42,36,0.3090909090909091,0.10200000000000001,0.0,0.7736904761904763,0.4063425579626882
warm_high,0.5,10,10,50,42,37,0.3448275862068966,0.11700000000000003,0.0,0.7948809523809525,0.4027127231914077
warm_high,0.5,10,10,50,42,38,0.2786885245901639,0.08600000000000001,0.0,0.7817857142857145,0.4006068160002287
warm_high,0.5,10,10,50,42,39,0.32142857142857145,0.11200000000000002,0.0,0.7414880952380953,0.37932499205124937
warm_high,0.5,10,10,50,42,40,0.22950819672131148,0.09100000000000001,0.0,0.8275000000000002,0.3922814223166814
warm_high,0.5,10,10,50,42,41,0.2909090909090909,0.094,0.0,0.7952380952380953,0.4017703554998436
warm_high,0.5,10,10,50,42,42,0.30357142857142855,0.1,0.0,0.8208333333333334,0.4021018549496794
warm_high,0.5,10,10,50,42,43,0.24285714285714285,0.08800000000000001,0.006,0.7957738095238097,0.4011237723973993
warm_high,0.5,10,10,50,42,44,0.25396825396825395,0.098,0.0,0.7723809523809525,0.3973622478345843
warm_high,0.5,10,10,50,42,45,0.16129032258064516,0.06799999999999999,0.0,0.8266666666666668,0.4225493147639855
warm_high,0.5,10,10,50,42,46,0.25,0.07400000000000001,0.0,0.8005952380952381,0.4032188810147287
warm_high,0.5,10,10,50,42,47,0.19230769230769232,0.07999999999999999,0.0,0.8847619047619049,0.4090269625474396
warm_high,0.5,10,10,50,42,48,0.4098360655737705,0.12900000000000006,0.012,0.7230753968253969,0.3718059455072682
warm_high,0.5,10,10,50,42,49,0.2459016393442623,0.076,0.0,0.7941071428571429,0.3998155940934648
warm_high,1.0,10,10,50,42,0,0.2631578947368421,0.082,0.0,0.8335714285714285,0.5
warm_high,1.0,10,10,50,42,1,0.15384615384615385,0.048,0.0,0.8704166666666667,0.5
warm_high,1.0,10,10,50,42,2,0.19230769230769232,0.065,0.0,0.894761904761905,0.5
warm_high,1.0,10,10,50,42,3,0.12857142857142856,0.034,0.0,0.9033333333333335,0.5
warm_high,1.0,10,10,50,42,4,0.29545454545454547,0.07500000000000001,0.0,0.8146825396825396,0.5
warm_high,1.0,10,10,50,42,5,0.11475409836065574,0.037,0.0,0.8816666666666668,0.5
warm_high,1.0,10,10,50,42,6,0.2153846153846154,0.05900000000000001,0.0,0.8209523809523809,0.5
warm_high,1.0,10,10,50,42,7,0.13114754098360656,0.047,0.0,0.8907142857142858,0.5
warm_high,1.0,10,10,50,42,8,0.14285714285714285,0.037,0.0,0.8851190476190476,0.5
warm_high,1.0,10,10,50,42,9,0.12903225806451613,0.037,0.0,0.8861904761904762,0.5
warm_high,1.0,10,10,50,42,10,0.17647058823529413,0.044,0.0,0.879761904761905,0.5
warm_high,1.0,10,10,50,42,11,0.11864406779661017,0.037000000000000005,0.0,0.9019047619047621,0.5
warm_high,1.0,10,10,50,42,12,0.16417910447761194,0.06000000000000001,0.0,0.8742857142857143,0.5
warm_high,1.0,10,10,50,42,13,0.06451612903225806,0.021,0.0,0.8831547619047619,0.5
warm_high,1.0,10,10,50,42,14,0.22413793103448276,0.06900000000000002,0.0,0.8304761904761907,0.5
warm_high,1.0,10,10,50,42,15,0.15625,0.043000000000000003,0.0,0.8894444444444446,0.5
warm_high,1.0,10,10,50,42,16,0.13114754098360656,0.041999999999999996,0.0,0.8658333333333333,0.5
warm_high,1.0,10,10,50,42,17,0.08064516129032258,0.038,0.0,0.9022619047619049,0.5
warm_high,1.0,10,10,50,42,18,0.17857142857142858,0.07200000000000002,0.0,0.8685714285714287,0.5
warm_high,1.0,10,10,50,42,19,0.2641509433962264,0.08299999999999999,0.0,0.8517857142857144,0.5
warm_high,1.0,10,10,50,42,20,0.17857142857142858,0.053000000000000005,0.0,0.8558333333333333,0.5
warm_high,1.0,10,10,50,42,21,0.15384615384615385,0.047999999999999994,0.0,0.892857142857143,0.5
warm_high,1.0,10,10,50,42,22,0.3137254901960784,0.075,0.0,0.8074999999999999,0.5
warm_high,1.0,10,10,50,42,23,0.11320754716981132,0.03,0.0,0.9311904761904761,0.5
warm_high,1.0,10,10,50,42,24,0.11864406779661017,0.036,0.0,0.9119047619047619,0.5
warm_high,1.0,10,10,50,42,25,0.09090909090909091,0.024,0.0,0.9169047619047619,0.5
warm_high,1.0,10,10,50,42,26,0.1724137931034483,0.05400000000000001,0.0,0.8752380952380954,0.5
warm_high,1.0,10,10,50,42,27,0.11666666666666667,0.039,0.0,0.855357142857143,0.5
warm_high,1.0,10,10,50,42,28,0.2,0.05200000000000001,0.0,0.8864285714285718,0.5
warm_high,1.0,10,10,50,42,29,0.2033898305084746,0.043,0.0,0.8393452380952382,0.5
warm_high,1.0,10,10,50,42,30,0.2222222222222222,0.05600000000000001,0.0,0.8249404761904762,0.5
warm_high,1.0,10,10,50,42,31,0.12727272727272726,0.040999999999999995,0.006,0.909047619047619,0.5
warm_high,1.0,10,10,50,42,32,0.21568627450980393,0.044000000000000004,0.0,0.8862500000000001,0.5
warm_high,1.0,10,10,50,42,33,0.07575757575757576,0.028999999999999998,0.0,0.9304166666666667,0.5
warm_high,1.0,10,10,50,42,34,0.15384615384615385,0.041999999999999996,0.0,0.879107142857143,0.5
warm_high,1.0,10,10,50,42,35,0.2033898305084746,0.06100000000000001,0.0,0.8608333333333335,0.5
warm_high,1.0,10,10,50,42,36,0.2727272727272727,0.083,0.0,0.799047619047619,0.5
warm_high,1.0,10,10,50,42,37,0.13793103448275862,0.048,0.0,0.8695833333333335,0.5
warm_high,1.0,10,10,50,42,38,0.09836065573770492,0.032,0.0,0.9233333333333332,0.5
warm_high,1.0,10,10,50,42,39,0.16071428571428573,0.046,0.006,0.8430952380952382,0.5
warm_high,1.0,10,10,50,42,40,0.22950819672131148,0.07300000000000001,0.0,0.8789285714285715,0.5
warm_high,1.0,10,10,50,42,41,0.12727272727272726,0.044,0.0,0.8989285714285714,0.5
warm_high,1.0,10,10,50,42,42,0.16071428571428573,0.041,0.0,0.8823809523809525,0.5
warm_high,1.0,10,10,50,42,43,0.15714285714285714,0.05900000000000001,0.0,0.8653571428571428,0.5
warm_high,1.0,10,10,50,42,44,0.15873015873015872,0.052000000000000005,0.0,0.846904761904762,0.5
warm_high,1.0,10,10,50,42,45,0.1774193548387097,0.05700000000000001,0.0,0.8502380952380953,0.5
warm_high,1.0,10,10,50,42,46,0.13636363636363635,0.031000000000000007,0.0,0.8623809523809524,0.5
warm_high,1.0,10,10,50,42,47,0.19230769230769232,0.044,0.0,0.8605357142857144,0.5
warm_high,1.0,10,10,50,42,48,0.09836065573770492,0.025,0.0,0.9002380952380953,0.5
warm_high,1.0,10,10,50,42,49,0.19672131147540983,0.063,0.0,0.8580357142857142,0.5
dcf_conv,0.0,10,10,50,42,0,0.5789473684210527,0.268,0.15,0.2120134032634033,nan
dcf_conv,0.0,10,10,50,42,1,0.5192307692307693,0.197,0.16200000000000003,0.2295565545565546,nan
dcf_conv,0.0,10,10,50,42,2,0.7115384615384616,0.24400000000000005,0.13200000000000003,0.20283088235294117,nan
dcf_conv,0.0,10,10,50,42,3,0.5,0.223,0.17400000000000002,0.18764924617865794,nan
dcf_conv,0.0,10,10,50,42,4,0.8181818181818182,0.255,0.12000000000000002,0.20988584944467298,nan
dcf_conv,0.0,10,10,50,42,5,0.5573770491803278,0.233,0.14400000000000004,0.2113504755048873,nan
dcf_conv,0.0,10,10,50,42,6,0.49230769230769234,0.252,0.156,0.19526251934340166,nan
dcf_conv,0.0,10,10,50,42,7,0.5081967213114754,0.219,0.11400000000000002,0.2308883885722121,nan
dcf_conv,0.0,10,10,50,42,8,0.6349206349206349,0.2869999999999999,0.17400000000000007,0.1765463825390296,nan
dcf_conv,0.0,10,10,50,42,9,0.5483870967741935,0.219,0.15599999999999997,0.20315101565101562,nan
dcf_conv,0.0,10,10,50,42,10,0.5490196078431373,0.18400000000000002,0.168,0.22365890237213767,nan
dcf_conv,0.0,10,10,50,42,11,0.576271186440678,0.25,0.13200000000000003,0.2094677544677545,nan
dcf_conv,0.0,10,10,50,42,12,0.5671641791044776,0.254,0.10200000000000001,0.21954398220458587,nan
dcf_conv,0.0,10,10,50,42,13,0.6129032258064516,0.30600000000000005,0.11400000000000002,0.18675456487956485,nan
dcf_conv,0.0,10,10,50,42,14,0.3793103448275862,0.158,0.16199999999999998,0.24012237762237762,nan
dcf_conv,0.0,10,10,50,42,15,0.53125,0.22999999999999998,0.17400000000000004,0.20526633089133087,nan
dcf_conv,0.0,10,10,50,42,16,0.5573770491803278,0.231,0.13800000000000004,0.19901286213786212,nan
dcf_conv,0.0,10,10,50,42,17,0.6129032258064516,0.277,0.13799999999999998,0.19380219045660224,nan
dcf_conv,0.0,10,10,50,42,18,0.6785714285714286,0.26799999999999996,0.156,0.19469835719835718,nan
dcf_conv,0.0,10,10,50,42,19,0.49056603773584906,0.189,0.1920000000000001,0.21104437229437228,nan
dcf_conv,0.0,10,10,50,42,20,0.6071428571428571,0.23500000000000001,0.162,0.20283702408702414,nan
dcf_conv,0.0,10,10,50,42,21,0.6153846153846154,0.22900000000000004,0.14400000000000002,0.21353079518520687,nan
dcf_conv,0.0,10,10,50,42,22,0.6666666666666666,0.24899999999999997,0.156,0.2060385447885448,nan
dcf_conv,0.0,10,10,50,42,23,0.660377358490566,0.242,0.16200000000000006,0.19144530907688803,nan
dcf_conv,0.0,10,10,50,42,24,0.5423728813559322,0.21000000000000002,0.18,0.21194950882450883,nan
dcf_conv,0.0,10,10,50,42,25,0.5272727272727272,0.22499999999999995,0.16800000000000007,0.22378787878787879,nan
dcf_conv,0.0,10,10,50,42,26,0.6206896551724138,0.28,0.15,0.17836430726136607,nan
dcf_conv,0.0,10,10,50,42,27,0.6,0.265,0.13200000000000003,0.22223512598512601,nan
dcf_conv,0.0,10,10,50,42,28,0.6727272727272727,0.23399999999999999,0.16200000000000006,0.19204035343741224,nan
dcf_conv,0.0,10,10,50,42,29,0.6101694915254238,0.251,0.13199999999999998,0.2273310023310023,nan
dcf_conv,0.0,10,10,50,42,30,0.6666666666666666,0.26599999999999996,0.16799999999999998,0.18082074787957142,nan
dcf_conv,0.0,10,10,50,42,31,0.41818181818181815,0.15299999999999997,0.20400000000000001,0.20035256410256413,nan
dcf_conv,0.0,10,10,50,42,32,0.47058823529411764,0.167,0.21600000000000005,0.19746821805645337,nan
dcf_conv,0.0,10,10,50,42,33,0.6212121212121212,0.267,0.162,0.182292291042291,nan
dcf_conv,0.0,10,10,50,42,34,0.75,0.278,0.16200000000000006,0.19114149739149738,nan
dcf_conv,0.0,10,10,50,42,35,0.7457627118644068,0.30799999999999994,0.15000000000000002,0.1907205964829804,nan
dcf_conv,0.0,10,10,50,42,36,0.6363636363636364,0.24900000000000003,0.10800000000000001,0.224949119507943,nan
dcf_conv,0.0,10,10,50,42,37,0.5344827586206896,0.205,0.18000000000000008,0.2024326009387929,nan
dcf_conv,0.0,10,10,50,42,38,0.5081967213114754,0.22199999999999998,0.13800000000000004,0.22800366300366298,nan
dcf_conv,0.0,10,10,50,42,39,0.6428571428571429,0.24199999999999994,0.15000000000000005,0.2063057775557776,nan
dcf_conv,0.0,10,10,50,42,40,0.5409836065573771,0.23300000000000004,0.16200000000000003,0.2019740675990676,nan
dcf_conv,0.0,10,10,50,42,41,0.6181818181818182,0.28099999999999997,0.14400000000000004,0.20078844766344767,nan
dcf_conv,0.0,10,10,50,42,42,0.5892857142857143,0.21100000000000002,0.162,0.20154798224651166,nan
dcf_conv,0.0,10,10,50,42,43,0.5,0.23899999999999996,0.19800000000000004,0.18492599505757398,nan
dcf_conv,0.0,10,10,50,42,44,0.49206349206349204,0.21600000000000003,0.162,0.2243566156066156,nan
dcf_conv,0.0,10,10,50,42,45,0.46774193548387094,0.22999999999999998,0.10800000000000001,0.21875291375291375,nan
dcf_conv,0.0,10,10,50,42,46,0.7272727272727273,0.20500000000000002,0.13800000000000004,0.22305581673228736,nan
dcf_conv,0.0,10,10,50,42,47,0.75,0.29500000000000004,0.13200000000000003,0.19264041514041516,nan
dcf_conv,0.0,10,10,50,42,48,0.5081967213114754,0.227,0.186,0.19774596726802612,nan
dcf_conv,0.0,10,10,50,42,49,0.5573770491803278,0.259,0.14400000000000002,0.20040327727827725,nan
oracle,0.0,10,10,50,123,0,1.0517241379310345,0.41600000000000004,0.14400000000000002,0.1653583222333222,nan
oracle,0.0,10,10,50,123,1,1.1785714285714286,0.4670000000000002,0.096,0.1964656177156177,nan
oracle,0.0,10,10,50,123,2,1.2307692307692308,0.438,0.09000000000000001,0.1831616994116994,nan
oracle,0.0,10,10,50,123,3,1.0677966101694916,0.4959999999999999,0.15600000000000006,0.13371350871350873,nan
oracle,0.0,10,10,50,123,4,0.9821428571428571,0.39399999999999996,0.18,0.15813043165984342,nan
oracle,0.0,10,10,50,123,5,0.8307692307692308,0.4290000000000001,0.12,0.16518481518481518,nan
oracle,0.0,10,10,50,123,6,1.0,0.38500000000000006,0.156,0.1722365134865135,nan
oracle,0.0,10,10,50,123,7,1.0,0.38999999999999996,0.2040000000000001,0.1370741758241758,nan
oracle,0.0,10,10,50,123,8,1.0943396226415094,0.421,0.162,0.17039736407383466,nan
oracle,0.0,10,10,50,123,9,0.9655172413793104,0.38899999999999996,0.156,0.19025411572431694,nan
oracle,0.0,10,10,50,123,10,1.346938775510204,0.422,0.13200000000000003,0.17280906593406598,nan
oracle,0.0,10,10,50,123,11,0.71875,0.33999999999999997,0.16200000000000006,0.23675255300255302,nan
oracle,0.0,10,10,50,123,12,0.7297297297297297,0.3410000000000001,0.168,0.2071819357113475,nan
oracle,0.0,10,10,50,123,13,0.9661016949152542,0.41100000000000003,0.10200000000000002,0.2341097097347097,nan
oracle,0.0,10,10,50,123,14,0.9375,0.42300000000000004,0.10200000000000005,0.200752997002997,nan
oracle,0.0,10,10,50,123,15,1.0166666666666666,0.43600000000000005,0.162,0.1611186036186036,nan
oracle,0.0,10,10,50,123,16,1.0178571428571428,0.366,0.156,0.18608391608391608,nan
oracle,0.0,10,10,50,123,17,0.9122807017543859,0.32799999999999996,0.22200000000000003,0.15797355422355425,nan
oracle,0.0,10,10,50,123,18,0.9032258064516129,0.38,0.09600000000000003,0.19347019810255106,nan
oracle,0.0,10,10,50,123,19,1.2363636363636363,0.40199999999999997,0.12600000000000006,0.19441932250755783,nan
oracle,0.0,10,10,50,123,20,0.9848484848484849,0.43199999999999983,0.12000000000000002,0.1802208902208902,nan
oracle,0.0,10,10,50,123,21,0.9253731343283582,0.404,0.16200000000000003,0.19329878454878452,nan
oracle,0.0,10,10,50,123,22,0.8939393939393939,0.43600000000000005,0.10800000000000003,0.2112751137751138,nan
oracle,0.0,10,10,50,123,23,1.1636363636363636,0.4450000000000001,0.15599999999999997,0.15915477496359848,nan
oracle,0.0,10,10,50,123,24,0.84375,0.37700000000000006,0.14400000000000004,0.19778527028527024,nan
oracle,0.0,10,10,50,123,25,0.8823529411764706,0.367,0.20400000000000001,0.15656691755956462,nan
oracle,0.0,10,10,50,123,26,1.2391304347826086,0.3650000000000001,0.12000000000000002,0.2141641691641692,nan
oracle,0.0,10,10,50,123,27,1.0576923076923077,0.332,0.21600000000000005,0.16379837482778656,nan
oracle,0.0,10,10,50,123,28,1.152542372881356,0.42800000000000005,0.12600000000000003,0.19049235486735488,nan
oracle,0.0,10,10,50,123,29,1.25,0.376,0.14400000000000002,0.18795371295371296,nan
oracle,0.0,10,10,50,123,30,1.0178571428571428,0.4029999999999999,0.18000000000000008,0.16051191863691866,nan
oracle,0.0,10,10,50,123,31,0.9193548387096774,0.36700000000000005,0.17400000000000002,0.1675754800754801,nan
oracle,0.0,10,10,50,123,32,0.8571428571428571,0.328,0.21600000000000005,0.18571303696303693,nan
oracle,0.0,10,10,50,123,33,0.9322033898305084,0.368,0.15600000000000006,0.16294593564330406,nan
oracle,0.0,10,10,50,123,34,0.7818181818181819,0.3350000000000001,0.168,0.20086878399378408,nan
oracle,0.0,10,10,50,123,35,1.1967213114754098,0.4840000000000001,0.14400000000000004,0.1523548673548673,nan
oracle,0.0,10,10,50,123,36,0.9354838709677419,0.3610000000000001,0.12000000000000002,0.19789682539682543,nan
oracle,0.0,10,10,50,123,37,1.1355932203389831,0.44300000000000006,0.18600000000000003,0.14266441891441892,nan
oracle,0.0,10,10,50,123,38,0.9365079365079365,0.4,0.156,0.16917686480186478,nan
oracle,0.0,10,10,50,123,39,0.7887323943661971,0.3949999999999999,0.14400000000000004,0.19246198246198248,nan
oracle,0.0,10,10,50,123,40,1.1090909090909091,0.38800000000000007,0.16800000000000007,0.16548437673437671,nan
oracle,0.0,10,10,50,123,41,0.9107142857142857,0.365,0.15000000000000002,0.19463175713175715,nan
oracle,0.0,10,10,50,123,42,1.5416666666666667,0.42800000000000005,0.10200000000000002,0.17096084471084474,nan
oracle,0.0,10,10,50,123,43,0.9074074074074074,0.3320000000000001,0.21600000000000003,0.17209988540870896,nan
oracle,0.0,10,10,50,123,44,0.9180327868852459,0.382,0.17400000000000002,0.18166874791874793,nan
oracle,0.0,10,10,50,123,45,1.0714285714285714,0.43900000000000006,0.15,0.1693699356199356,nan
oracle,0.0,10,10,50,123,46,0.8985507246376812,0.40099999999999997,0.17400000000000007,0.16449592074592073,nan
oracle,0.0,10,10,50,123,47,0.9824561403508771,0.389,0.18600000000000003,0.1632714404618429,nan
oracle,0.0,10,10,50,123,48,1.2363636363636363,0.485,0.10800000000000001,0.17336011211011212,nan
oracle,0.0,10,10,50,123,49,1.169811320754717,0.4330000000000001,0.13800000000000004,0.16427079048402576,nan
cold_genie,0.0,10,10,50,123,0,0.9655172413793104,0.4120000000000001,0.11400000000000002,0.1792394411144411,0.05000000000000001
cold_genie,0.0,10,10,50,123,1,0.9107142857142857,0.36500000000000005,0.09600000000000002,0.23463439338439343,0.05000000000000001
cold_genie,0.0,10,10,50,123,2,1.1730769230769231,0.41500000000000004,0.12000000000000002,0.18419774669774674,0.05000000000000001
cold_genie,0.0,10,10,50,123,3,0.9322033898305084,0.41999999999999993,0.12600000000000003,0.19378760128760125,0.05000000000000001
cold_genie,0.0,10,10,50,123,4,0.9821428571428571,0.392,0.11400000000000002,0.19883144633144628,0.05000000000000001
cold_genie,0.0,10,10,50,123,5,0.7538461538461538,0.356,0.13800000000000004,0.18158716283716284,0.05000000000000001
cold_genie,0.0,10,10,50,123,6,0.9074074074074074,0.3749999999999999,0.13200000000000003,0.18866411366411365,0.05000000000000001
cold_genie,0.0,10,10,50,123,7,0.8125,0.37400000000000005,0.12600000000000006,0.20074925074925068,0.05000000000000001
cold_genie,0.0,10,10,50,123,8,0.9245283018867925,0.4040000000000001,0.10800000000000003,0.20769813519813524,0.05000000000000001
cold_genie,0.0,10,10,50,123,9,0.9827586206896551,0.4130000000000001,0.078,0.20137778887778893,0.05000000000000001
cold_genie,0.0,10,10,50,123,10,1.0612244897959184,0.34700000000000003,0.18600000000000003,0.1759015984015984,0.05000000000000001
cold_genie,0.0,10,10,50,123,11,0.75,0.32399999999999995,0.13200000000000003,0.2027805527805528,0.05000000000000001
cold_genie,0.0,10,10,50,123,12,0.8108108108108109,0.4039999999999999,0.084,0.21658195970695968,0.05000000000000001
cold_genie,0.0,10,10,50,123,13,0.8813559322033898,0.384,0.12600000000000003,0.19230019980019977,0.05000000000000001
cold_genie,0.0,10,10,50,123,14,0.734375,0.305,0.10800000000000001,0.2427181845931845,0.05000000000000001
cold_genie,0.0,10,10,50,123,15,0.85,0.37,0.11400000000000003,0.21693209568209565,0.05000000000000001
cold_genie,0.0,10,10,50,123,16,0.9107142857142857,0.373,0.126,0.1896869103119103,0.05000000000000001
cold_genie,0.0,10,10,50,123,17,0.9298245614035088,0.378,0.09600000000000002,0.20885378510378513,0.05000000000000001
cold_genie,0.0,10,10,50,123,18,0.9193548387096774,0.4090000000000001,0.11400000000000003,0.18972791097791097,0.05000000000000001
cold_genie,0.0,10,10,50,123,19,1.1090909090909091,0.3979999999999999,0.10799999999999998,0.19676219613719612,0.05000000000000001
cold_genie,0.0,10,10,50,123,20,0.8181818181818182,0.3809999999999999,0.11400000000000002,0.19320679320679324,0.05000000000000001
cold_genie,0.0,10,10,50,123,21,0.9552238805970149,0.4450000000000001,0.09600000000000002,0.17018981018981022,0.05000000000000001
cold_genie,0.0,10,10,50,123,22,0.7575757575757576,0.351,0.13800000000000004,0.21410533910533913,0.05000000000000001
cold_genie,0.0,10,10,50,123,23,1.0909090909090908,0.43499999999999994,0.10200000000000001,0.17244699744699743,0.05000000000000001
cold_genie,0.0,10,10,50,123,24,0.984375,0.4680000000000001,0.10800000000000001,0.16809815184815186,0.05000000000000001
cold_genie,0.0,10,10,50,123,25,0.6911764705882353,0.332,0.14400000000000004,0.19374639249639244,0.05000000000000001
cold_genie,0.0,10,10,50,123,26,1.065217391304348,0.337,0.12600000000000006,0.21233502608502608,0.05000000000000001
cold_genie,0.0,10,10,50,123,27,0.9423076923076923,0.33099999999999996,0.15000000000000005,0.20414058164058163,0.05000000000000001
cold_genie,0.0,10,10,50,123,28,1.0508474576271187,0.4,0.08400000000000003,0.20413891663891662,0.05000000000000001
cold_genie,0.0,10,10,50,123,29,1.225,0.3330000000000001,0.11400000000000003,0.22693750693750694,0.05000000000000001
cold_genie,0.0,10,10,50,123,30,0.8392857142857143,0.354,0.10200000000000002,0.23373737373737372,0.05000000000000001
cold_genie,0.0,10,10,50,123,31,0.8064516129032258,0.388,0.10800000000000005,0.2307001332001332,0.05000000000000001
cold_genie,0.0,10,10,50,123,32,0.875,0.35300000000000004,0.13200000000000003,0.20571719946719944,0.05000000000000001
cold_genie,0.0,10,10,50,123,33,0.7966101694915254,0.3350000000000001,0.10799999999999998,0.21884976134976136,0.05000000000000001
cold_genie,0.0,10,10,50,123,34,1.018181818181818,0.413,0.14400000000000002,0.1711757686757687,0.05000000000000001
cold_genie,0.0,10,10,50,123,35,0.7704918032786885,0.32100000000000006,0.162,0.20020104895104893,0.05000000000000001
cold_genie,0.0,10,10,50,123,36,1.0161290322580645,0.413,0.10200000000000002,0.1991883116883117,0.05000000000000001
cold_genie,0.0,10,10,50,123,37,0.6610169491525424,0.26,0.10200000000000001,0.26056582306582304,0.05000000000000001
cold_genie,0.0,10,10,50,123,38,0.8888888888888888,0.39299999999999996,0.09000000000000001,0.20435162060162063,0.05000000000000001
cold_genie,0.0,10,10,50,123,39,0.7183098591549296,0.35099999999999987,0.12000000000000002,0.21049048174048174,0.05000000000000001
cold_genie,0.0,10,10,50,123,40,0.7090909090909091,0.29500000000000004,0.12600000000000003,0.24739399489399488,0.05000000000000001
cold_genie,0.0,10,10,50,123,41,0.8928571428571429,0.3560000000000001,0.12000000000000002,0.22651473526473526,0.05000000000000001
cold_genie,0.0,10,10,50,123,42,1.0,0.37,0.15600000000000006,0.21491452991452992,0.05000000000000001
cold_genie,0.0,10,10,50,123,43,0.9444444444444444,0.384,0.11400000000000002,0.1894386169386169,0.05000000000000001
cold_genie,0.0,10,10,50,123,44,0.7213114754098361,0.30700000000000005,0.16800000000000007,0.2220138195138195,0.05000000000000001
cold_genie,0.0,10,10,50,123,45,1.0892857142857142,0.43999999999999995,0.14400000000000004,0.15457653457653459,0.05000000000000001
cold_genie,0.0,10,10,50,123,46,0.7101449275362319,0.345,0.13200000000000003,0.2051989676989677,0.05000000000000001
cold_genie,0.0,10,10,50,123,47,1.087719298245614,0.41999999999999993,0.13800000000000004,0.15600815850815852,0.05000000000000001
cold_genie,0.0,10,10,50,123,48,0.8545454545454545,0.329,0.10800000000000001,0.2108724608724608,0.05000000000000001
cold_genie,0.0,10,10,50,123,49,0.8679245283018868,0.34600000000000003,0.12000000000000002,0.22684079809079805,0.05000000000000001
cold_nv,0.0,10,10,50,123,0,1.1551724137931034,0.493,0.041999999999999996,0.24606948606948603,0.10000000000000002
cold_nv,0.0,10,10,50,123,1,1.0357142857142858,0.409,0.06,0.2636452436452436,0.10000000000000002
cold_nv,0.0,10,10,50,123,2,1.0769230769230769,0.41400000000000003,0.041999999999999996,0.28500888000888,0.10000000000000002
cold_nv,0.0,10,10,50,123,3,0.9661016949152542,0.40499999999999997,0.03,0.3106493506493507,0.10000000000000002
cold_nv,0.0,10,10,50,123,4,0.875,0.34700000000000003,0.03,0.340551948051948,0.10000000000000002
cold_nv,0.0,10,10,50,123,5,0.9076923076923077,0.45599999999999996,0.054000000000000006,0.2794895382395382,0.10000000000000002
cold_nv,0.0,10,10,50,123,6,0.9629629629629629,0.371,0.066,0.26805125430125426,0.10000000000000002
cold_nv,0.0,10,10,50,123,7,0.921875,0.42299999999999993,0.03,0.28455627705627706,0.10000000000000002
cold_nv,0.0,10,10,50,123,8,1.0188679245283019,0.382,0.041999999999999996,0.3237304362304363,0.10000000000000002
cold_nv,0.0,10,10,50,123,9,0.896551724137931,0.36199999999999993,0.09000000000000001,0.30228632478632483,0.10000000000000002
cold_nv,0.0,10,10,50,123,10,1.0816326530612246,0.341,0.036,0.3164430014430014,0.10000000000000002
cold_nv,0.0,10,10,50,123,11,0.84375,0.374,0.054000000000000006,0.28476787101787104,0.10000000000000002
cold_nv,0.0,10,10,50,123,12,0.7297297297297297,0.3650000000000001,0.036,0.3267343767343768,0.10000000000000002
cold_nv,0.0,10,10,50,123,13,0.8983050847457628,0.35500000000000004,0.048,0.3069101731601731,0.10000000000000002
cold_nv,0.0,10,10,50,123,14,0.8125,0.363,0.048,0.28948051948051945,0.10000000000000002
cold_nv,0.0,10,10,50,123,15,1.1166666666666667,0.4860000000000001,0.036,0.24187590187590194,0.10000000000000002
cold_nv,0.0,10,10,50,123,16,1.0178571428571428,0.4299999999999999,0.041999999999999996,0.26583139083139085,0.10000000000000002
cold_nv,0.0,10,10,50,123,17,1.1578947368421053,0.4990000000000001,0.048,0.2389572927072927,0.10000000000000002
cold_nv,0.0,10,10,50,123,18,0.7741935483870968,0.352,0.09000000000000002,0.3079995004995005,0.10000000000000002
cold_nv,0.0,10,10,50,123,19,0.9818181818181818,0.354,0.07200000000000002,0.28255841380841373,0.10000000000000002
cold_nv,0.0,10,10,50,123,20,0.8636363636363636,0.40599999999999997,0.072,0.2911728549228549,0.10000000000000002
cold_nv,0.0,10,10,50,123,21,0.8955223880597015,0.388,0.041999999999999996,0.276774198024198,0.10000000000000002
cold_nv,0.0,10,10,50,123,22,0.696969696969697,0.33499999999999996,0.041999999999999996,0.3355501443001443,0.10000000000000002
cold_nv,0.0,10,10,50,123,23,1.2,0.471,0.054000000000000006,0.2787624875124875,0.10000000000000002
cold_nv,0.0,10,10,50,123,24,0.984375,0.43000000000000005,0.06000000000000001,0.23601551226551223,0.10000000000000002
cold_nv,0.0,10,10,50,123,25,0.9705882352941176,0.4360000000000001,0.041999999999999996,0.26318958818958815,0.10000000000000002
cold_nv,0.0,10,10,50,123,26,1.0,0.32799999999999996,0.09,0.3209145021645022,0.10000000000000002
cold_nv,0.0,10,10,50,123,27,0.9038461538461539,0.33999999999999997,0.041999999999999996,0.33787698412698414,0.10000000000000002
cold_nv,0.0,10,10,50,123,28,0.9152542372881356,0.35200000000000004,0.048,0.3009622322122321,0.10000000000000002
cold_nv,0.0,10,10,50,123,29,1.075,0.33,0.072,0.33016233766233766,0.10000000000000002
cold_nv,0.0,10,10,50,123,30,0.8928571428571429,0.3610000000000001,0.054000000000000006,0.30277597402597406,0.10000000000000002
cold_nv,0.0,10,10,50,123,31,0.9193548387096774,0.40700000000000003,0.06000000000000001,0.2773719336219336,0.10000000000000002
cold_nv,0.0,10,10,50,123,32,0.9642857142857143,0.3750000000000001,0.048,0.30625111000111005,0.10000000000000002
cold_nv,0.0,10,10,50,123,33,0.9661016949152542,0.37199999999999994,0.054000000000000006,0.2978533966033966,0.10000000000000002
cold_nv,0.0,10,10,50,123,34,0.9636363636363636,0.404,0.06,0.2789446664446665,0.10000000000000002
cold_nv,0.0,10,10,50,123,35,0.9672131147540983,0.42699999999999994,0.07200000000000001,0.30831890331890327,0.10000000000000002
cold_nv,0.0,10,10,50,123,36,0.8870967741935484,0.37900000000000006,0.054000000000000006,0.27822552447552445,0.10000000000000002
cold_nv,0.0,10,10,50,123,37,0.847457627118644,0.344,0.054000000000000006,0.28560217560217566,0.10000000000000002
cold_nv,0.0,10,10,50,123,38,0.8095238095238095,0.37200000000000005,0.072,0.30363816738816735,0.10000000000000002
cold_nv,0.0,10,10,50,123,39,0.7323943661971831,0.371,0.036,0.3274170274170274,0.10000000000000002
cold_nv,0.0,10,10,50,123,40,1.0363636363636364,0.43800000000000006,0.054000000000000006,0.28475108225108225,0.10000000000000002
cold_nv,0.0,10,10,50,123,41,0.8571428571428571,0.356,0.024,0.3496789321789322,0.10000000000000002
cold_nv,0.0,10,10,50,123,42,1.3125,0.45899999999999996,0.06000000000000001,0.25813311688311685,0.10000000000000002
cold_nv,0.0,10,10,50,123,43,0.9259259259259259,0.37199999999999994,0.03,0.34437590187590184,0.10000000000000002
cold_nv,0.0,10,10,50,123,44,0.9180327868852459,0.417,0.054000000000000006,0.2723665223665224,0.10000000000000002
cold_nv,0.0,10,10,50,123,45,0.9107142857142857,0.37299999999999994,0.048,0.3028869741369741,0.10000000000000002
cold_nv,0.0,10,10,50,123,46,0.7246376811594203,0.35900000000000004,0.041999999999999996,0.3065485902985903,0.10000000000000002
cold_nv,0.0,10,10,50,123,47,0.8596491228070176,0.332,0.048,0.2917327117327117,0.10000000000000002
cold_nv,0.0,10,10,50,123,48,0.9636363636363636,0.37899999999999995,0.06000000000000001,0.25926587301587295,0.10000000000000002
cold_nv,0.0,10,10,50,123,49,0.9056603773584906,0.339,0.048,0.32219155844155845,0.10000000000000002
cold_high,0.0,10,10,50,123,0,0.27586206896551724,0.07100000000000002,0.0,0.791904761904762,0.5
cold_high,0.0,10,10,50,123,1,0.21428571428571427,0.07100000000000002,0.0,0.8664880952380953,0.5
cold_high,0.0,10,10,50,123,2,0.19230769230769232,0.05299999999999999,0.0,0.869047619047619,0.5
cold_high,0.0,10,10,50,123,3,0.2033898305084746,0.051000000000000004,0.0,0.8090476190476192,0.5
cold_high,0.0,10,10,50,123,4,0.125,0.037,0.0,0.8923809523809524,0.5
cold_high,0.0,10,10,50,123,5,0.09230769230769231,0.026000000000000002,0.0,0.846904761904762,0.5
cold_high,0.0,10,10,50,123,6,0.16666666666666666,0.045,0.0,0.85,0.5
cold_high,0.0,10,10,50,123,7,0.109375,0.039,0.0,0.9087499999999998,0.5
cold_high,0.0,10,10,50,123,8,0.20754716981132076,0.06599999999999999,0.0,0.845,0.5
cold_high,0.0,10,10,50,123,9,0.1724137931034483,0.044000000000000004,0.0,0.8843650793650795,0.5
cold_high,0.0,10,10,50,123,10,0.2653061224489796,0.07300000000000001,0.0,0.835714285714286,0.5
cold_high,0.0,10,10,50,123,11,0.125,0.031,0.006,0.825,0.5
cold_high,0.0,10,10,50,123,12,0.14864864864864866,0.038,0.006,0.8547619047619047,0.5
cold_high,0.0,10,10,50,123,13,0.11864406779661017,0.03400000000000001,0.0,0.8952380952380953,0.5
cold_high,0.0,10,10,50,123,14,0.09375,0.027000000000000003,0.0,0.9102380952380955,0.5
cold_high,0.0,10,10,50,123,15,0.15,0.045000000000000005,0.0,0.8702380952380953,0.5
cold_high,0.0,10,10,50,123,16,0.125,0.040999999999999995,0.0,0.8904761904761905,0.5
cold_high,0.0,10,10,50,123,17,0.24561403508771928,0.06799999999999999,0.0,0.806904761904762,0.5
cold_high,0.0,10,10,50,123,18,0.20967741935483872,0.077,0.0,0.8338690476190477,0.5
cold_high,0.0,10,10,50,123,19,0.2909090909090909,0.09,0.0,0.8293650793650794,0.5
cold_high,0.0,10,10,50,123,20,0.18181818181818182,0.05499999999999999,0.0,0.8744047619047622,0.5
cold_high,0.0,10,10,50,123,21,0.07462686567164178,0.026000000000000002,0.0,0.940357142857143,0.5
cold_high,0.0,10,10,50,123,22,0.10606060606060606,0.044,0.0,0.8732142857142857,0.5
cold_high,0.0,10,10,50,123,23,0.16363636363636364,0.049,0.0,0.858095238095238,0.5
cold_high,0.0,10,10,50,123,24,0.15625,0.06899999999999999,0.0,0.8224404761904763,0.5
cold_high,0.0,10,10,50,123,25,0.14705882352941177,0.042,0.0,0.8566666666666668,0.5
cold_high,0.0,10,10,50,123,26,0.1956521739130435,0.038000000000000006,0.0,0.8842857142857141,0.5
cold_high,0.0,10,10,50,123,27,0.15384615384615385,0.039,0.0,0.8747619047619049,0.5
cold_high,0.0,10,10,50,123,28,0.1016949152542373,0.022000000000000002,0.0,0.9015476190476189,0.5
cold_high,0.0,10,10,50,123,29,0.3,0.05900000000000001,0.0,0.8399999999999999,0.5
cold_high,0.0,10,10,50,123,30,0.2857142857142857,0.09700000000000002,0.0,0.8357142857142857,0.5
cold_high,0.0,10,10,50,123,31,0.0967741935483871,0.030000000000000006,0.0,0.8947619047619046,0.5
cold_high,0.0,10,10,50,123,32,0.14285714285714285,0.037,0.0,0.8745238095238097,0.5
cold_high,0.0,10,10,50,123,33,0.22033898305084745,0.086,0.0,0.8150000000000002,0.5
cold_high,0.0,10,10,50,123,34,0.14545454545454545,0.045000000000000005,0.0,0.8950000000000001,0.5
cold_high,0.0,10,10,50,123,35,0.13114754098360656,0.040999999999999995,0.0,0.8803571428571431,0.5
cold_high,0.0,10,10,50,123,36,0.16129032258064516,0.068,0.0,0.8416666666666668,0.5
cold_high,0.0,10,10,50,123,37,0.05084745762711865,0.011,0.0,0.9591666666666668,0.5
cold_high,0.0,10,10,50,123,38,0.12698412698412698,0.04,0.0,0.896904761904762,0.5
cold_high,0.0,10,10,50,123,39,0.16901408450704225,0.069,0.006,0.8457142857142858,0.5
cold_high,0.0,10,10,50,123,40,0.14545454545454545,0.041999999999999996,0.0,0.8933333333333333,0.5
cold_high,0.0,10,10,50,123,41,0.21428571428571427,0.07200000000000001,0.0,0.7979761904761906,0.5
cold_high,0.0,10,10,50,123,42,0.14583333333333334,0.04,0.0,0.8941666666666668,0.5
cold_high,0.0,10,10,50,123,43,0.1111111111111111,0.027000000000000003,0.0,0.8790476190476193,0.5
cold_high,0.0,10,10,50,123,44,0.21311475409836064,0.079,0.006,0.825357142857143,0.5
cold_high,0.0,10,10,50,123,45,0.23214285714285715,0.061,0.0,0.853809523809524,0.5
cold_high,0.0,10,10,50,123,46,0.18840579710144928,0.06600000000000002,0.0,0.8213095238095238,0.5
cold_high,0.0,10,10,50,123,47,0.17543859649122806,0.051000000000000004,0.0,0.896904761904762,0.5
cold_high,0.0,10,10,50,123,48,0.16363636363636364,0.04699999999999999,0.0,0.8798809523809525,0.5
cold_high,0.0,10,10,50,123,49,0.3018867924528302,0.081,0.0,0.8273809523809523,0.5
warm_nv,0.0,10,10,50,123,0,0.9482758620689655,0.40599999999999997,0.072,0.2587980075480075,0.10000000000000002
warm_nv,0.0,10,10,50,123,1,0.8214285714285714,0.33499999999999996,0.036,0.4219859307359307,0.13239974222222217
warm_nv,0.0,10,10,50,123,2,1.1346153846153846,0.40499999999999997,0.024,0.34205738705738703,0.12036923928395063
warm_nv,0.0,10,10,50,123,3,0.8305084745762712,0.35,0.03,0.3617261904761905,0.11526633541563784
warm_nv,0.0,10,10,50,123,4,0.875,0.35300000000000004,0.036,0.33908189033189035,0.12291360574485599
warm_nv,0.0,10,10,50,123,5,0.6461538461538462,0.312,0.054000000000000006,0.34842352092352097,0.14174811804444448
warm_nv,0.0,10,10,50,123,6,1.0740740740740742,0.4010000000000001,0.03,0.3806998556998557,0.14474213096296296
warm_nv,0.0,10,10,50,123,7,0.84375,0.336,0.03,0.35785714285714276,0.14374411555555558
warm_nv,0.0,10,10,50,123,8,0.6792452830188679,0.25600000000000006,0.036,0.4199188311688313,0.14931082037037036
warm_nv,0.0,10,10,50,123,9,0.7931034482758621,0.28900000000000003,0.036,0.42079531579531587,0.14147052533333337
warm_nv,0.0,10,10,50,123,10,1.0408163265306123,0.368,0.06000000000000001,0.3511616161616161,0.14155522844444443
warm_nv,0.0,10,10,50,123,11,0.96875,0.421,0.03,0.31787698412698406,0.13761716
warm_nv,0.0,10,10,50,123,12,0.5405405405405406,0.2730000000000001,0.03,0.4465594128094129,0.1423246195555556
warm_nv,0.0,10,10,50,123,13,0.847457627118644,0.35,0.036,0.36919552669552663,0.13573254177777783
warm_nv,0.0,10,10,50,123,14,0.71875,0.31899999999999995,0.048,0.3834577922077922,0.13141939629629631
warm_nv,0.0,10,10,50,123,15,0.8333333333333334,0.375,0.078,0.3080393217893217,0.1286363015111111
warm_nv,0.0,10,10,50,123,16,0.9107142857142857,0.384,0.036,0.35597582972582964,0.14760872970666666
warm_nv,0.0,10,10,50,123,17,0.8070175438596491,0.321,0.06000000000000001,0.36258477633477637,0.141511664
warm_nv,0.0,10,10,50,123,18,0.6290322580645161,0.281,0.03,0.435503108003108,0.13707081451851852
warm_nv,0.0,10,10,50,123,19,0.8727272727272727,0.287,0.018,0.4446203796203797,0.13284962059259262
warm_nv,0.0,10,10,50,123,20,0.8636363636363636,0.368,0.054000000000000006,0.28930194805194803,0.12222538841563786
warm_nv,0.0,10,10,50,123,21,0.8059701492537313,0.368,0.012,0.36949314574314573,0.1409779601777778
warm_nv,0.0,10,10,50,123,22,0.6212121212121212,0.29000000000000004,0.048,0.39623889998889994,0.12760004888888893
warm_nv,0.0,10,10,50,123,23,0.6727272727272727,0.28300000000000003,0.006,0.42952380952380953,0.13796731479080937
warm_nv,0.0,10,10,50,123,24,0.84375,0.364,0.054000000000000006,0.31838744588744594,0.13702744877629633
warm_nv,0.0,10,10,50,123,25,0.6617647058823529,0.30900000000000005,0.024,0.4313798701298701,0.15350217248711112
warm_nv,0.0,10,10,50,123,26,1.0869565217391304,0.33499999999999996,0.018,0.3636904761904762,0.13682199214814816
warm_nv,0.0,10,10,50,123,27,0.8269230769230769,0.284,0.018,0.39635142635142634,0.1338253318518519
warm_nv,0.0,10,10,50,123,28,1.0338983050847457,0.40800000000000003,0.041999999999999996,0.3175595238095238,0.13619910222222226
warm_nv,0.0,10,10,50,123,29,1.05,0.31800000000000006,0.041999999999999996,0.41962301587301587,0.15179375451851854
warm_nv,0.0,10,10,50,123,30,0.9285714285714286,0.376,0.006,0.36421092796092797,0.13989110173155556
warm_nv,0.0,10,10,50,123,31,0.7096774193548387,0.30500000000000005,0.024,0.4121336996336996,0.14694620938785186
warm_nv,0.0,10,10,50,123,32,1.0535714285714286,0.42700000000000005,0.06000000000000001,0.3200396825396825,0.13562862554453337
warm_nv,0.0,10,10,50,123,33,0.7457627118644068,0.31100000000000005,0.024,0.4062536075036075,0.141857336
warm_nv,0.0,10,10,50,123,34,1.0363636363636364,0.377,0.048,0.35261002886002885,0.1434289777777778
warm_nv,0.0,10,10,50,123,35,0.9344262295081968,0.388,0.03,0.3538383838383838,0.14154200711111112
warm_nv,0.0,10,10,50,123,36,0.7096774193548387,0.2839999999999999,0.018,0.4309866522366521,0.14485045674074076
warm_nv,0.0,10,10,50,123,37,0.847457627118644,0.32999999999999996,0.024,0.3400559163059163,0.13456724017777782
warm_nv,0.0,10,10,50,123,38,0.7777777777777778,0.321,0.03,0.36554653679653676,0.1292679306666667
warm_nv,0.0,10,10,50,123,39,0.7323943661971831,0.3990000000000001,0.054000000000000006,0.32476356976356974,0.13127117348148148
warm_nv,0.0,10,10,50,123,40,1.0,0.388,0.03,0.33123015873015876,0.13555472118518522
warm_nv,0.0,10,10,50,123,41,0.8928571428571429,0.37400000000000005,0.006,0.3949765512265511,0.1398913505185186
warm_nv,0.0,10,10,50,123,42,1.125,0.366,0.024,0.38904761904761903,0.13784352014814819
warm_nv,0.0,10,10,50,123,43,0.8888888888888888,0.35800000000000004,0.048,0.3614087301587302,0.1255558661975309
warm_nv,0.0,10,10,50,123,44,0.8524590163934426,0.39299999999999996,0.036,0.34803571428571434,0.12594543662222224
warm_nv,0.0,10,10,50,123,45,0.9642857142857143,0.3809999999999999,0.036,0.3558392995892995,0.1251982484444445
warm_nv,0.0,10,10,50,123,46,0.6521739130434783,0.31799999999999995,0.054000000000000006,0.38044191919191916,0.14468184666666667
warm_nv,0.0,10,10,50,123,47,0.7543859649122807,0.30300000000000005,0.036,0.4157550782550782,0.1354508446518519
warm_nv,0.0,10,10,50,123,48,1.1818181818181819,0.45200000000000007,0.024,0.31132867132867137,0.12621703555555558
warm_nv,0.0,10,10,50,123,49,0.9622641509433962,0.34900000000000003,0.03,0.3614789377289377,0.13853535514074075
warm_nv,0.1,10,10,50,123,0,0.8448275862068966,0.30900000000000005,0.06600000000000002,0.3079004329004328,0.10000000000000002
warm_nv,0.1,10,10,50,123,1,1.0892857142857142,0.43800000000000006,0.054000000000000006,0.2856349206349206,0.1149669111111111
warm_nv,0.1,10,10,50,123,2,0.9038461538461539,0.31800000000000006,0.06600000000000002,0.3652128427128427,0.11813971999999999
warm_nv,0.1,10,10,50,123,3,0.9152542372881356,0.396,0.036,0.3631024531024531,0.12855201078518522
warm_nv,0.1,10,10,50,123,4,0.8571428571428571,0.33999999999999997,0.048,0.35214105339105334,0.12522446787654323
warm_nv,0.1,10,10,50,123,5,0.7692307692307693,0.371,0.054000000000000006,0.34527888777888777,0.12183775185185183
warm_nv,0.1,10,10,50,123,6,0.8333333333333334,0.33499999999999996,0.024,0.41000457875457874,0.12514354755555557
warm_nv,0.1,10,10,50,123,7,0.6875,0.31,0.041999999999999996,0.38610569985569976,0.13090008181333335
warm_nv,0.1,10,10,50,123,8,0.8301886792452831,0.3140000000000001,0.024,0.4041071428571429,0.1199759244740741
warm_nv,0.1,10,10,50,123,9,0.9827586206896551,0.4090000000000001,0.041999999999999996,0.32500749250749245,0.12246775703703702
warm_nv,0.1,10,10,50,123,10,1.2040816326530612,0.41100000000000003,0.07200000000000001,0.29012987012987007,0.1126170728395062
warm_nv,0.1,10,10,50,123,11,0.796875,0.341,0.041999999999999996,0.31847222222222216,0.11544224074074076
warm_nv,0.1,10,10,50,123,12,0.7567567567567568,0.39,0.024,0.33928613053613044,0.12557940681481483
warm_nv,0.1,10,10,50,123,13,0.8983050847457628,0.395,0.041999999999999996,0.3618560606060607,0.11949815555555554
warm_nv,0.1,10,10,50,123,14,0.765625,0.353,0.054000000000000006,0.32051504051504054,0.1223720777983539
warm_nv,0.1,10,10,50,123,15,0.7666666666666667,0.33099999999999996,0.041999999999999996,0.4244246031746032,0.14034102222222225
warm_nv,0.1,10,10,50,123,16,0.9107142857142857,0.362,0.041999999999999996,0.3320779220779221,0.12448407839506175
warm_nv,0.1,10,10,50,123,17,1.0,0.41100000000000014,0.041999999999999996,0.33082126207126206,0.12978090600987652
warm_nv,0.1,10,10,50,123,18,0.6451612903225806,0.323,0.048,0.3843740981240981,0.1277397408395062
warm_nv,0.1,10,10,50,123,19,1.0,0.3350000000000001,0.036,0.36449758574758573,0.11822805691358027
warm_nv,0.1,10,10,50,123,20,0.696969696969697,0.304,0.03,0.3879563492063492,0.12959454896
warm_nv,0.1,10,10,50,123,21,0.746268656716418,0.348,0.03,0.39274531024531034,0.13434609054320987
warm_nv,0.1,10,10,50,123,22,0.7424242424242424,0.33,0.018,0.40573593073593067,0.1375268177777778
warm_nv,0.1,10,10,50,123,23,0.9636363636363636,0.35800000000000004,0.048,0.3343710456210456,0.12386127566255142
warm_nv,0.1,10,10,50,123,24,0.78125,0.373,0.048,0.3600396825396825,0.126097966134321
warm_nv,0.1,10,10,50,123,25,0.6764705882352942,0.3,0.066,0.3151244588744588,0.12865857955555554
warm_nv,0.1,10,10,50,123,26,1.065217391304348,0.363,0.036,0.37622655122655124,0.13237295825185189
warm_nv,0.1,10,10,50,123,27,0.8269230769230769,0.30299999999999994,0.024,0.43479409479409475,0.11891167866666667
warm_nv,0.1,10,10,50,123,28,0.9491525423728814,0.378,0.054000000000000006,0.3209812409812409,0.1214930921728395
warm_nv,0.1,10,10,50,123,29,1.175,0.333,0.048,0.3232314907314907,0.12448538151111113
warm_nv,0.1,10,10,50,123,30,0.875,0.35300000000000004,0.054000000000000006,0.34566017316017306,0.13751202581333336
warm_nv,0.1,10,10,50,123,31,0.6612903225806451,0.279,0.041999999999999996,0.4257665945165946,0.13474796373333336
warm_nv,0.1,10,10,50,123,32,0.8035714285714286,0.318,0.03,0.3723976023976024,0.1220943534814815
warm_nv,0.1,10,10,50,123,33,0.7796610169491526,0.326,0.024,0.38444444444444437,0.12521445422222222
warm_nv,0.1,10,10,50,123,34,0.8909090909090909,0.3340000000000001,0.03,0.3944696969696969,0.13355978222222223
warm_nv,0.1,10,10,50,123,35,0.9344262295081968,0.402,0.036,0.32372474747474744,0.12483993037037037
warm_nv,0.1,10,10,50,123,36,0.8548387096774194,0.33299999999999996,0.066,0.34907287157287153,0.1258794048
warm_nv,0.1,10,10,50,123,37,0.847457627118644,0.34500000000000003,0.018,0.3800216450216451,0.13014557570370372
warm_nv,0.1,10,10,50,123,38,0.9047619047619048,0.3460000000000001,0.03,0.3671348096348096,0.14649072337777777
warm_nv,0.1,10,10,50,123,39,0.5633802816901409,0.28300000000000003,0.041999999999999996,0.4010615773115774,0.13364266000000002
warm_nv,0.1,10,10,50,123,40,0.9090909090909091,0.32199999999999995,0.054000000000000006,0.37542735042735037,0.12763718581333333
warm_nv,0.1,10,10,50,123,41,0.6428571428571429,0.257,0.03,0.47166666666666657,0.1408319928888889
warm_nv,0.1,10,10,50,123,42,1.0833333333333333,0.36200000000000004,0.018,0.36749458874458873,0.12234035261728397
warm_nv,0.1,10,10,50,123,43,0.9629629629629629,0.372,0.036,0.31759379509379515,0.13182763117037039
warm_nv,0.1,10,10,50,123,44,0.8360655737704918,0.36699999999999994,0.024,0.40994949494949495,0.1439994568493827
warm_nv,0.1,10,10,50,123,45,0.6964285714285714,0.272,0.024,0.4667730880230881,0.13426924909629628
warm_nv,0.1,10,10,50,123,46,0.8840579710144928,0.43,0.06000000000000001,0.2954274891774892,0.12342458580246915
warm_nv,0.1,10,10,50,123,47,0.9298245614035088,0.327,0.06000000000000001,0.36254870129870126,0.1335265288888889
warm_nv,0.1,10,10,50,123,48,0.8181818181818182,0.33199999999999996,0.048,0.4120490620490621,0.14401268237037035
warm_nv,0.1,10,10,50,123,49,0.8490566037735849,0.32199999999999995,0.048,0.3946753246753247,0.13056704938271607
warm_nv,0.3,10,10,50,123,0,0.9655172413793104,0.395,0.036,0.3074170274170274,0.10000000000000002
warm_nv,0.3,10,10,50,123,1,1.0,0.3980000000000001,0.07200000000000002,0.2855457042957043,0.10404556296296297
warm_nv,0.3,10,10,50,123,2,0.9615384615384616,0.32600000000000007,0.041999999999999996,0.33429209679209676,0.10829208518518521
warm_nv,0.3,10,10,50,123,3,0.9830508474576272,0.406,0.041999999999999996,0.3349458874458874,0.11850121481481482
warm_nv,0.3,10,10,50,123,4,0.7857142857142857,0.277,0.06000000000000001,0.35584595959595955,0.11457760074074075
warm_nv,0.3,10,10,50,123,5,0.7692307692307693,0.398,0.06000000000000001,0.3054563492063492,0.11571917481481482
warm_nv,0.3,10,10,50,123,6,1.0740740740740742,0.40700000000000003,0.024,0.32216311466311465,0.1204101091851852
warm_nv,0.3,10,10,50,123,7,0.71875,0.2720000000000001,0.07200000000000002,0.3672853535353536,0.12711590737037035
warm_nv,0.3,10,10,50,123,8,1.0943396226415094,0.3890000000000001,0.03,0.3574801587301587,0.11988545407407407
warm_nv,0.3,10,10,50,123,9,0.7931034482758621,0.29300000000000004,0.048,0.35619755244755236,0.1132391503703704
warm_nv,0.3,10,10,50,123,10,1.1224489795918366,0.36900000000000005,0.048,0.33052891552891556,0.12017032654320987
warm_nv,0.3,10,10,50,123,11,0.9375,0.40499999999999997,0.06000000000000001,0.27402777777777776,0.11760377407407407
warm_nv,0.3,10,10,50,123,12,0.7837837837837838,0.403,0.03,0.3281295093795093,0.12429664592592593
warm_nv,0.3,10,10,50,123,13,1.0508474576271187,0.43099999999999994,0.041999999999999996,0.29676046176046167,0.12905295792592594
warm_nv,0.3,10,10,50,123,14,0.796875,0.368,0.012,0.3976641414141414,0.1363697672888889
warm_nv,0.3,10,10,50,123,15,0.7666666666666667,0.326,0.036,0.3881547619047619,0.13519900672098767
warm_nv,0.3,10,10,50,123,16,0.9285714285714286,0.39,0.041999999999999996,0.37222763347763343,0.13712363570370373
warm_nv,0.3,10,10,50,123,17,0.9298245614035088,0.3490000000000001,0.041999999999999996,0.3260207847707847,0.1332265608888889
warm_nv,0.3,10,10,50,123,18,1.032258064516129,0.442,0.03,0.28933802308802303,0.12007262222222223
warm_nv,0.3,10,10,50,123,19,0.9090909090909091,0.30400000000000005,0.03,0.3927994227994228,0.1340200529975309
warm_nv,0.3,10,10,50,123,20,0.6515151515151515,0.30199999999999994,0.041999999999999996,0.4048430735930736,0.13332072074074075
warm_nv,0.3,10,10,50,123,21,0.7164179104477612,0.318,0.018,0.425,0.13915097955144035
warm_nv,0.3,10,10,50,123,22,0.7121212121212122,0.29700000000000004,0.024,0.39824855699855694,0.12447537268148148
warm_nv,0.3,10,10,50,123,23,0.9272727272727272,0.309,0.06600000000000002,0.33675144300144294,0.11729486503703704
warm_nv,0.3,10,10,50,123,24,0.796875,0.35,0.072,0.3162522200022199,0.12128168610370371
warm_nv,0.3,10,10,50,123,25,0.7352941176470589,0.32599999999999996,0.041999999999999996,0.3360123210123211,0.12344692462222222
warm_nv,0.3,10,10,50,123,26,1.2173913043478262,0.37499999999999994,0.036,0.3277777777777778,0.12677442491851854
warm_nv,0.3,10,10,50,123,27,0.9230769230769231,0.32099999999999995,0.03,0.39961038961038964,0.15239981447111112
warm_nv,0.3,10,10,50,123,28,0.9322033898305084,0.364,0.036,0.33196969696969697,0.13775681244444443
warm_nv,0.3,10,10,50,123,29,1.35,0.4,0.012,0.3684630647130648,0.1275979688888889
warm_nv,0.3,10,10,50,123,30,0.9821428571428571,0.3890000000000001,0.036,0.3363798701298701,0.12010112888888891
warm_nv,0.3,10,10,50,123,31,1.0,0.425,0.06000000000000001,0.32893398268398266,0.11973431736296299
warm_nv,0.3,10,10,50,123,32,1.0,0.40700000000000003,0.048,0.3365927128427128,0.12143869988148145
warm_nv,0.3,10,10,50,123,33,0.9830508474576272,0.41,0.041999999999999996,0.280480907980908,0.10641960965432103
warm_nv,0.3,10,10,50,123,34,0.9090909090909091,0.355,0.041999999999999996,0.3355068542568543,0.1303909943160494
warm_nv,0.3,10,10,50,123,35,0.9672131147540983,0.4039999999999999,0.041999999999999996,0.321554834054834,0.11882630150617286
warm_nv,0.3,10,10,50,123,36,0.7580645161290323,0.336,0.06600000000000002,0.3266197691197691,0.1160339306666667
warm_nv,0.3,10,10,50,123,37,1.0,0.383,0.036,0.3490133477633478,0.11997491644444444
warm_nv,0.3,10,10,50,123,38,0.7936507936507936,0.36700000000000005,0.06599999999999999,0.3276927239427239,0.11237101483539096
warm_nv,0.3,10,10,50,123,39,0.7464788732394366,0.384,0.048,0.29263888888888895,0.12063181259259262
warm_nv,0.3,10,10,50,123,40,0.9272727272727272,0.35600000000000004,0.03,0.3534505772005772,0.11762513990617285
warm_nv,0.3,10,10,50,123,41,0.8392857142857143,0.376,0.03,0.3635490897990898,0.11121400197530866
warm_nv,0.3,10,10,50,123,42,1.125,0.372,0.048,0.33599109224109225,0.11043248222222221
warm_nv,0.3,10,10,50,123,43,0.8518518518518519,0.31800000000000006,0.03,0.34418470418470415,0.11616950222222225
warm_nv,0.3,10,10,50,123,44,0.7868852459016393,0.36800000000000005,0.018,0.3613474025974025,0.1206192059259259
warm_nv,0.3,10,10,50,123,45,0.9107142857142857,0.36700000000000005,0.041999999999999996,0.3396085858585859,0.12080870271604938
warm_nv,0.3,10,10,50,123,46,0.9130434782608695,0.4189999999999999,0.024,0.2951154401154401,0.1249234274074074
warm_nv,0.3,10,10,50,123,47,0.9824561403508771,0.33799999999999997,0.048,0.3718704906204907,0.1313986798874074
warm_nv,0.3,10,10,50,123,48,0.9090909090909091,0.35899999999999993,0.041999999999999996,0.33379023754023757,0.12587367320987658
warm_nv,0.3,10,10,50,123,49,0.9811320754716981,0.35300000000000004,0.036,0.35484126984126985,0.12757206533333332
warm_nv,0.5,10,10,50,123,0,1.0689655172413792,0.4269999999999999,0.07200000000000002,0.255863997113997,0.10000000000000002
warm_nv,0.5,10,10,50,123,1,0.9107142857142857,0.34,0.024,0.33688492063492054,0.107516992
warm_nv,0.5,10,10,50,123,2,1.0,0.36600000000000005,0.036,0.3359902597402597,0.10916134444444445
warm_nv,0.5,10,10,50,123,3,0.9491525423728814,0.40700000000000003,0.041999999999999996,0.3244444444444444,0.11025800074074073
warm_nv,0.5,10,10,50,123,4,0.7678571428571429,0.344,0.06600000000000002,0.3306421356421356,0.10675668888888892
warm_nv,0.5,10,10,50,123,5,0.8153846153846154,0.404,0.024,0.3101515151515152,0.11032532533333336
warm_nv,0.5,10,10,50,123,6,1.0740740740740742,0.389,0.041999999999999996,0.3263798701298701,0.11079517777777778
warm_nv,0.5,10,10,50,123,7,0.875,0.37299999999999994,0.018,0.34344696969696975,0.10772942666666667
warm_nv,0.5,10,10,50,123,8,1.0943396226415094,0.40199999999999997,0.06000000000000001,0.2985768398268398,0.11446237777777776
warm_nv,0.5,10,10,50,123,9,0.9655172413793104,0.373,0.041999999999999996,0.32454711954711957,0.1153177066666667
warm_nv,0.5,10,10,50,123,10,1.0,0.332,0.054000000000000006,0.38529220779220785,0.11017697051851856
warm_nv,0.5,10,10,50,123,11,0.875,0.373,0.048,0.31794899544899546,0.11197162716049384
warm_nv,0.5,10,10,50,123,12,0.8918918918918919,0.45199999999999985,0.041999999999999996,0.26012987012987016,0.1137838370370371
warm_nv,0.5,10,10,50,123,13,0.7966101694915254,0.353,0.054000000000000006,0.3252236652236652,0.1185274897777778
warm_nv,0.5,10,10,50,123,14,0.6875,0.303,0.036,0.3634253246753246,0.11217489407407406
warm_nv,0.5,10,10,50,123,15,0.8333333333333334,0.35100000000000003,0.06000000000000001,0.32472943722943715,0.11376962323045267
warm_nv,0.5,10,10,50,123,16,0.9107142857142857,0.40700000000000003,0.041999999999999996,0.33115440115440115,0.11418687111111112
warm_nv,0.5,10,10,50,123,17,0.7192982456140351,0.32100000000000006,0.041999999999999996,0.37470057720057726,0.10969207111111112
warm_nv,0.5,10,10,50,123,18,0.8225806451612904,0.354,0.08400000000000003,0.31536366411366407,0.10458791792592596
warm_nv,0.5,10,10,50,123,19,0.9454545454545454,0.34800000000000003,0.078,0.31280927405927395,0.10962331555555557
warm_nv,0.5,10,10,50,123,20,0.7727272727272727,0.336,0.054000000000000006,0.3124012099012099,0.11184427111111113
warm_nv,0.5,10,10,50,123,21,0.7611940298507462,0.3710000000000001,0.06600000000000002,0.3380609668109668,0.11229119029629633
warm_nv,0.5,10,10,50,123,22,0.7878787878787878,0.3960000000000001,0.018,0.3258187645687646,0.11780367111111112
warm_nv,0.5,10,10,50,123,23,0.8909090909090909,0.331,0.054000000000000006,0.3674884837384837,0.11687515111111113
warm_nv,0.5,10,10,50,123,24,0.9375,0.4250000000000001,0.041999999999999996,0.3286562049062049,0.11672171555555559
warm_nv,0.5,10,10,50,123,25,0.9558823529411765,0.42699999999999994,0.041999999999999996,0.2997113997113997,0.11359696049382714
warm_nv,0.5,10,10,50,123,26,1.0869565217391304,0.3559999999999999,0.048,0.33994394494394486,0.11957675096296298
warm_nv,0.5,10,10,50,123,27,1.1153846153846154,0.413,0.054000000000000006,0.3173115079365079,0.11636890577777778
warm_nv,0.5,10,10,50,123,28,0.7627118644067796,0.34900000000000003,0.054000000000000006,0.37351010101010085,0.12640844977942386
warm_nv,0.5,10,10,50,123,29,1.125,0.31300000000000006,0.048,0.36692571317571315,0.1187486888888889
warm_nv,0.5,10,10,50,123,30,0.7857142857142857,0.28099999999999997,0.018,0.3767947330447331,0.11616959333333335
warm_nv,0.5,10,10,50,123,31,0.8387096774193549,0.35500000000000004,0.041999999999999996,0.3377453102453102,0.1136595266666667
warm_nv,0.5,10,10,50,123,32,0.6428571428571429,0.22400000000000003,0.06600000000000002,0.38167027417027416,0.11447343037037036
warm_nv,0.5,10,10,50,123,33,0.8135593220338984,0.3539999999999999,0.06600000000000002,0.33263528138528137,0.11989643288888892
warm_nv,0.5,10,10,50,123,34,0.9818181818181818,0.388,0.041999999999999996,0.3459138084138084,0.11361481066666668
warm_nv,0.5,10,10,50,123,35,0.7540983606557377,0.31,0.06000000000000001,0.34424242424242424,0.11572235010370371
warm_nv,0.5,10,10,50,123,36,0.7096774193548387,0.29899999999999993,0.036,0.3887642912642912,0.11744078730452674
warm_nv,0.5,10,10,50,123,37,1.0508474576271187,0.41500000000000004,0.054000000000000006,0.2815682928182929,0.11330870064197532
warm_nv,0.5,10,10,50,123,38,0.9206349206349206,0.44499999999999995,0.036,0.28706890331890333,0.10878191555555557
warm_nv,0.5,10,10,50,123,39,0.5633802816901409,0.30700000000000005,0.072,0.3410010822510822,0.10822014814814818
warm_nv,0.5,10,10,50,123,40,0.7818181818181819,0.27799999999999997,0.054000000000000006,0.35833513708513703,0.10750963274074074
warm_nv,0.5,10,10,50,123,41,0.6964285714285714,0.28200000000000003,0.08400000000000002,0.3574044011544012,0.1138318897777778
warm_nv,0.5,10,10,50,123,42,1.0625,0.3460000000000001,0.054000000000000006,0.3659722222222222,0.11074999767901232
warm_nv,0.5,10,10,50,123,43,1.0,0.392,0.041999999999999996,0.3223629148629149,0.10581013962962964
warm_nv,0.5,10,10,50,123,44,0.8524590163934426,0.375,0.03,0.3376519314019314,0.10866233851851854
warm_nv,0.5,10,10,50,123,45,0.9285714285714286,0.37,0.048,0.31298729048729046,0.1072120259506173
warm_nv,0.5,10,10,50,123,46,0.6376811594202898,0.303,0.08400000000000003,0.32505661005661013,0.11332386684444444
warm_nv,0.5,10,10,50,123,47,0.8070175438596491,0.30599999999999994,0.018,0.4033603896103896,0.1155656557037037
warm_nv,0.5,10,10,50,123,48,0.7090909090909091,0.27799999999999997,0.018,0.4204761904761905,0.1132509007654321
warm_nv,0.5,10,10,50,123,49,1.0754716981132075,0.375,0.012,0.3302786102786103,0.11234999136296298
warm_nv,1.0,10,10,50,123,0,1.0862068965517242,0.4160000000000001,0.018,0.3004574592074592,0.10000000000000002
warm_nv,1.0,10,10,50,123,1,0.9642857142857143,0.40700000000000003,0.03,0.28639249639249637,0.10000000000000002
warm_nv,1.0,10,10,50,123,2,1.0,0.36499999999999994,0.072,0.2911982461982462,0.10000000000000002
warm_nv,1.0,10,10,50,123,3,0.8135593220338984,0.344,0.054000000000000006,0.3320399045399046,0.10000000000000002
warm_nv,1.0,10,10,50,123,4,1.0892857142857142,0.437,0.036,0.2823863636363636,0.10000000000000002
warm_nv,1.0,10,10,50,123,5,0.7230769230769231,0.339,0.03,0.3340025252525253,0.10000000000000002
warm_nv,1.0,10,10,50,123,6,0.9629629629629629,0.37599999999999995,0.041999999999999996,0.292826479076479,0.10000000000000002
warm_nv,1.0,10,10,50,123,7,0.9375,0.40599999999999997,0.041999999999999996,0.28162185037185034,0.10000000000000002
warm_nv,1.0,10,10,50,123,8,1.1132075471698113,0.43599999999999994,0.03,0.2897510822510823,0.10000000000000002
warm_nv,1.0,10,10,50,123,9,0.8448275862068966,0.33100000000000007,0.084,0.3231367243867244,0.10000000000000002
warm_nv,1.0,10,10,50,123,10,1.183673469387755,0.40700000000000014,0.048,0.31000721500721495,0.10000000000000002
warm_nv,1.0,10,10,50,123,11,0.765625,0.306,0.06600000000000002,0.3020905483405483,0.10000000000000002
warm_nv,1.0,10,10,50,123,12,0.7837837837837838,0.39299999999999996,0.06600000000000002,0.29514471639471634,0.10000000000000002
warm_nv,1.0,10,10,50,123,13,0.9491525423728814,0.389,0.06000000000000001,0.269332264957265,0.10000000000000002
warm_nv,1.0,10,10,50,123,14,0.796875,0.34299999999999997,0.07200000000000002,0.2736890886890887,0.10000000000000002
warm_nv,1.0,10,10,50,123,15,1.15,0.487,0.036,0.2769336219336219,0.10000000000000002
warm_nv,1.0,10,10,50,123,16,1.0892857142857142,0.43,0.03,0.2652967865467865,0.10000000000000002
warm_nv,1.0,10,10,50,123,17,0.8947368421052632,0.342,0.06000000000000001,0.30559815184815187,0.10000000000000002
warm_nv,1.0,10,10,50,123,18,0.7903225806451613,0.382,0.041999999999999996,0.31907287157287156,0.10000000000000002
warm_nv,1.0,10,10,50,123,19,1.018181818181818,0.35600000000000004,0.06,0.289952824952825,0.10000000000000002
warm_nv,1.0,10,10,50,123,20,0.8484848484848485,0.392,0.041999999999999996,0.2879527417027417,0.10000000000000002
warm_nv,1.0,10,10,50,123,21,0.835820895522388,0.39300000000000007,0.048,0.29284271284271285,0.10000000000000002
warm_nv,1.0,10,10,50,123,22,0.7575757575757576,0.3710000000000001,0.066,0.2953540903540904,0.10000000000000002
warm_nv,1.0,10,10,50,123,23,1.0727272727272728,0.4069999999999999,0.09000000000000001,0.26006854256854256,0.10000000000000002
warm_nv,1.0,10,10,50,123,24,0.953125,0.43899999999999995,0.06000000000000001,0.2696338383838384,0.10000000000000002
warm_nv,1.0,10,10,50,123,25,0.7794117647058824,0.38199999999999995,0.024,0.30442460317460324,0.10000000000000002
warm_nv,1.0,10,10,50,123,26,1.065217391304348,0.342,0.041999999999999996,0.34317640692640694,0.10000000000000002
warm_nv,1.0,10,10,50,123,27,0.9423076923076923,0.328,0.036,0.327719918969919,0.10000000000000002
warm_nv,1.0,10,10,50,123,28,0.9830508474576272,0.397,0.054000000000000006,0.30350575078516256,0.10000000000000002
warm_nv,1.0,10,10,50,123,29,1.3,0.392,0.078,0.27171897546897544,0.10000000000000002
warm_nv,1.0,10,10,50,123,30,0.9464285714285714,0.358,0.07200000000000002,0.3110804473304473,0.10000000000000002
warm_nv,1.0,10,10,50,123,31,0.8387096774193549,0.3600000000000001,0.036,0.31812409812409814,0.10000000000000002
warm_nv,1.0,10,10,50,123,32,0.7857142857142857,0.304,0.048,0.3869533244533245,0.10000000000000002
warm_nv,1.0,10,10,50,123,33,0.9830508474576272,0.43800000000000006,0.054000000000000006,0.2987121212121212,0.10000000000000002
warm_nv,1.0,10,10,50,123,34,1.018181818181818,0.40599999999999997,0.048,0.27088564213564204,0.10000000000000002
warm_nv,1.0,10,10,50,123,35,0.7868852459016393,0.296,0.054000000000000006,0.3471001221001221,0.10000000000000002
warm_nv,1.0,10,10,50,123,36,0.9516129032258065,0.39300000000000007,0.06600000000000002,0.2760501998001998,0.10000000000000002
warm_nv,1.0,10,10,50,123,37,0.7796610169491526,0.298,0.06600000000000002,0.3423015873015873,0.10000000000000002
warm_nv,1.0,10,10,50,123,38,0.9682539682539683,0.42700000000000005,0.03,0.284689060939061,0.10000000000000002
warm_nv,1.0,10,10,50,123,39,0.676056338028169,0.33399999999999996,0.054000000000000006,0.3138852813852814,0.10000000000000002
warm_nv,1.0,10,10,50,123,40,0.9818181818181818,0.39599999999999996,0.024,0.33684149184149176,0.10000000000000002
warm_nv,1.0,10,10,50,123,41,1.125,0.47400000000000003,0.048,0.24808427683427686,0.10000000000000002
warm_nv,1.0,10,10,50,123,42,1.125,0.362,0.048,0.30873584748584754,0.10000000000000002
warm_nv,1.0,10,10,50,123,43,0.8703703703703703,0.366,0.06599999999999999,0.32134018759018756,0.10000000000000002
warm_nv,1.0,10,10,50,123,44,0.8524590163934426,0.34500000000000003,0.054000000000000006,0.314244227994228,0.10000000000000002
warm_nv,1.0,10,10,50,123,45,0.9464285714285714,0.38299999999999995,0.036,0.30330128205128204,0.10000000000000002
warm_nv,1.0,10,10,50,123,46,0.7536231884057971,0.378,0.041999999999999996,0.30984668109668106,0.10000000000000002
warm_nv,1.0,10,10,50,123,47,0.9649122807017544,0.35300000000000004,0.06000000000000001,0.3127788877788878,0.10000000000000002
warm_nv,1.0,10,10,50,123,48,0.9818181818181818,0.40599999999999997,0.054000000000000006,0.3158261183261183,0.10000000000000002
warm_nv,1.0,10,10,50,123,49,0.7735849056603774,0.292,0.041999999999999996,0.34282287157287156,0.10000000000000002
warm_high,0.0,10,10,50,123,0,0.20689655172413793,0.06400000000000002,0.0,0.818373015873016,0.5
warm_high,0.0,10,10,50,123,1,0.3392857142857143,0.11499999999999999,0.0,0.722202380952381,0.34833508230452687
warm_high,0.0,10,10,50,123,2,0.6346153846153846,0.23700000000000002,0.006,0.5933531746031747,0.24938101416567177
warm_high,0.0,10,10,50,123,3,0.6440677966101694,0.23399999999999993,0.024,0.4652579365079366,0.18209354454744164
warm_high,0.0,10,10,50,123,4,0.6964285714285714,0.271,0.048,0.42941239316239316,0.1491081724637259
warm_high,0.0,10,10,50,123,5,0.7846153846153846,0.376,0.041999999999999996,0.36131313131313136,0.14588966841009873
warm_high,0.0,10,10,50,123,6,0.8888888888888888,0.345,0.041999999999999996,0.38767857142857143,0.15681581808485429
warm_high,0.0,10,10,50,123,7,0.828125,0.365,0.036,0.3555393217893218,0.1475068972801055
warm_high,0.0,10,10,50,123,8,0.8113207547169812,0.293,0.041999999999999996,0.4041756854256855,0.14707616418750658
warm_high,0.0,10,10,50,123,9,0.8620689655172413,0.312,0.048,0.35832611832611827,0.12750991815288237
warm_high,0.0,10,10,50,123,10,0.9387755102040817,0.326,0.018,0.36555167055167054,0.1316212631307387
warm_high,0.0,10,10,50,123,11,0.765625,0.338,0.041999999999999996,0.36248556998556997,0.12695252781217137
warm_high,0.0,10,10,50,123,12,0.6486486486486487,0.35,0.06600000000000002,0.3422366522366523,0.12856213738569375
warm_high,0.0,10,10,50,123,13,0.711864406779661,0.3300000000000001,0.036,0.4048921911421911,0.14039148032667614
warm_high,0.0,10,10,50,123,14,0.734375,0.30100000000000005,0.036,0.41007256632256633,0.14391339787498172
warm_high,0.0,10,10,50,123,15,0.7333333333333333,0.27599999999999997,0.036,0.4398953823953824,0.15557395059690685
warm_high,0.0,10,10,50,123,16,0.8571428571428571,0.352,0.03,0.40094336219336213,0.1392105804648001
warm_high,0.0,10,10,50,123,17,0.8245614035087719,0.319,0.024,0.41280844155844154,0.13212867321567612
warm_high,0.0,10,10,50,123,18,0.5645161290322581,0.265,0.048,0.42588203463203467,0.1275576715333104
warm_high,0.0,10,10,50,123,19,1.1090909090909091,0.39099999999999996,0.024,0.3382453657453657,0.12833483453763206
warm_high,0.0,10,10,50,123,20,0.5303030303030303,0.242,0.041999999999999996,0.4397460872460873,0.13813800587585873
warm_high,0.0,10,10,50,123,21,0.7611940298507462,0.355,0.041999999999999996,0.3823376623376623,0.1362587085395203
warm_high,0.0,10,10,50,123,22,0.7727272727272727,0.35200000000000004,0.048,0.3578210678210678,0.12909914385555732
warm_high,0.0,10,10,50,123,23,1.0,0.36500000000000005,0.012,0.36129870129870134,0.12774492614680982
warm_high,0.0,10,10,50,123,24,0.59375,0.28,0.03,0.4302380952380953,0.13772437420219866
warm_high,0.0,10,10,50,123,25,0.8088235294117647,0.36700000000000005,0.048,0.34950396825396823,0.13078356798325294
warm_high,0.0,10,10,50,123,26,1.0,0.30199999999999994,0.03,0.4036634199134199,0.15563247379962206
warm_high,0.0,10,10,50,123,27,1.0384615384615385,0.391,0.006,0.40480158730158733,0.15705407333156535
warm_high,0.0,10,10,50,123,28,0.7966101694915254,0.32599999999999996,0.036,0.3714862914862914,0.14526805104504492
warm_high,0.0,10,10,50,123,29,1.2,0.381,0.012,0.4247817460317461,0.14794859570309385
warm_high,0.0,10,10,50,123,30,1.0,0.41100000000000003,0.036,0.312999222999223,0.13318539947946367
warm_high,0.0,10,10,50,123,31,0.7580645161290323,0.303,0.024,0.3964718614718614,0.13146867983405028
warm_high,0.0,10,10,50,123,32,1.1071428571428572,0.42899999999999994,0.036,0.33845238095238095,0.13934838500430577
warm_high,0.0,10,10,50,123,33,0.8983050847457628,0.4029999999999999,0.018,0.3648809523809524,0.13476541103740383
warm_high,0.0,10,10,50,123,34,0.9818181818181818,0.39699999999999996,0.018,0.36347763347763345,0.13801629963474685
warm_high,0.0,10,10,50,123,35,0.7704918032786885,0.322,0.024,0.3537250249750249,0.1279360204138482
warm_high,0.0,10,10,50,123,36,0.5967741935483871,0.265,0.041999999999999996,0.4442983405483406,0.14660781057302744
warm_high,0.0,10,10,50,123,37,0.864406779661017,0.33499999999999996,0.036,0.3691629204129204,0.1340312626461887
warm_high,0.0,10,10,50,123,38,0.6825396825396826,0.309,0.054000000000000006,0.3733440170940171,0.13340166995456554
warm_high,0.0,10,10,50,123,39,0.647887323943662,0.356,0.018,0.41379148629148627,0.13635069212772227
warm_high,0.0,10,10,50,123,40,0.9272727272727272,0.3509999999999999,0.048,0.3881998556998557,0.13961803548809218
warm_high,0.0,10,10,50,123,41,0.8214285714285714,0.31799999999999995,0.041999999999999996,0.38061924186924184,0.13573246038482192
warm_high,0.0,10,10,50,123,42,0.9791666666666666,0.31000000000000005,0.018,0.4339177489177489,0.14626899963047119
warm_high,0.0,10,10,50,123,43,0.9074074074074074,0.347,0.06600000000000002,0.3086291486291486,0.13350039645109937
warm_high,0.0,10,10,50,123,44,0.9016393442622951,0.349,0.03,0.38130341880341884,0.14914094803183853
warm_high,0.0,10,10,50,123,45,0.875,0.35800000000000004,0.03,0.4276290376290376,0.14013324263303842
warm_high,0.0,10,10,50,123,46,0.7971014492753623,0.374,0.006,0.3947222222222222,0.1321557583490976
warm_high,0.0,10,10,50,123,47,0.9473684210526315,0.37500000000000006,0.024,0.34488997113997105,0.12238115248541943
warm_high,0.0,10,10,50,123,48,0.8363636363636363,0.32199999999999995,0.024,0.38949855699855707,0.12545727275711266
warm_high,0.0,10,10,50,123,49,0.8679245283018868,0.3430000000000001,0.06599999999999999,0.367739898989899,0.1227491183314173
warm_high,0.1,10,10,50,123,0,0.20689655172413793,0.05600000000000001,0.0,0.8552380952380954,0.5
warm_high,0.1,10,10,50,123,1,0.30357142857142855,0.09400000000000001,0.0,0.7726190476190476,0.3396560463820303
warm_high,0.1,10,10,50,123,2,0.6153846153846154,0.22100000000000003,0.0,0.5938095238095238,0.25674775749834094
warm_high,0.1,10,10,50,123,3,0.5254237288135594,0.20500000000000002,0.0,0.6009126984126983,0.2648699965801726
warm_high,0.1,10,10,50,123,4,0.4642857142857143,0.17099999999999999,0.0,0.6281547619047618,0.2965698740069159
warm_high,0.1,10,10,50,123,5,0.47692307692307695,0.24300000000000002,0.0,0.627797619047619,0.27239210282759296
warm_high,0.1,10,10,50,123,6,0.6666666666666666,0.264,0.03,0.5131475468975469,0.21188776543706714
warm_high,0.1,10,10,50,123,7,0.46875,0.21699999999999994,0.0,0.6332792207792206,0.27016153941176596
warm_high,0.1,10,10,50,123,8,0.6415094339622641,0.21700000000000003,0.012,0.605734126984127,0.2704458903510447
warm_high,0.1,10,10,50,123,9,0.6551724137931034,0.279,0.012,0.571935286935287,0.2522913905352839
warm_high,0.1,10,10,50,123,10,0.7755102040816326,0.275,0.024,0.4998809523809524,0.24148167448470154
warm_high,0.1,10,10,50,123,11,0.5625,0.24299999999999994,0.012,0.6042316017316017,0.25986445732073427
warm_high,0.1,10,10,50,123,12,0.5,0.258,0.024,0.5468921356421356,0.22823950783267474
warm_high,0.1,10,10,50,123,13,0.423728813559322,0.16499999999999998,0.024,0.5884974747474747,0.2138657405673579
warm_high,0.1,10,10,50,123,14,0.46875,0.196,0.006,0.6461111111111112,0.2528683551106644
warm_high,0.1,10,10,50,123,15,0.36666666666666664,0.16300000000000003,0.0,0.759441391941392,0.30273407128840524
warm_high,0.1,10,10,50,123,16,0.5357142857142857,0.19100000000000003,0.012,0.6463629426129426,0.3435143091107055
warm_high,0.1,10,10,50,123,17,0.5263157894736842,0.201,0.012,0.6631601731601732,0.3079895961913285
warm_high,0.1,10,10,50,123,18,0.3870967741935484,0.155,0.012,0.6790873015873016,0.27234561530041745
warm_high,0.1,10,10,50,123,19,0.6,0.19900000000000007,0.006,0.6020436507936506,0.23200786878633517
warm_high,0.1,10,10,50,123,20,0.36363636363636365,0.16400000000000006,0.0,0.693154761904762,0.2701115741907737
warm_high,0.1,10,10,50,123,21,0.5074626865671642,0.22200000000000003,0.018,0.6054563492063492,0.28212941837320027
warm_high,0.1,10,10,50,123,22,0.4090909090909091,0.189,0.0,0.6366666666666665,0.26486971148594163
warm_high,0.1,10,10,50,123,23,0.43636363636363634,0.187,0.018,0.6381349206349207,0.24155877923064883
warm_high,0.1,10,10,50,123,24,0.484375,0.21600000000000003,0.024,0.5763690476190476,0.2560773583659309
warm_high,0.1,10,10,50,123,25,0.4852941176470588,0.21200000000000002,0.0,0.6318192918192918,0.244477662230757
warm_high,0.1,10,10,50,123,26,0.6739130434782609,0.21100000000000002,0.006,0.606672077922078,0.26252819730157906
warm_high,0.1,10,10,50,123,27,0.4230769230769231,0.12300000000000003,0.006,0.7050487012987013,0.2484938762168456
warm_high,0.1,10,10,50,123,28,0.576271186440678,0.217,0.012,0.5730555555555555,0.24365569545340465
warm_high,0.1,10,10,50,123,29,0.625,0.15100000000000005,0.006,0.6770833333333333,0.30382138377644397
warm_high,0.1,10,10,50,123,30,0.625,0.23000000000000004,0.018,0.5758964646464647,0.25881869089778703
warm_high,0.1,10,10,50,123,31,0.5161290322580645,0.21100000000000002,0.012,0.5763492063492063,0.24463208854554946
warm_high,0.1,10,10,50,123,32,0.44642857142857145,0.17800000000000002,0.024,0.6494642857142857,0.27537002288781104
warm_high,0.1,10,10,50,123,33,0.4576271186440678,0.187,0.006,0.7029670329670328,0.27452580332979154
warm_high,0.1,10,10,50,123,34,0.4909090909090909,0.18100000000000002,0.006,0.5932539682539681,0.26775485194928555
warm_high,0.1,10,10,50,123,35,0.5245901639344263,0.209,0.006,0.6225992063492064,0.2879506745291781
warm_high,0.1,10,10,50,123,36,0.3387096774193548,0.154,0.018,0.6901190476190476,0.30292470772888525
warm_high,0.1,10,10,50,123,37,0.4067796610169492,0.159,0.0,0.6785119047619046,0.30536362727552474
warm_high,0.1,10,10,50,123,38,0.30158730158730157,0.12000000000000002,0.0,0.7655753968253969,0.3451377194342962
warm_high,0.1,10,10,50,123,39,0.323943661971831,0.134,0.0,0.7190476190476192,0.28175504545815255
warm_high,0.1,10,10,50,123,40,0.5454545454545454,0.18,0.006,0.674107142857143,0.28239600975941737
warm_high,0.1,10,10,50,123,41,0.48214285714285715,0.18400000000000005,0.0,0.6546464646464646,0.3191280225723421
warm_high,0.1,10,10,50,123,42,0.5208333333333334,0.15500000000000005,0.006,0.6847113997113998,0.2799315498400847
warm_high,0.1,10,10,50,123,43,0.6111111111111112,0.257,0.024,0.5699603174603174,0.23347535436266975
warm_high,0.1,10,10,50,123,44,0.4262295081967213,0.194,0.006,0.6823809523809523,0.29858298015080004
warm_high,0.1,10,10,50,123,45,0.4642857142857143,0.18700000000000003,0.006,0.6663492063492064,0.2738022872019025
warm_high,0.1,10,10,50,123,46,0.5797101449275363,0.296,0.03,0.5349206349206349,0.25620490163228715
warm_high,0.1,10,10,50,123,47,0.7017543859649122,0.258,0.0,0.5907249694749694,0.23810375198920597
warm_high,0.1,10,10,50,123,48,0.4727272727272727,0.18100000000000005,0.006,0.6569444444444444,0.28522443011693016
warm_high,0.1,10,10,50,123,49,0.39622641509433965,0.147,0.0,0.7000992063492063,0.30919009805295633
warm_high,0.3,10,10,50,123,0,0.1206896551724138,0.03300000000000001,0.0,0.8921031746031748,0.5
warm_high,0.3,10,10,50,123,1,0.26785714285714285,0.09300000000000001,0.0,0.8225000000000001,0.37324581189986283
warm_high,0.3,10,10,50,123,2,0.4230769230769231,0.153,0.006,0.6953373015873016,0.33306602204511826
warm_high,0.3,10,10,50,123,3,0.3728813559322034,0.14400000000000002,0.0,0.7079166666666665,0.32283071738279817
warm_high,0.3,10,10,50,123,4,0.3392857142857143,0.134,0.024,0.7500108225108224,0.33628771343731023
warm_high,0.3,10,10,50,123,5,0.16923076923076924,0.065,0.0,0.8195833333333333,0.35538341215218094
warm_high,0.3,10,10,50,123,6,0.35185185185185186,0.12300000000000004,0.0,0.7641558441558444,0.3619859408062804
warm_high,0.3,10,10,50,123,7,0.265625,0.10400000000000001,0.0,0.7840277777777778,0.3390994471180017
warm_high,0.3,10,10,50,123,8,0.39622641509433965,0.15900000000000006,0.0,0.7189880952380951,0.31311254747998085
warm_high,0.3,10,10,50,123,9,0.3275862068965517,0.11699999999999999,0.0,0.7836111111111111,0.380605255616839
warm_high,0.3,10,10,50,123,10,0.3469387755102041,0.10100000000000002,0.0,0.76875,0.3638851990435007
warm_high,0.3,10,10,50,123,11,0.3125,0.11300000000000002,0.0,0.7227777777777777,0.3734375231175066
warm_high,0.3,10,10,50,123,12,0.3108108108108108,0.12600000000000003,0.0,0.7483531746031747,0.3404964131951609
warm_high,0.3,10,10,50,123,13,0.3898305084745763,0.17099999999999999,0.0,0.7269642857142857,0.3572567675470791
warm_high,0.3,10,10,50,123,14,0.25,0.096,0.0,0.7740476190476191,0.3756569721854651
warm_high,0.3,10,10,50,123,15,0.23333333333333334,0.09700000000000002,0.0,0.795,0.36553757062018405
warm_high,0.3,10,10,50,123,16,0.35714285714285715,0.13300000000000003,0.006,0.7394047619047619,0.3487611900333861
warm_high,0.3,10,10,50,123,17,0.3508771929824561,0.12700000000000003,0.006,0.7482738095238096,0.3470111386005844
warm_high,0.3,10,10,50,123,18,0.27419354838709675,0.11900000000000002,0.006,0.7216865079365078,0.37397580428301785
warm_high,0.3,10,10,50,123,19,0.43636363636363634,0.143,0.0,0.7336507936507937,0.3357806921981559
warm_high,0.3,10,10,50,123,20,0.3181818181818182,0.12400000000000003,0.0,0.7325000000000002,0.3394856635812344
warm_high,0.3,10,10,50,123,21,0.208955223880597,0.09100000000000001,0.006,0.8164880952380953,0.3303014678770396
warm_high,0.3,10,10,50,123,22,0.24242424242424243,0.11800000000000002,0.0,0.7573809523809524,0.3551006811379547
warm_high,0.3,10,10,50,123,23,0.4,0.141,0.006,0.7230952380952382,0.3211971736093265
warm_high,0.3,10,10,50,123,24,0.265625,0.10800000000000003,0.0,0.7407142857142858,0.3415524621337627
warm_high,0.3,10,10,50,123,25,0.3235294117647059,0.139,0.0,0.7181547619047619,0.34063775953591213
warm_high,0.3,10,10,50,123,26,0.5434782608695652,0.16600000000000004,0.0,0.7213095238095238,0.33169475905999096
warm_high,0.3,10,10,50,123,27,0.3269230769230769,0.10400000000000001,0.006,0.7715079365079365,0.3525452520209334
warm_high,0.3,10,10,50,123,28,0.3898305084745763,0.14400000000000002,0.0,0.7491666666666668,0.35430134135611496
warm_high,0.3,10,10,50,123,29,0.425,0.10800000000000001,0.006,0.7251785714285715,0.3459087843838683
warm_high,0.3,10,10,50,123,30,0.4107142857142857,0.13700000000000004,0.0,0.7486309523809525,0.3180767357390379
warm_high,0.3,10,10,50,123,31,0.3709677419354839,0.12600000000000003,0.006,0.7320833333333334,0.3257655664727886
warm_high,0.3,10,10,50,123,32,0.30357142857142855,0.099,0.0,0.7984920634920636,0.34963943679160164
warm_high,0.3,10,10,50,123,33,0.288135593220339,0.10300000000000001,0.006,0.7593722943722944,0.34887485714891125
warm_high,0.3,10,10,50,123,34,0.34545454545454546,0.13500000000000004,0.006,0.7359523809523809,0.3189305179580778
warm_high,0.3,10,10,50,123,35,0.22950819672131148,0.082,0.0,0.8013492063492063,0.3705803004089317
warm_high,0.3,10,10,50,123,36,0.25806451612903225,0.096,0.0,0.78,0.3437567912958141
warm_high,0.3,10,10,50,123,37,0.3559322033898305,0.13,0.012,0.7038690476190474,0.31728981779193566
warm_high,0.3,10,10,50,123,38,0.3333333333333333,0.14300000000000002,0.006,0.7459523809523809,0.3431596562853931
warm_high,0.3,10,10,50,123,39,0.22535211267605634,0.09899999999999999,0.006,0.8060714285714287,0.3704790476522407
warm_high,0.3,10,10,50,123,40,0.32727272727272727,0.11600000000000003,0.0,0.7900396825396825,0.37219611212004067
warm_high,0.3,10,10,50,123,41,0.375,0.14200000000000002,0.006,0.7348809523809524,0.35603492617210397
warm_high,0.3,10,10,50,123,42,0.3541666666666667,0.084,0.006,0.7819642857142858,0.33865379618672026
warm_high,0.3,10,10,50,123,43,0.3333333333333333,0.11400000000000003,0.0,0.7554761904761905,0.32205916125213363
warm_high,0.3,10,10,50,123,44,0.3442622950819672,0.13300000000000006,0.012,0.7622023809523808,0.35790068158068794
warm_high,0.3,10,10,50,123,45,0.375,0.12,0.006,0.7719047619047621,0.32920876021607953
warm_high,0.3,10,10,50,123,46,0.21739130434782608,0.07500000000000001,0.0,0.8248809523809524,0.37056746417850445
warm_high,0.3,10,10,50,123,47,0.42105263157894735,0.135,0.0,0.7266071428571428,0.33094320092655066
warm_high,0.3,10,10,50,123,48,0.32727272727272727,0.10900000000000001,0.0,0.7770941558441558,0.3363963724105759
warm_high,0.3,10,10,50,123,49,0.33962264150943394,0.127,0.0,0.7483928571428571,0.3219634152283764
warm_high,0.5,10,10,50,123,0,0.15517241379310345,0.034,0.0,0.8502380952380953,0.5
warm_high,0.5,10,10,50,123,1,0.14285714285714285,0.045,0.006,0.8565079365079367,0.41998906893004123
warm_high,0.5,10,10,50,123,2,0.38461538461538464,0.10900000000000001,0.0,0.776547619047619,0.3937461538827923
warm_high,0.5,10,10,50,123,3,0.2033898305084746,0.08199999999999999,0.0,0.8190476190476191,0.39549296798984135
warm_high,0.5,10,10,50,123,4,0.375,0.10100000000000002,0.006,0.7285714285714285,0.38792364372956767
warm_high,0.5,10,10,50,123,5,0.2,0.094,0.006,0.785,0.4113278675111486
warm_high,0.5,10,10,50,123,6,0.37037037037037035,0.14500000000000002,0.0,0.7829761904761906,0.4075551876582405
warm_high,0.5,10,10,50,123,7,0.140625,0.05,0.0,0.8716666666666668,0.423415091653886
warm_high,0.5,10,10,50,123,8,0.2830188679245283,0.098,0.0,0.8105952380952381,0.3970730623508788
warm_high,0.5,10,10,50,123,9,0.3448275862068966,0.11500000000000002,0.0,0.7638690476190475,0.4159715484401484
warm_high,0.5,10,10,50,123,10,0.2857142857142857,0.09200000000000001,0.0,0.8419047619047619,0.3955705313313475
warm_high,0.5,10,10,50,123,11,0.203125,0.056999999999999995,0.0,0.7900595238095238,0.4209037946613677
warm_high,0.5,10,10,50,123,12,0.16216216216216217,0.08600000000000001,0.0,0.8453571428571427,0.4122648154270106
warm_high,0.5,10,10,50,123,13,0.06779661016949153,0.023,0.0,0.9157142857142857,0.4051688965661177
warm_high,0.5,10,10,50,123,14,0.25,0.098,0.0,0.8044246031746033,0.38661137904728765
warm_high,0.5,10,10,50,123,15,0.31666666666666665,0.13200000000000003,0.0,0.7500000000000001,0.39297243742885646
warm_high,0.5,10,10,50,123,16,0.125,0.03200000000000001,0.0,0.8511111111111109,0.4004874898640762
warm_high,0.5,10,10,50,123,17,0.22807017543859648,0.084,0.0,0.7602380952380953,0.3852933435275051
warm_high,0.5,10,10,50,123,18,0.3387096774193548,0.142,0.0,0.7480952380952383,0.3846170885815461
warm_high,0.5,10,10,50,123,19,0.2545454545454545,0.079,0.0,0.8077777777777779,0.40282237349157735
warm_high,0.5,10,10,50,123,20,0.21212121212121213,0.073,0.0,0.7854166666666667,0.39390904390076353
warm_high,0.5,10,10,50,123,21,0.2537313432835821,0.07800000000000001,0.0,0.8033333333333331,0.38250472875359426
warm_high,0.5,10,10,50,123,22,0.25757575757575757,0.11300000000000002,0.0,0.7902380952380954,0.38960372608552796
warm_high,0.5,10,10,50,123,23,0.16363636363636364,0.061,0.0,0.8532738095238097,0.40781309048504866
warm_high,0.5,10,10,50,123,24,0.25,0.10300000000000001,0.0,0.8278571428571428,0.39188879323186143
warm_high,0.5,10,10,50,123,25,0.22058823529411764,0.08200000000000002,0.0,0.8238095238095239,0.3904149824640901
warm_high,0.5,10,10,50,123,26,0.21739130434782608,0.047,0.0,0.8372619047619049,0.4050981756791561
warm_high,0.5,10,10,50,123,27,0.36538461538461536,0.12000000000000002,0.0,0.771904761904762,0.39223152384220894
warm_high,0.5,10,10,50,123,28,0.2711864406779661,0.08900000000000001,0.006,0.8109722222222224,0.3904616759624422
warm_high,0.5,10,10,50,123,29,0.35,0.10700000000000001,0.0,0.8033333333333333,0.40317288502736925
warm_high,0.5,10,10,50,123,30,0.3392857142857143,0.12400000000000004,0.0,0.7814285714285715,0.3799863115007475
warm_high,0.5,10,10,50,123,31,0.27419354838709675,0.11400000000000002,0.0,0.8111904761904765,0.3755321819388787
warm_high,0.5,10,10,50,123,32,0.30357142857142855,0.10400000000000002,0.0,0.8032142857142859,0.40828440116945164
warm_high,0.5,10,10,50,123,33,0.1694915254237288,0.06300000000000001,0.0,0.8276190476190479,0.39017388029029837
warm_high,0.5,10,10,50,123,34,0.3090909090909091,0.10500000000000001,0.0,0.7422619047619048,0.3874110875585495
warm_high,0.5,10,10,50,123,35,0.29508196721311475,0.09400000000000003,0.0,0.7811904761904762,0.4010839605281049
warm_high,0.5,10,10,50,123,36,0.22580645161290322,0.08299999999999999,0.0,0.816338383838384,0.39744378343829967
warm_high,0.5,10,10,50,123,37,0.22033898305084745,0.08299999999999999,0.012,0.8033928571428571,0.3958473205452143
warm_high,0.5,10,10,50,123,38,0.20634920634920634,0.08,0.0,0.8447023809523811,0.39443569798856914
warm_high,0.5,10,10,50,123,39,0.16901408450704225,0.08299999999999999,0.006,0.807202380952381,0.38556316063380625
warm_high,0.5,10,10,50,123,40,0.3090909090909091,0.10400000000000002,0.0,0.7652380952380954,0.3870930249165176
warm_high,0.5,10,10,50,123,41,0.4107142857142857,0.133,0.0,0.7392460317460319,0.39038702149873566
warm_high,0.5,10,10,50,123,42,0.2708333333333333,0.07100000000000001,0.0,0.8372619047619049,0.4086491651243276
warm_high,0.5,10,10,50,123,43,0.2962962962962963,0.11000000000000001,0.0,0.7724404761904762,0.39444909422354574
warm_high,0.5,10,10,50,123,44,0.36065573770491804,0.14700000000000002,0.0,0.7485714285714287,0.3845148330061619
warm_high,0.5,10,10,50,123,45,0.3392857142857143,0.10900000000000003,0.006,0.7773809523809524,0.414571070113645
warm_high,0.5,10,10,50,123,46,0.2318840579710145,0.11099999999999999,0.0,0.7921428571428573,0.41397289320892405
warm_high,0.5,10,10,50,123,47,0.2631578947368421,0.06800000000000002,0.0,0.7970833333333334,0.40204772711505515
warm_high,0.5,10,10,50,123,48,0.21818181818181817,0.06999999999999999,0.0,0.8041666666666668,0.38587920613006854
warm_high,0.5,10,10,50,123,49,0.2830188679245283,0.09200000000000001,0.006,0.7707142857142857,0.38583589121102624
warm_high,1.0,10,10,50,123,0,0.20689655172413793,0.048,0.0,0.8383333333333333,0.5
warm_high,1.0,10,10,50,123,1,0.19642857142857142,0.05700000000000001,0.0,0.837857142857143,0.5
warm_high,1.0,10,10,50,123,2,0.25,0.06400000000000002,0.0,0.8552380952380952,0.5
warm_high,1.0,10,10,50,123,3,0.22033898305084745,0.07,0.0,0.8366666666666667,0.5
warm_high,1.0,10,10,50,123,4,0.16071428571428573,0.046,0.0,0.8619047619047621,0.5
warm_high,1.0,10,10,50,123,5,0.07692307692307693,0.025,0.006,0.8885714285714286,0.5
warm_high,1.0,10,10,50,123,6,0.2777777777777778,0.083,0.0,0.8395238095238096,0.5
warm_high,1.0,10,10,50,123,7,0.140625,0.047,0.0,0.9042857142857142,0.5
warm_high,1.0,10,10,50,123,8,0.11320754716981132,0.027000000000000003,0.0,0.9152380952380954,0.5
warm_high,1.0,10,10,50,123,9,0.15517241379310345,0.048,0.0,0.885357142857143,0.5
warm_high,1.0,10,10,50,123,10,0.16326530612244897,0.037,0.0,0.8729166666666668,0.5
warm_high,1.0,10,10,50,123,11,0.15625,0.041,0.0,0.8352380952380951,0.5
warm_high,1.0,10,10,50,123,12,0.12162162162162163,0.05600000000000001,0.0,0.8977976190476189,0.5
warm_high,1.0,10,10,50,123,13,0.11864406779661017,0.025,0.0,0.8861904761904762,0.5
warm_high,1.0,10,10,50,123,14,0.140625,0.04,0.0,0.8660714285714286,0.5
warm_high,1.0,10,10,50,123,15,0.25,0.07,0.0,0.825952380952381,0.5
warm_high,1.0,10,10,50,123,16,0.17857142857142858,0.05,0.0,0.8626190476190476,0.5
warm_high,1.0,10,10,50,123,17,0.17543859649122806,0.07300000000000001,0.0,0.8747619047619046,0.5
warm_high,1.0,10,10,50,123,18,0.11290322580645161,0.03400000000000001,0.0,0.8990476190476191,0.5
warm_high,1.0,10,10,50,123,19,0.2,0.06,0.0,0.8690476190476192,0.5
warm_high,1.0,10,10,50,123,20,0.12121212121212122,0.037,0.006,0.8890476190476191,0.5
warm_high,1.0,10,10,50,123,21,0.11940298507462686,0.04700000000000001,0.0,0.9019047619047621,0.5
warm_high,1.0,10,10,50,123,22,0.13636363636363635,0.06500000000000002,0.0,0.8597619047619048,0.5
warm_high,1.0,10,10,50,123,23,0.2,0.062,0.0,0.8417857142857142,0.5
warm_high,1.0,10,10,50,123,24,0.125,0.034,0.0,0.885,0.5
warm_high,1.0,10,10,50,123,25,0.16176470588235295,0.057999999999999996,0.006,0.843095238095238,0.5
warm_high,1.0,10,10,50,123,26,0.30434782608695654,0.063,0.0,0.8471428571428572,0.5
warm_high,1.0,10,10,50,123,27,0.15384615384615385,0.045,0.0,0.8915476190476191,0.5
warm_high,1.0,10,10,50,123,28,0.1694915254237288,0.03799999999999999,0.0,0.8616071428571429,0.5
warm_high,1.0,10,10,50,123,29,0.15,0.030000000000000006,0.0,0.8673809523809524,0.5
warm_high,1.0,10,10,50,123,30,0.16071428571428573,0.05600000000000001,0.0,0.8916071428571429,0.5
warm_high,1.0,10,10,50,123,31,0.14516129032258066,0.041999999999999996,0.0,0.8516666666666668,0.5
warm_high,1.0,10,10,50,123,32,0.21428571428571427,0.067,0.0,0.8564285714285715,0.5
warm_high,1.0,10,10,50,123,33,0.1694915254237288,0.05600000000000001,0.0,0.8875000000000002,0.5
warm_high,1.0,10,10,50,123,34,0.14545454545454545,0.039,0.0,0.8983333333333332,0.5
warm_high,1.0,10,10,50,123,35,0.14754098360655737,0.037000000000000005,0.0,0.8828571428571429,0.5
warm_high,1.0,10,10,50,123,36,0.11290322580645161,0.039,0.0,0.925357142857143,0.5
warm_high,1.0,10,10,50,123,37,0.1016949152542373,0.04,0.0,0.8860714285714287,0.5
warm_high,1.0,10,10,50,123,38,0.12698412698412698,0.029000000000000005,0.0,0.8703571428571427,0.5
warm_high,1.0,10,10,50,123,39,0.08450704225352113,0.03,0.0,0.8850000000000001,0.5
warm_high,1.0,10,10,50,123,40,0.09090909090909091,0.023,0.0,0.9211904761904762,0.5
warm_high,1.0,10,10,50,123,41,0.21428571428571427,0.07200000000000001,0.0,0.8179166666666667,0.5
warm_high,1.0,10,10,50,123,42,0.16666666666666666,0.032,0.0,0.9094642857142858,0.5
warm_high,1.0,10,10,50,123,43,0.14814814814814814,0.039999999999999994,0.0,0.8952380952380953,0.5
warm_high,1.0,10,10,50,123,44,0.09836065573770492,0.026000000000000002,0.0,0.8644642857142857,0.5
warm_high,1.0,10,10,50,123,45,0.10714285714285714,0.025,0.0,0.9064285714285715,0.5
warm_high,1.0,10,10,50,123,46,0.14492753623188406,0.05,0.0,0.832857142857143,0.5
warm_high,1.0,10,10,50,123,47,0.19298245614035087,0.044,0.0,0.827936507936508,0.5
warm_high,1.0,10,10,50,123,48,0.18181818181818182,0.038,0.0,0.8404761904761905,0.5
warm_high,1.0,10,10,50,123,49,0.22641509433962265,0.065,0.0,0.839047619047619,0.5
dcf_conv,0.0,10,10,50,123,0,0.603448275862069,0.265,0.16200000000000006,0.2010622710622711,nan
dcf_conv,0.0,10,10,50,123,1,0.6428571428571429,0.24000000000000005,0.13799999999999998,0.21533452658452662,nan
dcf_conv,0.0,10,10,50,123,2,0.7884615384615384,0.261,0.23400000000000004,0.15154185275508805,nan
dcf_conv,0.0,10,10,50,123,3,0.5254237288135594,0.23000000000000004,0.168,0.20953277115041818,nan
dcf_conv,0.0,10,10,50,123,4,0.5714285714285714,0.203,0.186,0.19187812187812187,nan
dcf_conv,0.0,10,10,50,123,5,0.4307692307692308,0.22999999999999998,0.162,0.21336809024309025,nan
dcf_conv,0.0,10,10,50,123,6,0.6111111111111112,0.23200000000000004,0.174,0.198490675990676,nan
dcf_conv,0.0,10,10,50,123,7,0.53125,0.217,0.13799999999999998,0.21701299925564635,nan
dcf_conv,0.0,10,10,50,123,8,0.5283018867924528,0.20099999999999998,0.16199999999999998,0.20661021984551398,nan
dcf_conv,0.0,10,10,50,123,9,0.5172413793103449,0.20800000000000005,0.21600000000000005,0.2023231955952544,nan
dcf_conv,0.0,10,10,50,123,10,0.7551020408163265,0.24700000000000003,0.11400000000000002,0.21022717478599834,nan
dcf_conv,0.0,10,10,50,123,11,0.484375,0.23400000000000004,0.13800000000000004,0.21515632651662062,nan
dcf_conv,0.0,10,10,50,123,12,0.4594594594594595,0.217,0.18600000000000003,0.1913076506826507,nan
dcf_conv,0.0,10,10,50,123,13,0.5932203389830508,0.248,0.15000000000000005,0.20211709343288292,nan
dcf_conv,0.0,10,10,50,123,14,0.53125,0.215,0.156,0.20067963082668966,nan
dcf_conv,0.0,10,10,50,123,15,0.6333333333333333,0.2750000000000001,0.13800000000000004,0.20407405094905093,nan
dcf_conv,0.0,10,10,50,123,16,0.6071428571428571,0.263,0.20400000000000001,0.17640526140526142,nan
dcf_conv,0.0,10,10,50,123,17,0.631578947368421,0.25500000000000006,0.15000000000000005,0.20256335168099873,nan
dcf_conv,0.0,10,10,50,123,18,0.4838709677419355,0.196,0.198,0.19833832833832832,nan
dcf_conv,0.0,10,10,50,123,19,0.7272727272727273,0.251,0.17400000000000007,0.18349850721174257,nan
dcf_conv,0.0,10,10,50,123,20,0.5909090909090909,0.279,0.12000000000000002,0.20981060606060606,nan
dcf_conv,0.0,10,10,50,123,21,0.5074626865671642,0.219,0.13799999999999998,0.22509105273811159,nan
dcf_conv,0.0,10,10,50,123,22,0.5757575757575758,0.264,0.17400000000000002,0.19056981825364178,nan
dcf_conv,0.0,10,10,50,123,23,0.6181818181818182,0.24799999999999994,0.13200000000000006,0.20967906276729803,nan
dcf_conv,0.0,10,10,50,123,24,0.59375,0.269,0.17400000000000002,0.17298209959974667,nan
dcf_conv,0.0,10,10,50,123,25,0.5441176470588235,0.251,0.16800000000000007,0.17924583887045187,nan
dcf_conv,0.0,10,10,50,123,26,0.782608695652174,0.265,0.192,0.16695707070707072,nan
dcf_conv,0.0,10,10,50,123,27,0.5576923076923077,0.19800000000000004,0.13800000000000004,0.23154497463320994,nan
dcf_conv,0.0,10,10,50,123,28,0.6440677966101694,0.277,0.13800000000000004,0.19842625103654515,nan
dcf_conv,0.0,10,10,50,123,29,0.725,0.21000000000000002,0.16200000000000003,0.19687201687201686,nan
dcf_conv,0.0,10,10,50,123,30,0.48214285714285715,0.194,0.15000000000000005,0.20451601094983451,nan
dcf_conv,0.0,10,10,50,123,31,0.5,0.23100000000000004,0.16800000000000007,0.19398791030950474,nan
dcf_conv,0.0,10,10,50,123,32,0.6071428571428571,0.238,0.168,0.20985123128505484,nan
dcf_conv,0.0,10,10,50,123,33,0.559322033898305,0.236,0.168,0.18893731268731265,nan
dcf_conv,0.0,10,10,50,123,34,0.6181818181818182,0.25999999999999995,0.17400000000000002,0.18783966033966035,nan
dcf_conv,0.0,10,10,50,123,35,0.5901639344262295,0.267,0.13200000000000003,0.19666749916749915,nan
dcf_conv,0.0,10,10,50,123,36,0.46774193548387094,0.23100000000000004,0.168,0.21444055944055945,nan
dcf_conv,0.0,10,10,50,123,37,0.559322033898305,0.23599999999999993,0.15600000000000006,0.21114975710563946,nan
dcf_conv,0.0,10,10,50,123,38,0.4126984126984127,0.185,0.174,0.2114561133311134,nan
dcf_conv,0.0,10,10,50,123,39,0.4788732394366197,0.23399999999999999,0.15600000000000006,0.2027231224657695,nan
dcf_conv,0.0,10,10,50,123,40,0.6363636363636364,0.23199999999999998,0.156,0.1952815934065934,nan
dcf_conv,0.0,10,10,50,123,41,0.6607142857142857,0.28500000000000003,0.084,0.21564684498508035,nan
dcf_conv,0.0,10,10,50,123,42,0.7708333333333334,0.25,0.18600000000000003,0.1729788471332589,nan
dcf_conv,0.0,10,10,50,123,43,0.7222222222222222,0.28700000000000003,0.15000000000000005,0.17902430902430902,nan
dcf_conv,0.0,10,10,50,123,44,0.5737704918032787,0.24500000000000002,0.16199999999999998,0.20066482128982127,nan
dcf_conv,0.0,10,10,50,123,45,0.5892857142857143,0.21500000000000002,0.20400000000000001,0.1747748778998779,nan
dcf_conv,0.0,10,10,50,123,46,0.5797101449275363,0.29399999999999993,0.18600000000000003,0.15672265234765234,nan
dcf_conv,0.0,10,10,50,123,47,0.5263157894736842,0.21000000000000005,0.162,0.1994954269586623,nan
dcf_conv,0.0,10,10,50,123,48,0.5454545454545454,0.21399999999999997,0.16800000000000007,0.2080728299478299,nan
dcf_conv,0.0,10,10,50,123,49,0.5471698113207547,0.225,0.20400000000000001,0.201125116713352,nan
oracle,0.0,10,10,50,456,0,1.1666666666666667,0.4840000000000001,0.12000000000000002,0.14653848194289368,nan
oracle,0.0,10,10,50,456,1,0.9322033898305084,0.398,0.10200000000000001,0.2059035531462002,nan
oracle,0.0,10,10,50,456,2,0.8208955223880597,0.374,0.16200000000000003,0.19328434637258168,nan
oracle,0.0,10,10,50,456,3,1.0677966101694916,0.4109999999999999,0.17400000000000004,0.14216151903651902,nan
oracle,0.0,10,10,50,456,4,1.2352941176470589,0.433,0.10800000000000001,0.20372800810300812,nan
oracle,0.0,10,10,50,456,5,1.1851851851851851,0.461,0.15,0.18671162171162176,nan
oracle,0.0,10,10,50,456,6,1.1272727272727272,0.42300000000000004,0.15,0.16708499833499832,nan
oracle,0.0,10,10,50,456,7,0.8771929824561403,0.372,0.12600000000000003,0.23424880674880671,nan
oracle,0.0,10,10,50,456,8,1.1607142857142858,0.4760000000000001,0.162,0.15384115884115884,nan
oracle,0.0,10,10,50,456,9,0.796875,0.34500000000000003,0.168,0.17480058318874106,nan
oracle,0.0,10,10,50,456,10,0.9206349206349206,0.41000000000000003,0.162,0.16877052685876212,nan
oracle,0.0,10,10,50,456,11,0.8,0.35100000000000003,0.21000000000000002,0.16345598845598844,nan
oracle,0.0,10,10,50,456,12,1.0925925925925926,0.38400000000000006,0.18600000000000003,0.16272269397269395,nan
oracle,0.0,10,10,50,456,13,1.0925925925925926,0.441,0.20400000000000004,0.12430236430236433,nan
oracle,0.0,10,10,50,456,14,0.8888888888888888,0.44699999999999995,0.138,0.16728632478632482,nan
oracle,0.0,10,10,50,456,15,0.8709677419354839,0.39,0.138,0.19795676545676547,nan
oracle,0.0,10,10,50,456,16,1.0909090909090908,0.4530000000000001,0.15600000000000006,0.16729617604617603,nan
oracle,0.0,10,10,50,456,17,0.828125,0.3350000000000001,0.13800000000000004,0.21605352980352976,nan
oracle,0.0,10,10,50,456,18,1.0740740740740742,0.41200000000000003,0.15600000000000003,0.19529193029193032,nan
oracle,0.0,10,10,50,456,19,0.8360655737704918,0.372,0.16800000000000007,0.17473081742818586,nan
oracle,0.0,10,10,50,456,20,0.9264705882352942,0.446,0.13800000000000004,0.16693695193695196,nan
oracle,0.0,10,10,50,456,21,0.9322033898305084,0.351,0.18000000000000002,0.15193199774082128,nan
oracle,0.0,10,10,50,456,22,1.1320754716981132,0.39699999999999996,0.15600000000000006,0.1687102480852481,nan
oracle,0.0,10,10,50,456,23,0.8333333333333334,0.34700000000000003,0.14400000000000002,0.21587837600995502,nan
oracle,0.0,10,10,50,456,24,0.9622641509433962,0.3249999999999999,0.18000000000000002,0.20252393439893437,nan
oracle,0.0,10,10,50,456,25,0.9074074074074074,0.349,0.17400000000000002,0.19416680541680542,nan
oracle,0.0,10,10,50,456,26,0.75,0.3440000000000001,0.13200000000000003,0.22119505494505493,nan
oracle,0.0,10,10,50,456,27,1.1428571428571428,0.402,0.11400000000000002,0.2247197247197247,nan
oracle,0.0,10,10,50,456,28,1.1702127659574468,0.368,0.15000000000000002,0.21094141969141972,nan
oracle,0.0,10,10,50,456,29,0.9,0.384,0.14400000000000004,0.19712902293784645,nan
oracle,0.0,10,10,50,456,30,1.0784313725490196,0.37,0.12600000000000006,0.21732184482184486,nan
oracle,0.0,10,10,50,456,31,1.0,0.43,0.168,0.15380772005772003,nan
oracle,0.0,10,10,50,456,32,0.8688524590163934,0.3620000000000001,0.19800000000000004,0.17915084915084917,nan
oracle,0.0,10,10,50,456,33,1.0175438596491229,0.384,0.13200000000000003,0.20393259518259516,nan
oracle,0.0,10,10,50,456,34,0.9821428571428571,0.379,0.138,0.19051522007404362,nan
oracle,0.0,10,10,50,456,35,1.0344827586206897,0.41100000000000003,0.12000000000000002,0.18827152014652018,nan
oracle,0.0,10,10,50,456,36,0.7936507936507936,0.342,0.15,0.209502939870587,nan
oracle,0.0,10,10,50,456,37,1.0188679245283019,0.36499999999999994,0.156,0.21027944277944277,nan
oracle,0.0,10,10,50,456,38,1.1818181818181819,0.48600000000000004,0.15600000000000006,0.17007399463281817,nan
oracle,0.0,10,10,50,456,39,0.7567567567567568,0.40099999999999997,0.10800000000000003,0.1864359251859252,nan
oracle,0.0,10,10,50,456,40,0.7777777777777778,0.35100000000000003,0.14400000000000004,0.2001415781930488,nan
oracle,0.0,10,10,50,456,41,1.0169491525423728,0.37500000000000006,0.16200000000000003,0.18016959347841707,nan
oracle,0.0,10,10,50,456,42,0.8615384615384616,0.395,0.13200000000000003,0.21428030303030304,nan
oracle,0.0,10,10,50,456,43,0.8793103448275862,0.33599999999999997,0.13799999999999998,0.20864823901588606,nan
oracle,0.0,10,10,50,456,44,0.8714285714285714,0.445,0.13200000000000003,0.18925921300921297,nan
oracle,0.0,10,10,50,456,45,1.1063829787234043,0.347,0.18,0.20073440448440452,nan
oracle,0.0,10,10,50,456,46,0.9821428571428571,0.378,0.15600000000000006,0.18474800118182472,nan
oracle,0.0,10,10,50,456,47,0.8852459016393442,0.38099999999999995,0.17400000000000002,0.17459436396936395,nan
oracle,0.0,10,10,50,456,48,1.0188679245283019,0.38200000000000006,0.12000000000000002,0.1997011322011322,nan
oracle,0.0,10,10,50,456,49,1.3333333333333333,0.42299999999999993,0.13200000000000003,0.17818296899179253,nan
cold_genie,0.0,10,10,50,456,0,0.7833333333333333,0.31600000000000006,0.11400000000000002,0.24247335997335995,0.05000000000000001
cold_genie,0.0,10,10,50,456,1,0.8983050847457628,0.36,0.12000000000000002,0.22280205905205905,0.05000000000000001
cold_genie,0.0,10,10,50,456,2,0.8507462686567164,0.403,0.10800000000000001,0.1778765678765679,0.05000000000000001
cold_genie,0.0,10,10,50,456,3,1.0338983050847457,0.44000000000000006,0.13200000000000003,0.15843129093129094,0.05000000000000001
cold_genie,0.0,10,10,50,456,4,1.2549019607843137,0.4669999999999999,0.15,0.1421571484071484,0.05000000000000001
cold_genie,0.0,10,10,50,456,5,0.7962962962962963,0.354,0.13200000000000003,0.2039170551670552,0.05000000000000001
cold_genie,0.0,10,10,50,456,6,1.0727272727272728,0.44300000000000017,0.10800000000000003,0.16787740037740034,0.05000000000000001
cold_genie,0.0,10,10,50,456,7,0.8070175438596491,0.387,0.09000000000000001,0.21199203574203573,0.05000000000000001
cold_genie,0.0,10,10,50,456,8,0.9107142857142857,0.35500000000000004,0.12000000000000002,0.2104819200407436,0.05000000000000001
cold_genie,0.0,10,10,50,456,9,0.90625,0.437,0.16200000000000006,0.15254467754467757,0.05000000000000001
cold_genie,0.0,10,10,50,456,10,0.8412698412698413,0.387,0.15600000000000006,0.1616695804195804,0.05000000000000001
cold_genie,0.0,10,10,50,456,11,0.8307692307692308,0.3869999999999999,0.138,0.1732770007770008,0.05000000000000001
cold_genie,0.0,10,10,50,456,12,1.0740740740740742,0.44000000000000006,0.10800000000000003,0.1838332500832501,0.05000000000000001
cold_genie,0.0,10,10,50,456,13,1.0,0.39,0.10800000000000001,0.20695665445665443,0.05000000000000001
cold_genie,0.0,10,10,50,456,14,0.7638888888888888,0.376,0.10800000000000003,0.19306408868908873,0.05000000000000001
cold_genie,0.0,10,10,50,456,15,0.8225806451612904,0.38000000000000006,0.13800000000000004,0.19213480963480958,0.05000000000000001
cold_genie,0.0,10,10,50,456,16,0.9636363636363636,0.367,0.10800000000000001,0.22751554001554003,0.05000000000000001
cold_genie,0.0,10,10,50,456,17,0.921875,0.41200000000000003,0.06,0.20993339993339993,0.05000000000000001
cold_genie,0.0,10,10,50,456,18,0.9629629629629629,0.337,0.10200000000000001,0.2228069153069153,0.05000000000000001
cold_genie,0.0,10,10,50,456,19,0.9344262295081968,0.4120000000000001,0.13200000000000003,0.19302544677544675,0.05000000000000001
cold_genie,0.0,10,10,50,456,20,0.7794117647058824,0.36000000000000004,0.16200000000000006,0.17137293262293263,0.05000000000000001
cold_genie,0.0,10,10,50,456,21,1.0169491525423728,0.4200000000000001,0.09,0.19422896547896545,0.05000000000000001
cold_genie,0.0,10,10,50,456,22,0.7924528301886793,0.31500000000000006,0.08400000000000003,0.2562107337107337,0.05000000000000001
cold_genie,0.0,10,10,50,456,23,0.8939393939393939,0.42300000000000004,0.07800000000000001,0.19627940686764217,0.05000000000000001
cold_genie,0.0,10,10,50,456,24,1.150943396226415,0.42799999999999994,0.08400000000000002,0.20273989898989897,0.05000000000000001
cold_genie,0.0,10,10,50,456,25,0.9629629629629629,0.38300000000000006,0.15000000000000005,0.17459582084582081,0.05000000000000001
cold_genie,0.0,10,10,50,456,26,1.05,0.4640000000000001,0.11400000000000002,0.16607226107226108,0.05000000000000001
cold_genie,0.0,10,10,50,456,27,0.8775510204081632,0.30399999999999994,0.12,0.22228597791097796,0.05000000000000001
cold_genie,0.0,10,10,50,456,28,1.2553191489361701,0.41400000000000003,0.14400000000000007,0.1520314407814408,0.05000000000000001
cold_genie,0.0,10,10,50,456,29,0.75,0.33299999999999996,0.12000000000000002,0.23662323787323788,0.05000000000000001
cold_genie,0.0,10,10,50,456,30,1.0392156862745099,0.403,0.11400000000000002,0.20583624708624707,0.05000000000000001
cold_genie,0.0,10,10,50,456,31,0.9016393442622951,0.37500000000000006,0.11400000000000002,0.19677471629677512,0.05000000000000001
cold_genie,0.0,10,10,50,456,32,0.6721311475409836,0.29300000000000004,0.10800000000000001,0.23812687312687308,0.05000000000000001
cold_genie,0.0,10,10,50,456,33,0.8771929824561403,0.3390000000000001,0.13199999999999998,0.23697996447996447,0.05000000000000001
cold_genie,0.0,10,10,50,456,34,0.9464285714285714,0.389,0.09,0.20502886002886003,0.05000000000000001
cold_genie,0.0,10,10,50,456,35,1.0344827586206897,0.43500000000000016,0.14400000000000004,0.16162649850149852,0.05000000000000001
cold_genie,0.0,10,10,50,456,36,0.9523809523809523,0.41900000000000015,0.041999999999999996,0.20944416694416695,0.05000000000000001
cold_genie,0.0,10,10,50,456,37,0.8490566037735849,0.325,0.13200000000000003,0.21529668044373929,0.05000000000000001
cold_genie,0.0,10,10,50,456,38,0.8,0.30200000000000005,0.096,0.24086996336996336,0.05000000000000001
cold_genie,0.0,10,10,50,456,39,0.6621621621621622,0.3630000000000001,0.12600000000000003,0.18818348318348316,0.05000000000000001
cold_genie,0.0,10,10,50,456,40,0.8333333333333334,0.399,0.084,0.213555056055056,0.05000000000000001
cold_genie,0.0,10,10,50,456,41,1.1016949152542372,0.42600000000000005,0.10800000000000001,0.17904602342102344,0.05000000000000001
cold_genie,0.0,10,10,50,456,42,0.9538461538461539,0.3980000000000001,0.09600000000000002,0.19529006940771648,0.05000000000000001
cold_genie,0.0,10,10,50,456,43,1.0689655172413792,0.41200000000000003,0.10200000000000001,0.20589022089022085,0.05000000000000001
cold_genie,0.0,10,10,50,456,44,0.7714285714285715,0.395,0.13200000000000003,0.21287934287934288,0.05000000000000001
cold_genie,0.0,10,10,50,456,45,1.2553191489361701,0.388,0.16800000000000007,0.16531371406371403,0.05000000000000001
cold_genie,0.0,10,10,50,456,46,0.9642857142857143,0.378,0.10800000000000001,0.20668456543456543,0.05000000000000001
cold_genie,0.0,10,10,50,456,47,0.8360655737704918,0.36499999999999994,0.12000000000000002,0.19898712398712398,0.05000000000000001
cold_genie,0.0,10,10,50,456,48,0.9811320754716981,0.37500000000000006,0.11400000000000002,0.20053550616050614,0.05000000000000001
cold_genie,0.0,10,10,50,456,49,1.2083333333333333,0.3830000000000001,0.13200000000000003,0.1972868797868798,0.05000000000000001
cold_nv,0.0,10,10,50,456,0,1.0,0.43599999999999994,0.048,0.2726064213564213,0.10000000000000002
cold_nv,0.0,10,10,50,456,1,0.847457627118644,0.373,0.036,0.3191973304473304,0.10000000000000002
cold_nv,0.0,10,10,50,456,2,0.746268656716418,0.36899999999999994,0.041999999999999996,0.3426248751248751,0.10000000000000002
cold_nv,0.0,10,10,50,456,3,0.9322033898305084,0.42899999999999994,0.036,0.29445498945498944,0.10000000000000002
cold_nv,0.0,10,10,50,456,4,0.9803921568627451,0.348,0.03,0.324762321012321,0.10000000000000002
cold_nv,0.0,10,10,50,456,5,1.2037037037037037,0.47400000000000003,0.048,0.23078643578643582,0.10000000000000002
cold_nv,0.0,10,10,50,456,6,1.018181818181818,0.386,0.024,0.31600649350649357,0.10000000000000002
cold_nv,0.0,10,10,50,456,7,0.9298245614035088,0.4010000000000001,0.054000000000000006,0.3020115995115995,0.10000000000000002
cold_nv,0.0,10,10,50,456,8,1.0178571428571428,0.41600000000000004,0.078,0.27737914862914864,0.10000000000000002
cold_nv,0.0,10,10,50,456,9,0.78125,0.35700000000000004,0.036,0.3206425518925518,0.10000000000000002
cold_nv,0.0,10,10,50,456,10,0.873015873015873,0.37600000000000006,0.054000000000000006,0.3077777777777777,0.10000000000000002
cold_nv,0.0,10,10,50,456,11,0.7538461538461538,0.308,0.06000000000000001,0.33407994782994777,0.10000000000000002
cold_nv,0.0,10,10,50,456,12,1.1666666666666667,0.394,0.018,0.32213023088023085,0.10000000000000002
cold_nv,0.0,10,10,50,456,13,0.9074074074074074,0.371,0.06000000000000001,0.33374098124098117,0.10000000000000002
cold_nv,0.0,10,10,50,456,14,0.9027777777777778,0.45200000000000007,0.06000000000000001,0.25818584193584193,0.10000000000000002
cold_nv,0.0,10,10,50,456,15,0.8709677419354839,0.367,0.054000000000000006,0.29200937950937955,0.10000000000000002
cold_nv,0.0,10,10,50,456,16,0.9818181818181818,0.37500000000000006,0.07200000000000002,0.289281968031968,0.10000000000000002
cold_nv,0.0,10,10,50,456,17,0.953125,0.38500000000000006,0.048,0.31304334554334556,0.10000000000000002
cold_nv,0.0,10,10,50,456,18,0.9259259259259259,0.337,0.054000000000000006,0.3229152791652791,0.10000000000000002
cold_nv,0.0,10,10,50,456,19,0.8688524590163934,0.384,0.048,0.29739357864357857,0.10000000000000002
cold_nv,0.0,10,10,50,456,20,0.7205882352941176,0.3550000000000001,0.024,0.3464538239538239,0.10000000000000002
cold_nv,0.0,10,10,50,456,21,0.9491525423728814,0.377,0.048,0.30421536796536797,0.10000000000000002
cold_nv,0.0,10,10,50,456,22,1.169811320754717,0.40800000000000003,0.048,0.28677239427239426,0.10000000000000002
cold_nv,0.0,10,10,50,456,23,0.9393939393939394,0.42400000000000004,0.06000000000000001,0.287166305916306,0.10000000000000002
cold_nv,0.0,10,10,50,456,24,1.0943396226415094,0.388,0.041999999999999996,0.2936255411255412,0.10000000000000002
cold_nv,0.0,10,10,50,456,25,0.8333333333333334,0.31599999999999995,0.054000000000000006,0.3374260461760461,0.10000000000000002
cold_nv,0.0,10,10,50,456,26,0.7,0.31200000000000006,0.041999999999999996,0.361957486957487,0.10000000000000002
cold_nv,0.0,10,10,50,456,27,1.163265306122449,0.38900000000000007,0.036,0.30848255910755906,0.10000000000000002
cold_nv,0.0,10,10,50,456,28,1.0851063829787233,0.369,0.06000000000000001,0.3065512265512266,0.10000000000000002
cold_nv,0.0,10,10,50,456,29,1.0666666666666667,0.4000000000000001,0.041999999999999996,0.2631240981240981,0.10000000000000002
cold_nv,0.0,10,10,50,456,30,1.1568627450980393,0.3899999999999999,0.06599999999999999,0.2924603174603174,0.10000000000000002
cold_nv,0.0,10,10,50,456,31,0.9508196721311475,0.397,0.054000000000000006,0.30060425685425685,0.10000000000000002
cold_nv,0.0,10,10,50,456,32,1.0327868852459017,0.41900000000000004,0.041999999999999996,0.2736813186813186,0.10000000000000002
cold_nv,0.0,10,10,50,456,33,0.8421052631578947,0.32899999999999996,0.06599999999999999,0.3066609779109778,0.10000000000000002
cold_nv,0.0,10,10,50,456,34,1.0178571428571428,0.3900000000000001,0.036,0.2811544011544011,0.10000000000000002
cold_nv,0.0,10,10,50,456,35,0.9827586206896551,0.4000000000000001,0.03,0.30397907647907646,0.10000000000000002
cold_nv,0.0,10,10,50,456,36,0.873015873015873,0.362,0.06000000000000001,0.2883297258297258,0.10000000000000002
cold_nv,0.0,10,10,50,456,37,1.1132075471698113,0.43400000000000005,0.03,0.281067821067821,0.10000000000000002
cold_nv,0.0,10,10,50,456,38,0.9090909090909091,0.36,0.036,0.3294906482406482,0.10000000000000002
cold_nv,0.0,10,10,50,456,39,0.7297297297297297,0.38999999999999996,0.06000000000000001,0.29354256854256855,0.10000000000000002
cold_nv,0.0,10,10,50,456,40,0.7638888888888888,0.33499999999999996,0.054000000000000006,0.3141396103896104,0.10000000000000002
cold_nv,0.0,10,10,50,456,41,1.11864406779661,0.47800000000000004,0.06,0.23976551226551224,0.10000000000000002
cold_nv,0.0,10,10,50,456,42,1.0153846153846153,0.442,0.048,0.2709702797202797,0.10000000000000002
cold_nv,0.0,10,10,50,456,43,0.9310344827586207,0.36000000000000004,0.054000000000000006,0.31279567654567647,0.10000000000000002
cold_nv,0.0,10,10,50,456,44,0.7714285714285715,0.38100000000000006,0.048,0.3201286213786213,0.10000000000000002
cold_nv,0.0,10,10,50,456,45,1.1063829787234043,0.323,0.054000000000000006,0.33696969696969686,0.10000000000000002
cold_nv,0.0,10,10,50,456,46,0.9285714285714286,0.33100000000000007,0.054000000000000006,0.30210303585303583,0.10000000000000002
cold_nv,0.0,10,10,50,456,47,0.8688524590163934,0.381,0.054000000000000006,0.3004297091797091,0.10000000000000002
cold_nv,0.0,10,10,50,456,48,1.0,0.371,0.036,0.3205068542568542,0.10000000000000002
cold_nv,0.0,10,10,50,456,49,1.1875,0.40499999999999997,0.041999999999999996,0.290989565989566,0.10000000000000002
cold_high,0.0,10,10,50,456,0,0.15,0.049,0.0,0.874345238095238,0.5
cold_high,0.0,10,10,50,456,1,0.15254237288135594,0.03699999999999999,0.0,0.8764285714285714,0.5
cold_high,0.0,10,10,50,456,2,0.13432835820895522,0.036,0.0,0.8335714285714287,0.5
cold_high,0.0,10,10,50,456,3,0.0847457627118644,0.022,0.0,0.9039880952380954,0.5
cold_high,0.0,10,10,50,456,4,0.09803921568627451,0.025,0.0,0.9290476190476191,0.5
cold_high,0.0,10,10,50,456,5,0.24074074074074073,0.07499999999999998,0.0,0.8592857142857143,0.5
cold_high,0.0,10,10,50,456,6,0.09090909090909091,0.029000000000000005,0.0,0.8730952380952383,0.5
cold_high,0.0,10,10,50,456,7,0.17543859649122806,0.06,0.006,0.8683333333333335,0.5
cold_high,0.0,10,10,50,456,8,0.14285714285714285,0.042,0.0,0.912857142857143,0.5
cold_high,0.0,10,10,50,456,9,0.15625,0.04800000000000001,0.0,0.8773809523809524,0.5
cold_high,0.0,10,10,50,456,10,0.1746031746031746,0.045000000000000005,0.006,0.8445833333333332,0.5
cold_high,0.0,10,10,50,456,11,0.12307692307692308,0.033999999999999996,0.0,0.8509523809523811,0.5
cold_high,0.0,10,10,50,456,12,0.12962962962962962,0.036,0.0,0.9002380952380952,0.5
cold_high,0.0,10,10,50,456,13,0.18518518518518517,0.05199999999999999,0.0,0.8345238095238094,0.5
cold_high,0.0,10,10,50,456,14,0.19444444444444445,0.07100000000000001,0.0,0.8136904761904763,0.5
cold_high,0.0,10,10,50,456,15,0.11290322580645161,0.038000000000000006,0.0,0.8873214285714287,0.5
cold_high,0.0,10,10,50,456,16,0.10909090909090909,0.028999999999999998,0.0,0.8892857142857145,0.5
cold_high,0.0,10,10,50,456,17,0.171875,0.046,0.0,0.8642857142857142,0.5
cold_high,0.0,10,10,50,456,18,0.12962962962962962,0.04,0.0,0.9023809523809525,0.5
cold_high,0.0,10,10,50,456,19,0.14754098360655737,0.05800000000000001,0.0,0.8571428571428571,0.5
cold_high,0.0,10,10,50,456,20,0.08823529411764706,0.031000000000000007,0.0,0.9023809523809524,0.5
cold_high,0.0,10,10,50,456,21,0.0847457627118644,0.032,0.0,0.9078571428571429,0.5
cold_high,0.0,10,10,50,456,22,0.1509433962264151,0.035,0.0,0.9135714285714288,0.5
cold_high,0.0,10,10,50,456,23,0.18181818181818182,0.05800000000000001,0.0,0.8597619047619048,0.5
cold_high,0.0,10,10,50,456,24,0.18867924528301888,0.06,0.0,0.8720238095238096,0.5
cold_high,0.0,10,10,50,456,25,0.09259259259259259,0.033,0.0,0.8939285714285715,0.5
cold_high,0.0,10,10,50,456,26,0.11666666666666667,0.030000000000000006,0.0,0.9016666666666667,0.5
cold_high,0.0,10,10,50,456,27,0.20408163265306123,0.04700000000000001,0.0,0.8723214285714288,0.5
cold_high,0.0,10,10,50,456,28,0.2765957446808511,0.06400000000000002,0.0,0.8557142857142856,0.5
cold_high,0.0,10,10,50,456,29,0.2,0.05500000000000001,0.0,0.8677976190476191,0.5
cold_high,0.0,10,10,50,456,30,0.21568627450980393,0.05900000000000001,0.0,0.8745238095238097,0.5
cold_high,0.0,10,10,50,456,31,0.18032786885245902,0.054000000000000006,0.0,0.8390674603174606,0.5
cold_high,0.0,10,10,50,456,32,0.14754098360655737,0.05700000000000001,0.006,0.8657142857142857,0.5
cold_high,0.0,10,10,50,456,33,0.15789473684210525,0.044,0.0,0.8505357142857142,0.5
cold_high,0.0,10,10,50,456,34,0.25,0.07600000000000003,0.0,0.8511904761904765,0.5
cold_high,0.0,10,10,50,456,35,0.10344827586206896,0.037,0.0,0.9147619047619047,0.5
cold_high,0.0,10,10,50,456,36,0.1111111111111111,0.048,0.0,0.8923809523809524,0.5
cold_high,0.0,10,10,50,456,37,0.09433962264150944,0.032,0.0,0.9228571428571428,0.5
cold_high,0.0,10,10,50,456,38,0.16363636363636364,0.048,0.0,0.8679761904761906,0.5
cold_high,0.0,10,10,50,456,39,0.13513513513513514,0.047999999999999994,0.0,0.8588095238095239,0.5
cold_high,0.0,10,10,50,456,40,0.06944444444444445,0.027000000000000003,0.0,0.8952380952380956,0.5
cold_high,0.0,10,10,50,456,41,0.11864406779661017,0.033,0.0,0.9130952380952382,0.5
cold_high,0.0,10,10,50,456,42,0.16923076923076924,0.06599999999999999,0.0,0.8597619047619048,0.5
cold_high,0.0,10,10,50,456,43,0.1724137931034483,0.053000000000000005,0.0,0.8404761904761905,0.5
cold_high,0.0,10,10,50,456,44,0.2,0.07100000000000002,0.0,0.851904761904762,0.5
cold_high,0.0,10,10,50,456,45,0.23404255319148937,0.061,0.0,0.856468253968254,0.5
cold_high,0.0,10,10,50,456,46,0.10714285714285714,0.028000000000000004,0.006,0.8828571428571428,0.5
cold_high,0.0,10,10,50,456,47,0.18032786885245902,0.057999999999999996,0.0,0.8416666666666666,0.5
cold_high,0.0,10,10,50,456,48,0.11320754716981132,0.03,0.0,0.9435714285714287,0.5
cold_high,0.0,10,10,50,456,49,0.125,0.03,0.0,0.8847619047619049,0.5
warm_nv,0.0,10,10,50,456,0,1.0333333333333334,0.44799999999999995,0.072,0.25831709956709953,0.10000000000000002
warm_nv,0.0,10,10,50,456,1,1.0338983050847457,0.40300000000000014,0.06000000000000001,0.29006243756243755,0.11200277777777781
warm_nv,0.0,10,10,50,456,2,0.7164179104477612,0.32499999999999996,0.06000000000000001,0.34688311688311685,0.12217684251851853
warm_nv,0.0,10,10,50,456,3,0.847457627118644,0.376,0.041999999999999996,0.35861874236874236,0.12957017511111113
warm_nv,0.0,10,10,50,456,4,1.0588235294117647,0.413,0.03,0.3422619047619047,0.1330234686874074
warm_nv,0.0,10,10,50,456,5,0.8888888888888888,0.354,0.012,0.3717260517260517,0.13427760205037037
warm_nv,0.0,10,10,50,456,6,0.8181818181818182,0.32099999999999995,0.036,0.43158272283272286,0.13445177257663088
warm_nv,0.0,10,10,50,456,7,0.631578947368421,0.274,0.054000000000000006,0.40703921078921085,0.13266609178692973
warm_nv,0.0,10,10,50,456,8,0.9285714285714286,0.378,0.018,0.35331349206349205,0.13027541155555558
warm_nv,0.0,10,10,50,456,9,0.765625,0.338,0.036,0.3575324675324675,0.12354807111111113
warm_nv,0.0,10,10,50,456,10,0.7936507936507936,0.3719999999999999,0.03,0.3568849206349206,0.1324023171851852
warm_nv,0.0,10,10,50,456,11,0.7846153846153846,0.351,0.041999999999999996,0.35166847041847044,0.1305421871111111
warm_nv,0.0,10,10,50,456,12,0.6851851851851852,0.267,0.036,0.4802723665223665,0.135274739654321
warm_nv,0.0,10,10,50,456,13,0.9629629629629629,0.35700000000000004,0.08399999999999999,0.30207792207792206,0.12411370437037036
warm_nv,0.0,10,10,50,456,14,0.5833333333333334,0.293,0.054000000000000006,0.37333624708624713,0.13132300317037038
warm_nv,0.0,10,10,50,456,15,0.8387096774193549,0.326,0.024,0.3701964701964702,0.13422737990617287
warm_nv,0.0,10,10,50,456,16,0.7454545454545455,0.30300000000000005,0.048,0.40255036630036634,0.12310399395061733
warm_nv,0.0,10,10,50,456,17,0.953125,0.42200000000000004,0.041999999999999996,0.3098358585858586,0.12581243703703704
warm_nv,0.0,10,10,50,456,18,0.9259259259259259,0.36199999999999993,0.024,0.3754105616605617,0.13059314296296304
warm_nv,0.0,10,10,50,456,19,0.7213114754098361,0.284,0.054000000000000006,0.3577523865023865,0.12043926814814816
warm_nv,0.0,10,10,50,456,20,0.6470588235294118,0.32000000000000006,0.048,0.35591380841380843,0.13485446042469137
warm_nv,0.0,10,10,50,456,21,0.7796610169491526,0.32699999999999996,0.03,0.44310064935064924,0.14676359028740743
warm_nv,0.0,10,10,50,456,22,0.9056603773584906,0.33,0.03,0.3807026307026307,0.13651208523045272
warm_nv,0.0,10,10,50,456,23,0.6363636363636364,0.28300000000000003,0.024,0.4080645743145744,0.13094665333333336
warm_nv,0.0,10,10,50,456,24,1.1132075471698113,0.40700000000000003,0.024,0.33172619047619045,0.1226252488888889
warm_nv,0.0,10,10,50,456,25,1.1296296296296295,0.413,0.054000000000000006,0.3247954822954823,0.11591306535390947
warm_nv,0.0,10,10,50,456,26,0.75,0.34700000000000003,0.048,0.3582142857142857,0.12865712555555558
warm_nv,0.0,10,10,50,456,27,1.0,0.31300000000000006,0.041999999999999996,0.38143037518037515,0.12952740888888892
warm_nv,0.0,10,10,50,456,28,1.1914893617021276,0.403,0.06000000000000001,0.27560051060051055,0.1181447488888889
warm_nv,0.0,10,10,50,456,29,0.8,0.32500000000000007,0.03,0.4101984126984126,0.1488587315851852
warm_nv,0.0,10,10,50,456,30,0.803921568627451,0.31100000000000005,0.018,0.4366919191919192,0.1511195928197531
warm_nv,0.0,10,10,50,456,31,0.7377049180327869,0.307,0.06,0.35649572649572653,0.14176787914074077
warm_nv,0.0,10,10,50,456,32,0.8688524590163934,0.3510000000000001,0.048,0.33921717171717175,0.14561932444444448
warm_nv,0.0,10,10,50,456,33,0.8771929824561403,0.316,0.018,0.36414127539127533,0.14650312699851856
warm_nv,0.0,10,10,50,456,34,0.7857142857142857,0.32599999999999996,0.036,0.36486111111111114,0.1484112373688889
warm_nv,0.0,10,10,50,456,35,0.6896551724137931,0.27,0.041999999999999996,0.44024877899877896,0.15280363264
warm_nv,0.0,10,10,50,456,36,0.9047619047619048,0.425,0.03,0.3457875457875458,0.13513945114074077
warm_nv,0.0,10,10,50,456,37,1.169811320754717,0.43200000000000005,0.024,0.30017135642135645,0.1311367466666667
warm_nv,0.0,10,10,50,456,38,0.7454545454545455,0.284,0.018,0.39740079365079367,0.12977312
warm_nv,0.0,10,10,50,456,39,0.6081081081081081,0.32199999999999995,0.018,0.4213020313020313,0.13694928033185189
warm_nv,0.0,10,10,50,456,40,0.5833333333333334,0.28400000000000003,0.054000000000000006,0.35618686868686866,0.13767365570370374
warm_nv,0.0,10,10,50,456,41,0.864406779661017,0.355,0.018,0.39677655677655677,0.13090837543209877
warm_nv,0.0,10,10,50,456,42,0.7384615384615385,0.343,0.048,0.3606024531024531,0.1265486666666667
warm_nv,0.0,10,10,50,456,43,0.9310344827586207,0.388,0.041999999999999996,0.31286172161172154,0.1309036676748971
warm_nv,0.0,10,10,50,456,44,0.5285714285714286,0.253,0.041999999999999996,0.4488852813852814,0.14793219999999999
warm_nv,0.0,10,10,50,456,45,1.0425531914893618,0.3469999999999999,0.048,0.3382810245310245,0.139968038962963
warm_nv,0.0,10,10,50,456,46,1.0714285714285714,0.3869999999999999,0.012,0.3836453823953824,0.14813724643555554
warm_nv,0.0,10,10,50,456,47,0.639344262295082,0.25400000000000006,0.03,0.45728174603174604,0.1545568235851852
warm_nv,0.0,10,10,50,456,48,0.9622641509433962,0.367,0.041999999999999996,0.345784632034632,0.1373358897777778
warm_nv,0.0,10,10,50,456,49,1.0833333333333333,0.3590000000000001,0.018,0.35905913530913536,0.12520487111111117
warm_nv,0.1,10,10,50,456,0,1.05,0.44800000000000006,0.054000000000000006,0.2797348484848485,0.10000000000000002
warm_nv,0.1,10,10,50,456,1,0.864406779661017,0.38100000000000006,0.024,0.37512265512265514,0.11903584888888885
warm_nv,0.1,10,10,50,456,2,0.8955223880597015,0.41000000000000003,0.03,0.32846375846375847,0.12264672000000001
warm_nv,0.1,10,10,50,456,3,0.7627118644067796,0.34700000000000003,0.03,0.3962932900432901,0.13610158829629632
warm_nv,0.1,10,10,50,456,4,0.8823529411764706,0.31700000000000006,0.036,0.3454274891774892,0.12935049955555555
warm_nv,0.1,10,10,50,456,5,0.9444444444444444,0.368,0.03,0.3736904761904762,0.13704136122074076
warm_nv,0.1,10,10,50,456,6,0.7454545454545455,0.306,0.054000000000000006,0.4104419191919192,0.1530705804454321
warm_nv,0.1,10,10,50,456,7,0.9122807017543859,0.369,0.09600000000000002,0.3050287212787212,0.13402427737860087
warm_nv,0.1,10,10,50,456,8,0.7678571428571429,0.333,0.048,0.38115079365079363,0.1359196400296296
warm_nv,0.1,10,10,50,456,9,0.875,0.39000000000000007,0.012,0.38437049062049067,0.14238542284444444
warm_nv,0.1,10,10,50,456,10,0.5714285714285714,0.28200000000000003,0.054000000000000006,0.4103968253968254,0.13814502704197532
warm_nv,0.1,10,10,50,456,11,0.8153846153846154,0.374,0.048,0.3653174603174603,0.13544935214814818
warm_nv,0.1,10,10,50,456,12,0.8518518518518519,0.2909999999999999,0.048,0.3765963203463203,0.12241605259259254
warm_nv,0.1,10,10,50,456,13,0.7962962962962963,0.28700000000000003,0.03,0.39585317460317454,0.12358798814814816
warm_nv,0.1,10,10,50,456,14,0.6666666666666666,0.352,0.041999999999999996,0.32416486291486285,0.11980995629629632
warm_nv,0.1,10,10,50,456,15,0.8225806451612904,0.334,0.041999999999999996,0.34601551226551225,0.12700145777777777
warm_nv,0.1,10,10,50,456,16,0.8363636363636363,0.3410000000000001,0.03,0.36193223443223443,0.1330118875851852
warm_nv,0.1,10,10,50,456,17,0.734375,0.329,0.012,0.41835359085359086,0.12214520425925927
warm_nv,0.1,10,10,50,456,18,0.9074074074074074,0.31399999999999995,0.03,0.36595959595959593,0.13099009795555555
warm_nv,0.1,10,10,50,456,19,0.8032786885245902,0.39299999999999996,0.036,0.3520512820512821,0.13388636788148148
warm_nv,0.1,10,10,50,456,20,0.7941176470588235,0.379,0.03,0.3493308080808081,0.13347125632098766
warm_nv,0.1,10,10,50,456,21,0.864406779661017,0.344,0.03,0.3741648629148629,0.14161585373237862
warm_nv,0.1,10,10,50,456,22,1.0377358490566038,0.36000000000000004,0.041999999999999996,0.3693213730713731,0.12026172573155558
warm_nv,0.1,10,10,50,456,23,0.8636363636363636,0.37,0.03,0.35834595959595955,0.12417307918677334
warm_nv,0.1,10,10,50,456,24,1.0377358490566038,0.368,0.06600000000000002,0.31414418914418907,0.12848928209876548
warm_nv,0.1,10,10,50,456,25,0.8333333333333334,0.32800000000000007,0.024,0.3974080086580087,0.1267250897777778
warm_nv,0.1,10,10,50,456,26,0.9666666666666667,0.4169999999999999,0.041999999999999996,0.31216353091353094,0.12982006823209877
warm_nv,0.1,10,10,50,456,27,1.0204081632653061,0.3490000000000001,0.024,0.37336580086580085,0.144819911254321
warm_nv,0.1,10,10,50,456,28,1.0425531914893618,0.343,0.024,0.3703966866466867,0.12667432903703704
warm_nv,0.1,10,10,50,456,29,0.95,0.37799999999999995,0.048,0.2922227772227772,0.12088040654320989
warm_nv,0.1,10,10,50,456,30,1.0,0.3610000000000001,0.036,0.3697420634920635,0.14162053947259262
warm_nv,0.1,10,10,50,456,31,0.8524590163934426,0.356,0.06600000000000002,0.3429766067266067,0.13158856485925927
warm_nv,0.1,10,10,50,456,32,0.8032786885245902,0.33799999999999997,0.06,0.34661796536796535,0.1248796881777778
warm_nv,0.1,10,10,50,456,33,0.8245614035087719,0.334,0.054000000000000006,0.3737590187590188,0.13602790936888892
warm_nv,0.1,10,10,50,456,34,0.875,0.32,0.03,0.37648809523809523,0.1479128657007408
warm_nv,0.1,10,10,50,456,35,1.103448275862069,0.466,0.03,0.3186056998556998,0.1450420524740741
warm_nv,0.1,10,10,50,456,36,0.7777777777777778,0.3699999999999999,0.06000000000000001,0.3696230158730158,0.13367594311111114
warm_nv,0.1,10,10,50,456,37,1.0,0.36899999999999994,0.041999999999999996,0.3485046897546897,0.1285141277037037
warm_nv,0.1,10,10,50,456,38,0.6727272727272727,0.314,0.03,0.39496572871572877,0.13782723733333335
warm_nv,0.1,10,10,50,456,39,0.5675675675675675,0.306,0.041999999999999996,0.41168761793761793,0.14261330950617285
warm_nv,0.1,10,10,50,456,40,0.5277777777777778,0.252,0.041999999999999996,0.4094173881673882,0.1311280662962963
warm_nv,0.1,10,10,50,456,41,0.7796610169491526,0.32800000000000007,0.054000000000000006,0.35844863469863475,0.12526910014814813
warm_nv,0.1,10,10,50,456,42,0.8,0.34900000000000003,0.012,0.3602182539682539,0.12530063111111112
warm_nv,0.1,10,10,50,456,43,0.9137931034482759,0.37400000000000005,0.036,0.3259497446997447,0.1266417876954733
warm_nv,0.1,10,10,50,456,44,0.7857142857142857,0.38000000000000006,0.024,0.3642658730158731,0.12534371012345683
warm_nv,0.1,10,10,50,456,45,1.1914893617021276,0.3870000000000001,0.03,0.3395909645909646,0.12917403274074077
warm_nv,0.1,10,10,50,456,46,1.0178571428571428,0.36900000000000005,0.03,0.3237229437229437,0.12727861422222225
warm_nv,0.1,10,10,50,456,47,0.7868852459016393,0.32699999999999996,0.018,0.37923340548340545,0.13482720270222223
warm_nv,0.1,10,10,50,456,48,1.0943396226415094,0.38400000000000006,0.041999999999999996,0.33637015762015754,0.1262476792839506
warm_nv,0.1,10,10,50,456,49,1.125,0.37400000000000005,0.041999999999999996,0.35646880896880895,0.12348125962074077
warm_nv,0.3,10,10,50,456,0,0.9333333333333333,0.37600000000000006,0.054000000000000006,0.29052308802308796,0.10000000000000002
warm_nv,0.3,10,10,50,456,1,1.0169491525423728,0.422,0.036,0.3160231435231435,0.11252769777777778
warm_nv,0.3,10,10,50,456,2,0.7164179104477612,0.331,0.018,0.4306456043956044,0.12384788503703699
warm_nv,0.3,10,10,50,456,3,0.7627118644067796,0.32,0.036,0.34597041847041843,0.11991517407407407
warm_nv,0.3,10,10,50,456,4,1.0784313725490196,0.379,0.036,0.3618582806082806,0.13721051555555558
warm_nv,0.3,10,10,50,456,5,0.9074074074074074,0.36900000000000005,0.036,0.3611309523809524,0.12352202296296297
warm_nv,0.3,10,10,50,456,6,0.9272727272727272,0.36600000000000005,0.036,0.3464393939393938,0.11847871555555556
warm_nv,0.3,10,10,50,456,7,0.8771929824561403,0.384,0.024,0.35140442890442886,0.12491715200000002
warm_nv,0.3,10,10,50,456,8,0.875,0.35500000000000004,0.041999999999999996,0.34982503607503607,0.11614698020740741
warm_nv,0.3,10,10,50,456,9,0.71875,0.3389999999999999,0.06,0.33642968142968144,0.11533975200000002
warm_nv,0.3,10,10,50,456,10,0.7777777777777778,0.35000000000000003,0.048,0.35901154401154395,0.11437388770370369
warm_nv,0.3,10,10,50,456,11,0.8461538461538461,0.372,0.066,0.3196139971139971,0.11352777407407406
warm_nv,0.3,10,10,50,456,12,1.037037037037037,0.37100000000000005,0.036,0.32384018759018757,0.1162006328888889
warm_nv,0.3,10,10,50,456,13,1.0740740740740742,0.395,0.024,0.3100739538239538,0.13042932977777777
warm_nv,0.3,10,10,50,456,14,0.5972222222222222,0.279,0.03,0.4032539682539683,0.1291835251851852
warm_nv,0.3,10,10,50,456,15,0.6935483870967742,0.32399999999999995,0.024,0.3744444444444444,0.11870731604938274
warm_nv,0.3,10,10,50,456,16,1.018181818181818,0.388,0.03,0.34177849927849924,0.11591579851851852
warm_nv,0.3,10,10,50,456,17,0.890625,0.3940000000000001,0.024,0.33625180375180375,0.11843333098765434
warm_nv,0.3,10,10,50,456,18,0.9074074074074074,0.33099999999999996,0.048,0.3910010822510822,0.12778702978041154
warm_nv,0.3,10,10,50,456,19,0.8524590163934426,0.421,0.041999999999999996,0.3089195526695526,0.11876033878600825
warm_nv,0.3,10,10,50,456,20,0.8235294117647058,0.39499999999999996,0.024,0.35271825396825396,0.1225219238518519
warm_nv,0.3,10,10,50,456,21,1.11864406779661,0.43899999999999995,0.048,0.28523989898989893,0.11429274924032921
warm_nv,0.3,10,10,50,456,22,0.9622641509433962,0.3549999999999999,0.018,0.38297619047619047,0.11596457422222224
warm_nv,0.3,10,10,50,456,23,0.6818181818181818,0.29300000000000004,0.036,0.3746590909090909,0.11758601925925927
warm_nv,0.3,10,10,50,456,24,1.1886792452830188,0.43,0.041999999999999996,0.277943722943723,0.11793804533333332
warm_nv,0.3,10,10,50,456,25,0.8333333333333334,0.332,0.041999999999999996,0.3531096681096681,0.123134512
warm_nv,0.3,10,10,50,456,26,1.0333333333333334,0.43199999999999994,0.041999999999999996,0.27356227106227105,0.12201133333333333
warm_nv,0.3,10,10,50,456,27,1.0612244897959184,0.368,0.054000000000000006,0.34591450216450215,0.1186697328
warm_nv,0.3,10,10,50,456,28,1.0851063829787233,0.367,0.06000000000000001,0.3175936563436564,0.11813139039999998
warm_nv,0.3,10,10,50,456,29,0.9166666666666666,0.3989999999999999,0.036,0.3006547619047619,0.11584120607407408
warm_nv,0.3,10,10,50,456,30,1.0196078431372548,0.36300000000000004,0.048,0.34611832611832616,0.11497180444444446
warm_nv,0.3,10,10,50,456,31,0.9180327868852459,0.382,0.054000000000000006,0.2965584415584415,0.1157868977777778
warm_nv,0.3,10,10,50,456,32,0.9508196721311475,0.403,0.024,0.3336724386724387,0.11976371111111114
warm_nv,0.3,10,10,50,456,33,0.9298245614035088,0.348,0.06,0.34568764568764565,0.12235149543209878
warm_nv,0.3,10,10,50,456,34,1.0357142857142858,0.41600000000000004,0.041999999999999996,0.30721611721611725,0.1190143514814815
warm_nv,0.3,10,10,50,456,35,0.8103448275862069,0.31199999999999994,0.036,0.3289825452325452,0.12238597780246914
warm_nv,0.3,10,10,50,456,36,0.7777777777777778,0.3509999999999999,0.041999999999999996,0.3710082972582972,0.12437738719506172
warm_nv,0.3,10,10,50,456,37,1.0566037735849056,0.34600000000000003,0.012,0.3641396103896104,0.13174818488395063
warm_nv,0.3,10,10,50,456,38,0.6909090909090909,0.273,0.03,0.4344809357309357,0.12652858091358024
warm_nv,0.3,10,10,50,456,39,0.5135135135135135,0.275,0.03,0.41785714285714287,0.12436920444444444
warm_nv,0.3,10,10,50,456,40,0.7083333333333334,0.33499999999999996,0.041999999999999996,0.4128481240981241,0.1252152768197531
warm_nv,0.3,10,10,50,456,41,0.9830508474576272,0.37400000000000005,0.048,0.3197294372294372,0.1319898570666667
warm_nv,0.3,10,10,50,456,42,0.8769230769230769,0.39599999999999996,0.048,0.3072553835053835,0.1203062144
warm_nv,0.3,10,10,50,456,43,0.896551724137931,0.375,0.036,0.35657828282828286,0.12226777288888888
warm_nv,0.3,10,10,50,456,44,0.8,0.38399999999999995,0.03,0.3421620046620047,0.12622666042469136
warm_nv,0.3,10,10,50,456,45,1.1914893617021276,0.378,0.072,0.3043204018204018,0.11794104906172839
warm_nv,0.3,10,10,50,456,46,0.8571428571428571,0.32999999999999996,0.036,0.381031746031746,0.12075496533333334
warm_nv,0.3,10,10,50,456,47,0.819672131147541,0.359,0.036,0.3644394494394494,0.12064464696296298
warm_nv,0.3,10,10,50,456,48,0.9056603773584906,0.329,0.041999999999999996,0.34928876678876675,0.12190279839506171
warm_nv,0.3,10,10,50,456,49,0.875,0.281,0.048,0.3439556277056277,0.11094831200000002
warm_nv,0.5,10,10,50,456,0,0.9833333333333333,0.41,0.06600000000000002,0.26162878787878785,0.10000000000000002
warm_nv,0.5,10,10,50,456,1,0.6610169491525424,0.264,0.036,0.378786075036075,0.11415339703703704
warm_nv,0.5,10,10,50,456,2,0.5970149253731343,0.251,0.07800000000000001,0.3349925074925075,0.10533817777777779
warm_nv,0.5,10,10,50,456,3,0.8305084745762712,0.376,0.041999999999999996,0.3236796536796537,0.11180132888888891
warm_nv,0.5,10,10,50,456,4,1.0196078431372548,0.38099999999999995,0.048,0.3424332611832611,0.11736365137777778
warm_nv,0.5,10,10,50,456,5,0.8518518518518519,0.3350000000000001,0.036,0.34385989010989015,0.11188888891358026
warm_nv,0.5,10,10,50,456,6,0.9818181818181818,0.4089999999999999,0.07200000000000002,0.3059217171717171,0.10978918989711936
warm_nv,0.5,10,10,50,456,7,0.9298245614035088,0.3949999999999999,0.072,0.3033784271284271,0.10546827111111112
warm_nv,0.5,10,10,50,456,8,1.0,0.397,0.024,0.34084415584415584,0.11041596000000001
warm_nv,0.5,10,10,50,456,9,0.640625,0.30400000000000005,0.03,0.4138979076479076,0.10765215185185187
warm_nv,0.5,10,10,50,456,10,0.7619047619047619,0.3380000000000001,0.036,0.3642514430014429,0.1098246888888889
warm_nv,0.5,10,10,50,456,11,0.9230769230769231,0.41400000000000003,0.041999999999999996,0.2761056998556998,0.11227304888888892
warm_nv,0.5,10,10,50,456,12,0.9629629629629629,0.393,0.06000000000000001,0.31332611832611834,0.11972254222222223
warm_nv,0.5,10,10,50,456,13,0.8888888888888888,0.31100000000000005,0.041999999999999996,0.35707070707070704,0.11615019629629633
warm_nv,0.5,10,10,50,456,14,0.6666666666666666,0.358,0.048,0.35405483405483407,0.11396004785185185
warm_nv,0.5,10,10,50,456,15,0.8870967741935484,0.41400000000000003,0.024,0.32476731601731595,0.10848322296296298
warm_nv,0.5,10,10,50,456,16,1.0,0.3760000000000001,0.048,0.35000957375957376,0.10855660197530866
warm_nv,0.5,10,10,50,456,17,0.859375,0.353,0.072,0.33053127428127427,0.10767624755555556
warm_nv,0.5,10,10,50,456,18,0.9074074074074074,0.341,0.054000000000000006,0.3224891774891775,0.11722064533333335
warm_nv,0.5,10,10,50,456,19,0.7377049180327869,0.33599999999999997,0.048,0.3244877344877345,0.11120447585185185
warm_nv,0.5,10,10,50,456,20,0.75,0.3520000000000001,0.024,0.3382226107226107,0.113536312
warm_nv,0.5,10,10,50,456,21,0.847457627118644,0.3509999999999999,0.07200000000000002,0.3118831168831169,0.11882202755555557
warm_nv,0.5,10,10,50,456,22,0.9245283018867925,0.326,0.036,0.32632034632034623,0.1106941637037037
warm_nv,0.5,10,10,50,456,23,0.7424242424242424,0.352,0.03,0.41033369408369413,0.11577376518518519
warm_nv,0.5,10,10,50,456,24,0.8867924528301887,0.33,0.041999999999999996,0.34560876623376624,0.10610568755144034
warm_nv,0.5,10,10,50,456,25,1.1111111111111112,0.4590000000000001,0.048,0.27051406926406923,0.11369813407407407
warm_nv,0.5,10,10,50,456,26,0.95,0.396,0.06,0.3161399711399711,0.11221458222222222
warm_nv,0.5,10,10,50,456,27,0.9795918367346939,0.34800000000000014,0.054000000000000006,0.3509203296703296,0.11108348888888889
warm_nv,0.5,10,10,50,456,28,1.148936170212766,0.394,0.048,0.2932323232323232,0.10689335644444446
warm_nv,0.5,10,10,50,456,29,1.0166666666666666,0.42400000000000004,0.041999999999999996,0.30236832611832615,0.11581402521481485
warm_nv,0.5,10,10,50,456,30,0.9803921568627451,0.338,0.06600000000000002,0.32288600288600283,0.11388756444444445
warm_nv,0.5,10,10,50,456,31,0.8360655737704918,0.355,0.024,0.3521162171162171,0.11085179999999999
warm_nv,0.5,10,10,50,456,32,0.9672131147540983,0.42000000000000004,0.048,0.29341269841269846,0.11073624461728396
warm_nv,0.5,10,10,50,456,33,0.8596491228070176,0.364,0.048,0.3660191197691197,0.11260787854320989
warm_nv,0.5,10,10,50,456,34,0.7321428571428571,0.267,0.054000000000000006,0.37818126318126316,0.11736267985185185
warm_nv,0.5,10,10,50,456,35,0.5689655172413793,0.23900000000000005,0.036,0.43437271062271055,0.11832352046913579
warm_nv,0.5,10,10,50,456,36,0.9841269841269841,0.462,0.036,0.33910533910533913,0.1216048838765432
warm_nv,0.5,10,10,50,456,37,0.8867924528301887,0.33199999999999996,0.048,0.35798937173937173,0.11274143333333335
warm_nv,0.5,10,10,50,456,38,0.7818181818181819,0.32600000000000007,0.054000000000000006,0.35693001443001443,0.11057407185185186
warm_nv,0.5,10,10,50,456,39,0.7837837837837838,0.40199999999999997,0.024,0.31768509268509265,0.11093140254814818
warm_nv,0.5,10,10,50,456,40,0.7638888888888888,0.34300000000000014,0.06600000000000002,0.30679292929292934,0.10958420444444446
warm_nv,0.5,10,10,50,456,41,0.864406779661017,0.35000000000000003,0.048,0.3450685425685426,0.11496458965432099
warm_nv,0.5,10,10,50,456,42,0.6153846153846154,0.29000000000000004,0.048,0.39921356421356424,0.11997098296296294
warm_nv,0.5,10,10,50,456,43,0.8620689655172413,0.341,0.066,0.31996017871017873,0.11358290222222223
warm_nv,0.5,10,10,50,456,44,0.8428571428571429,0.38699999999999996,0.07200000000000001,0.2901659451659452,0.11892779022222222
warm_nv,0.5,10,10,50,456,45,1.0,0.3340000000000001,0.03,0.3914213564213564,0.11814646598518522
warm_nv,0.5,10,10,50,456,46,1.125,0.4160000000000001,0.03,0.3286435786435786,0.11198948286419752
warm_nv,0.5,10,10,50,456,47,1.0,0.42200000000000004,0.041999999999999996,0.31245129870129873,0.11181916074074076
warm_nv,0.5,10,10,50,456,48,0.9433962264150944,0.35400000000000004,0.036,0.34863386613386615,0.10963702222222224
warm_nv,0.5,10,10,50,456,49,1.3958333333333333,0.46500000000000014,0.06000000000000001,0.25517676767676767,0.10918941644444444
warm_nv,1.0,10,10,50,456,0,1.0333333333333334,0.441,0.041999999999999996,0.2794101731601732,0.10000000000000002
warm_nv,1.0,10,10,50,456,1,1.0,0.372,0.03,0.31065836940836944,0.10000000000000002
warm_nv,1.0,10,10,50,456,2,0.8208955223880597,0.36500000000000005,0.06600000000000002,0.28282994782994775,0.10000000000000002
warm_nv,1.0,10,10,50,456,3,1.0,0.42000000000000004,0.06000000000000001,0.31545815295815294,0.10000000000000002
warm_nv,1.0,10,10,50,456,4,1.0588235294117647,0.38499999999999995,0.06000000000000001,0.28187950937950934,0.10000000000000002
warm_nv,1.0,10,10,50,456,5,1.0,0.37600000000000006,0.07200000000000002,0.2810135697635697,0.10000000000000002
warm_nv,1.0,10,10,50,456,6,1.0363636363636364,0.39999999999999997,0.041999999999999996,0.2932882395382395,0.10000000000000002
warm_nv,1.0,10,10,50,456,7,0.7894736842105263,0.363,0.03,0.35849567099567103,0.10000000000000002
warm_nv,1.0,10,10,50,456,8,0.8392857142857143,0.336,0.054000000000000006,0.31012445887445883,0.10000000000000002
warm_nv,1.0,10,10,50,456,9,0.828125,0.381,0.054000000000000006,0.30262445887445893,0.10000000000000002
warm_nv,1.0,10,10,50,456,10,0.9047619047619048,0.4,0.054000000000000006,0.27822982572982574,0.10000000000000002
warm_nv,1.0,10,10,50,456,11,1.0153846153846153,0.47800000000000004,0.036,0.24577200577200572,0.10000000000000002
warm_nv,1.0,10,10,50,456,12,1.2037037037037037,0.45500000000000007,0.054000000000000006,0.2520447607947608,0.10000000000000002
warm_nv,1.0,10,10,50,456,13,1.1296296296296295,0.421,0.024,0.2973519536019536,0.10000000000000002
warm_nv,1.0,10,10,50,456,14,0.7083333333333334,0.37,0.06600000000000002,0.28554334554334554,0.10000000000000002
warm_nv,1.0,10,10,50,456,15,0.9516129032258065,0.4119999999999999,0.06600000000000002,0.28703754578754576,0.10000000000000002
warm_nv,1.0,10,10,50,456,16,1.1818181818181819,0.41600000000000004,0.054000000000000006,0.2516268453768454,0.10000000000000002
warm_nv,1.0,10,10,50,456,17,0.9375,0.42400000000000004,0.03,0.30383658008658004,0.10000000000000002
warm_nv,1.0,10,10,50,456,18,1.1851851851851851,0.45299999999999996,0.078,0.2420815295815296,0.10000000000000002
warm_nv,1.0,10,10,50,456,19,0.819672131147541,0.374,0.06600000000000002,0.2946843434343434,0.10000000000000002
warm_nv,1.0,10,10,50,456,20,0.7941176470588235,0.3790000000000001,0.036,0.2988929126429126,0.10000000000000002
warm_nv,1.0,10,10,50,456,21,1.1016949152542372,0.41200000000000003,0.036,0.29693001443001443,0.10000000000000002
warm_nv,1.0,10,10,50,456,22,1.1320754716981132,0.425,0.054000000000000006,0.2769015706515706,0.10000000000000002
warm_nv,1.0,10,10,50,456,23,0.7272727272727273,0.332,0.054000000000000006,0.3522763347763348,0.10000000000000002
warm_nv,1.0,10,10,50,456,24,1.0566037735849056,0.388,0.018,0.30199245199245195,0.10000000000000002
warm_nv,1.0,10,10,50,456,25,1.0555555555555556,0.421,0.054000000000000006,0.3019696969696969,0.10000000000000002
warm_nv,1.0,10,10,50,456,26,0.9166666666666666,0.394,0.03,0.28830808080808085,0.10000000000000002
warm_nv,1.0,10,10,50,456,27,0.8979591836734694,0.2859999999999999,0.048,0.33571567321567314,0.10000000000000002
warm_nv,1.0,10,10,50,456,28,1.2553191489361701,0.421,0.06600000000000002,0.2716629204129204,0.10000000000000002
warm_nv,1.0,10,10,50,456,29,0.9666666666666667,0.34800000000000003,0.054000000000000006,0.30454295704295703,0.10000000000000002
warm_nv,1.0,10,10,50,456,30,0.9215686274509803,0.295,0.06600000000000002,0.3347496947496947,0.10000000000000002
warm_nv,1.0,10,10,50,456,31,1.0163934426229508,0.41900000000000004,0.041999999999999996,0.26629481629481633,0.10000000000000002
warm_nv,1.0,10,10,50,456,32,0.819672131147541,0.34600000000000014,0.06000000000000001,0.3364015151515152,0.10000000000000002
warm_nv,1.0,10,10,50,456,33,1.1929824561403508,0.488,0.041999999999999996,0.2525725663225663,0.10000000000000002
warm_nv,1.0,10,10,50,456,34,0.9285714285714286,0.3370000000000001,0.018,0.34850108225108223,0.10000000000000002
warm_nv,1.0,10,10,50,456,35,0.9310344827586207,0.378,0.07800000000000003,0.2747709235209235,0.10000000000000002
warm_nv,1.0,10,10,50,456,36,1.0158730158730158,0.44899999999999995,0.048,0.27812229437229435,0.10000000000000002
warm_nv,1.0,10,10,50,456,37,0.9622641509433962,0.36900000000000005,0.054000000000000006,0.31448759573759577,0.10000000000000002
warm_nv,1.0,10,10,50,456,38,1.0545454545454545,0.41600000000000004,0.018,0.2804689754689754,0.10000000000000002
warm_nv,1.0,10,10,50,456,39,0.6621621621621622,0.339,0.06599999999999999,0.31511904761904763,0.10000000000000002
warm_nv,1.0,10,10,50,456,40,0.7361111111111112,0.32300000000000006,0.041999999999999996,0.3109607059607059,0.10000000000000002
warm_nv,1.0,10,10,50,456,41,0.9830508474576272,0.4149999999999999,0.06000000000000001,0.2634901209901209,0.10000000000000002
warm_nv,1.0,10,10,50,456,42,0.9384615384615385,0.43400000000000005,0.048,0.2572202797202797,0.10000000000000002
warm_nv,1.0,10,10,50,456,43,1.0344827586206897,0.44600000000000006,0.09000000000000001,0.24815656565656563,0.10000000000000002
warm_nv,1.0,10,10,50,456,44,0.7714285714285715,0.3549999999999999,0.03,0.3271626984126984,0.10000000000000002
warm_nv,1.0,10,10,50,456,45,1.297872340425532,0.406,0.06600000000000002,0.290232683982684,0.10000000000000002
warm_nv,1.0,10,10,50,456,46,1.0,0.36100000000000004,0.066,0.2854760517260517,0.10000000000000002
warm_nv,1.0,10,10,50,456,47,0.8524590163934426,0.358,0.054000000000000006,0.30648074148074145,0.10000000000000002
warm_nv,1.0,10,10,50,456,48,1.0188679245283019,0.4050000000000001,0.024,0.3356872294372294,0.10000000000000002
warm_nv,1.0,10,10,50,456,49,1.1875,0.35,0.054000000000000006,0.32176226551226544,0.10000000000000002
warm_high,0.0,10,10,50,456,0,0.15,0.06200000000000001,0.0,0.823511904761905,0.5
warm_high,0.0,10,10,50,456,1,0.3559322033898305,0.12100000000000004,0.006,0.7151190476190477,0.3511525977366256
warm_high,0.0,10,10,50,456,2,0.5671641791044776,0.26099999999999995,0.012,0.5271626984126984,0.27295259849076625
warm_high,0.0,10,10,50,456,3,0.576271186440678,0.22999999999999998,0.0,0.5365079365079366,0.22046025496138544
warm_high,0.0,10,10,50,456,4,0.8823529411764706,0.30100000000000005,0.006,0.4334661172161173,0.19087891123327277
warm_high,0.0,10,10,50,456,5,0.6481481481481481,0.257,0.018,0.5159722222222223,0.17200619576554677
warm_high,0.0,10,10,50,456,6,0.8181818181818182,0.30000000000000004,0.036,0.4351443001443001,0.1406872694895849
warm_high,0.0,10,10,50,456,7,0.8070175438596491,0.35600000000000004,0.036,0.34945887445887447,0.12476386456789959
warm_high,0.0,10,10,50,456,8,0.8571428571428571,0.32199999999999995,0.03,0.3844715007215007,0.12068537054340563
warm_high,0.0,10,10,50,456,9,0.734375,0.3329999999999999,0.041999999999999996,0.3689285714285714,0.11394604706127132
warm_high,0.0,10,10,50,456,10,0.7619047619047619,0.32999999999999996,0.066,0.35701465201465193,0.12194116703706108
warm_high,0.0,10,10,50,456,11,0.6615384615384615,0.321,0.03,0.3863358863358863,0.12836446431913723
warm_high,0.0,10,10,50,456,12,0.8703703703703703,0.31300000000000006,0.06000000000000001,0.3933784271284271,0.12122476613201447
warm_high,0.0,10,10,50,456,13,0.8333333333333334,0.32699999999999996,0.041999999999999996,0.38588023088023093,0.1321795979800252
warm_high,0.0,10,10,50,456,14,0.6805555555555556,0.3410000000000001,0.036,0.35007936507936505,0.13958004612574343
warm_high,0.0,10,10,50,456,15,0.9354838709677419,0.4240000000000001,0.024,0.354963924963925,0.13779142184522034
warm_high,0.0,10,10,50,456,16,1.1272727272727272,0.417,0.041999999999999996,0.35787698412698415,0.1374274217396994
warm_high,0.0,10,10,50,456,17,0.84375,0.33999999999999997,0.041999999999999996,0.33796800421800427,0.12933716274423135
warm_high,0.0,10,10,50,456,18,0.8518518518518519,0.31,0.03,0.4304635642135642,0.14086109859447155
warm_high,0.0,10,10,50,456,19,0.8360655737704918,0.366,0.036,0.3631739094239094,0.1422879350035606
warm_high,0.0,10,10,50,456,20,0.7352941176470589,0.37300000000000005,0.024,0.3694246031746032,0.13482619369941456
warm_high,0.0,10,10,50,456,21,0.864406779661017,0.33299999999999996,0.06600000000000002,0.35744089244089244,0.1270539740435797
warm_high,0.0,10,10,50,456,22,0.9622641509433962,0.317,0.024,0.39730339105339096,0.1377024053083827
warm_high,0.0,10,10,50,456,23,0.8939393939393939,0.34800000000000003,0.03,0.35624999999999996,0.13506475022222897
warm_high,0.0,10,10,50,456,24,0.9056603773584906,0.3350000000000001,0.048,0.3575595238095238,0.1415215547876442
warm_high,0.0,10,10,50,456,25,0.8333333333333334,0.3229999999999999,0.06000000000000001,0.3860814185814186,0.13131447875388313
warm_high,0.0,10,10,50,456,26,0.9,0.39899999999999997,0.03,0.363015873015873,0.12278673834525278
warm_high,0.0,10,10,50,456,27,0.9387755102040817,0.31999999999999995,0.041999999999999996,0.37208125208125203,0.12799229154301633
warm_high,0.0,10,10,50,456,28,1.2553191489361701,0.4029999999999999,0.024,0.30162504162504156,0.1216344598957643
warm_high,0.0,10,10,50,456,29,1.05,0.45200000000000007,0.048,0.3065433177933177,0.13650441029901858
warm_high,0.0,10,10,50,456,30,1.0,0.377,0.036,0.34613095238095243,0.12823216537714507
warm_high,0.0,10,10,50,456,31,0.8524590163934426,0.3630000000000001,0.048,0.3295670995670995,0.12491095595696719
warm_high,0.0,10,10,50,456,32,0.8360655737704918,0.36100000000000004,0.018,0.3867063492063492,0.1397906782088571
warm_high,0.0,10,10,50,456,33,1.0175438596491229,0.396,0.03,0.3336958874458874,0.14411443604713264
warm_high,0.0,10,10,50,456,34,0.8571428571428571,0.31800000000000006,0.018,0.40278138528138524,0.13314978211491704
warm_high,0.0,10,10,50,456,35,0.7586206896551724,0.292,0.084,0.3543416305916306,0.12875994782052483
warm_high,0.0,10,10,50,456,36,0.7777777777777778,0.35900000000000004,0.041999999999999996,0.37,0.1449775304957271
warm_high,0.0,10,10,50,456,37,1.0,0.352,0.036,0.3780716505716506,0.1501710248900146
warm_high,0.0,10,10,50,456,38,0.7454545454545455,0.307,0.036,0.4179419191919192,0.14412919912172614
warm_high,0.0,10,10,50,456,39,0.5540540540540541,0.31700000000000006,0.041999999999999996,0.39885642135642135,0.1484494553754042
warm_high,0.0,10,10,50,456,40,0.6388888888888888,0.31499999999999995,0.03,0.35302350427350426,0.1336368443351334
warm_high,0.0,10,10,50,456,41,0.7796610169491526,0.31599999999999995,0.041999999999999996,0.40746933621933623,0.13923125250635995
warm_high,0.0,10,10,50,456,42,0.6153846153846154,0.2799999999999999,0.036,0.445681818181818,0.14117879170441788
warm_high,0.0,10,10,50,456,43,1.0,0.403,0.036,0.3418727106227106,0.11894890486652687
warm_high,0.0,10,10,50,456,44,0.6285714285714286,0.3339999999999999,0.0,0.3716360028860029,0.12116852160086626
warm_high,0.0,10,10,50,456,45,1.0851063829787233,0.33399999999999996,0.054000000000000006,0.35877525252525255,0.12853757318875242
warm_high,0.0,10,10,50,456,46,1.0714285714285714,0.38500000000000006,0.036,0.35074536574536574,0.1262035349284076
warm_high,0.0,10,10,50,456,47,0.9344262295081968,0.422,0.036,0.317252886002886,0.12529181713049334
warm_high,0.0,10,10,50,456,48,1.0,0.42000000000000004,0.041999999999999996,0.3409163059163059,0.13058897790849222
warm_high,0.0,10,10,50,456,49,0.875,0.253,0.041999999999999996,0.42027777777777775,0.1390891398772524
warm_high,0.1,10,10,50,456,0,0.1,0.030000000000000006,0.0,0.8727976190476191,0.5
warm_high,0.1,10,10,50,456,1,0.423728813559322,0.14700000000000002,0.0,0.7032539682539681,0.33946005158321907
warm_high,0.1,10,10,50,456,2,0.4626865671641791,0.21000000000000005,0.006,0.6222023809523809,0.2648935469393667
warm_high,0.1,10,10,50,456,3,0.6101694915254238,0.26400000000000007,0.012,0.5918650793650793,0.24957123257614494
warm_high,0.1,10,10,50,456,4,0.7647058823529411,0.27499999999999997,0.0,0.5755753968253967,0.23751790104390422
warm_high,0.1,10,10,50,456,5,0.5740740740740741,0.20500000000000002,0.006,0.6848214285714287,0.2640717810910241
warm_high,0.1,10,10,50,456,6,0.43636363636363634,0.154,0.018,0.6760912698412699,0.2858584140426432
warm_high,0.1,10,10,50,456,7,0.45614035087719296,0.184,0.018,0.5895039682539683,0.2600623939413941
warm_high,0.1,10,10,50,456,8,0.5357142857142857,0.21200000000000002,0.018,0.6048809523809523,0.2812417128614719
warm_high,0.1,10,10,50,456,9,0.390625,0.181,0.012,0.6427380952380951,0.25973339919516886
warm_high,0.1,10,10,50,456,10,0.38095238095238093,0.16500000000000004,0.006,0.6635119047619048,0.3051255725670314
warm_high,0.1,10,10,50,456,11,0.35384615384615387,0.129,0.006,0.6956944444444445,0.3161309160364302
warm_high,0.1,10,10,50,456,12,0.5,0.15400000000000003,0.012,0.6541558441558443,0.2662287792900852
warm_high,0.1,10,10,50,456,13,0.46296296296296297,0.14800000000000005,0.006,0.6590133477633477,0.2557686557642115
warm_high,0.1,10,10,50,456,14,0.2638888888888889,0.11399999999999999,0.018,0.7163095238095238,0.2802526360099745
warm_high,0.1,10,10,50,456,15,0.5161290322580645,0.20500000000000002,0.012,0.6640963203463204,0.28357577231819164
warm_high,0.1,10,10,50,456,16,0.4,0.132,0.006,0.6583566433566432,0.2665908635264457
warm_high,0.1,10,10,50,456,17,0.3125,0.14300000000000002,0.006,0.7382792207792208,0.28303789498246523
warm_high,0.1,10,10,50,456,18,0.6481481481481481,0.21400000000000005,0.018,0.5948015873015874,0.27406733026497715
warm_high,0.1,10,10,50,456,19,0.6229508196721312,0.26299999999999996,0.006,0.5468921356421357,0.24811202801035748
warm_high,0.1,10,10,50,456,20,0.5147058823529411,0.238,0.006,0.6026244588744588,0.2477088769745052
warm_high,0.1,10,10,50,456,21,0.3728813559322034,0.14500000000000002,0.024,0.6281746031746032,0.28302245177902813
warm_high,0.1,10,10,50,456,22,0.39622641509433965,0.14000000000000007,0.018,0.6896825396825397,0.32699076041190367
warm_high,0.1,10,10,50,456,23,0.45454545454545453,0.21400000000000005,0.006,0.6272799422799421,0.28895369722916725
warm_high,0.1,10,10,50,456,24,0.4716981132075472,0.17,0.024,0.6283351370851371,0.28656868663874513
warm_high,0.1,10,10,50,456,25,0.2777777777777778,0.08900000000000001,0.012,0.7575270562770564,0.31083059599915147
warm_high,0.1,10,10,50,456,26,0.4,0.169,0.006,0.6877991452991453,0.30496127052328953
warm_high,0.1,10,10,50,456,27,0.8163265306122449,0.2759999999999999,0.006,0.5804563492063493,0.2673994625114213
warm_high,0.1,10,10,50,456,28,0.5957446808510638,0.201,0.0,0.577440476190476,0.26624108669476687
warm_high,0.1,10,10,50,456,29,0.43333333333333335,0.191,0.012,0.5952435064935065,0.2692077589494001
warm_high,0.1,10,10,50,456,30,0.5882352941176471,0.194,0.018,0.5756403318903318,0.2527827838423805
warm_high,0.1,10,10,50,456,31,0.4426229508196721,0.15700000000000003,0.012,0.603264652014652,0.24240444950681378
warm_high,0.1,10,10,50,456,32,0.47540983606557374,0.185,0.0,0.6131547619047619,0.25483959944674967
warm_high,0.1,10,10,50,456,33,0.38596491228070173,0.14000000000000004,0.006,0.6909325396825398,0.3111757103605053
warm_high,0.1,10,10,50,456,34,0.375,0.12100000000000002,0.006,0.7171626984126985,0.2903068274069656
warm_high,0.1,10,10,50,456,35,0.39655172413793105,0.15000000000000002,0.006,0.7019841269841269,0.2821540781271298
warm_high,0.1,10,10,50,456,36,0.5079365079365079,0.21400000000000005,0.0,0.6022222222222221,0.23359299607118983
warm_high,0.1,10,10,50,456,37,0.6792452830188679,0.21900000000000003,0.018,0.5946554834054834,0.22946686086433932
warm_high,0.1,10,10,50,456,38,0.6363636363636364,0.257,0.012,0.5981349206349205,0.29006703266937767
warm_high,0.1,10,10,50,456,39,0.36486486486486486,0.178,0.012,0.6442857142857142,0.2898820647180968
warm_high,0.1,10,10,50,456,40,0.3888888888888889,0.18100000000000005,0.0,0.6997619047619046,0.2957032660351454
warm_high,0.1,10,10,50,456,41,0.4745762711864407,0.17900000000000002,0.018,0.6418849206349206,0.32273366935834497
warm_high,0.1,10,10,50,456,42,0.4461538461538462,0.178,0.012,0.6643055555555557,0.27687937428081777
warm_high,0.1,10,10,50,456,43,0.46551724137931033,0.17000000000000004,0.012,0.6910912698412698,0.3049336162749034
warm_high,0.1,10,10,50,456,44,0.35714285714285715,0.14900000000000002,0.012,0.6757738095238095,0.3059264074759458
warm_high,0.1,10,10,50,456,45,0.5531914893617021,0.176,0.006,0.6539123376623376,0.25562816857012105
warm_high,0.1,10,10,50,456,46,0.6785714285714286,0.26599999999999996,0.018,0.5682700632700634,0.29606123945147456
warm_high,0.1,10,10,50,456,47,0.4098360655737705,0.16700000000000004,0.012,0.6385443722943723,0.26494014033060126
warm_high,0.1,10,10,50,456,48,0.5660377358490566,0.20800000000000002,0.0,0.6722023809523809,0.2826801005951713
warm_high,0.1,10,10,50,456,49,0.7083333333333334,0.21700000000000003,0.0,0.6677777777777778,0.2962814767300649
warm_high,0.3,10,10,50,456,0,0.15,0.048,0.006,0.8582142857142857,0.5
warm_high,0.3,10,10,50,456,1,0.23728813559322035,0.08,0.0,0.8283333333333335,0.3983751286008231
warm_high,0.3,10,10,50,456,2,0.2537313432835821,0.095,0.0,0.7950595238095237,0.3445847253098989
warm_high,0.3,10,10,50,456,3,0.23728813559322035,0.07600000000000001,0.0,0.7542261904761903,0.3420183145059678
warm_high,0.3,10,10,50,456,4,0.39215686274509803,0.123,0.0,0.727638888888889,0.3356816707997833
warm_high,0.3,10,10,50,456,5,0.37037037037037035,0.12300000000000003,0.012,0.7540476190476191,0.3580976417086367
warm_high,0.3,10,10,50,456,6,0.36363636363636365,0.12600000000000003,0.0,0.8017857142857142,0.3500895592038652
warm_high,0.3,10,10,50,456,7,0.2807017543859649,0.10700000000000001,0.006,0.7928787878787882,0.3404704237613617
warm_high,0.3,10,10,50,456,8,0.375,0.15000000000000002,0.012,0.7040476190476191,0.33441551067033165
warm_high,0.3,10,10,50,456,9,0.40625,0.15900000000000003,0.0,0.6804761904761906,0.3206480175072729
warm_high,0.3,10,10,50,456,10,0.3333333333333333,0.12500000000000003,0.0,0.7257738095238095,0.3432808083007463
warm_high,0.3,10,10,50,456,11,0.2923076923076923,0.12900000000000006,0.006,0.7401785714285714,0.36775230032875456
warm_high,0.3,10,10,50,456,12,0.2777777777777778,0.08700000000000001,0.0,0.7801785714285716,0.375176051698224
warm_high,0.3,10,10,50,456,13,0.35185185185185186,0.11700000000000003,0.006,0.742420634920635,0.37068453783694083
warm_high,0.3,10,10,50,456,14,0.2361111111111111,0.096,0.0,0.7288095238095238,0.32818894680642335
warm_high,0.3,10,10,50,456,15,0.20967741935483872,0.07500000000000001,0.006,0.8148214285714286,0.3457243273734225
warm_high,0.3,10,10,50,456,16,0.4,0.127,0.0,0.7324603174603175,0.3005278054752616
warm_high,0.3,10,10,50,456,17,0.375,0.13700000000000004,0.012,0.7061309523809525,0.35620016692545575
warm_high,0.3,10,10,50,456,18,0.2962962962962963,0.099,0.006,0.7735714285714287,0.3610710647818979
warm_high,0.3,10,10,50,456,19,0.26229508196721313,0.08100000000000002,0.012,0.7540476190476192,0.34440555338877943
warm_high,0.3,10,10,50,456,20,0.19117647058823528,0.08599999999999997,0.0,0.8179166666666667,0.34197045690509664
warm_high,0.3,10,10,50,456,21,0.4406779661016949,0.17500000000000004,0.006,0.7019047619047619,0.3383434766139007
warm_high,0.3,10,10,50,456,22,0.41509433962264153,0.136,0.0,0.7758333333333334,0.3499075268436872
warm_high,0.3,10,10,50,456,23,0.3484848484848485,0.12000000000000004,0.0,0.7606944444444446,0.36332913481414797
warm_high,0.3,10,10,50,456,24,0.4528301886792453,0.11900000000000002,0.0,0.688809523809524,0.3491973623706629
warm_high,0.3,10,10,50,456,25,0.4444444444444444,0.15200000000000002,0.0,0.7311904761904761,0.3494701916679767
warm_high,0.3,10,10,50,456,26,0.3333333333333333,0.12700000000000003,0.0,0.7550793650793652,0.34473227473052226
warm_high,0.3,10,10,50,456,27,0.40816326530612246,0.11100000000000003,0.006,0.7309126984126983,0.3600021205556402
warm_high,0.3,10,10,50,456,28,0.2765957446808511,0.075,0.006,0.8028968253968255,0.34537955375363893
warm_high,0.3,10,10,50,456,29,0.3,0.10500000000000001,0.0,0.8121428571428572,0.35489504478470746
warm_high,0.3,10,10,50,456,30,0.5490196078431373,0.18200000000000002,0.006,0.6792460317460317,0.34042485893766605
warm_high,0.3,10,10,50,456,31,0.32786885245901637,0.136,0.0,0.756547619047619,0.35758245136515365
warm_high,0.3,10,10,50,456,32,0.3442622950819672,0.14100000000000001,0.006,0.7201406926406927,0.3287973827930141
warm_high,0.3,10,10,50,456,33,0.3684210526315789,0.11100000000000003,0.006,0.6654166666666667,0.3318077604602463
warm_high,0.3,10,10,50,456,34,0.25,0.082,0.0,0.7523809523809525,0.36645060236322885
warm_high,0.3,10,10,50,456,35,0.3275862068965517,0.13900000000000004,0.0,0.722420634920635,0.35890725950565755
warm_high,0.3,10,10,50,456,36,0.30158730158730157,0.127,0.0,0.7700000000000001,0.3571833493809796
warm_high,0.3,10,10,50,456,37,0.37735849056603776,0.12899999999999998,0.0,0.7676190476190478,0.3764136493788065
warm_high,0.3,10,10,50,456,38,0.2909090909090909,0.08600000000000001,0.0,0.7295238095238095,0.37314209079153654
warm_high,0.3,10,10,50,456,39,0.22972972972972974,0.10800000000000001,0.0,0.7406547619047619,0.36898603835183064
warm_high,0.3,10,10,50,456,40,0.2638888888888889,0.095,0.0,0.7870833333333331,0.35701467709698087
warm_high,0.3,10,10,50,456,41,0.3559322033898305,0.11800000000000002,0.0,0.7792261904761904,0.3430153032265848
warm_high,0.3,10,10,50,456,42,0.2923076923076923,0.11100000000000002,0.0,0.7993650793650794,0.3461148385537119
warm_high,0.3,10,10,50,456,43,0.39655172413793105,0.15100000000000005,0.006,0.7039285714285715,0.3594864974699443
warm_high,0.3,10,10,50,456,44,0.3,0.128,0.0,0.7293055555555555,0.3595724445702519
warm_high,0.3,10,10,50,456,45,0.48936170212765956,0.13199999999999998,0.0,0.7581150793650795,0.33656671833654583
warm_high,0.3,10,10,50,456,46,0.3392857142857143,0.144,0.0,0.7727380952380953,0.34203993860577253
warm_high,0.3,10,10,50,456,47,0.19672131147540983,0.06700000000000002,0.0,0.8359523809523809,0.3380289417080071
warm_high,0.3,10,10,50,456,48,0.3018867924528302,0.11300000000000003,0.006,0.7989880952380953,0.3283869735646199
warm_high,0.3,10,10,50,456,49,0.4166666666666667,0.10700000000000001,0.0,0.7577976190476191,0.3614723687928768
warm_high,0.5,10,10,50,456,0,0.13333333333333333,0.044,0.0,0.89,0.5
warm_high,0.5,10,10,50,456,1,0.2542372881355932,0.083,0.0,0.8089285714285713,0.4108015046296297
warm_high,0.5,10,10,50,456,2,0.26865671641791045,0.10600000000000005,0.0,0.804404761904762,0.39345441616814003
warm_high,0.5,10,10,50,456,3,0.23728813559322035,0.09,0.006,0.7823809523809524,0.3913613999679664
warm_high,0.5,10,10,50,456,4,0.4117647058823529,0.12800000000000003,0.006,0.7614285714285717,0.40320158283275565
warm_high,0.5,10,10,50,456,5,0.24074074074074073,0.06200000000000001,0.0,0.8080952380952382,0.3997703235688771
warm_high,0.5,10,10,50,456,6,0.21818181818181817,0.08000000000000003,0.0,0.820059523809524,0.41760626366549136
warm_high,0.5,10,10,50,456,7,0.21052631578947367,0.07400000000000002,0.0,0.8076190476190476,0.39868119756163806
warm_high,0.5,10,10,50,456,8,0.25,0.08200000000000002,0.0,0.8450000000000001,0.4081532164998249
warm_high,0.5,10,10,50,456,9,0.21875,0.07000000000000002,0.0,0.7689880952380952,0.387819976138735
warm_high,0.5,10,10,50,456,10,0.2222222222222222,0.08800000000000001,0.0,0.8209523809523809,0.3828492879933856
warm_high,0.5,10,10,50,456,11,0.27692307692307694,0.11100000000000002,0.0,0.7777777777777778,0.40390024282481435
warm_high,0.5,10,10,50,456,12,0.37037037037037035,0.10900000000000003,0.0,0.7630952380952383,0.3999356987363022
warm_high,0.5,10,10,50,456,13,0.2777777777777778,0.12700000000000003,0.0,0.8089285714285716,0.40302900414349746
warm_high,0.5,10,10,50,456,14,0.1388888888888889,0.045000000000000005,0.0,0.8185714285714287,0.4108134668339206
warm_high,0.5,10,10,50,456,15,0.22580645161290322,0.10800000000000001,0.0,0.7948214285714286,0.36631770476487924
warm_high,0.5,10,10,50,456,16,0.23636363636363636,0.069,0.0,0.8202976190476189,0.3899641405523313
warm_high,0.5,10,10,50,456,17,0.265625,0.088,0.0,0.804920634920635,0.38257775433378827
warm_high,0.5,10,10,50,456,18,0.2777777777777778,0.07100000000000001,0.0,0.8047023809523809,0.39805212903926973
warm_high,0.5,10,10,50,456,19,0.18032786885245902,0.059,0.0,0.8043452380952383,0.40812165784159865
warm_high,0.5,10,10,50,456,20,0.17647058823529413,0.07900000000000001,0.0,0.8116666666666668,0.40903247388842157
warm_high,0.5,10,10,50,456,21,0.2033898305084746,0.06299999999999999,0.0,0.8707142857142859,0.40435477751816434
warm_high,0.5,10,10,50,456,22,0.33962264150943394,0.10700000000000001,0.0,0.7989880952380953,0.40042545526609785
warm_high,0.5,10,10,50,456,23,0.22727272727272727,0.10400000000000001,0.0,0.8523809523809524,0.3867335041957912
warm_high,0.5,10,10,50,456,24,0.2641509433962264,0.07500000000000001,0.0,0.7748214285714285,0.39692313434548193
warm_high,0.5,10,10,50,456,25,0.35185185185185186,0.11599999999999999,0.0,0.765873015873016,0.39058712856252686
warm_high,0.5,10,10,50,456,26,0.13333333333333333,0.039999999999999994,0.006,0.8917857142857141,0.3922201641495044
warm_high,0.5,10,10,50,456,27,0.22448979591836735,0.07,0.0,0.8205952380952383,0.3914720127193432
warm_high,0.5,10,10,50,456,28,0.2765957446808511,0.07300000000000001,0.006,0.758560606060606,0.4191768830365946
warm_high,0.5,10,10,50,456,29,0.18333333333333332,0.042,0.0,0.8167261904761907,0.395481363982474
warm_high,0.5,10,10,50,456,30,0.27450980392156865,0.07500000000000001,0.0,0.7803246753246753,0.4041130505210093
warm_high,0.5,10,10,50,456,31,0.14754098360655737,0.065,0.0,0.7978174603174605,0.39380819385291777
warm_high,0.5,10,10,50,456,32,0.18032786885245902,0.05700000000000001,0.006,0.8121428571428572,0.3745512438527141
warm_high,0.5,10,10,50,456,33,0.3157894736842105,0.11300000000000002,0.0,0.7754166666666668,0.3948404476339634
warm_high,0.5,10,10,50,456,34,0.26785714285714285,0.092,0.0,0.7290476190476192,0.40601975680630675
warm_high,0.5,10,10,50,456,35,0.15517241379310345,0.051000000000000004,0.0,0.8609523809523811,0.41546639049308753
warm_high,0.5,10,10,50,456,36,0.25396825396825395,0.10400000000000001,0.0,0.8275,0.41049628052799425
warm_high,0.5,10,10,50,456,37,0.2830188679245283,0.07899999999999999,0.0,0.8441071428571428,0.4105053194209599
warm_high,0.5,10,10,50,456,38,0.3090909090909091,0.09,0.0,0.7678571428571428,0.4067598687029886
warm_high,0.5,10,10,50,456,39,0.1891891891891892,0.082,0.0,0.8233333333333335,0.4084404504670619
warm_high,0.5,10,10,50,456,40,0.19444444444444445,0.07400000000000002,0.0,0.8133928571428571,0.4004876872729873
warm_high,0.5,10,10,50,456,41,0.3050847457627119,0.11900000000000002,0.0,0.7964285714285715,0.4042924947756467
warm_high,0.5,10,10,50,456,42,0.23076923076923078,0.06900000000000002,0.0,0.8145238095238098,0.4101745902535659
warm_high,0.5,10,10,50,456,43,0.25862068965517243,0.089,0.006,0.7771428571428571,0.40036574027862903
warm_high,0.5,10,10,50,456,44,0.3142857142857143,0.12800000000000003,0.0,0.7267261904761904,0.4019461506366172
warm_high,0.5,10,10,50,456,45,0.2978723404255319,0.088,0.0,0.8464285714285715,0.4154235618687485
warm_high,0.5,10,10,50,456,46,0.23214285714285715,0.06999999999999999,0.006,0.8473214285714287,0.41103391666429634
warm_high,0.5,10,10,50,456,47,0.22950819672131148,0.07000000000000002,0.0,0.7957142857142857,0.39564628819051734
warm_high,0.5,10,10,50,456,48,0.32075471698113206,0.09100000000000001,0.0,0.7659523809523809,0.39207614675489544
warm_high,0.5,10,10,50,456,49,0.2708333333333333,0.086,0.0,0.8084325396825397,0.3802178137338911
warm_high,1.0,10,10,50,456,0,0.16666666666666666,0.053000000000000005,0.0,0.8578571428571428,0.5
warm_high,1.0,10,10,50,456,1,0.22033898305084745,0.05600000000000001,0.0,0.8637500000000001,0.5
warm_high,1.0,10,10,50,456,2,0.16417910447761194,0.06100000000000001,0.0,0.8407142857142856,0.5
warm_high,1.0,10,10,50,456,3,0.23728813559322035,0.07200000000000001,0.0,0.8542857142857143,0.5
warm_high,1.0,10,10,50,456,4,0.17647058823529413,0.043,0.0,0.9041666666666666,0.5
warm_high,1.0,10,10,50,456,5,0.12962962962962962,0.038,0.0,0.8950000000000001,0.5
warm_high,1.0,10,10,50,456,6,0.14545454545454545,0.032999999999999995,0.0,0.8995238095238095,0.5
warm_high,1.0,10,10,50,456,7,0.15789473684210525,0.045,0.0,0.8476190476190476,0.5
warm_high,1.0,10,10,50,456,8,0.26785714285714285,0.084,0.0,0.8411904761904763,0.5
warm_high,1.0,10,10,50,456,9,0.21875,0.062,0.0,0.8264285714285714,0.5
warm_high,1.0,10,10,50,456,10,0.19047619047619047,0.054000000000000006,0.0,0.8716666666666668,0.5
warm_high,1.0,10,10,50,456,11,0.12307692307692308,0.033999999999999996,0.0,0.8552380952380954,0.5
warm_high,1.0,10,10,50,456,12,0.16666666666666666,0.046,0.0,0.8902380952380954,0.5
warm_high,1.0,10,10,50,456,13,0.18518518518518517,0.047,0.0,0.841011904761905,0.5
warm_high,1.0,10,10,50,456,14,0.09722222222222222,0.03600000000000001,0.0,0.8848214285714286,0.5
warm_high,1.0,10,10,50,456,15,0.14516129032258066,0.047999999999999994,0.0,0.8591666666666669,0.5
warm_high,1.0,10,10,50,456,16,0.16363636363636364,0.046,0.0,0.8805357142857144,0.5
warm_high,1.0,10,10,50,456,17,0.109375,0.039,0.0,0.9000793650793651,0.5
warm_high,1.0,10,10,50,456,18,0.16666666666666666,0.043,0.0,0.8730952380952383,0.5
warm_high,1.0,10,10,50,456,19,0.13114754098360656,0.036,0.0,0.8816666666666668,0.5
warm_high,1.0,10,10,50,456,20,0.10294117647058823,0.046,0.0,0.9152380952380954,0.5
warm_high,1.0,10,10,50,456,21,0.15254237288135594,0.05900000000000001,0.0,0.9086904761904762,0.5
warm_high,1.0,10,10,50,456,22,0.1509433962264151,0.039999999999999994,0.0,0.8955952380952381,0.5
warm_high,1.0,10,10,50,456,23,0.22727272727272727,0.078,0.0,0.8424404761904765,0.5
warm_high,1.0,10,10,50,456,24,0.20754716981132076,0.046,0.0,0.8646031746031747,0.5
warm_high,1.0,10,10,50,456,25,0.12962962962962962,0.028999999999999998,0.0,0.8880952380952383,0.5
warm_high,1.0,10,10,50,456,26,0.13333333333333333,0.032,0.0,0.8776190476190477,0.5
warm_high,1.0,10,10,50,456,27,0.22448979591836735,0.062,0.0,0.8611309523809524,0.5
warm_high,1.0,10,10,50,456,28,0.2978723404255319,0.06700000000000002,0.0,0.8270833333333332,0.5
warm_high,1.0,10,10,50,456,29,0.18333333333333332,0.05700000000000001,0.0,0.8772023809523809,0.5
warm_high,1.0,10,10,50,456,30,0.1568627450980392,0.048,0.0,0.9045238095238094,0.5
warm_high,1.0,10,10,50,456,31,0.19672131147540983,0.05700000000000001,0.0,0.8480952380952381,0.5
warm_high,1.0,10,10,50,456,32,0.16393442622950818,0.05700000000000001,0.0,0.8316666666666667,0.5
warm_high,1.0,10,10,50,456,33,0.2807017543859649,0.08299999999999999,0.0,0.8304761904761906,0.5
warm_high,1.0,10,10,50,456,34,0.23214285714285715,0.05200000000000001,0.0,0.8364285714285714,0.5
warm_high,1.0,10,10,50,456,35,0.20689655172413793,0.05900000000000001,0.0,0.8402380952380953,0.5
warm_high,1.0,10,10,50,456,36,0.06349206349206349,0.025,0.0,0.9487500000000001,0.5
warm_high,1.0,10,10,50,456,37,0.1320754716981132,0.037,0.0,0.9028571428571428,0.5
warm_high,1.0,10,10,50,456,38,0.12727272727272726,0.036,0.0,0.9010714285714286,0.5
warm_high,1.0,10,10,50,456,39,0.13513513513513514,0.046,0.0,0.8601785714285715,0.5
warm_high,1.0,10,10,50,456,40,0.19444444444444445,0.074,0.0,0.8307142857142857,0.5
warm_high,1.0,10,10,50,456,41,0.15254237288135594,0.044,0.0,0.8598214285714288,0.5
warm_high,1.0,10,10,50,456,42,0.16923076923076924,0.045000000000000005,0.0,0.8361309523809524,0.5
warm_high,1.0,10,10,50,456,43,0.20689655172413793,0.074,0.0,0.8552380952380952,0.5
warm_high,1.0,10,10,50,456,44,0.08571428571428572,0.032,0.0,0.9057142857142857,0.5
warm_high,1.0,10,10,50,456,45,0.10638297872340426,0.02,0.0,0.8902976190476191,0.5
warm_high,1.0,10,10,50,456,46,0.08928571428571429,0.028999999999999998,0.0,0.921904761904762,0.5
warm_high,1.0,10,10,50,456,47,0.13114754098360656,0.032,0.0,0.8935714285714287,0.5
warm_high,1.0,10,10,50,456,48,0.11320754716981132,0.037,0.0,0.9399404761904762,0.5
warm_high,1.0,10,10,50,456,49,0.20833333333333334,0.04,0.0,0.8908333333333335,0.5
dcf_conv,0.0,10,10,50,456,0,0.7,0.277,0.18000000000000005,0.18232146938029292,nan
dcf_conv,0.0,10,10,50,456,1,0.5932203389830508,0.24200000000000005,0.13200000000000003,0.20474741331939472,nan
dcf_conv,0.0,10,10,50,456,2,0.6417910447761194,0.317,0.15,0.19321803196803197,nan
dcf_conv,0.0,10,10,50,456,3,0.559322033898305,0.24500000000000002,0.12000000000000002,0.21400427187191892,nan
dcf_conv,0.0,10,10,50,456,4,0.5294117647058824,0.196,0.15000000000000002,0.22269169427064167,nan
dcf_conv,0.0,10,10,50,456,5,0.8333333333333334,0.332,0.13800000000000004,0.15973651348651352,nan
dcf_conv,0.0,10,10,50,456,6,0.7454545454545455,0.29400000000000004,0.13800000000000004,0.18093717965041495,nan
dcf_conv,0.0,10,10,50,456,7,0.5614035087719298,0.25599999999999995,0.16200000000000006,0.19176404069786424,nan
dcf_conv,0.0,10,10,50,456,8,0.6428571428571429,0.26799999999999996,0.18000000000000005,0.16522182474388356,nan
dcf_conv,0.0,10,10,50,456,9,0.5625,0.2800000000000001,0.198,0.16954767454767455,nan
dcf_conv,0.0,10,10,50,456,10,0.47619047619047616,0.217,0.14400000000000004,0.2371041376923729,nan
dcf_conv,0.0,10,10,50,456,11,0.46153846153846156,0.21200000000000002,0.15000000000000002,0.22406510156510148,nan
dcf_conv,0.0,10,10,50,456,12,0.7592592592592593,0.29500000000000004,0.13200000000000003,0.18837107337107334,nan
dcf_conv,0.0,10,10,50,456,13,0.5555555555555556,0.23800000000000007,0.18000000000000005,0.1906568431568432,nan
dcf_conv,0.0,10,10,50,456,14,0.4444444444444444,0.23699999999999996,0.16200000000000006,0.20475968475968473,nan
dcf_conv,0.0,10,10,50,456,15,0.5645161290322581,0.266,0.11400000000000002,0.2226123876123876,nan
dcf_conv,0.0,10,10,50,456,16,0.6545454545454545,0.23699999999999996,0.17400000000000002,0.18307532745032745,nan
dcf_conv,0.0,10,10,50,456,17,0.453125,0.176,0.162,0.21951583139083136,nan
dcf_conv,0.0,10,10,50,456,18,0.5740740740740741,0.21199999999999997,0.14400000000000002,0.22472337303219656,nan
dcf_conv,0.0,10,10,50,456,19,0.6229508196721312,0.28300000000000003,0.16800000000000007,0.17063545007623956,nan
dcf_conv,0.0,10,10,50,456,20,0.5441176470588235,0.276,0.168,0.17642662892662894,nan
dcf_conv,0.0,10,10,50,456,21,0.5932203389830508,0.25999999999999995,0.16200000000000006,0.2066478782655253,nan
dcf_conv,0.0,10,10,50,456,22,0.5849056603773585,0.205,0.12600000000000003,0.23880038949698398,nan
dcf_conv,0.0,10,10,50,456,23,0.4696969696969697,0.20500000000000002,0.198,0.19437028657616895,nan
dcf_conv,0.0,10,10,50,456,24,0.6415094339622641,0.24500000000000002,0.15,0.20029466641889243,nan
dcf_conv,0.0,10,10,50,456,25,0.7407407407407407,0.289,0.156,0.19343419652243182,nan
dcf_conv,0.0,10,10,50,456,26,0.5666666666666667,0.23800000000000007,0.12600000000000003,0.21062444091855856,nan
dcf_conv,0.0,10,10,50,456,27,0.5918367346938775,0.17800000000000002,0.16800000000000004,0.22256079296520476,nan
dcf_conv,0.0,10,10,50,456,28,0.723404255319149,0.25700000000000006,0.16800000000000004,0.18225962762727466,nan
dcf_conv,0.0,10,10,50,456,29,0.6333333333333333,0.268,0.12,0.20458947914830267,nan
dcf_conv,0.0,10,10,50,456,30,0.6470588235294118,0.23900000000000002,0.13800000000000004,0.20331890331890334,nan
dcf_conv,0.0,10,10,50,456,31,0.639344262295082,0.27,0.09,0.21909557762498938,nan
dcf_conv,0.0,10,10,50,456,32,0.6229508196721312,0.23400000000000004,0.15000000000000005,0.19010326275032158,nan
dcf_conv,0.0,10,10,50,456,33,0.5087719298245614,0.193,0.18000000000000002,0.19247158672081272,nan
dcf_conv,0.0,10,10,50,456,34,0.625,0.24900000000000003,0.15000000000000005,0.2160624220550691,nan
dcf_conv,0.0,10,10,50,456,35,0.6551724137931034,0.255,0.126,0.2141428057236881,nan
dcf_conv,0.0,10,10,50,456,36,0.5079365079365079,0.213,0.156,0.23057244118970127,nan
dcf_conv,0.0,10,10,50,456,37,0.5849056603773585,0.22799999999999998,0.10200000000000001,0.23758710652093007,nan
dcf_conv,0.0,10,10,50,456,38,0.509090909090909,0.187,0.1920000000000001,0.19984869297369295,nan
dcf_conv,0.0,10,10,50,456,39,0.44594594594594594,0.24099999999999996,0.12000000000000002,0.21762640137640138,nan
dcf_conv,0.0,10,10,50,456,40,0.4305555555555556,0.21500000000000002,0.168,0.1983097090817679,nan
dcf_conv,0.0,10,10,50,456,41,0.6271186440677966,0.24200000000000005,0.12000000000000002,0.19403265851795265,nan
dcf_conv,0.0,10,10,50,456,42,0.6923076923076923,0.32,0.126,0.16905096129360836,nan
dcf_conv,0.0,10,10,50,456,43,0.6551724137931034,0.268,0.18600000000000003,0.17507464757464758,nan
dcf_conv,0.0,10,10,50,456,44,0.5,0.261,0.12600000000000003,0.21645912910618798,nan
dcf_conv,0.0,10,10,50,456,45,0.6595744680851063,0.21900000000000003,0.15000000000000002,0.20845924908424904,nan
dcf_conv,0.0,10,10,50,456,46,0.5535714285714286,0.21800000000000005,0.13200000000000003,0.2203743927640986,nan
dcf_conv,0.0,10,10,50,456,47,0.6065573770491803,0.259,0.156,0.18950757575757576,nan
dcf_conv,0.0,10,10,50,456,48,0.7547169811320755,0.23900000000000002,0.162,0.2067649017649018,nan
dcf_conv,0.0,10,10,50,456,49,0.7083333333333334,0.24100000000000002,0.16200000000000003,0.19177837062318487,nan
oracle,0.0,10,10,50,789,0,1.3148148148148149,0.48200000000000004,0.13799999999999998,0.15971139971139975,nan
oracle,0.0,10,10,50,789,1,0.9047619047619048,0.363,0.12000000000000002,0.218020868020868,nan
oracle,0.0,10,10,50,789,2,0.8360655737704918,0.33899999999999997,0.16200000000000006,0.19807588245088242,nan
oracle,0.0,10,10,50,789,3,0.8852459016393442,0.34099999999999997,0.19800000000000004,0.17388611388611389,nan
oracle,0.0,10,10,50,789,4,0.95,0.382,0.13200000000000003,0.21638680763680762,nan
oracle,0.0,10,10,50,789,5,0.9420289855072463,0.42700000000000005,0.11400000000000002,0.1840915946798299,nan
oracle,0.0,10,10,50,789,6,0.8596491228070176,0.327,0.174,0.19784944222444223,nan
oracle,0.0,10,10,50,789,7,1.0,0.44699999999999995,0.15600000000000006,0.15591200466200472,nan
oracle,0.0,10,10,50,789,8,1.1132075471698113,0.41200000000000003,0.09600000000000002,0.23379224941724938,nan
oracle,0.0,10,10,50,789,9,0.8947368421052632,0.336,0.15,0.23000734559558084,nan
oracle,0.0,10,10,50,789,10,0.9622641509433962,0.35500000000000004,0.15600000000000006,0.2007765845265846,nan
oracle,0.0,10,10,50,789,11,0.9833333333333333,0.42000000000000004,0.13800000000000004,0.18337388102093985,nan
oracle,0.0,10,10,50,789,12,0.9322033898305084,0.36699999999999994,0.15600000000000006,0.2116566766566767,nan
oracle,0.0,10,10,50,789,13,0.9264705882352942,0.41000000000000003,0.138,0.18289349539349545,nan
oracle,0.0,10,10,50,789,14,1.1372549019607843,0.37700000000000006,0.168,0.16967208230366124,nan
oracle,0.0,10,10,50,789,15,1.0943396226415094,0.39099999999999996,0.13800000000000004,0.21609505690388048,nan
oracle,0.0,10,10,50,789,16,0.9607843137254902,0.337,0.15600000000000006,0.21413392163392161,nan
oracle,0.0,10,10,50,789,17,0.8421052631578947,0.33899999999999997,0.12600000000000003,0.23344613719613722,nan
oracle,0.0,10,10,50,789,18,1.0169491525423728,0.433,0.13800000000000004,0.18218725718725717,nan
oracle,0.0,10,10,50,789,19,1.0338983050847457,0.458,0.20400000000000001,0.1242934842934843,nan
oracle,0.0,10,10,50,789,20,0.9836065573770492,0.4029999999999999,0.156,0.1769166087180793,nan
oracle,0.0,10,10,50,789,21,0.9552238805970149,0.45099999999999996,0.19200000000000003,0.141105165259577,nan
oracle,0.0,10,10,50,789,22,1.1886792452830188,0.4210000000000001,0.12000000000000002,0.18987887112887114,nan
oracle,0.0,10,10,50,789,23,0.7638888888888888,0.35500000000000004,0.162,0.18261634199134202,nan
oracle,0.0,10,10,50,789,24,1.2954545454545454,0.41400000000000015,0.16799999999999998,0.18388965201465204,nan
oracle,0.0,10,10,50,789,25,1.1724137931034482,0.45099999999999996,0.16200000000000003,0.17158633033633036,nan
oracle,0.0,10,10,50,789,26,1.0625,0.471,0.14400000000000004,0.15628857253857253,nan
oracle,0.0,10,10,50,789,27,0.711864406779661,0.267,0.174,0.22477265789765793,nan
oracle,0.0,10,10,50,789,28,1.0338983050847457,0.41500000000000015,0.18000000000000002,0.1634008352758353,nan
oracle,0.0,10,10,50,789,29,0.8253968253968254,0.35699999999999993,0.17400000000000004,0.20564439645321997,nan
oracle,0.0,10,10,50,789,30,0.7164179104477612,0.33,0.11400000000000002,0.2581303418803419,nan
oracle,0.0,10,10,50,789,31,0.8387096774193549,0.38,0.15600000000000006,0.20818130399012755,nan
oracle,0.0,10,10,50,789,32,1.0816326530612246,0.4050000000000001,0.13200000000000003,0.19724664224664223,nan
oracle,0.0,10,10,50,789,33,0.9622641509433962,0.3760000000000001,0.096,0.24585761460761457,nan
oracle,0.0,10,10,50,789,34,1.032258064516129,0.4069999999999999,0.13800000000000004,0.17867327117327117,nan
oracle,0.0,10,10,50,789,35,0.9636363636363636,0.33599999999999997,0.18000000000000002,0.2008322641410877,nan
oracle,0.0,10,10,50,789,36,0.847457627118644,0.374,0.15600000000000003,0.1797849372849373,nan
oracle,0.0,10,10,50,789,37,1.0408163265306123,0.379,0.11400000000000003,0.20859626484626484,nan
oracle,0.0,10,10,50,789,38,1.1111111111111112,0.41900000000000004,0.13200000000000003,0.17683552558552557,nan
oracle,0.0,10,10,50,789,39,1.0634920634920635,0.418,0.156,0.2027839652607454,nan
oracle,0.0,10,10,50,789,40,0.75,0.324,0.15600000000000003,0.208862795701031,nan
oracle,0.0,10,10,50,789,41,1.1454545454545455,0.45100000000000007,0.12000000000000002,0.1916624347874348,nan
oracle,0.0,10,10,50,789,42,1.2127659574468086,0.41500000000000004,0.17400000000000007,0.15647463647463647,nan
oracle,0.0,10,10,50,789,43,1.0727272727272728,0.43000000000000005,0.16800000000000007,0.1675051337551338,nan
oracle,0.0,10,10,50,789,44,0.9423076923076923,0.367,0.14400000000000004,0.23887529137529134,nan
oracle,0.0,10,10,50,789,45,0.9571428571428572,0.47700000000000004,0.13200000000000003,0.1559576534576535,nan
oracle,0.0,10,10,50,789,46,0.746031746031746,0.309,0.13200000000000003,0.23410018902665958,nan
oracle,0.0,10,10,50,789,47,0.95,0.365,0.18600000000000008,0.17324432511932514,nan
oracle,0.0,10,10,50,789,48,1.1153846153846154,0.406,0.13200000000000003,0.18406010656010655,nan
oracle,0.0,10,10,50,789,49,1.0163934426229508,0.43,0.15600000000000006,0.17447732822732823,nan
cold_genie,0.0,10,10,50,789,0,1.037037037037037,0.41200000000000003,0.15600000000000006,0.1831472693972694,0.05000000000000001
cold_genie,0.0,10,10,50,789,1,0.8253968253968254,0.361,0.10200000000000001,0.2085175935175935,0.05000000000000001
cold_genie,0.0,10,10,50,789,2,1.0163934426229508,0.42400000000000004,0.054000000000000006,0.19865967365967369,0.05000000000000001
cold_genie,0.0,10,10,50,789,3,0.819672131147541,0.31899999999999995,0.11400000000000002,0.21930735930735928,0.05000000000000001
cold_genie,0.0,10,10,50,789,4,0.9,0.364,0.09000000000000001,0.23571872571872574,0.05000000000000001
cold_genie,0.0,10,10,50,789,5,0.8840579710144928,0.4410000000000001,0.10200000000000001,0.18968836718836724,0.05000000000000001
cold_genie,0.0,10,10,50,789,6,0.9473684210526315,0.3810000000000001,0.11400000000000002,0.21011571761571765,0.05000000000000001
cold_genie,0.0,10,10,50,789,7,0.9833333333333333,0.466,0.16800000000000007,0.12937645687645688,0.05000000000000001
cold_genie,0.0,10,10,50,789,8,1.0377358490566038,0.3969999999999999,0.072,0.20112359862359858,0.05000000000000001
cold_genie,0.0,10,10,50,789,9,0.9122807017543859,0.352,0.11400000000000002,0.2147170884670885,0.05000000000000001
cold_genie,0.0,10,10,50,789,10,1.1320754716981132,0.43000000000000005,0.10200000000000005,0.19525183150183154,0.05000000000000001
cold_genie,0.0,10,10,50,789,11,0.85,0.385,0.11400000000000002,0.18228687978687982,0.05000000000000001
cold_genie,0.0,10,10,50,789,12,0.8983050847457628,0.40800000000000003,0.14400000000000004,0.1747172272172272,0.05000000000000001
cold_genie,0.0,10,10,50,789,13,0.75,0.33999999999999997,0.10800000000000003,0.23006493506493503,0.05000000000000001
cold_genie,0.0,10,10,50,789,14,1.0392156862745099,0.356,0.12000000000000002,0.2086190892440892,0.05000000000000001
cold_genie,0.0,10,10,50,789,15,1.2264150943396226,0.403,0.10200000000000002,0.2009548090798091,0.05000000000000001
cold_genie,0.0,10,10,50,789,16,1.1764705882352942,0.4080000000000001,0.132,0.18587842712842712,0.05000000000000001
cold_genie,0.0,10,10,50,789,17,0.7894736842105263,0.35300000000000004,0.11400000000000002,0.2033877233877234,0.05000000000000001
cold_genie,0.0,10,10,50,789,18,0.9661016949152542,0.41600000000000004,0.10200000000000001,0.1901507152977741,0.05000000000000001
cold_genie,0.0,10,10,50,789,19,0.9491525423728814,0.40800000000000003,0.13200000000000003,0.16073398823398827,0.05000000000000001
cold_genie,0.0,10,10,50,789,20,0.6885245901639344,0.30000000000000004,0.10200000000000005,0.25412150349650353,0.05000000000000001
cold_genie,0.0,10,10,50,789,21,0.9552238805970149,0.44399999999999995,0.11400000000000006,0.1561011211011211,0.05000000000000001
cold_genie,0.0,10,10,50,789,22,1.0188679245283019,0.4210000000000001,0.11400000000000002,0.1845350482850483,0.05000000000000001
cold_genie,0.0,10,10,50,789,23,0.7083333333333334,0.35200000000000004,0.13200000000000003,0.20640956265956265,0.05000000000000001
cold_genie,0.0,10,10,50,789,24,1.1818181818181819,0.36500000000000005,0.12600000000000003,0.21958541458541458,0.05000000000000001
cold_genie,0.0,10,10,50,789,25,0.9655172413793104,0.3969999999999999,0.132,0.17472839660339662,0.05000000000000001
cold_genie,0.0,10,10,50,789,26,0.84375,0.40800000000000003,0.12600000000000006,0.17868256743256744,0.05000000000000001
cold_genie,0.0,10,10,50,789,27,0.9830508474576272,0.41100000000000003,0.138,0.16551504051504048,0.05000000000000001
cold_genie,0.0,10,10,50,789,28,0.7288135593220338,0.31300000000000006,0.10200000000000001,0.24204670329670336,0.05000000000000001
cold_genie,0.0,10,10,50,789,29,0.7936507936507936,0.375,0.06600000000000002,0.22412531912531913,0.05000000000000001
cold_genie,0.0,10,10,50,789,30,0.8059701492537313,0.388,0.11400000000000002,0.21055194805194805,0.05000000000000001
cold_genie,0.0,10,10,50,789,31,1.0161290322580645,0.46799999999999997,0.13800000000000004,0.16877941502941504,0.05000000000000001
cold_genie,0.0,10,10,50,789,32,1.1020408163265305,0.388,0.10200000000000001,0.19072316572316572,0.05000000000000001
cold_genie,0.0,10,10,50,789,33,0.9245283018867925,0.398,0.12000000000000002,0.19607420357420358,0.05000000000000001
cold_genie,0.0,10,10,50,789,34,0.9516129032258065,0.39,0.096,0.21889808720691076,0.05000000000000001
cold_genie,0.0,10,10,50,789,35,1.1818181818181819,0.434,0.10200000000000001,0.16597152847152843,0.05000000000000001
cold_genie,0.0,10,10,50,789,36,0.9661016949152542,0.39099999999999996,0.10200000000000001,0.20384686800127977,0.05000000000000001
cold_genie,0.0,10,10,50,789,37,1.0816326530612246,0.369,0.12600000000000003,0.20699647574647573,0.05000000000000001
cold_genie,0.0,10,10,50,789,38,0.9814814814814815,0.37500000000000006,0.12000000000000002,0.19703463203463203,0.05000000000000001
cold_genie,0.0,10,10,50,789,39,0.9047619047619048,0.36900000000000005,0.144,0.1885633116883117,0.05000000000000001
cold_genie,0.0,10,10,50,789,40,0.8166666666666667,0.37000000000000005,0.09,0.22064491064491065,0.05000000000000001
cold_genie,0.0,10,10,50,789,41,0.8727272727272727,0.348,0.10800000000000001,0.19944652569652568,0.05000000000000001
cold_genie,0.0,10,10,50,789,42,1.3191489361702127,0.445,0.09600000000000002,0.18781204906204907,0.05000000000000001
cold_genie,0.0,10,10,50,789,43,1.018181818181818,0.392,0.10200000000000002,0.2169150294150294,0.05000000000000001
cold_genie,0.0,10,10,50,789,44,1.0,0.37199999999999994,0.12600000000000003,0.18385711510711514,0.05000000000000001
cold_genie,0.0,10,10,50,789,45,0.7857142857142857,0.396,0.10200000000000001,0.20778943278943282,0.05000000000000001
cold_genie,0.0,10,10,50,789,46,0.8412698412698413,0.38000000000000006,0.12000000000000002,0.20142024642024642,0.05000000000000001
cold_genie,0.0,10,10,50,789,47,0.9333333333333333,0.387,0.09600000000000002,0.19602647352647354,0.05000000000000001
cold_genie,0.0,10,10,50,789,48,0.8653846153846154,0.3350000000000001,0.14400000000000004,0.2099474136974137,0.05000000000000001
cold_genie,0.0,10,10,50,789,49,0.9508196721311475,0.3909999999999999,0.11400000000000002,0.20902403152403154,0.05000000000000001
cold_nv,0.0,10,10,50,789,0,0.8518518518518519,0.311,0.048,0.3241912254412254,0.10000000000000002
cold_nv,0.0,10,10,50,789,1,0.6825396825396826,0.32400000000000007,0.054000000000000006,0.3377385114885115,0.10000000000000002
cold_nv,0.0,10,10,50,789,2,0.8032786885245902,0.30699999999999994,0.07200000000000002,0.3231707181707181,0.10000000000000002
cold_nv,0.0,10,10,50,789,3,0.9180327868852459,0.41200000000000003,0.07200000000000001,0.26510281385281387,0.10000000000000002
cold_nv,0.0,10,10,50,789,4,1.05,0.449,0.054000000000000006,0.267274531024531,0.10000000000000002
cold_nv,0.0,10,10,50,789,5,0.855072463768116,0.43099999999999994,0.06600000000000002,0.2563961038961038,0.10000000000000002
cold_nv,0.0,10,10,50,789,6,0.9473684210526315,0.376,0.036,0.3163564213564213,0.10000000000000002
cold_nv,0.0,10,10,50,789,7,0.9166666666666666,0.4119999999999999,0.054000000000000006,0.2623591686091686,0.10000000000000002
cold_nv,0.0,10,10,50,789,8,0.9811320754716981,0.36,0.06000000000000001,0.3110786435786436,0.10000000000000002
cold_nv,0.0,10,10,50,789,9,1.0,0.379,0.054000000000000006,0.3202577977577977,0.10000000000000002
cold_nv,0.0,10,10,50,789,10,1.1320754716981132,0.4410000000000001,0.07200000000000002,0.23852633477633473,0.10000000000000002
cold_nv,0.0,10,10,50,789,11,1.05,0.442,0.09000000000000004,0.2093457930957931,0.10000000000000002
cold_nv,0.0,10,10,50,789,12,0.8135593220338984,0.36100000000000004,0.072,0.3062778887778888,0.10000000000000002
cold_nv,0.0,10,10,50,789,13,0.7941176470588235,0.36600000000000005,0.06000000000000001,0.3034665334665335,0.10000000000000002
cold_nv,0.0,10,10,50,789,14,1.1764705882352942,0.42200000000000004,0.041999999999999996,0.2962608225108225,0.10000000000000002
cold_nv,0.0,10,10,50,789,15,1.169811320754717,0.389,0.048,0.2894094794094794,0.10000000000000002
cold_nv,0.0,10,10,50,789,16,0.8823529411764706,0.32699999999999996,0.036,0.29178030303030306,0.10000000000000002
cold_nv,0.0,10,10,50,789,17,0.7368421052631579,0.315,0.024,0.37045745920745915,0.10000000000000002
cold_nv,0.0,10,10,50,789,18,0.7457627118644068,0.35400000000000004,0.036,0.3318903318903319,0.10000000000000002
cold_nv,0.0,10,10,50,789,19,0.8983050847457628,0.39199999999999996,0.072,0.272979797979798,0.10000000000000002
cold_nv,0.0,10,10,50,789,20,0.9180327868852459,0.369,0.048,0.2878083028083028,0.10000000000000002
cold_nv,0.0,10,10,50,789,21,0.6567164179104478,0.313,0.048,0.3511620324120324,0.10000000000000002
cold_nv,0.0,10,10,50,789,22,1.0943396226415094,0.41200000000000003,0.048,0.29941378066378066,0.10000000000000002
cold_nv,0.0,10,10,50,789,23,0.75,0.34800000000000003,0.036,0.3251126651126651,0.10000000000000002
cold_nv,0.0,10,10,50,789,24,1.5681818181818181,0.44000000000000006,0.03,0.2686643911643911,0.10000000000000002
cold_nv,0.0,10,10,50,789,25,1.0,0.40199999999999997,0.041999999999999996,0.29873376623376624,0.10000000000000002
cold_nv,0.0,10,10,50,789,26,0.9375,0.42700000000000005,0.054000000000000006,0.27050727050727047,0.10000000000000002
cold_nv,0.0,10,10,50,789,27,0.9830508474576272,0.42400000000000004,0.06599999999999999,0.24874819624819625,0.10000000000000002
cold_nv,0.0,10,10,50,789,28,0.9830508474576272,0.42000000000000004,0.09,0.25244755244755246,0.10000000000000002
cold_nv,0.0,10,10,50,789,29,0.8253968253968254,0.37499999999999994,0.048,0.2986147186147186,0.10000000000000002
cold_nv,0.0,10,10,50,789,30,0.8507462686567164,0.38700000000000007,0.048,0.2773538961038961,0.10000000000000002
cold_nv,0.0,10,10,50,789,31,1.096774193548387,0.487,0.036,0.25429112554112554,0.10000000000000002
cold_nv,0.0,10,10,50,789,32,0.9795918367346939,0.35000000000000003,0.036,0.3139790764790764,0.10000000000000002
cold_nv,0.0,10,10,50,789,33,0.8490566037735849,0.352,0.041999999999999996,0.32454906204906203,0.10000000000000002
cold_nv,0.0,10,10,50,789,34,1.032258064516129,0.41500000000000004,0.07200000000000002,0.2574549062049062,0.10000000000000002
cold_nv,0.0,10,10,50,789,35,0.7090909090909091,0.28700000000000003,0.036,0.34897727272727275,0.10000000000000002
cold_nv,0.0,10,10,50,789,36,1.0,0.42200000000000004,0.06600000000000002,0.2587193362193362,0.10000000000000002
cold_nv,0.0,10,10,50,789,37,0.9387755102040817,0.3550000000000001,0.048,0.33832070707070705,0.10000000000000002
cold_nv,0.0,10,10,50,789,38,0.9444444444444444,0.387,0.041999999999999996,0.2937896825396825,0.10000000000000002
cold_nv,0.0,10,10,50,789,39,0.8253968253968254,0.337,0.041999999999999996,0.3294064269064269,0.10000000000000002
cold_nv,0.0,10,10,50,789,40,0.75,0.337,0.07800000000000003,0.3290313852813853,0.10000000000000002
cold_nv,0.0,10,10,50,789,41,0.9636363636363636,0.3650000000000001,0.03,0.34080447330447333,0.10000000000000002
cold_nv,0.0,10,10,50,789,42,1.1702127659574468,0.4050000000000001,0.06000000000000001,0.26614635364635364,0.10000000000000002
cold_nv,0.0,10,10,50,789,43,0.8727272727272727,0.33399999999999996,0.06000000000000001,0.3149386724386725,0.10000000000000002
cold_nv,0.0,10,10,50,789,44,0.9230769230769231,0.36200000000000004,0.06000000000000001,0.29479256854256847,0.10000000000000002
cold_nv,0.0,10,10,50,789,45,0.6285714285714286,0.33099999999999996,0.024,0.35316197691197687,0.10000000000000002
cold_nv,0.0,10,10,50,789,46,0.8095238095238095,0.33899999999999997,0.06600000000000002,0.31434024309024305,0.10000000000000002
cold_nv,0.0,10,10,50,789,47,0.9333333333333333,0.3719999999999999,0.066,0.2966378066378066,0.10000000000000002
cold_nv,0.0,10,10,50,789,48,1.0,0.37699999999999995,0.07200000000000002,0.30284146409146406,0.10000000000000002
cold_nv,0.0,10,10,50,789,49,1.1311475409836065,0.4680000000000001,0.054000000000000006,0.25206890331890336,0.10000000000000002
cold_high,0.0,10,10,50,789,0,0.09259259259259259,0.034,0.0,0.8949999999999999,0.5
cold_high,0.0,10,10,50,789,1,0.1111111111111111,0.032,0.0,0.8819047619047617,0.5
cold_high,0.0,10,10,50,789,2,0.08196721311475409,0.029000000000000005,0.0,0.8802380952380954,0.5
cold_high,0.0,10,10,50,789,3,0.21311475409836064,0.05800000000000001,0.0,0.8568253968253968,0.5
cold_high,0.0,10,10,50,789,4,0.13333333333333333,0.046,0.0,0.9,0.5
cold_high,0.0,10,10,50,789,5,0.15942028985507245,0.051000000000000004,0.0,0.8292857142857143,0.5
cold_high,0.0,10,10,50,789,6,0.15789473684210525,0.03300000000000001,0.0,0.9049999999999999,0.5
cold_high,0.0,10,10,50,789,7,0.18333333333333332,0.052000000000000005,0.0,0.8375,0.5
cold_high,0.0,10,10,50,789,8,0.1320754716981132,0.041999999999999996,0.0,0.8929166666666669,0.5
cold_high,0.0,10,10,50,789,9,0.08771929824561403,0.023,0.0,0.8983333333333334,0.5
cold_high,0.0,10,10,50,789,10,0.16981132075471697,0.05,0.0,0.8880952380952382,0.5
cold_high,0.0,10,10,50,789,11,0.18333333333333332,0.072,0.0,0.8445238095238097,0.5
cold_high,0.0,10,10,50,789,12,0.0847457627118644,0.025,0.0,0.8673809523809524,0.5
cold_high,0.0,10,10,50,789,13,0.1323529411764706,0.049,0.0,0.8601190476190477,0.5
cold_high,0.0,10,10,50,789,14,0.19607843137254902,0.057999999999999996,0.0,0.8666666666666668,0.5
cold_high,0.0,10,10,50,789,15,0.16981132075471697,0.041999999999999996,0.0,0.9161111111111113,0.5
cold_high,0.0,10,10,50,789,16,0.21568627450980393,0.045000000000000005,0.0,0.8355357142857143,0.5
cold_high,0.0,10,10,50,789,17,0.24561403508771928,0.085,0.0,0.7904761904761907,0.5
cold_high,0.0,10,10,50,789,18,0.15254237288135594,0.049,0.0,0.8757142857142858,0.5
cold_high,0.0,10,10,50,789,19,0.06779661016949153,0.03,0.0,0.9228571428571429,0.5
cold_high,0.0,10,10,50,789,20,0.14754098360655737,0.052000000000000005,0.0,0.8775000000000001,0.5
cold_high,0.0,10,10,50,789,21,0.14925373134328357,0.06100000000000001,0.0,0.8647619047619048,0.5
cold_high,0.0,10,10,50,789,22,0.1320754716981132,0.041,0.0,0.896904761904762,0.5
cold_high,0.0,10,10,50,789,23,0.09722222222222222,0.038,0.0,0.9114285714285714,0.5
cold_high,0.0,10,10,50,789,24,0.22727272727272727,0.043,0.0,0.8595238095238097,0.5
cold_high,0.0,10,10,50,789,25,0.20689655172413793,0.054000000000000006,0.0,0.8123809523809523,0.5
cold_high,0.0,10,10,50,789,26,0.21875,0.075,0.0,0.8436309523809525,0.5
cold_high,0.0,10,10,50,789,27,0.2033898305084746,0.06200000000000001,0.0,0.8433333333333334,0.5
cold_high,0.0,10,10,50,789,28,0.1864406779661017,0.05500000000000001,0.0,0.8769047619047619,0.5
cold_high,0.0,10,10,50,789,29,0.1111111111111111,0.036,0.0,0.8577380952380953,0.5
cold_high,0.0,10,10,50,789,30,0.13432835820895522,0.033999999999999996,0.0,0.8969047619047619,0.5
cold_high,0.0,10,10,50,789,31,0.11290322580645161,0.051000000000000004,0.0,0.8985714285714288,0.5
cold_high,0.0,10,10,50,789,32,0.16326530612244897,0.04700000000000001,0.0,0.8583333333333334,0.5
cold_high,0.0,10,10,50,789,33,0.1509433962264151,0.051000000000000004,0.0,0.875,0.5
cold_high,0.0,10,10,50,789,34,0.20967741935483872,0.06500000000000002,0.0,0.8454761904761906,0.5
cold_high,0.0,10,10,50,789,35,0.09090909090909091,0.024,0.0,0.9052380952380954,0.5
cold_high,0.0,10,10,50,789,36,0.1864406779661017,0.07,0.0,0.8702380952380953,0.5
cold_high,0.0,10,10,50,789,37,0.16326530612244897,0.037,0.0,0.9128571428571428,0.5
cold_high,0.0,10,10,50,789,38,0.16666666666666666,0.048,0.006,0.8798809523809524,0.5
cold_high,0.0,10,10,50,789,39,0.12698412698412698,0.044000000000000004,0.0,0.8904761904761906,0.5
cold_high,0.0,10,10,50,789,40,0.08333333333333333,0.043000000000000003,0.0,0.885,0.5
cold_high,0.0,10,10,50,789,41,0.12727272727272726,0.045,0.0,0.9130952380952383,0.5
cold_high,0.0,10,10,50,789,42,0.10638297872340426,0.029000000000000005,0.0,0.9302380952380954,0.5
cold_high,0.0,10,10,50,789,43,0.18181818181818182,0.05900000000000001,0.0,0.8386904761904764,0.5
cold_high,0.0,10,10,50,789,44,0.1346153846153846,0.030000000000000006,0.0,0.8714285714285716,0.5
cold_high,0.0,10,10,50,789,45,0.11428571428571428,0.039999999999999994,0.0,0.8833333333333335,0.5
cold_high,0.0,10,10,50,789,46,0.1746031746031746,0.04700000000000001,0.0,0.8791071428571428,0.5
cold_high,0.0,10,10,50,789,47,0.18333333333333332,0.05299999999999999,0.0,0.8714285714285716,0.5
cold_high,0.0,10,10,50,789,48,0.11538461538461539,0.032,0.0,0.894107142857143,0.5
cold_high,0.0,10,10,50,789,49,0.11475409836065574,0.033999999999999996,0.0,0.8797619047619047,0.5
warm_nv,0.0,10,10,50,789,0,0.9814814814814815,0.41,0.036,0.29886530136530143,0.10000000000000002
warm_nv,0.0,10,10,50,789,1,0.7619047619047619,0.34400000000000003,0.03,0.3538203463203463,0.11727316177777777
warm_nv,0.0,10,10,50,789,2,0.9344262295081968,0.3960000000000001,0.024,0.33173520923520916,0.12880037703703706
warm_nv,0.0,10,10,50,789,3,0.6229508196721312,0.25800000000000006,0.012,0.4484451659451659,0.13455985530864195
warm_nv,0.0,10,10,50,789,4,0.9666666666666667,0.4130000000000001,0.024,0.35777777777777775,0.13964506000082305
warm_nv,0.0,10,10,50,789,5,0.6811594202898551,0.35600000000000004,0.048,0.37528138528138527,0.14100302918518517
warm_nv,0.0,10,10,50,789,6,0.9473684210526315,0.386,0.041999999999999996,0.3463888888888889,0.13643888888888886
warm_nv,0.0,10,10,50,789,7,0.7166666666666667,0.31799999999999995,0.018,0.41264430014430015,0.13992491084444447
warm_nv,0.0,10,10,50,789,8,0.9433962264150944,0.352,0.012,0.37418650793650793,0.14535733550933339
warm_nv,0.0,10,10,50,789,9,0.8070175438596491,0.317,0.018,0.4588492063492063,0.16363275510044445
warm_nv,0.0,10,10,50,789,10,0.8490566037735849,0.32399999999999995,0.036,0.4325450937950938,0.15515524248177776
warm_nv,0.0,10,10,50,789,11,0.7166666666666667,0.30700000000000005,0.03,0.3748069985569985,0.137351892364642
warm_nv,0.0,10,10,50,789,12,0.9491525423728814,0.396,0.024,0.3366629204129204,0.12831910417777778
warm_nv,0.0,10,10,50,789,13,0.7058823529411765,0.324,0.018,0.4015324952824953,0.12717627111111113
warm_nv,0.0,10,10,50,789,14,1.0392156862745099,0.364,0.06000000000000001,0.3652200577200577,0.12470355896296297
warm_nv,0.0,10,10,50,789,15,0.9433962264150944,0.324,0.041999999999999996,0.3507314907314908,0.11862422222222221
warm_nv,0.0,10,10,50,789,16,1.0,0.38299999999999995,0.018,0.35278318903318906,0.12941464977777778
warm_nv,0.0,10,10,50,789,17,0.8070175438596491,0.36000000000000004,0.041999999999999996,0.35500541125541124,0.12668508911111112
warm_nv,0.0,10,10,50,789,18,0.8983050847457628,0.3810000000000001,0.024,0.3502435064935065,0.13829349765432097
warm_nv,0.0,10,10,50,789,19,0.8813559322033898,0.323,0.048,0.337288961038961,0.13467424432592595
warm_nv,0.0,10,10,50,789,20,0.8688524590163934,0.354,0.048,0.3312276612276612,0.13097595111111113
warm_nv,0.0,10,10,50,789,21,0.8208955223880597,0.39,0.036,0.36503427128427124,0.14644888639999998
warm_nv,0.0,10,10,50,789,22,0.7924528301886793,0.33999999999999997,0.036,0.3848466810966811,0.143982029037037
warm_nv,0.0,10,10,50,789,23,0.6805555555555556,0.29900000000000004,0.036,0.3834776334776335,0.14291651128888888
warm_nv,0.0,10,10,50,789,24,1.25,0.37100000000000005,0.006,0.3594570707070708,0.1419132597688889
warm_nv,0.0,10,10,50,789,25,0.9137931034482759,0.36600000000000005,0.024,0.3242722555222556,0.14226070385185188
warm_nv,0.0,10,10,50,789,26,0.546875,0.256,0.03,0.46654761904761904,0.15552839274567903
warm_nv,0.0,10,10,50,789,27,0.7966101694915254,0.357,0.036,0.41865079365079366,0.14483544088888892
warm_nv,0.0,10,10,50,789,28,0.864406779661017,0.35900000000000004,0.036,0.3649458874458874,0.13946185066666672
warm_nv,0.0,10,10,50,789,29,0.6349206349206349,0.25999999999999995,0.012,0.4405104617604617,0.1353296311111111
warm_nv,0.0,10,10,50,789,30,0.7164179104477612,0.348,0.07200000000000002,0.3754502442002442,0.1351571007071605
warm_nv,0.0,10,10,50,789,31,0.6935483870967742,0.29800000000000004,0.054000000000000006,0.4003113553113552,0.14822422830222223
warm_nv,0.0,10,10,50,789,32,1.0408163265306123,0.36,0.041999999999999996,0.345,0.13663137621333335
warm_nv,0.0,10,10,50,789,33,0.8490566037735849,0.30699999999999994,0.024,0.4174729437229437,0.13838579087786668
warm_nv,0.0,10,10,50,789,34,0.8387096774193549,0.3650000000000001,0.06600000000000002,0.3018600843600844,0.13011735733333335
warm_nv,0.0,10,10,50,789,35,0.8909090909090909,0.336,0.024,0.38284451659451657,0.13553618755555558
warm_nv,0.0,10,10,50,789,36,0.6949152542372882,0.3400000000000001,0.024,0.42145202020202027,0.14985358133333337
warm_nv,0.0,10,10,50,789,37,0.7959183673469388,0.27399999999999997,0.072,0.3959686147186148,0.12991060511111113
warm_nv,0.0,10,10,50,789,38,0.6666666666666666,0.24999999999999994,0.048,0.4406583694083694,0.1408124979555556
warm_nv,0.0,10,10,50,789,39,0.9047619047619048,0.358,0.024,0.3566737429237429,0.1319829684444445
warm_nv,0.0,10,10,50,789,40,0.7,0.31800000000000006,0.06000000000000001,0.40916666666666657,0.13427750148148151
warm_nv,0.0,10,10,50,789,41,0.8909090909090909,0.355,0.03,0.3702002164502164,0.1293285795555556
warm_nv,0.0,10,10,50,789,42,1.0212765957446808,0.3410000000000001,0.03,0.384491341991342,0.13738675200000003
warm_nv,0.0,10,10,50,789,43,0.8,0.316,0.036,0.42361832611832606,0.13837480876543212
warm_nv,0.0,10,10,50,789,44,1.0769230769230769,0.43199999999999994,0.048,0.3204599567099567,0.13783831200000002
warm_nv,0.0,10,10,50,789,45,0.7285714285714285,0.36600000000000005,0.024,0.39172313797313796,0.15136633496296298
warm_nv,0.0,10,10,50,789,46,0.7936507936507936,0.31999999999999995,0.018,0.3958495670995671,0.14479102228740742
warm_nv,0.0,10,10,50,789,47,0.8666666666666667,0.3430000000000001,0.03,0.35670565545565536,0.13207961333333335
warm_nv,0.0,10,10,50,789,48,0.8076923076923077,0.314,0.036,0.4042063492063492,0.13661208021333335
warm_nv,0.0,10,10,50,789,49,0.9344262295081968,0.4010000000000001,0.036,0.318538961038961,0.13254068133333335
warm_nv,0.1,10,10,50,789,0,0.9074074074074074,0.376,0.06000000000000001,0.3106683594183594,0.10000000000000002
warm_nv,0.1,10,10,50,789,1,0.9523809523809523,0.399,0.06,0.27535644910644913,0.10141418518518522
warm_nv,0.1,10,10,50,789,2,0.8032786885245902,0.3470000000000001,0.036,0.3323579198579198,0.11688772074074075
warm_nv,0.1,10,10,50,789,3,0.7540983606557377,0.304,0.03,0.380959595959596,0.13393104281481485
warm_nv,0.1,10,10,50,789,4,0.8666666666666667,0.345,0.041999999999999996,0.36895382395382387,0.1318705713185185
warm_nv,0.1,10,10,50,789,5,0.7681159420289855,0.371,0.006,0.3813203463203462,0.14471941603555555
warm_nv,0.1,10,10,50,789,6,0.9122807017543859,0.35600000000000004,0.024,0.3742002442002442,0.13033477987654324
warm_nv,0.1,10,10,50,789,7,0.8166666666666667,0.362,0.012,0.39751859251859256,0.1296177078945185
warm_nv,0.1,10,10,50,789,8,0.9245283018867925,0.33699999999999997,0.03,0.36898920523920514,0.13098854491851852
warm_nv,0.1,10,10,50,789,9,0.8245614035087719,0.32000000000000006,0.06600000000000002,0.323221916971917,0.12201643469135803
warm_nv,0.1,10,10,50,789,10,0.8113207547169812,0.343,0.054000000000000006,0.3666197691197691,0.1305942412345679
warm_nv,0.1,10,10,50,789,11,0.75,0.31400000000000006,0.036,0.36143398268398264,0.12760583333333336
warm_nv,0.1,10,10,50,789,12,1.0,0.39300000000000007,0.048,0.29079809079809077,0.12776628533333334
warm_nv,0.1,10,10,50,789,13,0.6911764705882353,0.32599999999999996,0.0,0.4853246753246753,0.1459367720888889
warm_nv,0.1,10,10,50,789,14,1.1176470588235294,0.379,0.006,0.39530122655122657,0.13895994542222226
warm_nv,0.1,10,10,50,789,15,0.9622641509433962,0.33999999999999997,0.024,0.4081060606060606,0.12599670509629632
warm_nv,0.1,10,10,50,789,16,0.9803921568627451,0.35,0.024,0.36729978354978343,0.123367517362963
warm_nv,0.1,10,10,50,789,17,0.9298245614035088,0.377,0.048,0.3047691197691198,0.1212450240994513
warm_nv,0.1,10,10,50,789,18,0.9491525423728814,0.36400000000000005,0.024,0.3523326673326673,0.12459767111111111
warm_nv,0.1,10,10,50,789,19,0.8305084745762712,0.3400000000000001,0.018,0.36063852813852815,0.12707452743209877
warm_nv,0.1,10,10,50,789,20,0.7377049180327869,0.29100000000000004,0.036,0.3759576534576535,0.1295612100246914
warm_nv,0.1,10,10,50,789,21,0.746268656716418,0.354,0.048,0.35723595848595846,0.13685859555555557
warm_nv,0.1,10,10,50,789,22,1.0,0.42400000000000004,0.048,0.316520424020424,0.1317586871111111
warm_nv,0.1,10,10,50,789,23,0.6805555555555556,0.32499999999999996,0.06000000000000001,0.3747702297702297,0.1341441928888889
warm_nv,0.1,10,10,50,789,24,1.0454545454545454,0.31199999999999994,0.036,0.3727435064935064,0.13335539718518516
warm_nv,0.1,10,10,50,789,25,0.8275862068965517,0.33699999999999997,0.041999999999999996,0.3724711399711399,0.13986488924444446
warm_nv,0.1,10,10,50,789,26,0.6875,0.31000000000000005,0.024,0.3830032467532468,0.13707793578765431
warm_nv,0.1,10,10,50,789,27,0.9152542372881356,0.364,0.012,0.41194444444444445,0.12631286296296296
warm_nv,0.1,10,10,50,789,28,0.8135593220338984,0.359,0.054000000000000006,0.3575649350649351,0.13036832458765435
warm_nv,0.1,10,10,50,789,29,0.7142857142857143,0.33599999999999997,0.041999999999999996,0.3756818181818182,0.13084908962962966
warm_nv,0.1,10,10,50,789,30,0.6417910447761194,0.3,0.048,0.3610407647907648,0.13492438385185188
warm_nv,0.1,10,10,50,789,31,0.5806451612903226,0.23700000000000002,0.041999999999999996,0.4869246031746031,0.13606523200000004
warm_nv,0.1,10,10,50,789,32,1.1428571428571428,0.384,0.041999999999999996,0.29569250194250196,0.12936947810370372
warm_nv,0.1,10,10,50,789,33,1.0943396226415094,0.421,0.036,0.31889249639249634,0.13981009635061728
warm_nv,0.1,10,10,50,789,34,0.8709677419354839,0.36100000000000004,0.03,0.3965602453102453,0.13532802755555556
warm_nv,0.1,10,10,50,789,35,0.9454545454545454,0.38,0.048,0.3178679653679654,0.12253762891358026
warm_nv,0.1,10,10,50,789,36,0.559322033898305,0.24800000000000005,0.024,0.42660353535353546,0.13260263555555557
warm_nv,0.1,10,10,50,789,37,1.0816326530612246,0.38,0.03,0.33614357864357863,0.1269716082962963
warm_nv,0.1,10,10,50,789,38,0.9074074074074074,0.3450000000000001,0.018,0.4227922077922077,0.13380814281481482
warm_nv,0.1,10,10,50,789,39,0.8412698412698413,0.354,0.03,0.34945887445887436,0.12481329318518516
warm_nv,0.1,10,10,50,789,40,0.6833333333333333,0.324,0.041999999999999996,0.3854928404928405,0.13478145561481483
warm_nv,0.1,10,10,50,789,41,0.9272727272727272,0.36200000000000004,0.041999999999999996,0.36577380952380956,0.1359505873137778
warm_nv,0.1,10,10,50,789,42,1.0638297872340425,0.34199999999999997,0.024,0.35484196359196357,0.14639150756385183
warm_nv,0.1,10,10,50,789,43,0.7454545454545455,0.28600000000000003,0.03,0.4399236874236873,0.15437019484661732
warm_nv,0.1,10,10,50,789,44,0.75,0.28700000000000003,0.03,0.43247696747696746,0.13877770243637857
warm_nv,0.1,10,10,50,789,45,0.7142857142857143,0.32,0.0,0.40213924963924963,0.1394138443209877
warm_nv,0.1,10,10,50,789,46,0.7619047619047619,0.334,0.06000000000000001,0.360741341991342,0.13056660977777781
warm_nv,0.1,10,10,50,789,47,0.9333333333333333,0.354,0.036,0.37854062604062605,0.13210371288888892
warm_nv,0.1,10,10,50,789,48,0.8653846153846154,0.326,0.03,0.4106421356421356,0.14321871205925926
warm_nv,0.1,10,10,50,789,49,0.8852459016393442,0.37500000000000006,0.024,0.3726551226551227,0.13734912533333335
warm_nv,0.3,10,10,50,789,0,1.0925925925925926,0.368,0.054000000000000006,0.276746447996448,0.10000000000000002
warm_nv,0.3,10,10,50,789,1,0.7619047619047619,0.38600000000000007,0.036,0.3899080086580086,0.12478063381333333
warm_nv,0.3,10,10,50,789,2,0.9344262295081968,0.37,0.048,0.3386668886668887,0.11445461259259257
warm_nv,0.3,10,10,50,789,3,1.0655737704918034,0.41200000000000003,0.036,0.3073286435786436,0.12232357333333335
warm_nv,0.3,10,10,50,789,4,0.8,0.314,0.036,0.365624098124098,0.11482261274074075
warm_nv,0.3,10,10,50,789,5,0.782608695652174,0.4280000000000001,0.041999999999999996,0.33092893217893216,0.1251230222222222
warm_nv,0.3,10,10,50,789,6,0.9122807017543859,0.35700000000000004,0.03,0.3363700188700188,0.11298393111111112
warm_nv,0.3,10,10,50,789,7,1.0166666666666666,0.44800000000000006,0.06,0.2517171717171717,0.11292591866666668
warm_nv,0.3,10,10,50,789,8,0.9056603773584906,0.312,0.036,0.36423160173160174,0.12055497333333332
warm_nv,0.3,10,10,50,789,9,0.8947368421052632,0.325,0.03,0.3816522366522366,0.11808045703703704
warm_nv,0.3,10,10,50,789,10,0.9811320754716981,0.39699999999999996,0.036,0.34654456654456645,0.12241126296296297
warm_nv,0.3,10,10,50,789,11,0.85,0.38100000000000006,0.041999999999999996,0.32198953823953824,0.12164065691358025
warm_nv,0.3,10,10,50,789,12,0.7627118644067796,0.312,0.041999999999999996,0.390234348984349,0.12664508977777778
warm_nv,0.3,10,10,50,789,13,0.7941176470588235,0.365,0.024,0.3424492174492175,0.12405366844444443
warm_nv,0.3,10,10,50,789,14,0.9019607843137255,0.32700000000000007,0.036,0.39769882894882896,0.12263338755555556
warm_nv,0.3,10,10,50,789,15,1.169811320754717,0.366,0.072,0.30131063381063383,0.11735034014814813
warm_nv,0.3,10,10,50,789,16,0.8823529411764706,0.329,0.018,0.3775793650793651,0.13253176298765434
warm_nv,0.3,10,10,50,789,17,0.8421052631578947,0.352,0.036,0.3307683982683983,0.12985760592592593
warm_nv,0.3,10,10,50,789,18,0.864406779661017,0.38,0.048,0.32652056277056274,0.1257744728888889
warm_nv,0.3,10,10,50,789,19,0.9491525423728814,0.402,0.024,0.3392929292929293,0.11871401422222223
warm_nv,0.3,10,10,50,789,20,0.8524590163934426,0.33899999999999997,0.048,0.3455967643467644,0.12052875558518521
warm_nv,0.3,10,10,50,789,21,0.7164179104477612,0.3589999999999999,0.018,0.403757215007215,0.12343520533333334
warm_nv,0.3,10,10,50,789,22,0.8490566037735849,0.36699999999999994,0.054000000000000006,0.3516901154401154,0.1204995677037037
warm_nv,0.3,10,10,50,789,23,0.7638888888888888,0.369,0.03,0.3461598124098123,0.12591351777777776
warm_nv,0.3,10,10,50,789,24,1.1818181818181819,0.34299999999999997,0.03,0.3642796092796093,0.12268572017777775
warm_nv,0.3,10,10,50,789,25,0.7931034482758621,0.316,0.06,0.3258261183261183,0.1182570821580247
warm_nv,0.3,10,10,50,789,26,0.8125,0.392,0.041999999999999996,0.3274801587301587,0.12676036355555553
warm_nv,0.3,10,10,50,789,27,0.9322033898305084,0.396,0.041999999999999996,0.34509559884559887,0.12320032622222224
warm_nv,0.3,10,10,50,789,28,0.9152542372881356,0.381,0.036,0.3600739538239538,0.1167982499012346
warm_nv,0.3,10,10,50,789,29,0.746031746031746,0.311,0.024,0.4122041847041847,0.11711541866666668
warm_nv,0.3,10,10,50,789,30,0.746268656716418,0.358,0.036,0.3385010822510822,0.11450228533333336
warm_nv,0.3,10,10,50,789,31,0.967741935483871,0.43800000000000006,0.048,0.2718793706293706,0.12708522488888888
warm_nv,0.3,10,10,50,789,32,0.7959183673469388,0.30500000000000005,0.041999999999999996,0.4218650793650795,0.1366030006419753
warm_nv,0.3,10,10,50,789,33,1.0754716981132075,0.40800000000000003,0.036,0.3150198412698413,0.12136476962962968
warm_nv,0.3,10,10,50,789,34,0.7741935483870968,0.34900000000000003,0.018,0.39708333333333334,0.12103388444444445
warm_nv,0.3,10,10,50,789,35,1.0,0.389,0.03,0.2844948107448108,0.12198313777777778
warm_nv,0.3,10,10,50,789,36,0.6779661016949152,0.279,0.041999999999999996,0.3788401875901876,0.12176270406518519
warm_nv,0.3,10,10,50,789,37,1.0408163265306123,0.37,0.036,0.3313653013653014,0.1149950450962963
warm_nv,0.3,10,10,50,789,38,0.8518518518518519,0.292,0.036,0.3864772727272726,0.11212889344790125
warm_nv,0.3,10,10,50,789,39,0.6984126984126984,0.279,0.06000000000000001,0.3998809523809524,0.11999955219753086
warm_nv,0.3,10,10,50,789,40,0.7666666666666667,0.33100000000000007,0.06600000000000002,0.3524675324675325,0.11746673637530865
warm_nv,0.3,10,10,50,789,41,1.0,0.38100000000000006,0.066,0.3288461538461539,0.12938492888888892
warm_nv,0.3,10,10,50,789,42,1.1914893617021276,0.395,0.09000000000000001,0.2909018759018759,0.12191234933333335
warm_nv,0.3,10,10,50,789,43,0.8545454545454545,0.341,0.036,0.3533510933510933,0.12017905925925929
warm_nv,0.3,10,10,50,789,44,1.0,0.38300000000000006,0.06,0.3441840104340104,0.12620213277037037
warm_nv,0.3,10,10,50,789,45,0.8285714285714286,0.4090000000000001,0.041999999999999996,0.31382936507936515,0.12314001718518519
warm_nv,0.3,10,10,50,789,46,1.0476190476190477,0.442,0.024,0.32307539682539677,0.12653891200000003
warm_nv,0.3,10,10,50,789,47,0.9333333333333333,0.37,0.024,0.35189144189144195,0.12629170344296295
warm_nv,0.3,10,10,50,789,48,0.9230769230769231,0.37599999999999995,0.018,0.3743650793650793,0.13895497351111114
warm_nv,0.3,10,10,50,789,49,0.8032786885245902,0.356,0.018,0.3866774891774892,0.14252925762962965
warm_nv,0.5,10,10,50,789,0,1.0185185185185186,0.41600000000000004,0.054000000000000006,0.2686872849372849,0.10000000000000002
warm_nv,0.5,10,10,50,789,1,0.8412698412698413,0.39699999999999996,0.012,0.3261237373737374,0.11065693777777778
warm_nv,0.5,10,10,50,789,2,0.639344262295082,0.281,0.054000000000000006,0.3950450937950938,0.10720402222222222
warm_nv,0.5,10,10,50,789,3,0.8360655737704918,0.33999999999999997,0.06600000000000002,0.30855158730158727,0.1045937265432099
warm_nv,0.5,10,10,50,789,4,0.8666666666666667,0.40700000000000003,0.06000000000000001,0.30552669552669554,0.11062965744855968
warm_nv,0.5,10,10,50,789,5,0.7681159420289855,0.382,0.024,0.3139547952047951,0.11317855555555556
warm_nv,0.5,10,10,50,789,6,0.9649122807017544,0.39999999999999997,0.036,0.35175324675324676,0.1145111385185185
warm_nv,0.5,10,10,50,789,7,0.8333333333333334,0.373,0.024,0.3502380952380953,0.11641934583209879
warm_nv,0.5,10,10,50,789,8,0.9245283018867925,0.325,0.048,0.38891996891996883,0.11524589756049383
warm_nv,0.5,10,10,50,789,9,1.105263157894737,0.42200000000000004,0.036,0.3090162615162615,0.11306193110699589
warm_nv,0.5,10,10,50,789,10,0.9622641509433962,0.3710000000000001,0.03,0.3536439948939949,0.11179792000000002
warm_nv,0.5,10,10,50,789,11,1.0333333333333334,0.4210000000000001,0.06000000000000001,0.2731836219336219,0.10632627407407409
warm_nv,0.5,10,10,50,789,12,0.711864406779661,0.30600000000000005,0.06000000000000001,0.4018253968253968,0.11241754829629631
warm_nv,0.5,10,10,50,789,13,0.6617647058823529,0.301,0.024,0.3871865634365633,0.10836009237037036
warm_nv,0.5,10,10,50,789,14,1.0,0.378,0.041999999999999996,0.3316562604062604,0.10909680014814815
warm_nv,0.5,10,10,50,789,15,1.0377358490566038,0.348,0.06000000000000001,0.3359811022311022,0.10868960444444446
warm_nv,0.5,10,10,50,789,16,1.1568627450980393,0.39899999999999997,0.066,0.2829852092352092,0.11447810385185186
warm_nv,0.5,10,10,50,789,17,0.8947368421052632,0.36999999999999994,0.066,0.33839826839826836,0.12094592088888889
warm_nv,0.5,10,10,50,789,18,0.864406779661017,0.38799999999999996,0.041999999999999996,0.32047799422799417,0.11314124962962964
warm_nv,0.5,10,10,50,789,19,0.9491525423728814,0.4219999999999999,0.048,0.2928373015873016,0.1157050675851852
warm_nv,0.5,10,10,50,789,20,1.0491803278688525,0.465,0.054000000000000006,0.24925865800865799,0.10684587185185186
warm_nv,0.5,10,10,50,789,21,0.6865671641791045,0.31799999999999995,0.06000000000000001,0.3101782939282939,0.10682817407407408
warm_nv,0.5,10,10,50,789,22,0.7924528301886793,0.30700000000000005,0.09000000000000001,0.3256510156510156,0.10772431333333335
warm_nv,0.5,10,10,50,789,23,0.7222222222222222,0.323,0.024,0.3730248917748918,0.11804394474074076
warm_nv,0.5,10,10,50,789,24,1.0909090909090908,0.316,0.024,0.3548124098124098,0.11328751555555557
warm_nv,0.5,10,10,50,789,25,0.7931034482758621,0.35,0.054000000000000006,0.334273088023088,0.11008556000000003
warm_nv,0.5,10,10,50,789,26,0.90625,0.438,0.024,0.3044587357087357,0.10764435555555556
warm_nv,0.5,10,10,50,789,27,0.864406779661017,0.387,0.041999999999999996,0.331809163059163,0.1108141703703704
warm_nv,0.5,10,10,50,789,28,0.8135593220338984,0.32299999999999995,0.072,0.34407647907647904,0.11212024400000002
warm_nv,0.5,10,10,50,789,29,0.9365079365079365,0.3670000000000001,0.048,0.3300396825396826,0.10515839703703704
warm_nv,0.5,10,10,50,789,30,0.8656716417910447,0.402,0.054000000000000006,0.28916569541569537,0.11146076266666669
warm_nv,0.5,10,10,50,789,31,0.8548387096774194,0.341,0.036,0.361991341991342,0.1171396312888889
warm_nv,0.5,10,10,50,789,32,1.0612244897959184,0.341,0.06599999999999999,0.3365252802752803,0.1124478525925926
warm_nv,0.5,10,10,50,789,33,0.9433962264150944,0.35000000000000003,0.03,0.39675324675324675,0.11386592262222221
warm_nv,0.5,10,10,50,789,34,0.8064516129032258,0.35500000000000004,0.06600000000000002,0.3588858363858364,0.11108562625185185
warm_nv,0.5,10,10,50,789,35,0.9636363636363636,0.39300000000000007,0.054000000000000006,0.30109903984903974,0.1104670265432099
warm_nv,0.5,10,10,50,789,36,0.9491525423728814,0.37900000000000006,0.041999999999999996,0.3185286935286935,0.1151643660740741
warm_nv,0.5,10,10,50,789,37,0.9591836734693877,0.30900000000000005,0.041999999999999996,0.3782702020202019,0.10990909351111114
warm_nv,0.5,10,10,50,789,38,0.7962962962962963,0.312,0.054000000000000006,0.36156857031857037,0.11255902728395065
warm_nv,0.5,10,10,50,789,39,0.7619047619047619,0.35000000000000003,0.036,0.3408730158730159,0.1100771237037037
warm_nv,0.5,10,10,50,789,40,0.6333333333333333,0.30300000000000005,0.041999999999999996,0.38962662337662335,0.11380998656790124
warm_nv,0.5,10,10,50,789,41,0.9272727272727272,0.359,0.03,0.33218073593073594,0.10729143348148149
warm_nv,0.5,10,10,50,789,42,1.127659574468085,0.373,0.036,0.3155753968253968,0.11148412029629629
warm_nv,0.5,10,10,50,789,43,0.9454545454545454,0.36899999999999994,0.048,0.3372161172161172,0.11494232951111112
warm_nv,0.5,10,10,50,789,44,0.8653846153846154,0.309,0.07200000000000002,0.34943001443001437,0.11646952444444447
warm_nv,0.5,10,10,50,789,45,0.7857142857142857,0.40499999999999997,0.03,0.36812229437229443,0.11739172462222225
warm_nv,0.5,10,10,50,789,46,0.7936507936507936,0.368,0.036,0.35160533910533914,0.11652983647407411
warm_nv,0.5,10,10,50,789,47,0.85,0.331,0.06600000000000002,0.3349608724608724,0.10849256311111113
warm_nv,0.5,10,10,50,789,48,0.9615384615384616,0.32,0.048,0.3537857975357975,0.11292581140740743
warm_nv,0.5,10,10,50,789,49,0.8032786885245902,0.34199999999999997,0.048,0.3316738816738817,0.11656673034074075
warm_nv,1.0,10,10,50,789,0,1.037037037037037,0.40099999999999997,0.048,0.28043650793650793,0.10000000000000002
warm_nv,1.0,10,10,50,789,1,0.8412698412698413,0.385,0.041999999999999996,0.29625,0.10000000000000002
warm_nv,1.0,10,10,50,789,2,1.0327868852459017,0.4079999999999999,0.048,0.2683567821067821,0.10000000000000002
warm_nv,1.0,10,10,50,789,3,0.9016393442622951,0.354,0.08400000000000003,0.2889008214008214,0.10000000000000002
warm_nv,1.0,10,10,50,789,4,0.9666666666666667,0.398,0.024,0.2887247474747474,0.10000000000000002
warm_nv,1.0,10,10,50,789,5,0.7101449275362319,0.381,0.09000000000000001,0.30374458874458876,0.10000000000000002
warm_nv,1.0,10,10,50,789,6,0.9122807017543859,0.39699999999999996,0.06000000000000001,0.29542388167388167,0.10000000000000002
warm_nv,1.0,10,10,50,789,7,0.7666666666666667,0.3550000000000001,0.07200000000000001,0.29551587301587295,0.10000000000000002
warm_nv,1.0,10,10,50,789,8,1.2452830188679245,0.48600000000000004,0.048,0.24659090909090908,0.10000000000000002
warm_nv,1.0,10,10,50,789,9,1.0,0.4,0.06,0.28112554112554117,0.10000000000000002
warm_nv,1.0,10,10,50,789,10,0.8867924528301887,0.34800000000000003,0.078,0.2974350649350649,0.10000000000000002
warm_nv,1.0,10,10,50,789,11,0.8666666666666667,0.356,0.084,0.290762987012987,0.10000000000000002
warm_nv,1.0,10,10,50,789,12,0.7288135593220338,0.30100000000000005,0.041999999999999996,0.31772824397824395,0.10000000000000002
warm_nv,1.0,10,10,50,789,13,0.6764705882352942,0.316,0.066,0.34453823953823953,0.10000000000000002
warm_nv,1.0,10,10,50,789,14,1.1372549019607843,0.40600000000000014,0.048,0.32965187590187595,0.10000000000000002
warm_nv,1.0,10,10,50,789,15,1.1320754716981132,0.4169999999999999,0.036,0.2851046176046176,0.10000000000000002
warm_nv,1.0,10,10,50,789,16,1.1764705882352942,0.434,0.072,0.27946789321789317,0.10000000000000002
warm_nv,1.0,10,10,50,789,17,0.9298245614035088,0.384,0.03,0.2924217449217449,0.10000000000000002
warm_nv,1.0,10,10,50,789,18,0.8135593220338984,0.317,0.06000000000000001,0.33384559884559883,0.10000000000000002
warm_nv,1.0,10,10,50,789,19,1.0677966101694916,0.465,0.054000000000000006,0.2649873737373737,0.10000000000000002
warm_nv,1.0,10,10,50,789,20,1.0163934426229508,0.43500000000000005,0.06000000000000001,0.23799228549228552,0.10000000000000002
warm_nv,1.0,10,10,50,789,21,1.1044776119402986,0.5,0.048,0.2532256632256632,0.10000000000000002
warm_nv,1.0,10,10,50,789,22,1.0943396226415094,0.441,0.041999999999999996,0.2662409812409812,0.10000000000000002
warm_nv,1.0,10,10,50,789,23,0.7916666666666666,0.362,0.048,0.3206511544011544,0.10000000000000002
warm_nv,1.0,10,10,50,789,24,1.0454545454545454,0.325,0.036,0.32495115995116,0.10000000000000002
warm_nv,1.0,10,10,50,789,25,1.0,0.41900000000000004,0.041999999999999996,0.2946385558885559,0.10000000000000002
warm_nv,1.0,10,10,50,789,26,1.0,0.4720000000000001,0.048,0.2476893939393939,0.10000000000000002
warm_nv,1.0,10,10,50,789,27,0.847457627118644,0.33799999999999997,0.048,0.32561743811743815,0.10000000000000002
warm_nv,1.0,10,10,50,789,28,0.9491525423728814,0.397,0.078,0.28760739260739265,0.10000000000000002
warm_nv,1.0,10,10,50,789,29,0.9523809523809523,0.425,0.054000000000000006,0.2525505050505051,0.10000000000000002
warm_nv,1.0,10,10,50,789,30,0.7164179104477612,0.31799999999999995,0.06,0.3032634032634033,0.10000000000000002
warm_nv,1.0,10,10,50,789,31,0.7903225806451613,0.351,0.041999999999999996,0.33093253968253966,0.10000000000000002
warm_nv,1.0,10,10,50,789,32,1.0204081632653061,0.378,0.06000000000000001,0.3113564213564214,0.10000000000000002
warm_nv,1.0,10,10,50,789,33,0.9245283018867925,0.36,0.06000000000000001,0.310036075036075,0.10000000000000002
warm_nv,1.0,10,10,50,789,34,0.8870967741935484,0.385,0.06600000000000002,0.28556096681096677,0.10000000000000002
warm_nv,1.0,10,10,50,789,35,0.9636363636363636,0.382,0.048,0.32605977355977356,0.10000000000000002
warm_nv,1.0,10,10,50,789,36,0.8305084745762712,0.37899999999999995,0.054000000000000006,0.29646464646464643,0.10000000000000002
warm_nv,1.0,10,10,50,789,37,1.2040816326530612,0.418,0.041999999999999996,0.3000203962703963,0.10000000000000002
warm_nv,1.0,10,10,50,789,38,1.1111111111111112,0.43100000000000005,0.036,0.2789278776778777,0.10000000000000002
warm_nv,1.0,10,10,50,789,39,0.6666666666666666,0.262,0.048,0.3715945165945166,0.10000000000000002
warm_nv,1.0,10,10,50,789,40,0.9666666666666667,0.421,0.03,0.2682417582417582,0.10000000000000002
warm_nv,1.0,10,10,50,789,41,1.0909090909090908,0.40800000000000003,0.041999999999999996,0.29138389388389385,0.10000000000000002
warm_nv,1.0,10,10,50,789,42,1.127659574468085,0.343,0.03,0.3504310966810966,0.10000000000000002
warm_nv,1.0,10,10,50,789,43,1.1090909090909091,0.44800000000000006,0.036,0.2784648684648684,0.10000000000000002
warm_nv,1.0,10,10,50,789,44,1.2884615384615385,0.47300000000000003,0.054000000000000006,0.23285353535353534,0.10000000000000002
warm_nv,1.0,10,10,50,789,45,0.8714285714285714,0.44700000000000006,0.036,0.27357489732489737,0.10000000000000002
warm_nv,1.0,10,10,50,789,46,0.8571428571428571,0.34199999999999997,0.041999999999999996,0.3150356587856588,0.10000000000000002
warm_nv,1.0,10,10,50,789,47,1.2333333333333334,0.499,0.06000000000000001,0.21545135420135417,0.10000000000000002
warm_nv,1.0,10,10,50,789,48,1.0,0.355,0.07200000000000002,0.2682886557886558,0.10000000000000002
warm_nv,1.0,10,10,50,789,49,0.9016393442622951,0.386,0.06000000000000001,0.3140313852813853,0.10000000000000002
warm_high,0.0,10,10,50,789,0,0.1111111111111111,0.025,0.0,0.8950000000000001,0.5
warm_high,0.0,10,10,50,789,1,0.2222222222222222,0.10200000000000002,0.0,0.8086904761904762,0.3422342249657065
warm_high,0.0,10,10,50,789,2,0.7540983606557377,0.30500000000000005,0.006,0.5442063492063492,0.24622695901920447
warm_high,0.0,10,10,50,789,3,0.639344262295082,0.26399999999999996,0.012,0.47064393939393934,0.20573791195767957
warm_high,0.0,10,10,50,789,4,0.9666666666666667,0.433,0.024,0.3799206349206349,0.17562434196360557
warm_high,0.0,10,10,50,789,5,0.7246376811594203,0.355,0.012,0.4158495670995671,0.15165512413226423
warm_high,0.0,10,10,50,789,6,1.0350877192982457,0.438,0.012,0.3227272727272727,0.13043157281022705
warm_high,0.0,10,10,50,789,7,0.85,0.354,0.054000000000000006,0.3537752525252525,0.138963306354669
warm_high,0.0,10,10,50,789,8,0.9433962264150944,0.362,0.048,0.3566323953823954,0.125868114128247
warm_high,0.0,10,10,50,789,9,0.9122807017543859,0.344,0.041999999999999996,0.3429635642135642,0.12238046064335577
warm_high,0.0,10,10,50,789,10,1.0377358490566038,0.41100000000000014,0.036,0.3220959595959596,0.12731183095729917
warm_high,0.0,10,10,50,789,11,0.9666666666666667,0.4029999999999999,0.03,0.3235786435786435,0.13141913638144304
warm_high,0.0,10,10,50,789,12,0.8305084745762712,0.38,0.024,0.36613095238095233,0.13266020342237844
warm_high,0.0,10,10,50,789,13,0.8382352941176471,0.3909999999999999,0.018,0.36599206349206354,0.1337084442821848
warm_high,0.0,10,10,50,789,14,0.9019607843137255,0.299,0.041999999999999996,0.3635357697857698,0.12558326996181585
warm_high,0.0,10,10,50,789,15,1.0188679245283019,0.32900000000000007,0.036,0.37405414030414025,0.1394034074888782
warm_high,0.0,10,10,50,789,16,0.9803921568627451,0.32799999999999996,0.018,0.42675366300366296,0.1466778284096661
warm_high,0.0,10,10,50,789,17,0.8070175438596491,0.376,0.036,0.359527417027417,0.1392401169732756
warm_high,0.0,10,10,50,789,18,0.7457627118644068,0.321,0.012,0.4353823953823953,0.15019443559790085
warm_high,0.0,10,10,50,789,19,0.711864406779661,0.29999999999999993,0.012,0.4363095238095238,0.1342224421881748
warm_high,0.0,10,10,50,789,20,0.6721311475409836,0.263,0.041999999999999996,0.4104256854256854,0.13005232152435112
warm_high,0.0,10,10,50,789,21,0.835820895522388,0.40499999999999997,0.024,0.34365800865800866,0.14358597513674426
warm_high,0.0,10,10,50,789,22,0.8490566037735849,0.30500000000000005,0.036,0.37738997113997114,0.1365642711302303
warm_high,0.0,10,10,50,789,23,0.8333333333333334,0.375,0.048,0.3367013542013542,0.13303103739617544
warm_high,0.0,10,10,50,789,24,1.1818181818181819,0.376,0.036,0.3592128704628704,0.14058794484815226
warm_high,0.0,10,10,50,789,25,0.8793103448275862,0.38199999999999995,0.054000000000000006,0.352995337995338,0.13456007757681482
warm_high,0.0,10,10,50,789,26,0.75,0.32100000000000006,0.054000000000000006,0.3794322344322344,0.12931973822990456
warm_high,0.0,10,10,50,789,27,0.7457627118644068,0.305,0.041999999999999996,0.39648448773448763,0.13445652177623152
warm_high,0.0,10,10,50,789,28,0.9322033898305084,0.38900000000000007,0.03,0.36662698412698413,0.1442289568565298
warm_high,0.0,10,10,50,789,29,0.8095238095238095,0.363,0.036,0.3849349261849262,0.14573201669879016
warm_high,0.0,10,10,50,789,30,0.8059701492537313,0.36000000000000004,0.024,0.3524296536796537,0.14635568321701053
warm_high,0.0,10,10,50,789,31,0.8064516129032258,0.37,0.036,0.3572113997113996,0.1523223487789273
warm_high,0.0,10,10,50,789,32,0.8571428571428571,0.295,0.03,0.45457070707070696,0.15375932033472736
warm_high,0.0,10,10,50,789,33,0.8867924528301887,0.35900000000000004,0.012,0.39525793650793645,0.13970590127252863
warm_high,0.0,10,10,50,789,34,0.6451612903225806,0.279,0.024,0.38235209235209233,0.13770496513119604
warm_high,0.0,10,10,50,789,35,0.8545454545454545,0.31200000000000006,0.07200000000000002,0.36037337662337654,0.14779293199391347
warm_high,0.0,10,10,50,789,36,0.6779661016949152,0.29500000000000004,0.012,0.4270202020202021,0.1443578962239889
warm_high,0.0,10,10,50,789,37,0.9795918367346939,0.341,0.048,0.37545135420135417,0.13689223283691704
warm_high,0.0,10,10,50,789,38,0.9259259259259259,0.366,0.03,0.38496753246753246,0.13962722350481266
warm_high,0.0,10,10,50,789,39,0.8412698412698413,0.3549999999999999,0.041999999999999996,0.35348651348651344,0.14652828872688914
warm_high,0.0,10,10,50,789,40,0.9,0.39299999999999996,0.024,0.35264430014430004,0.13818615082123678
warm_high,0.0,10,10,50,789,41,0.8,0.312,0.018,0.4161580086580086,0.1413902987266799
warm_high,0.0,10,10,50,789,42,0.9574468085106383,0.31,0.024,0.3804004329004328,0.13340180260448425
warm_high,0.0,10,10,50,789,43,0.7272727272727273,0.271,0.03,0.44702741702741705,0.15962720628654692
warm_high,0.0,10,10,50,789,44,0.8846153846153846,0.314,0.018,0.3836073648573648,0.14164669864470095
warm_high,0.0,10,10,50,789,45,0.8142857142857143,0.373,0.03,0.3521969696969697,0.1449936415988004
warm_high,0.0,10,10,50,789,46,0.8253968253968254,0.36399999999999993,0.012,0.3988869463869463,0.14606425995915473
warm_high,0.0,10,10,50,789,47,0.7833333333333333,0.319,0.03,0.4099134199134199,0.13171064175591515
warm_high,0.0,10,10,50,789,48,0.9423076923076923,0.32700000000000007,0.024,0.4115981240981241,0.12790485098483456
warm_high,0.0,10,10,50,789,49,0.8852459016393442,0.386,0.06000000000000001,0.31677641802641804,0.1205904154534632
warm_high,0.1,10,10,50,789,0,0.18518518518518517,0.053000000000000005,0.0,0.8323809523809524,0.5
warm_high,0.1,10,10,50,789,1,0.30158730158730157,0.11200000000000003,0.0,0.7645833333333333,0.35477191572359396
warm_high,0.1,10,10,50,789,2,0.5409836065573771,0.22099999999999995,0.0,0.6184523809523808,0.2645684013984943
warm_high,0.1,10,10,50,789,3,0.6065573770491803,0.242,0.018,0.5583730158730158,0.26394594870031146
warm_high,0.1,10,10,50,789,4,0.5166666666666667,0.18900000000000006,0.018,0.6070833333333334,0.24297361206536366
warm_high,0.1,10,10,50,789,5,0.37681159420289856,0.14100000000000004,0.018,0.7002813852813854,0.2886800409480722
warm_high,0.1,10,10,50,789,6,0.38596491228070173,0.13700000000000004,0.006,0.7274206349206349,0.28809276164946795
warm_high,0.1,10,10,50,789,7,0.38333333333333336,0.154,0.0,0.7119480519480521,0.29390555345212066
warm_high,0.1,10,10,50,789,8,0.49056603773584906,0.16299999999999998,0.0,0.6737950937950938,0.29093842077178433
warm_high,0.1,10,10,50,789,9,0.5087719298245614,0.17400000000000002,0.012,0.6265133477633478,0.2836533923434962
warm_high,0.1,10,10,50,789,10,0.5094339622641509,0.192,0.012,0.6868452380952381,0.30089159663522747
warm_high,0.1,10,10,50,789,11,0.45,0.18600000000000003,0.012,0.6292261904761904,0.29001641673602785
warm_high,0.1,10,10,50,789,12,0.6271186440677966,0.28099999999999997,0.0,0.5727777777777777,0.25223258655774944
warm_high,0.1,10,10,50,789,13,0.4411764705882353,0.18700000000000003,0.012,0.6460119047619048,0.2749706566421716
warm_high,0.1,10,10,50,789,14,0.5294117647058824,0.182,0.012,0.6558134920634919,0.2465333731785973
warm_high,0.1,10,10,50,789,15,0.5094339622641509,0.138,0.006,0.6440476190476191,0.26092163424592296
warm_high,0.1,10,10,50,789,16,0.49019607843137253,0.17100000000000004,0.006,0.6306547619047619,0.240808702556316
warm_high,0.1,10,10,50,789,17,0.5087719298245614,0.20099999999999998,0.012,0.6410317460317461,0.3135656115439923
warm_high,0.1,10,10,50,789,18,0.423728813559322,0.173,0.0,0.6769318181818181,0.2950076237622502
warm_high,0.1,10,10,50,789,19,0.559322033898305,0.22700000000000004,0.018,0.6061309523809524,0.2551164266986224
warm_high,0.1,10,10,50,789,20,0.5573770491803278,0.203,0.018,0.5206547619047619,0.26828448966497864
warm_high,0.1,10,10,50,789,21,0.5671641791044776,0.273,0.012,0.5967460317460318,0.2537643130798081
warm_high,0.1,10,10,50,789,22,0.7169811320754716,0.279,0.03,0.5664195526695526,0.2879122375670547
warm_high,0.1,10,10,50,789,23,0.4722222222222222,0.202,0.006,0.6451010101010101,0.26559656566590223
warm_high,0.1,10,10,50,789,24,0.7045454545454546,0.196,0.024,0.619986124986125,0.2718609452817534
warm_high,0.1,10,10,50,789,25,0.4482758620689655,0.162,0.0,0.6636706349206349,0.2385856589028919
warm_high,0.1,10,10,50,789,26,0.484375,0.20400000000000004,0.012,0.5965674603174603,0.24738484838430813
warm_high,0.1,10,10,50,789,27,0.6101694915254238,0.22600000000000003,0.0,0.5805969030969031,0.2752199186120188
warm_high,0.1,10,10,50,789,28,0.3559322033898305,0.14100000000000004,0.012,0.7241666666666666,0.28743083268275843
warm_high,0.1,10,10,50,789,29,0.2698412698412698,0.099,0.0,0.736468253968254,0.2944712886691006
warm_high,0.1,10,10,50,789,30,0.43283582089552236,0.184,0.012,0.6348214285714285,0.2816414466823885
warm_high,0.1,10,10,50,789,31,0.5161290322580645,0.23800000000000004,0.0,0.6715873015873017,0.2535687209462913
warm_high,0.1,10,10,50,789,32,0.5306122448979592,0.188,0.012,0.6613744588744589,0.2476150107243095
warm_high,0.1,10,10,50,789,33,0.39622641509433965,0.16099999999999998,0.006,0.6953373015873016,0.2489975223637768
warm_high,0.1,10,10,50,789,34,0.41935483870967744,0.184,0.018,0.6712499999999999,0.28741249221108006
warm_high,0.1,10,10,50,789,35,0.7090909090909091,0.24900000000000005,0.012,0.5602038239538241,0.23171984608595966
warm_high,0.1,10,10,50,789,36,0.576271186440678,0.24500000000000002,0.018,0.5750216450216452,0.26229792412510655
warm_high,0.1,10,10,50,789,37,0.5510204081632653,0.20700000000000002,0.012,0.6108495670995671,0.21975755411288858
warm_high,0.1,10,10,50,789,38,0.5,0.164,0.024,0.6116071428571429,0.254241849679056
warm_high,0.1,10,10,50,789,39,0.47619047619047616,0.20800000000000002,0.018,0.6243326118326118,0.2754191312479026
warm_high,0.1,10,10,50,789,40,0.43333333333333335,0.16700000000000004,0.012,0.6644444444444444,0.2738121562797245
warm_high,0.1,10,10,50,789,41,0.5272727272727272,0.205,0.0,0.646314935064935,0.2942436777434049
warm_high,0.1,10,10,50,789,42,0.574468085106383,0.17200000000000001,0.006,0.6711904761904761,0.24320026099666042
warm_high,0.1,10,10,50,789,43,0.5636363636363636,0.22400000000000003,0.024,0.5792532467532467,0.2598881196888412
warm_high,0.1,10,10,50,789,44,0.6730769230769231,0.25400000000000006,0.024,0.587718253968254,0.27700356650374813
warm_high,0.1,10,10,50,789,45,0.3,0.13400000000000004,0.0,0.7252182539682541,0.29109160771580245
warm_high,0.1,10,10,50,789,46,0.3333333333333333,0.14600000000000002,0.006,0.6745833333333333,0.3273366831330183
warm_high,0.1,10,10,50,789,47,0.4,0.15999999999999998,0.018,0.6887626262626262,0.29837562090763237
warm_high,0.1,10,10,50,789,48,0.46153846153846156,0.18000000000000005,0.0,0.6554761904761905,0.23521904941830515
warm_high,0.1,10,10,50,789,49,0.6557377049180327,0.297,0.012,0.5287518037518038,0.23019176109447842
warm_high,0.3,10,10,50,789,0,0.1111111111111111,0.032,0.0,0.9058333333333332,0.5
warm_high,0.3,10,10,50,789,1,0.25396825396825395,0.099,0.0,0.7161904761904763,0.375205193329904
warm_high,0.3,10,10,50,789,2,0.36065573770491804,0.11700000000000002,0.012,0.7414880952380953,0.3309742819688151
warm_high,0.3,10,10,50,789,3,0.2786885245901639,0.10900000000000003,0.006,0.7783333333333334,0.3447588122667034
warm_high,0.3,10,10,50,789,4,0.26666666666666666,0.096,0.0,0.7548214285714286,0.31763390262030144
warm_high,0.3,10,10,50,789,5,0.2898550724637681,0.118,0.0,0.7422619047619049,0.3415513530387481
warm_high,0.3,10,10,50,789,6,0.2631578947368421,0.09,0.006,0.7628138528138529,0.37657725199870407
warm_high,0.3,10,10,50,789,7,0.35,0.12000000000000002,0.006,0.750779220779221,0.3455067252999261
warm_high,0.3,10,10,50,789,8,0.24528301886792453,0.09300000000000001,0.006,0.7966666666666666,0.35984089248099804
warm_high,0.3,10,10,50,789,9,0.38596491228070173,0.15300000000000002,0.0,0.7704761904761905,0.3316252976492531
warm_high,0.3,10,10,50,789,10,0.22641509433962265,0.078,0.012,0.7884126984126985,0.34228309977700166
warm_high,0.3,10,10,50,789,11,0.4,0.153,0.012,0.7256349206349206,0.3502463571104125
warm_high,0.3,10,10,50,789,12,0.1864406779661017,0.073,0.0,0.8686904761904761,0.36876936649077535
warm_high,0.3,10,10,50,789,13,0.3235294117647059,0.11500000000000003,0.0,0.7554166666666666,0.34024067427299726
warm_high,0.3,10,10,50,789,14,0.5098039215686274,0.16100000000000003,0.006,0.7153968253968254,0.33790399748801714
warm_high,0.3,10,10,50,789,15,0.4528301886792453,0.137,0.006,0.7066269841269842,0.33417764750220785
warm_high,0.3,10,10,50,789,16,0.4117647058823529,0.11200000000000003,0.006,0.7357936507936507,0.3492252624545616
warm_high,0.3,10,10,50,789,17,0.2631578947368421,0.10400000000000001,0.006,0.7772023809523809,0.33392011061871985
warm_high,0.3,10,10,50,789,18,0.1864406779661017,0.07299999999999998,0.012,0.7570436507936508,0.36111273426009893
warm_high,0.3,10,10,50,789,19,0.423728813559322,0.136,0.012,0.7078571428571429,0.3441629065988169
warm_high,0.3,10,10,50,789,20,0.36065573770491804,0.162,0.0,0.7278571428571429,0.37670976318506844
warm_high,0.3,10,10,50,789,21,0.208955223880597,0.089,0.0,0.77875,0.3474571446945394
warm_high,0.3,10,10,50,789,22,0.33962264150943394,0.12300000000000003,0.0,0.7780952380952382,0.3450671655362346
warm_high,0.3,10,10,50,789,23,0.3055555555555556,0.11800000000000002,0.006,0.7372222222222222,0.34664864946082663
warm_high,0.3,10,10,50,789,24,0.4772727272727273,0.121,0.0,0.7250396825396825,0.32214988713185433
warm_high,0.3,10,10,50,789,25,0.3620689655172414,0.15000000000000005,0.006,0.7797619047619049,0.3607462218363782
warm_high,0.3,10,10,50,789,26,0.3125,0.128,0.0,0.7512500000000001,0.35270716898787835
warm_high,0.3,10,10,50,789,27,0.4067796610169492,0.14300000000000004,0.006,0.7470634920634922,0.33559290635055034
warm_high,0.3,10,10,50,789,28,0.3559322033898305,0.13200000000000003,0.0,0.7281944444444444,0.32928206462719267
warm_high,0.3,10,10,50,789,29,0.25396825396825395,0.10600000000000001,0.0,0.7804761904761905,0.3602792065037688
warm_high,0.3,10,10,50,789,30,0.2835820895522388,0.123,0.006,0.7398214285714286,0.345242367136317
warm_high,0.3,10,10,50,789,31,0.43548387096774194,0.173,0.0,0.6699999999999999,0.31084549229221625
warm_high,0.3,10,10,50,789,32,0.3877551020408163,0.11900000000000002,0.006,0.745297619047619,0.33771309955297996
warm_high,0.3,10,10,50,789,33,0.20754716981132076,0.06700000000000002,0.018,0.7324603174603175,0.3554832780668229
warm_high,0.3,10,10,50,789,34,0.22580645161290322,0.08,0.0,0.813154761904762,0.34969826169326756
warm_high,0.3,10,10,50,789,35,0.4,0.13899999999999998,0.006,0.7402976190476191,0.32346515199527265
warm_high,0.3,10,10,50,789,36,0.3728813559322034,0.14500000000000002,0.018,0.6781385281385282,0.33042751635234036
warm_high,0.3,10,10,50,789,37,0.40816326530612246,0.12400000000000003,0.0,0.7714285714285714,0.3454086434097386
warm_high,0.3,10,10,50,789,38,0.37037037037037035,0.131,0.0,0.7351587301587301,0.3442179231762163
warm_high,0.3,10,10,50,789,39,0.3333333333333333,0.12500000000000003,0.0,0.7306277056277055,0.33994064375739164
warm_high,0.3,10,10,50,789,40,0.4166666666666667,0.159,0.0,0.7179761904761904,0.3337576399402798
warm_high,0.3,10,10,50,789,41,0.2727272727272727,0.09300000000000001,0.012,0.7375992063492064,0.35400866968690403
warm_high,0.3,10,10,50,789,42,0.46808510638297873,0.13000000000000003,0.0,0.7591071428571429,0.32960041859329936
warm_high,0.3,10,10,50,789,43,0.36363636363636365,0.12200000000000003,0.0,0.7597222222222222,0.34585438555354825
warm_high,0.3,10,10,50,789,44,0.25,0.079,0.006,0.758452380952381,0.34816650889298456
warm_high,0.3,10,10,50,789,45,0.3142857142857143,0.16100000000000003,0.006,0.7130357142857143,0.3414907737356077
warm_high,0.3,10,10,50,789,46,0.38095238095238093,0.14200000000000004,0.0,0.7242261904761906,0.3017463457163002
warm_high,0.3,10,10,50,789,47,0.38333333333333336,0.139,0.0,0.740800865800866,0.3359091026866446
warm_high,0.3,10,10,50,789,48,0.4807692307692308,0.164,0.0,0.7342460317460319,0.3337249189431588
warm_high,0.3,10,10,50,789,49,0.3442622950819672,0.135,0.0,0.7540476190476191,0.33578984527123623
warm_high,0.5,10,10,50,789,0,0.12962962962962962,0.025,0.0,0.8866666666666667,0.5
warm_high,0.5,10,10,50,789,1,0.19047619047619047,0.07200000000000001,0.0,0.8633333333333333,0.41280908136145406
warm_high,0.5,10,10,50,789,2,0.26229508196721313,0.10300000000000002,0.0,0.780218253968254,0.3822093301385554
warm_high,0.5,10,10,50,789,3,0.32786885245901637,0.11200000000000002,0.0,0.7274801587301587,0.3796270476818512
warm_high,0.5,10,10,50,789,4,0.35,0.13200000000000003,0.0,0.7665476190476189,0.3956965929712352
warm_high,0.5,10,10,50,789,5,0.30434782608695654,0.12100000000000002,0.0,0.7689087301587303,0.41818172188360514
warm_high,0.5,10,10,50,789,6,0.2631578947368421,0.08,0.0,0.8214285714285715,0.4172318279275425
warm_high,0.5,10,10,50,789,7,0.25,0.08500000000000002,0.0,0.8391666666666667,0.4041482651391747
warm_high,0.5,10,10,50,789,8,0.3018867924528302,0.093,0.0,0.8026190476190477,0.3958073089592011
warm_high,0.5,10,10,50,789,9,0.21052631578947367,0.07300000000000001,0.0,0.8458333333333332,0.40078341721898925
warm_high,0.5,10,10,50,789,10,0.22641509433962265,0.065,0.0,0.8669642857142857,0.3917547418851254
warm_high,0.5,10,10,50,789,11,0.18333333333333332,0.079,0.0,0.8221428571428573,0.3876385885826038
warm_high,0.5,10,10,50,789,12,0.23728813559322035,0.09100000000000001,0.0,0.8241269841269843,0.414221239833378
warm_high,0.5,10,10,50,789,13,0.25,0.091,0.0,0.7828571428571429,0.41089406225443403
warm_high,0.5,10,10,50,789,14,0.35294117647058826,0.10700000000000001,0.0,0.7630952380952383,0.40234680762033176
warm_high,0.5,10,10,50,789,15,0.22641509433962265,0.071,0.0,0.834107142857143,0.40432266785119175
warm_high,0.5,10,10,50,789,16,0.21568627450980393,0.06400000000000002,0.0,0.8504761904761906,0.38366504388156103
warm_high,0.5,10,10,50,789,17,0.38596491228070173,0.14100000000000001,0.0,0.716984126984127,0.39328930271927903
warm_high,0.5,10,10,50,789,18,0.3050847457627119,0.10500000000000001,0.0,0.7610119047619047,0.39731740533914367
warm_high,0.5,10,10,50,789,19,0.3220338983050847,0.11399999999999999,0.006,0.748015873015873,0.39657691185194194
warm_high,0.5,10,10,50,789,20,0.32786885245901637,0.11200000000000002,0.006,0.7615079365079366,0.3873162580075268
warm_high,0.5,10,10,50,789,21,0.2537313432835821,0.094,0.006,0.7695238095238096,0.3693054676087807
warm_high,0.5,10,10,50,789,22,0.32075471698113206,0.10600000000000001,0.0,0.791547619047619,0.3868096661939899
warm_high,0.5,10,10,50,789,23,0.16666666666666666,0.06600000000000002,0.0,0.8236147186147187,0.39065669034224315
warm_high,0.5,10,10,50,789,24,0.45454545454545453,0.10200000000000001,0.0,0.751845238095238,0.3874134029519707
warm_high,0.5,10,10,50,789,25,0.2413793103448276,0.072,0.0,0.8219047619047618,0.4099380607867002
warm_high,0.5,10,10,50,789,26,0.28125,0.097,0.0,0.7795238095238096,0.41729886433024915
warm_high,0.5,10,10,50,789,27,0.3389830508474576,0.12200000000000003,0.0,0.7473412698412699,0.3966460048350748
warm_high,0.5,10,10,50,789,28,0.288135593220339,0.12200000000000003,0.0,0.7190079365079366,0.37245800515238103
warm_high,0.5,10,10,50,789,29,0.30158730158730157,0.10800000000000001,0.0,0.7810317460317461,0.3752279513412652
warm_high,0.5,10,10,50,789,30,0.208955223880597,0.091,0.0,0.8139285714285714,0.4029995286309064
warm_high,0.5,10,10,50,789,31,0.22580645161290322,0.06999999999999999,0.0,0.805,0.401392499784708
warm_high,0.5,10,10,50,789,32,0.3469387755102041,0.121,0.0,0.7435119047619047,0.4105918192638624
warm_high,0.5,10,10,50,789,33,0.32075471698113206,0.10500000000000002,0.0,0.8135714285714286,0.40737024585001047
warm_high,0.5,10,10,50,789,34,0.16129032258064516,0.05600000000000001,0.006,0.8303571428571429,0.3950879717617087
warm_high,0.5,10,10,50,789,35,0.21818181818181817,0.072,0.0,0.8388095238095239,0.395284358263378
warm_high,0.5,10,10,50,789,36,0.288135593220339,0.10099999999999998,0.0,0.8164285714285715,0.3877356336652074
warm_high,0.5,10,10,50,789,37,0.20408163265306123,0.077,0.0,0.8616666666666667,0.39841165483073643
warm_high,0.5,10,10,50,789,38,0.2222222222222222,0.08900000000000001,0.0,0.8360714285714286,0.3918274502354746
warm_high,0.5,10,10,50,789,39,0.30158730158730157,0.10400000000000002,0.0,0.8098412698412698,0.3836865658109651
warm_high,0.5,10,10,50,789,40,0.25,0.1,0.0,0.745238095238095,0.4075792352007704
warm_high,0.5,10,10,50,789,41,0.2909090909090909,0.07700000000000003,0.0,0.8046031746031748,0.4136608964404015
warm_high,0.5,10,10,50,789,42,0.2978723404255319,0.08399999999999999,0.0,0.7957539682539683,0.3928582813482517
warm_high,0.5,10,10,50,789,43,0.36363636363636365,0.098,0.0,0.7857142857142858,0.3930998444840542
warm_high,0.5,10,10,50,789,44,0.36538461538461536,0.11600000000000002,0.0,0.7867261904761905,0.39129747893255706
warm_high,0.5,10,10,50,789,45,0.3142857142857143,0.10200000000000002,0.0,0.7590476190476191,0.3976880248581731
warm_high,0.5,10,10,50,789,46,0.12698412698412698,0.05,0.0,0.8532539682539684,0.40735994822956884
warm_high,0.5,10,10,50,789,47,0.35,0.13200000000000003,0.006,0.7482539682539683,0.4029215111518326
warm_high,0.5,10,10,50,789,48,0.23076923076923078,0.07200000000000001,0.0,0.8397619047619047,0.40139650951427797
warm_high,0.5,10,10,50,789,49,0.22950819672131148,0.081,0.0,0.8224404761904761,0.40164452888641966
warm_high,1.0,10,10,50,789,0,0.24074074074074073,0.08700000000000001,0.0,0.8369047619047618,0.5
warm_high,1.0,10,10,50,789,1,0.06349206349206349,0.023,0.0,0.9460714285714286,0.5
warm_high,1.0,10,10,50,789,2,0.18032786885245902,0.051000000000000004,0.0,0.8757142857142858,0.5
warm_high,1.0,10,10,50,789,3,0.09836065573770492,0.039,0.0,0.8978571428571428,0.5
warm_high,1.0,10,10,50,789,4,0.26666666666666666,0.06900000000000002,0.0,0.7690476190476192,0.5
warm_high,1.0,10,10,50,789,5,0.11594202898550725,0.033,0.0,0.8895238095238096,0.5
warm_high,1.0,10,10,50,789,6,0.17543859649122806,0.044,0.0,0.8488095238095239,0.5
warm_high,1.0,10,10,50,789,7,0.11666666666666667,0.028999999999999998,0.0,0.9123809523809525,0.5
warm_high,1.0,10,10,50,789,8,0.1320754716981132,0.025,0.0,0.8889285714285716,0.5
warm_high,1.0,10,10,50,789,9,0.14035087719298245,0.034999999999999996,0.0,0.8908333333333334,0.5
warm_high,1.0,10,10,50,789,10,0.18867924528301888,0.06000000000000001,0.0,0.8539285714285715,0.5
warm_high,1.0,10,10,50,789,11,0.13333333333333333,0.047,0.0,0.9090476190476192,0.5
warm_high,1.0,10,10,50,789,12,0.13559322033898305,0.039999999999999994,0.0,0.9023809523809525,0.5
warm_high,1.0,10,10,50,789,13,0.07352941176470588,0.031,0.0,0.9316666666666666,0.5
warm_high,1.0,10,10,50,789,14,0.19607843137254902,0.054000000000000006,0.0,0.8399404761904762,0.5
warm_high,1.0,10,10,50,789,15,0.1509433962264151,0.042,0.0,0.9145238095238095,0.5
warm_high,1.0,10,10,50,789,16,0.19607843137254902,0.046,0.0,0.8742857142857143,0.5
warm_high,1.0,10,10,50,789,17,0.12280701754385964,0.039,0.0,0.8840476190476192,0.5
warm_high,1.0,10,10,50,789,18,0.1864406779661017,0.04300000000000001,0.0,0.8376190476190477,0.5
warm_high,1.0,10,10,50,789,19,0.1694915254237288,0.037,0.006,0.8319047619047619,0.5
warm_high,1.0,10,10,50,789,20,0.13114754098360656,0.038,0.0,0.8747619047619046,0.5
warm_high,1.0,10,10,50,789,21,0.16417910447761194,0.053000000000000005,0.0,0.8319047619047619,0.5
warm_high,1.0,10,10,50,789,22,0.20754716981132076,0.06400000000000002,0.0,0.8700000000000001,0.5
warm_high,1.0,10,10,50,789,23,0.05555555555555555,0.018,0.0,0.9254166666666668,0.5
warm_high,1.0,10,10,50,789,24,0.13636363636363635,0.032,0.0,0.9235714285714286,0.5
warm_high,1.0,10,10,50,789,25,0.1206896551724138,0.038,0.0,0.8979166666666668,0.5
warm_high,1.0,10,10,50,789,26,0.25,0.09,0.0,0.8262698412698413,0.5
warm_high,1.0,10,10,50,789,27,0.23728813559322035,0.07200000000000001,0.0,0.7982539682539682,0.5
warm_high,1.0,10,10,50,789,28,0.1694915254237288,0.053000000000000005,0.0,0.8840476190476192,0.5
warm_high,1.0,10,10,50,789,29,0.19047619047619047,0.05600000000000001,0.0,0.8579166666666665,0.5
warm_high,1.0,10,10,50,789,30,0.16417910447761194,0.043000000000000003,0.0,0.8488095238095239,0.5
warm_high,1.0,10,10,50,789,31,0.12903225806451613,0.045,0.0,0.8833333333333335,0.5
warm_high,1.0,10,10,50,789,32,0.1836734693877551,0.042,0.0,0.8269047619047619,0.5
warm_high,1.0,10,10,50,789,33,0.1509433962264151,0.048,0.0,0.8925000000000001,0.5
warm_high,1.0,10,10,50,789,34,0.16129032258064516,0.054000000000000006,0.0,0.8864285714285713,0.5
warm_high,1.0,10,10,50,789,35,0.2,0.059,0.006,0.836904761904762,0.5
warm_high,1.0,10,10,50,789,36,0.11864406779661017,0.028000000000000004,0.0,0.880297619047619,0.5
warm_high,1.0,10,10,50,789,37,0.12244897959183673,0.030000000000000006,0.0,0.903015873015873,0.5
warm_high,1.0,10,10,50,789,38,0.2222222222222222,0.066,0.0,0.8608333333333335,0.5
warm_high,1.0,10,10,50,789,39,0.12698412698412698,0.046000000000000006,0.0,0.9090476190476192,0.5
warm_high,1.0,10,10,50,789,40,0.15,0.054000000000000006,0.0,0.8595238095238095,0.5
warm_high,1.0,10,10,50,789,41,0.12727272727272726,0.032999999999999995,0.006,0.8852380952380953,0.5
warm_high,1.0,10,10,50,789,42,0.19148936170212766,0.045,0.0,0.8976190476190478,0.5
warm_high,1.0,10,10,50,789,43,0.2,0.06400000000000002,0.006,0.8835714285714287,0.5
warm_high,1.0,10,10,50,789,44,0.21153846153846154,0.049,0.0,0.8466666666666669,0.5
warm_high,1.0,10,10,50,789,45,0.1,0.039999999999999994,0.0,0.8769047619047619,0.5
warm_high,1.0,10,10,50,789,46,0.1111111111111111,0.03300000000000001,0.0,0.9152380952380952,0.5
warm_high,1.0,10,10,50,789,47,0.21666666666666667,0.073,0.0,0.865,0.5
warm_high,1.0,10,10,50,789,48,0.09615384615384616,0.027000000000000003,0.0,0.9161904761904763,0.5
warm_high,1.0,10,10,50,789,49,0.09836065573770492,0.040999999999999995,0.0,0.8664285714285713,0.5
dcf_conv,0.0,10,10,50,789,0,0.5740740740740741,0.219,0.162,0.20549873737373742,nan
dcf_conv,0.0,10,10,50,789,1,0.5873015873015873,0.261,0.10200000000000002,0.2135215661531451,nan
dcf_conv,0.0,10,10,50,789,2,0.6557377049180327,0.28500000000000003,0.174,0.15608301012712777,nan
dcf_conv,0.0,10,10,50,789,3,0.45901639344262296,0.21500000000000002,0.16200000000000003,0.21880950748597808,nan
dcf_conv,0.0,10,10,50,789,4,0.5666666666666667,0.25700000000000006,0.15000000000000005,0.19872211122211123,nan
dcf_conv,0.0,10,10,50,789,5,0.5072463768115942,0.23600000000000004,0.17400000000000002,0.18604584227262247,nan
dcf_conv,0.0,10,10,50,789,6,0.45614035087719296,0.199,0.16200000000000003,0.21333574513721576,nan
dcf_conv,0.0,10,10,50,789,7,0.6,0.316,0.19800000000000004,0.1487492776831012,nan
dcf_conv,0.0,10,10,50,789,8,0.5094339622641509,0.18500000000000005,0.15600000000000003,0.2248506395565219,nan
dcf_conv,0.0,10,10,50,789,9,0.5964912280701754,0.22999999999999998,0.19200000000000003,0.19481138959080135,nan
dcf_conv,0.0,10,10,50,789,10,0.660377358490566,0.258,0.10800000000000001,0.2079232491364844,nan
dcf_conv,0.0,10,10,50,789,11,0.6333333333333333,0.278,0.16200000000000003,0.18547702297702298,nan
dcf_conv,0.0,10,10,50,789,12,0.5932203389830508,0.269,0.15000000000000002,0.1900114468864469,nan
dcf_conv,0.0,10,10,50,789,13,0.4411764705882353,0.194,0.19200000000000006,0.19457926060867237,nan
dcf_conv,0.0,10,10,50,789,14,0.7058823529411765,0.23500000000000001,0.168,0.19174789671113204,nan
dcf_conv,0.0,10,10,50,789,15,0.7547169811320755,0.24,0.15000000000000005,0.18646106924551192,nan
dcf_conv,0.0,10,10,50,789,16,0.6274509803921569,0.231,0.11400000000000002,0.21964202464202467,nan
dcf_conv,0.0,10,10,50,789,17,0.5263157894736842,0.23400000000000004,0.15600000000000006,0.2049164724164724,nan
dcf_conv,0.0,10,10,50,789,18,0.5084745762711864,0.20999999999999996,0.15600000000000006,0.219164299752535,nan
dcf_conv,0.0,10,10,50,789,19,0.6271186440677966,0.272,0.12600000000000003,0.20200771450771451,nan
dcf_conv,0.0,10,10,50,789,20,0.5737704918032787,0.24000000000000005,0.13200000000000003,0.22016380678145384,nan
dcf_conv,0.0,10,10,50,789,21,0.582089552238806,0.271,0.144,0.20223486888928063,nan
dcf_conv,0.0,10,10,50,789,22,0.660377358490566,0.23800000000000004,0.162,0.1997526085026085,nan
dcf_conv,0.0,10,10,50,789,23,0.4583333333333333,0.24,0.15,0.2053550616050616,nan
dcf_conv,0.0,10,10,50,789,24,0.8863636363636364,0.253,0.186,0.18288665990871875,nan
dcf_conv,0.0,10,10,50,789,25,0.6551724137931034,0.26,0.15,0.1916362926289397,nan
dcf_conv,0.0,10,10,50,789,26,0.59375,0.277,0.11400000000000002,0.21419469419469422,nan
dcf_conv,0.0,10,10,50,789,27,0.6440677966101694,0.25699999999999995,0.16199999999999998,0.2017664688252924,nan
dcf_conv,0.0,10,10,50,789,28,0.5254237288135594,0.21600000000000003,0.19200000000000003,0.18327445838475248,nan
dcf_conv,0.0,10,10,50,789,29,0.5555555555555556,0.229,0.13800000000000004,0.209956305948953,nan
dcf_conv,0.0,10,10,50,789,30,0.5671641791044776,0.29800000000000004,0.13800000000000004,0.17795392107892105,nan
dcf_conv,0.0,10,10,50,789,31,0.5806451612903226,0.253,0.144,0.19981851481851481,nan
dcf_conv,0.0,10,10,50,789,32,0.6122448979591837,0.21999999999999997,0.192,0.16783009882274588,nan
dcf_conv,0.0,10,10,50,789,33,0.5471698113207547,0.22000000000000003,0.15000000000000005,0.22464176754617932,nan
dcf_conv,0.0,10,10,50,789,34,0.45161290322580644,0.201,0.18000000000000002,0.21501030831913184,nan
dcf_conv,0.0,10,10,50,789,35,0.6363636363636364,0.23900000000000002,0.17400000000000004,0.1740402141717931,nan
dcf_conv,0.0,10,10,50,789,36,0.6101694915254238,0.28600000000000003,0.16800000000000007,0.18014901764901764,nan
dcf_conv,0.0,10,10,50,789,37,0.5510204081632653,0.185,0.13800000000000007,0.2401455488955489,nan
dcf_conv,0.0,10,10,50,789,38,0.5925925925925926,0.21899999999999994,0.14400000000000004,0.21840929903429904,nan
dcf_conv,0.0,10,10,50,789,39,0.6507936507936508,0.28200000000000003,0.096,0.19669011544011542,nan
dcf_conv,0.0,10,10,50,789,40,0.5,0.24100000000000002,0.10800000000000001,0.2262938377412062,nan
dcf_conv,0.0,10,10,50,789,41,0.6363636363636364,0.263,0.18600000000000003,0.1838795926295926,nan
dcf_conv,0.0,10,10,50,789,42,0.6808510638297872,0.22600000000000006,0.156,0.2175545288045288,nan
dcf_conv,0.0,10,10,50,789,43,0.7272727272727273,0.31100000000000005,0.14400000000000002,0.19924671733495264,nan
dcf_conv,0.0,10,10,50,789,44,0.5384615384615384,0.21200000000000002,0.16800000000000007,0.19750739456621813,nan
dcf_conv,0.0,10,10,50,789,45,0.45714285714285713,0.24500000000000005,0.14400000000000004,0.22795759795759793,nan
dcf_conv,0.0,10,10,50,789,46,0.4603174603174603,0.19800000000000004,0.15599999999999997,0.22011757527817893,nan
dcf_conv,0.0,10,10,50,789,47,0.5666666666666667,0.227,0.15600000000000006,0.19231310356310355,nan
dcf_conv,0.0,10,10,50,789,48,0.5576923076923077,0.22199999999999998,0.18000000000000002,0.19308709264591617,nan
dcf_conv,0.0,10,10,50,789,49,0.639344262295082,0.277,0.14400000000000002,0.18293076204840908,nan
oracle,0.0,10,10,50,1234,0,1.12,0.4040000000000001,0.13800000000000004,0.23032374488256835,nan
oracle,0.0,10,10,50,1234,1,0.8983050847457628,0.35000000000000003,0.17400000000000007,0.19317897380397378,nan
oracle,0.0,10,10,50,1234,2,0.9253731343283582,0.458,0.16200000000000003,0.1597957597957598,nan
oracle,0.0,10,10,50,1234,3,0.7704918032786885,0.334,0.12,0.24804681429681433,nan
oracle,0.0,10,10,50,1234,4,1.12,0.37800000000000006,0.13200000000000003,0.2081689144189144,nan
oracle,0.0,10,10,50,1234,5,0.7571428571428571,0.362,0.15,0.22079878454878452,nan
oracle,0.0,10,10,50,1234,6,0.927536231884058,0.3960000000000001,0.126,0.20971445221445223,nan
oracle,0.0,10,10,50,1234,7,0.8571428571428571,0.3620000000000001,0.10200000000000002,0.22421568627450977,nan
oracle,0.0,10,10,50,1234,8,1.0,0.4120000000000001,0.17400000000000004,0.1488810495060495,nan
oracle,0.0,10,10,50,1234,9,0.8571428571428571,0.39499999999999996,0.144,0.19274975024975025,nan
oracle,0.0,10,10,50,1234,10,0.8275862068965517,0.352,0.18000000000000005,0.1918129093129093,nan
oracle,0.0,10,10,50,1234,11,0.9722222222222222,0.4419999999999999,0.15600000000000006,0.14169335050914,nan
oracle,0.0,10,10,50,1234,12,1.0,0.38099999999999995,0.162,0.18478449246831596,nan
oracle,0.0,10,10,50,1234,13,1.0,0.37699999999999995,0.174,0.18828463203463203,nan
oracle,0.0,10,10,50,1234,14,0.9807692307692307,0.37,0.13200000000000003,0.22162531912531916,nan
oracle,0.0,10,10,50,1234,15,0.9166666666666666,0.348,0.16200000000000003,0.18698717948717952,nan
oracle,0.0,10,10,50,1234,16,1.1296296296296295,0.4250000000000001,0.18600000000000003,0.15669427794427795,nan
oracle,0.0,10,10,50,1234,17,0.9655172413793104,0.369,0.174,0.201623445998446,nan
oracle,0.0,10,10,50,1234,18,0.8387096774193549,0.357,0.15599999999999997,0.21802863802863798,nan
oracle,0.0,10,10,50,1234,19,0.9655172413793104,0.385,0.18000000000000005,0.18328125306066484,nan
oracle,0.0,10,10,50,1234,20,0.984375,0.43100000000000005,0.13800000000000004,0.18737734487734486,nan
oracle,0.0,10,10,50,1234,21,0.9454545454545454,0.3509999999999999,0.13799999999999998,0.20493075551899081,nan
oracle,0.0,10,10,50,1234,22,0.9354838709677419,0.39300000000000007,0.12000000000000002,0.18996037867361398,nan
oracle,0.0,10,10,50,1234,23,0.8870967741935484,0.4,0.12000000000000002,0.19501290376290378,nan
oracle,0.0,10,10,50,1234,24,1.096774193548387,0.4800000000000001,0.10200000000000002,0.18112123987123985,nan
oracle,0.0,10,10,50,1234,25,1.0172413793103448,0.4,0.12600000000000003,0.20086136086136092,nan
oracle,0.0,10,10,50,1234,26,1.1636363636363636,0.44700000000000006,0.13800000000000004,0.1696131646131646,nan
oracle,0.0,10,10,50,1234,27,1.108695652173913,0.382,0.14400000000000002,0.2010954323454323,nan
oracle,0.0,10,10,50,1234,28,1.1454545454545455,0.43,0.13800000000000004,0.1950179425837321,nan
oracle,0.0,10,10,50,1234,29,0.78125,0.329,0.11400000000000002,0.22216339216339218,nan
oracle,0.0,10,10,50,1234,30,1.2181818181818183,0.4490000000000001,0.19800000000000004,0.13618659118659115,nan
oracle,0.0,10,10,50,1234,31,0.8793103448275862,0.34800000000000003,0.15000000000000002,0.1955307192807193,nan
oracle,0.0,10,10,50,1234,32,1.0925925925925926,0.4130000000000001,0.13200000000000003,0.18439380064380065,nan
oracle,0.0,10,10,50,1234,33,1.4042553191489362,0.4699999999999999,0.12600000000000003,0.18710553335553343,nan
oracle,0.0,10,10,50,1234,34,1.0566037735849056,0.4039999999999999,0.12000000000000006,0.18726148851148852,nan
oracle,0.0,10,10,50,1234,35,1.0,0.365,0.15000000000000002,0.1931328393828394,nan
oracle,0.0,10,10,50,1234,36,1.1153846153846154,0.37099999999999994,0.15,0.17884296259296265,nan
oracle,0.0,10,10,50,1234,37,0.9814814814814815,0.38999999999999996,0.15000000000000005,0.17869110056610057,nan
oracle,0.0,10,10,50,1234,38,0.9629629629629629,0.35600000000000004,0.17400000000000002,0.19024183333006867,nan
oracle,0.0,10,10,50,1234,39,0.819672131147541,0.389,0.17400000000000002,0.1756334555966909,nan
oracle,0.0,10,10,50,1234,40,0.8,0.371,0.17400000000000002,0.168512321012321,nan
oracle,0.0,10,10,50,1234,41,1.08,0.386,0.15000000000000005,0.1949313186813187,nan
oracle,0.0,10,10,50,1234,42,0.9310344827586207,0.3820000000000001,0.15600000000000006,0.1884964749302985,nan
oracle,0.0,10,10,50,1234,43,1.2222222222222223,0.4520000000000001,0.16800000000000004,0.15849261849261848,nan
oracle,0.0,10,10,50,1234,44,1.150943396226415,0.4,0.132,0.18161144411144411,nan
oracle,0.0,10,10,50,1234,45,0.8309859154929577,0.374,0.168,0.18227213554419436,nan
oracle,0.0,10,10,50,1234,46,0.9833333333333333,0.4109999999999999,0.20999999999999996,0.14907543845043847,nan
oracle,0.0,10,10,50,1234,47,0.9516129032258065,0.39,0.13200000000000003,0.2015945165945166,nan
oracle,0.0,10,10,50,1234,48,0.9538461538461539,0.40700000000000003,0.12600000000000003,0.1951463813963814,nan
oracle,0.0,10,10,50,1234,49,0.8059701492537313,0.37500000000000006,0.09000000000000001,0.20622113997113994,nan
cold_genie,0.0,10,10,50,1234,0,1.04,0.39499999999999996,0.12000000000000002,0.19793026418026421,0.05000000000000001
cold_genie,0.0,10,10,50,1234,1,0.864406779661017,0.33999999999999997,0.10200000000000001,0.21384304421069128,0.05000000000000001
cold_genie,0.0,10,10,50,1234,2,0.8059701492537313,0.4120000000000001,0.07200000000000002,0.22179320679320677,0.05000000000000001
cold_genie,0.0,10,10,50,1234,3,0.7540983606557377,0.322,0.13200000000000003,0.22877913752913756,0.05000000000000001
cold_genie,0.0,10,10,50,1234,4,1.3,0.44400000000000006,0.06600000000000002,0.171520979020979,0.05000000000000001
cold_genie,0.0,10,10,50,1234,5,0.7571428571428571,0.37699999999999995,0.12000000000000002,0.1863693251193251,0.05000000000000001
cold_genie,0.0,10,10,50,1234,6,0.7101449275362319,0.30899999999999994,0.12000000000000002,0.2311990786990787,0.05000000000000001
cold_genie,0.0,10,10,50,1234,7,0.7936507936507936,0.337,0.15600000000000006,0.1996705377955378,0.05000000000000001
cold_genie,0.0,10,10,50,1234,8,0.9180327868852459,0.36099999999999993,0.13199999999999998,0.18904435841935846,0.05000000000000001
cold_genie,0.0,10,10,50,1234,9,0.6666666666666666,0.32600000000000007,0.16200000000000003,0.2090366577866578,0.05000000000000001
cold_genie,0.0,10,10,50,1234,10,0.9655172413793104,0.426,0.09,0.20723110223110225,0.05000000000000001
cold_genie,0.0,10,10,50,1234,11,0.6944444444444444,0.3330000000000001,0.144,0.18410506160506154,0.05000000000000001
cold_genie,0.0,10,10,50,1234,12,0.7368421052631579,0.28900000000000003,0.16800000000000007,0.23071095571095573,0.05000000000000001
cold_genie,0.0,10,10,50,1234,13,0.9827586206896551,0.37300000000000005,0.14400000000000002,0.17402708402708406,0.05000000000000001
cold_genie,0.0,10,10,50,1234,14,0.9807692307692307,0.36200000000000004,0.11400000000000002,0.2089889277389277,0.05000000000000001
cold_genie,0.0,10,10,50,1234,15,0.9333333333333333,0.3990000000000001,0.096,0.21382922632922635,0.05000000000000001
cold_genie,0.0,10,10,50,1234,16,0.9259259259259259,0.35100000000000003,0.13200000000000003,0.20286449661449665,0.05000000000000001
cold_genie,0.0,10,10,50,1234,17,0.896551724137931,0.39599999999999996,0.10800000000000001,0.21293151293151294,0.05000000000000001
cold_genie,0.0,10,10,50,1234,18,0.8225806451612904,0.365,0.15000000000000005,0.1800641025641026,0.05000000000000001
cold_genie,0.0,10,10,50,1234,19,0.7413793103448276,0.28900000000000003,0.10800000000000003,0.2322863247863248,0.05000000000000001
cold_genie,0.0,10,10,50,1234,20,0.75,0.363,0.10200000000000005,0.22937342885872297,0.05000000000000001
cold_genie,0.0,10,10,50,1234,21,1.1636363636363636,0.46500000000000014,0.15000000000000002,0.14491383616383618,0.05000000000000001
cold_genie,0.0,10,10,50,1234,22,0.8709677419354839,0.37099999999999994,0.11400000000000002,0.21222929847929847,0.05000000000000001
cold_genie,0.0,10,10,50,1234,23,0.8870967741935484,0.3810000000000001,0.09600000000000002,0.2049109224109224,0.05000000000000001
cold_genie,0.0,10,10,50,1234,24,0.7741935483870968,0.35100000000000003,0.12600000000000003,0.23009344821844824,0.05000000000000001
cold_genie,0.0,10,10,50,1234,25,0.9482758620689655,0.41500000000000004,0.10200000000000001,0.207006882006882,0.05000000000000001
cold_genie,0.0,10,10,50,1234,26,0.9636363636363636,0.374,0.11400000000000002,0.22172244422244422,0.05000000000000001
cold_genie,0.0,10,10,50,1234,27,1.2391304347826086,0.404,0.09000000000000004,0.20068376068376073,0.05000000000000001
cold_genie,0.0,10,10,50,1234,28,0.8727272727272727,0.331,0.10800000000000001,0.22216162922045274,0.05000000000000001
cold_genie,0.0,10,10,50,1234,29,0.78125,0.36200000000000004,0.15000000000000005,0.19562257187257193,0.05000000000000001
cold_genie,0.0,10,10,50,1234,30,0.9454545454545454,0.3330000000000001,0.132,0.21150155400155404,0.05000000000000001
cold_genie,0.0,10,10,50,1234,31,0.8793103448275862,0.39000000000000007,0.13200000000000003,0.2058848096348096,0.05000000000000001
cold_genie,0.0,10,10,50,1234,32,1.0185185185185186,0.41400000000000015,0.12000000000000002,0.2030506993006993,0.05000000000000001
cold_genie,0.0,10,10,50,1234,33,1.2127659574468086,0.39799999999999996,0.09000000000000001,0.220003885003885,0.05000000000000001
cold_genie,0.0,10,10,50,1234,34,0.7547169811320755,0.302,0.10800000000000001,0.2605488955488955,0.05000000000000001
cold_genie,0.0,10,10,50,1234,35,1.1666666666666667,0.449,0.09600000000000004,0.19082889332889336,0.05000000000000001
cold_genie,0.0,10,10,50,1234,36,1.2307692307692308,0.466,0.10200000000000001,0.17359015984015985,0.05000000000000001
cold_genie,0.0,10,10,50,1234,37,0.9629629629629629,0.3390000000000001,0.10200000000000005,0.23130022755022756,0.05000000000000001
cold_genie,0.0,10,10,50,1234,38,0.9444444444444444,0.378,0.132,0.19839833777333776,0.05000000000000001
cold_genie,0.0,10,10,50,1234,39,1.0163934426229508,0.477,0.10200000000000002,0.16617590742590743,0.05000000000000001
cold_genie,0.0,10,10,50,1234,40,0.9692307692307692,0.45200000000000007,0.10200000000000001,0.17327533577533577,0.05000000000000001
cold_genie,0.0,10,10,50,1234,41,1.12,0.39,0.16200000000000006,0.16481379731379736,0.05000000000000001
cold_genie,0.0,10,10,50,1234,42,0.8620689655172413,0.33599999999999997,0.08399999999999999,0.23104971417471418,0.05000000000000001
cold_genie,0.0,10,10,50,1234,43,1.0185185185185186,0.395,0.10200000000000001,0.21693931068931072,0.05000000000000001
cold_genie,0.0,10,10,50,1234,44,1.0,0.40199999999999997,0.09600000000000002,0.20091450216450216,0.05000000000000001
cold_genie,0.0,10,10,50,1234,45,0.7323943661971831,0.36699999999999994,0.144,0.18534340659340662,0.05000000000000001
cold_genie,0.0,10,10,50,1234,46,1.1166666666666667,0.4790000000000001,0.09,0.1560696248196248,0.05000000000000001
cold_genie,0.0,10,10,50,1234,47,0.6290322580645161,0.276,0.162,0.2219126706626707,0.05000000000000001
cold_genie,0.0,10,10,50,1234,48,0.8153846153846154,0.417,0.10800000000000001,0.19306748806748805,0.05000000000000001
cold_genie,0.0,10,10,50,1234,49,0.7910447761194029,0.358,0.11399999999999999,0.20682303807303803,0.05000000000000001
cold_nv,0.0,10,10,50,1234,0,1.02,0.397,0.036,0.30782647907647903,0.10000000000000002
cold_nv,0.0,10,10,50,1234,1,0.9152542372881356,0.394,0.048,0.303953823953824,0.10000000000000002
cold_nv,0.0,10,10,50,1234,2,0.835820895522388,0.39299999999999996,0.048,0.319011544011544,0.10000000000000002
cold_nv,0.0,10,10,50,1234,3,0.9508196721311475,0.426,0.09,0.27195887445887446,0.10000000000000002
cold_nv,0.0,10,10,50,1234,4,0.94,0.33399999999999996,0.048,0.311024531024531,0.10000000000000002
cold_nv,0.0,10,10,50,1234,5,0.7285714285714285,0.3929999999999999,0.054000000000000006,0.29349927849927854,0.10000000000000002
cold_nv,0.0,10,10,50,1234,6,0.782608695652174,0.3509999999999999,0.024,0.33702741702741706,0.10000000000000002
cold_nv,0.0,10,10,50,1234,7,0.8412698412698413,0.31500000000000006,0.06000000000000001,0.343178626928627,0.10000000000000002
cold_nv,0.0,10,10,50,1234,8,0.819672131147541,0.364,0.048,0.3281511544011544,0.10000000000000002
cold_nv,0.0,10,10,50,1234,9,1.0,0.453,0.048,0.25483405483405486,0.10000000000000002
cold_nv,0.0,10,10,50,1234,10,0.9655172413793104,0.4320000000000001,0.054000000000000006,0.2736976911976912,0.10000000000000002
cold_nv,0.0,10,10,50,1234,11,0.7777777777777778,0.3950000000000001,0.054000000000000006,0.29798701298701297,0.10000000000000002
cold_nv,0.0,10,10,50,1234,12,0.8421052631578947,0.35000000000000003,0.041999999999999996,0.33357683982683983,0.10000000000000002
cold_nv,0.0,10,10,50,1234,13,0.8793103448275862,0.3550000000000001,0.07200000000000001,0.3142388167388167,0.10000000000000002
cold_nv,0.0,10,10,50,1234,14,1.0961538461538463,0.372,0.06,0.2771663059163059,0.10000000000000002
cold_nv,0.0,10,10,50,1234,15,0.85,0.364,0.048,0.3101424963924964,0.10000000000000002
cold_nv,0.0,10,10,50,1234,16,0.9814814814814815,0.354,0.078,0.2862402874902875,0.10000000000000002
cold_nv,0.0,10,10,50,1234,17,0.8275862068965517,0.36400000000000005,0.041999999999999996,0.2981204906204906,0.10000000000000002
cold_nv,0.0,10,10,50,1234,18,0.9516129032258065,0.42000000000000004,0.054000000000000006,0.30519480519480513,0.10000000000000002
cold_nv,0.0,10,10,50,1234,19,1.0172413793103448,0.40099999999999997,0.054000000000000006,0.27995310245310245,0.10000000000000002
cold_nv,0.0,10,10,50,1234,20,0.90625,0.37899999999999995,0.048,0.3156204906204906,0.10000000000000002
cold_nv,0.0,10,10,50,1234,21,1.1636363636363636,0.484,0.036,0.2624098124098124,0.10000000000000002
cold_nv,0.0,10,10,50,1234,22,0.8548387096774194,0.3690000000000001,0.041999999999999996,0.32341450216450207,0.10000000000000002
cold_nv,0.0,10,10,50,1234,23,0.9193548387096774,0.37100000000000005,0.054000000000000006,0.26603882228882225,0.10000000000000002
cold_nv,0.0,10,10,50,1234,24,0.8548387096774194,0.404,0.048,0.2856709956709957,0.10000000000000002
cold_nv,0.0,10,10,50,1234,25,1.0172413793103448,0.42200000000000004,0.024,0.2761814574314575,0.10000000000000002
cold_nv,0.0,10,10,50,1234,26,0.8909090909090909,0.398,0.054000000000000006,0.3126461038961039,0.10000000000000002
cold_nv,0.0,10,10,50,1234,27,1.2826086956521738,0.40300000000000014,0.048,0.2983585858585859,0.10000000000000002
cold_nv,0.0,10,10,50,1234,28,1.018181818181818,0.37099999999999994,0.072,0.28962301587301587,0.10000000000000002
cold_nv,0.0,10,10,50,1234,29,0.578125,0.24200000000000005,0.07799999999999999,0.3380429292929293,0.10000000000000002
cold_nv,0.0,10,10,50,1234,30,0.9090909090909091,0.347,0.06,0.30209401709401706,0.10000000000000002
cold_nv,0.0,10,10,50,1234,31,0.9310344827586207,0.36899999999999994,0.07200000000000001,0.2703138528138528,0.10000000000000002
cold_nv,0.0,10,10,50,1234,32,0.9814814814814815,0.37599999999999995,0.036,0.2698741536241536,0.10000000000000002
cold_nv,0.0,10,10,50,1234,33,1.2340425531914894,0.41200000000000003,0.036,0.2978643578643579,0.10000000000000002
cold_nv,0.0,10,10,50,1234,34,0.9811320754716981,0.41800000000000004,0.024,0.338015873015873,0.10000000000000002
cold_nv,0.0,10,10,50,1234,35,0.9444444444444444,0.376,0.036,0.3132682595182595,0.10000000000000002
cold_nv,0.0,10,10,50,1234,36,0.9615384615384616,0.341,0.07200000000000002,0.2954202741702741,0.10000000000000002
cold_nv,0.0,10,10,50,1234,37,1.0925925925925926,0.4149999999999999,0.048,0.3041089466089466,0.10000000000000002
cold_nv,0.0,10,10,50,1234,38,1.0,0.38299999999999995,0.036,0.2960586635586635,0.10000000000000002
cold_nv,0.0,10,10,50,1234,39,0.8688524590163934,0.384,0.054000000000000006,0.3104188866688866,0.10000000000000002
cold_nv,0.0,10,10,50,1234,40,0.8769230769230769,0.394,0.048,0.2835407647907648,0.10000000000000002
cold_nv,0.0,10,10,50,1234,41,1.22,0.42899999999999994,0.07200000000000002,0.27483752358752356,0.10000000000000002
cold_nv,0.0,10,10,50,1234,42,0.9827586206896551,0.388,0.041999999999999996,0.2823321123321123,0.10000000000000002
cold_nv,0.0,10,10,50,1234,43,1.1296296296296295,0.42700000000000005,0.07800000000000003,0.25417568542568547,0.10000000000000002
cold_nv,0.0,10,10,50,1234,44,1.0377358490566038,0.346,0.024,0.3113780663780664,0.10000000000000002
cold_nv,0.0,10,10,50,1234,45,0.7464788732394366,0.37,0.024,0.3412121212121212,0.10000000000000002
cold_nv,0.0,10,10,50,1234,46,0.9,0.3679999999999999,0.048,0.2899920912420912,0.10000000000000002
cold_nv,0.0,10,10,50,1234,47,0.9838709677419355,0.4490000000000001,0.041999999999999996,0.2577597402597402,0.10000000000000002
cold_nv,0.0,10,10,50,1234,48,0.7692307692307693,0.3530000000000001,0.054000000000000006,0.275297619047619,0.10000000000000002
cold_nv,0.0,10,10,50,1234,49,0.7164179104477612,0.317,0.054000000000000006,0.33314574314574313,0.10000000000000002
cold_high,0.0,10,10,50,1234,0,0.18,0.051000000000000004,0.0,0.88125,0.5
cold_high,0.0,10,10,50,1234,1,0.15254237288135594,0.05900000000000001,0.0,0.8766666666666669,0.5
cold_high,0.0,10,10,50,1234,2,0.1791044776119403,0.06200000000000001,0.0,0.8492857142857144,0.5
cold_high,0.0,10,10,50,1234,3,0.16393442622950818,0.036000000000000004,0.0,0.8686309523809526,0.5
cold_high,0.0,10,10,50,1234,4,0.28,0.08399999999999999,0.0,0.8552380952380952,0.5
cold_high,0.0,10,10,50,1234,5,0.11428571428571428,0.033999999999999996,0.0,0.8920238095238096,0.5
cold_high,0.0,10,10,50,1234,6,0.07246376811594203,0.023,0.0,0.905,0.5
cold_high,0.0,10,10,50,1234,7,0.15873015873015872,0.05299999999999999,0.0,0.8652380952380951,0.5
cold_high,0.0,10,10,50,1234,8,0.22950819672131148,0.07700000000000001,0.0,0.8341666666666667,0.5
cold_high,0.0,10,10,50,1234,9,0.047619047619047616,0.013000000000000001,0.0,0.9311904761904761,0.5
cold_high,0.0,10,10,50,1234,10,0.1896551724137931,0.06300000000000001,0.0,0.8420238095238094,0.5
cold_high,0.0,10,10,50,1234,11,0.16666666666666666,0.05700000000000001,0.0,0.843809523809524,0.5
cold_high,0.0,10,10,50,1234,12,0.15789473684210525,0.03900000000000001,0.0,0.8488095238095239,0.5
cold_high,0.0,10,10,50,1234,13,0.20689655172413793,0.06200000000000001,0.0,0.8341071428571432,0.5
cold_high,0.0,10,10,50,1234,14,0.2692307692307692,0.06599999999999999,0.0,0.8414285714285716,0.5
cold_high,0.0,10,10,50,1234,15,0.15,0.043,0.0,0.8671428571428572,0.5
cold_high,0.0,10,10,50,1234,16,0.2777777777777778,0.10500000000000001,0.0,0.8237500000000002,0.5
cold_high,0.0,10,10,50,1234,17,0.15517241379310345,0.044000000000000004,0.0,0.8464285714285718,0.5
cold_high,0.0,10,10,50,1234,18,0.14516129032258066,0.048,0.0,0.8873809523809525,0.5
cold_high,0.0,10,10,50,1234,19,0.05172413793103448,0.014000000000000002,0.0,0.9561904761904764,0.5
cold_high,0.0,10,10,50,1234,20,0.234375,0.09100000000000001,0.006,0.8380952380952381,0.5
cold_high,0.0,10,10,50,1234,21,0.23636363636363636,0.08199999999999999,0.0,0.8466666666666669,0.5
cold_high,0.0,10,10,50,1234,22,0.12903225806451613,0.046,0.0,0.9028571428571428,0.5
cold_high,0.0,10,10,50,1234,23,0.22580645161290322,0.07200000000000002,0.0,0.8312500000000002,0.5
cold_high,0.0,10,10,50,1234,24,0.22580645161290322,0.075,0.0,0.8554761904761904,0.5
cold_high,0.0,10,10,50,1234,25,0.20689655172413793,0.067,0.0,0.8552380952380954,0.5
cold_high,0.0,10,10,50,1234,26,0.18181818181818182,0.05,0.0,0.85,0.5
cold_high,0.0,10,10,50,1234,27,0.10869565217391304,0.031000000000000007,0.0,0.9066666666666668,0.5
cold_high,0.0,10,10,50,1234,28,0.16363636363636364,0.06300000000000001,0.0,0.8832142857142857,0.5
cold_high,0.0,10,10,50,1234,29,0.078125,0.019,0.0,0.9216666666666666,0.5
cold_high,0.0,10,10,50,1234,30,0.16363636363636364,0.038,0.0,0.8884920634920634,0.5
cold_high,0.0,10,10,50,1234,31,0.10344827586206896,0.026000000000000002,0.0,0.8972222222222221,0.5
cold_high,0.0,10,10,50,1234,32,0.05555555555555555,0.012,0.0,0.9616666666666667,0.5
cold_high,0.0,10,10,50,1234,33,0.2127659574468085,0.05900000000000001,0.0,0.883095238095238,0.5
cold_high,0.0,10,10,50,1234,34,0.22641509433962265,0.07700000000000001,0.0,0.8644047619047621,0.5
cold_high,0.0,10,10,50,1234,35,0.2037037037037037,0.047,0.0,0.8790476190476193,0.5
cold_high,0.0,10,10,50,1234,36,0.19230769230769232,0.052000000000000005,0.0,0.8657142857142859,0.5
cold_high,0.0,10,10,50,1234,37,0.2037037037037037,0.048999999999999995,0.0,0.8580952380952382,0.5
cold_high,0.0,10,10,50,1234,38,0.14814814814814814,0.042,0.0,0.8828571428571429,0.5
cold_high,0.0,10,10,50,1234,39,0.11475409836065574,0.025,0.0,0.8498809523809523,0.5
cold_high,0.0,10,10,50,1234,40,0.09230769230769231,0.02,0.0,0.8873809523809524,0.5
cold_high,0.0,10,10,50,1234,41,0.22,0.05800000000000001,0.0,0.8648809523809524,0.5
cold_high,0.0,10,10,50,1234,42,0.22413793103448276,0.07900000000000001,0.0,0.8402380952380952,0.5
cold_high,0.0,10,10,50,1234,43,0.1111111111111111,0.02,0.0,0.8864285714285716,0.5
cold_high,0.0,10,10,50,1234,44,0.24528301886792453,0.07299999999999998,0.0,0.8645238095238096,0.5
cold_high,0.0,10,10,50,1234,45,0.23943661971830985,0.07699999999999999,0.0,0.7941666666666667,0.5
cold_high,0.0,10,10,50,1234,46,0.15,0.039,0.0,0.8897023809523811,0.5
cold_high,0.0,10,10,50,1234,47,0.12903225806451613,0.036,0.0,0.8592261904761905,0.5
cold_high,0.0,10,10,50,1234,48,0.16923076923076924,0.061,0.0,0.8578571428571429,0.5
cold_high,0.0,10,10,50,1234,49,0.13432835820895522,0.05800000000000001,0.0,0.8257142857142858,0.5
warm_nv,0.0,10,10,50,1234,0,1.16,0.3909999999999999,0.06000000000000001,0.26298742923742924,0.10000000000000002
warm_nv,0.0,10,10,50,1234,1,0.9830508474576272,0.40800000000000003,0.041999999999999996,0.3291143578643579,0.12442870151111114
warm_nv,0.0,10,10,50,1234,2,0.7761194029850746,0.38600000000000007,0.012,0.3654820179820179,0.1285744451851852
warm_nv,0.0,10,10,50,1234,3,0.9672131147540983,0.38799999999999996,0.06000000000000001,0.3120375457875458,0.13262192
warm_nv,0.0,10,10,50,1234,4,0.74,0.301,0.036,0.4478228715728715,0.14622121866666668
warm_nv,0.0,10,10,50,1234,5,0.6857142857142857,0.33599999999999997,0.041999999999999996,0.411427183927184,0.13744068000000004
warm_nv,0.0,10,10,50,1234,6,0.7246376811594203,0.30800000000000005,0.036,0.3580150405150405,0.13906207274074076
warm_nv,0.0,10,10,50,1234,7,0.7142857142857143,0.31599999999999995,0.041999999999999996,0.4161183261183262,0.1488405395140741
warm_nv,0.0,10,10,50,1234,8,0.47540983606557374,0.215,0.048,0.4904563492063493,0.14862539946666667
warm_nv,0.0,10,10,50,1234,9,0.8412698412698413,0.38400000000000006,0.03,0.32314574314574307,0.13467458133333335
warm_nv,0.0,10,10,50,1234,10,0.7758620689655172,0.365,0.041999999999999996,0.3573611111111111,0.13348824758024688
warm_nv,0.0,10,10,50,1234,11,0.7361111111111112,0.334,0.012,0.38748015873015873,0.13634776328395065
warm_nv,0.0,10,10,50,1234,12,0.7543859649122807,0.32700000000000007,0.036,0.3885894660894661,0.13689945172839507
warm_nv,0.0,10,10,50,1234,13,0.9655172413793104,0.359,0.036,0.3408387445887445,0.1320220312888889
warm_nv,0.0,10,10,50,1234,14,0.9423076923076923,0.33799999999999997,0.036,0.3576208513708513,0.13976598542222218
warm_nv,0.0,10,10,50,1234,15,0.7166666666666667,0.30200000000000005,0.024,0.3935191197691198,0.1406603928888889
warm_nv,0.0,10,10,50,1234,16,0.9814814814814815,0.34199999999999997,0.036,0.3828914141414141,0.14335308444444445
warm_nv,0.0,10,10,50,1234,17,0.7413793103448276,0.319,0.036,0.38159271284271284,0.13560506162962965
warm_nv,0.0,10,10,50,1234,18,0.8225806451612904,0.38299999999999995,0.03,0.36156746031746034,0.13595252429629628
warm_nv,0.0,10,10,50,1234,19,0.7241379310344828,0.31100000000000005,0.03,0.39190476190476187,0.13984492444444446
warm_nv,0.0,10,10,50,1234,20,0.8125,0.398,0.03,0.3786273448773449,0.13396453185185186
warm_nv,0.0,10,10,50,1234,21,1.0545454545454545,0.402,0.041999999999999996,0.3378373015873015,0.12969194548148152
warm_nv,0.0,10,10,50,1234,22,0.7741935483870968,0.30900000000000005,0.03,0.4055844155844155,0.12539308506172842
warm_nv,0.0,10,10,50,1234,23,0.6774193548387096,0.3,0.06600000000000002,0.3968290043290043,0.1223418525925926
warm_nv,0.0,10,10,50,1234,24,0.8387096774193549,0.373,0.078,0.29654761904761906,0.1133933088888889
warm_nv,0.0,10,10,50,1234,25,0.7931034482758621,0.33299999999999996,0.018,0.41839646464646457,0.121092697654321
warm_nv,0.0,10,10,50,1234,26,0.9272727272727272,0.36300000000000004,0.09,0.3079319291819292,0.112198300617284
warm_nv,0.0,10,10,50,1234,27,1.0869565217391304,0.39300000000000007,0.024,0.3536994949494949,0.12684251037860084
warm_nv,0.0,10,10,50,1234,28,0.8181818181818182,0.3060000000000001,0.03,0.4008928571428572,0.14086283089451307
warm_nv,0.0,10,10,50,1234,29,0.734375,0.3410000000000001,0.054000000000000006,0.38097763347763347,0.1318092035555556
warm_nv,0.0,10,10,50,1234,30,0.8363636363636363,0.31300000000000006,0.03,0.38495670995670994,0.13263715234567902
warm_nv,0.0,10,10,50,1234,31,0.7931034482758621,0.325,0.06600000000000002,0.33926212676212686,0.12571491246913585
warm_nv,0.0,10,10,50,1234,32,0.9444444444444444,0.388,0.036,0.3494119769119769,0.12484653469135806
warm_nv,0.0,10,10,50,1234,33,1.1063829787234043,0.357,0.054000000000000006,0.3573124098124098,0.13822403466666672
warm_nv,0.0,10,10,50,1234,34,0.8867924528301887,0.337,0.048,0.39568542568542575,0.14171831128888893
warm_nv,0.0,10,10,50,1234,35,0.8703703703703703,0.36099999999999993,0.048,0.35325396825396826,0.13549737350617283
warm_nv,0.0,10,10,50,1234,36,1.0384615384615385,0.38,0.054000000000000006,0.3444209956709957,0.1261086187209877
warm_nv,0.0,10,10,50,1234,37,0.8703703703703703,0.3439999999999999,0.048,0.3615331890331891,0.1317253688888889
warm_nv,0.0,10,10,50,1234,38,0.9814814814814815,0.36500000000000005,0.048,0.35060064935064933,0.13737671943703705
warm_nv,0.0,10,10,50,1234,39,0.8360655737704918,0.351,0.03,0.3874925074925075,0.13915865333333338
warm_nv,0.0,10,10,50,1234,40,0.8769230769230769,0.42000000000000004,0.036,0.34059454434454434,0.1275813766518519
warm_nv,0.0,10,10,50,1234,41,1.1,0.39099999999999996,0.012,0.3660191197691197,0.15009224251358028
warm_nv,0.0,10,10,50,1234,42,0.8103448275862069,0.363,0.03,0.41313492063492063,0.14750600465185187
warm_nv,0.0,10,10,50,1234,43,1.0740740740740742,0.40800000000000003,0.024,0.34208874458874455,0.1396466962962963
warm_nv,0.0,10,10,50,1234,44,0.9622641509433962,0.358,0.036,0.3756583694083694,0.15561455914666672
warm_nv,0.0,10,10,50,1234,45,0.6901408450704225,0.32699999999999996,0.006,0.4290873015873015,0.149432632
warm_nv,0.0,10,10,50,1234,46,0.9833333333333333,0.4200000000000001,0.03,0.35741702741702736,0.14081247200000002
warm_nv,0.0,10,10,50,1234,47,0.7741935483870968,0.32599999999999996,0.054000000000000006,0.36245226995227,0.13711676888888885
warm_nv,0.0,10,10,50,1234,48,0.6923076923076923,0.365,0.03,0.3953841991341992,0.1485319906666667
warm_nv,0.0,10,10,50,1234,49,0.5074626865671642,0.23400000000000004,0.041999999999999996,0.4502777777777777,0.15603836876625515
warm_nv,0.1,10,10,50,1234,0,1.0,0.37900000000000006,0.041999999999999996,0.31617049617049614,0.10000000000000002
warm_nv,0.1,10,10,50,1234,1,0.864406779661017,0.36399999999999993,0.06599999999999999,0.309724025974026,0.10981609333333334
warm_nv,0.1,10,10,50,1234,2,0.7164179104477612,0.32999999999999996,0.024,0.35363553113553114,0.1212294311111111
warm_nv,0.1,10,10,50,1234,3,0.9016393442622951,0.409,0.03,0.32395743145743144,0.12474026397119345
warm_nv,0.1,10,10,50,1234,4,1.0,0.335,0.06600000000000002,0.3542153679653679,0.13904850296296295
warm_nv,0.1,10,10,50,1234,5,0.9142857142857143,0.43900000000000006,0.03,0.3322727272727272,0.13643723555555554
warm_nv,0.1,10,10,50,1234,6,0.6376811594202898,0.27399999999999997,0.024,0.43105158730158727,0.1411272088888889
warm_nv,0.1,10,10,50,1234,7,0.9365079365079365,0.371,0.041999999999999996,0.32930666555666555,0.13458329481481482
warm_nv,0.1,10,10,50,1234,8,0.7540983606557377,0.3370000000000001,0.036,0.38705627705627704,0.13325997333333334
warm_nv,0.1,10,10,50,1234,9,0.7619047619047619,0.336,0.018,0.3994733044733045,0.12220960567901233
warm_nv,0.1,10,10,50,1234,10,0.7586206896551724,0.32400000000000007,0.048,0.3955988455988456,0.12152759111111111
warm_nv,0.1,10,10,50,1234,11,0.6944444444444444,0.374,0.036,0.3533766233766233,0.1278351534814815
warm_nv,0.1,10,10,50,1234,12,0.7543859649122807,0.313,0.041999999999999996,0.37632936507936504,0.13579196035555557
warm_nv,0.1,10,10,50,1234,13,1.0517241379310345,0.445,0.041999999999999996,0.2947330447330447,0.1362691011851852
warm_nv,0.1,10,10,50,1234,14,0.9423076923076923,0.34299999999999997,0.048,0.3665227827727827,0.1422536456888889
warm_nv,0.1,10,10,50,1234,15,0.8,0.329,0.041999999999999996,0.34350288600288603,0.14060876000000005
warm_nv,0.1,10,10,50,1234,16,1.0,0.4000000000000001,0.07200000000000002,0.3315512265512265,0.13709366770370374
warm_nv,0.1,10,10,50,1234,17,0.896551724137931,0.392,0.018,0.38271825396825393,0.13616034740740746
warm_nv,0.1,10,10,50,1234,18,0.8225806451612904,0.409,0.018,0.4076641414141414,0.14257994795377776
warm_nv,0.1,10,10,50,1234,19,0.8448275862068966,0.344,0.036,0.4193939393939393,0.14934636832296297
warm_nv,0.1,10,10,50,1234,20,0.75,0.33199999999999996,0.054000000000000006,0.37552711177711184,0.12285432756213992
warm_nv,0.1,10,10,50,1234,21,1.0,0.381,0.03,0.3348917748917749,0.12333910389683737
warm_nv,0.1,10,10,50,1234,22,0.8225806451612904,0.35500000000000004,0.054000000000000006,0.34543678543678535,0.12486610644938276
warm_nv,0.1,10,10,50,1234,23,0.6935483870967742,0.29700000000000004,0.041999999999999996,0.3960714285714286,0.11884470061728396
warm_nv,0.1,10,10,50,1234,24,0.9354838709677419,0.402,0.024,0.3334722222222222,0.12355487807407406
warm_nv,0.1,10,10,50,1234,25,0.6896551724137931,0.319,0.036,0.3878708791208791,0.13331399168
warm_nv,0.1,10,10,50,1234,26,0.8909090909090909,0.32599999999999996,0.036,0.3864411976911977,0.1289220167654321
warm_nv,0.1,10,10,50,1234,27,1.2173913043478262,0.41200000000000003,0.048,0.3113293650793651,0.12507046913580247
warm_nv,0.1,10,10,50,1234,28,1.018181818181818,0.40099999999999997,0.024,0.3344805194805195,0.11198091555555556
warm_nv,0.1,10,10,50,1234,29,0.734375,0.332,0.048,0.3607475857475857,0.11760929469135799
warm_nv,0.1,10,10,50,1234,30,0.9090909090909091,0.33199999999999996,0.054000000000000006,0.33148268398268393,0.134798072
warm_nv,0.1,10,10,50,1234,31,0.8448275862068966,0.356,0.018,0.3692135642135642,0.1350078987565432
warm_nv,0.1,10,10,50,1234,32,0.8148148148148148,0.333,0.06600000000000002,0.38210497835497836,0.1352107770617284
warm_nv,0.1,10,10,50,1234,33,0.9787234042553191,0.327,0.041999999999999996,0.3930862193362193,0.132784557708642
warm_nv,0.1,10,10,50,1234,34,0.8113207547169812,0.29300000000000004,0.024,0.40958319458319464,0.11948768886488341
warm_nv,0.1,10,10,50,1234,35,0.9259259259259259,0.381,0.03,0.38073953823953827,0.1290912194074074
warm_nv,0.1,10,10,50,1234,36,1.0769230769230769,0.3869999999999999,0.054000000000000006,0.34520382395382393,0.13388028000000002
warm_nv,0.1,10,10,50,1234,37,0.8148148148148148,0.332,0.018,0.3841774891774891,0.1344827111111111
warm_nv,0.1,10,10,50,1234,38,0.9259259259259259,0.36000000000000004,0.036,0.36018217893217896,0.13405111627160496
warm_nv,0.1,10,10,50,1234,39,0.7868852459016393,0.354,0.024,0.35283286158286165,0.1348355255111111
warm_nv,0.1,10,10,50,1234,40,0.8153846153846154,0.374,0.036,0.3270905483405484,0.13159189472098767
warm_nv,0.1,10,10,50,1234,41,1.08,0.38899999999999996,0.024,0.3406367243867244,0.1419005590648889
warm_nv,0.1,10,10,50,1234,42,0.8793103448275862,0.346,0.06000000000000001,0.3354527417027417,0.1366048337777778
warm_nv,0.1,10,10,50,1234,43,1.0185185185185186,0.384,0.041999999999999996,0.35101731601731595,0.1304459569432099
warm_nv,0.1,10,10,50,1234,44,0.9622641509433962,0.3749999999999999,0.024,0.4029596792096791,0.13729320746666668
warm_nv,0.1,10,10,50,1234,45,0.8028169014084507,0.384,0.048,0.34251443001443,0.12668438296296297
warm_nv,0.1,10,10,50,1234,46,0.7333333333333333,0.312,0.048,0.37280885780885786,0.13088160859259262
warm_nv,0.1,10,10,50,1234,47,0.6129032258064516,0.267,0.041999999999999996,0.4172150072150072,0.13212842933333332
warm_nv,0.1,10,10,50,1234,48,0.7846153846153846,0.35100000000000003,0.036,0.33017496392496387,0.13169078165432102
warm_nv,0.1,10,10,50,1234,49,0.7611940298507462,0.3610000000000001,0.024,0.3474531024531025,0.1368712983956333
warm_nv,0.3,10,10,50,1234,0,1.14,0.422,0.048,0.2956403318903319,0.10000000000000002
warm_nv,0.3,10,10,50,1234,1,1.0338983050847457,0.466,0.024,0.3049170274170273,0.11048111111111111
warm_nv,0.3,10,10,50,1234,2,0.8656716417910447,0.403,0.03,0.3250992063492063,0.1135282675851852
warm_nv,0.3,10,10,50,1234,3,0.9344262295081968,0.38700000000000007,0.036,0.3051731601731601,0.11551444755555555
warm_nv,0.3,10,10,50,1234,4,1.08,0.38,0.03,0.3797305472305473,0.12488512533333336
warm_nv,0.3,10,10,50,1234,5,0.7,0.32900000000000007,0.048,0.3369606782106782,0.1217368506666667
warm_nv,0.3,10,10,50,1234,6,0.7536231884057971,0.352,0.036,0.3251641414141414,0.1265613386666667
warm_nv,0.3,10,10,50,1234,7,0.8412698412698413,0.365,0.018,0.35930111555111555,0.12896967235555554
warm_nv,0.3,10,10,50,1234,8,0.7213114754098361,0.32500000000000007,0.024,0.4106349206349206,0.12885333940740742
warm_nv,0.3,10,10,50,1234,9,0.7936507936507936,0.38500000000000006,0.041999999999999996,0.3378689366189366,0.11487522666666668
warm_nv,0.3,10,10,50,1234,10,0.8103448275862069,0.35,0.024,0.3600234487734488,0.11771537333333337
warm_nv,0.3,10,10,50,1234,11,0.6805555555555556,0.356,0.024,0.3500974025974026,0.11996131395061731
warm_nv,0.3,10,10,50,1234,12,0.7719298245614035,0.342,0.03,0.37949494949494944,0.1271744551111111
warm_nv,0.3,10,10,50,1234,13,0.7586206896551724,0.301,0.048,0.3690313852813853,0.12716087555555555
warm_nv,0.3,10,10,50,1234,14,1.0769230769230769,0.434,0.024,0.3030573593073592,0.12114970370370373
warm_nv,0.3,10,10,50,1234,15,0.9333333333333333,0.39100000000000007,0.041999999999999996,0.31909632034632035,0.12261449975308644
warm_nv,0.3,10,10,50,1234,16,0.9074074074074074,0.355,0.036,0.3375419025419025,0.1144852595555556
warm_nv,0.3,10,10,50,1234,17,0.7068965517241379,0.30500000000000005,0.048,0.42039682539682544,0.12384800510814815
warm_nv,0.3,10,10,50,1234,18,0.8387096774193549,0.384,0.048,0.35764069264069265,0.11313619703703706
warm_nv,0.3,10,10,50,1234,19,0.896551724137931,0.39299999999999996,0.048,0.31477619602619605,0.11308922666666668
warm_nv,0.3,10,10,50,1234,20,0.984375,0.40099999999999997,0.018,0.3291107503607503,0.12216993777777778
warm_nv,0.3,10,10,50,1234,21,0.8181818181818182,0.31,0.041999999999999996,0.3685460372960373,0.11735697185185187
warm_nv,0.3,10,10,50,1234,22,0.8709677419354839,0.38999999999999996,0.06600000000000002,0.30069985569985563,0.11193039703703704
warm_nv,0.3,10,10,50,1234,23,0.8709677419354839,0.368,0.041999999999999996,0.3206583694083694,0.12216258844444446
warm_nv,0.3,10,10,50,1234,24,0.6612903225806451,0.2800000000000001,0.041999999999999996,0.3864484126984127,0.13064475274074078
warm_nv,0.3,10,10,50,1234,25,0.7931034482758621,0.32300000000000006,0.024,0.39024531024531023,0.1242841528888889
warm_nv,0.3,10,10,50,1234,26,0.8,0.305,0.048,0.3585532523032523,0.12653926240000002
warm_nv,0.3,10,10,50,1234,27,1.2608695652173914,0.40599999999999997,0.06000000000000001,0.31026140526140533,0.1211333365925926
warm_nv,0.3,10,10,50,1234,28,0.8363636363636363,0.31500000000000006,0.012,0.46308968808968815,0.1321403983644444
warm_nv,0.3,10,10,50,1234,29,0.8125,0.39999999999999997,0.036,0.3446645021645021,0.1290468688
warm_nv,0.3,10,10,50,1234,30,1.018181818181818,0.3910000000000001,0.048,0.3383369408369408,0.1224180392888889
warm_nv,0.3,10,10,50,1234,31,0.9310344827586207,0.39799999999999996,0.06000000000000001,0.29966616716616723,0.11105855921481485
warm_nv,0.3,10,10,50,1234,32,0.7962962962962963,0.358,0.041999999999999996,0.3936309523809524,0.11840759111111114
warm_nv,0.3,10,10,50,1234,33,1.0,0.32599999999999996,0.07800000000000003,0.32884421134421127,0.11516233158024694
warm_nv,0.3,10,10,50,1234,34,1.0,0.35100000000000003,0.036,0.32873556998556996,0.1112735740740741
warm_nv,0.3,10,10,50,1234,35,1.0555555555555556,0.41500000000000004,0.054000000000000006,0.28256673881673877,0.11979564918518519
warm_nv,0.3,10,10,50,1234,36,0.9230769230769231,0.33199999999999996,0.06600000000000002,0.36652583527583527,0.11800918222222223
warm_nv,0.3,10,10,50,1234,37,0.9814814814814815,0.38199999999999995,0.041999999999999996,0.32095598845598844,0.12590208400000003
warm_nv,0.3,10,10,50,1234,38,1.0740740740740742,0.422,0.06600000000000002,0.28212481962481956,0.12373137955555555
warm_nv,0.3,10,10,50,1234,39,0.819672131147541,0.36300000000000004,0.06000000000000001,0.3460497835497835,0.1285071528888889
warm_nv,0.3,10,10,50,1234,40,0.9692307692307692,0.4530000000000001,0.024,0.33429473304473306,0.12433186030304529
warm_nv,0.3,10,10,50,1234,41,0.9,0.33100000000000007,0.06600000000000002,0.36317821067821066,0.12281894192592595
warm_nv,0.3,10,10,50,1234,42,0.7931034482758621,0.31399999999999995,0.048,0.3574062049062049,0.1297007852024966
warm_nv,0.3,10,10,50,1234,43,0.6111111111111112,0.248,0.06000000000000001,0.40431318681318684,0.1198144882962963
warm_nv,0.3,10,10,50,1234,44,0.7358490566037735,0.275,0.03,0.4470508658008658,0.11836356777777779
warm_nv,0.3,10,10,50,1234,45,0.7464788732394366,0.36100000000000004,0.036,0.3841341991341991,0.12969492017777778
warm_nv,0.3,10,10,50,1234,46,0.9333333333333333,0.388,0.024,0.37340700965700974,0.12210706222222223
warm_nv,0.3,10,10,50,1234,47,0.8870967741935484,0.4069999999999999,0.06000000000000001,0.2991738816738817,0.11517404148148147
warm_nv,0.3,10,10,50,1234,48,0.8461538461538461,0.39499999999999996,0.048,0.3224783549783549,0.12193272977777778
warm_nv,0.3,10,10,50,1234,49,0.9253731343283582,0.45,0.018,0.31033730158730155,0.121734696
warm_nv,0.5,10,10,50,1234,0,0.82,0.29899999999999993,0.024,0.3964069264069264,0.10000000000000002
warm_nv,0.5,10,10,50,1234,1,0.864406779661017,0.372,0.06,0.32576118326118325,0.09822180864197533
warm_nv,0.5,10,10,50,1234,2,0.7313432835820896,0.372,0.041999999999999996,0.3424962537462537,0.10630677037037037
warm_nv,0.5,10,10,50,1234,3,0.819672131147541,0.34,0.06000000000000001,0.32452020202020204,0.1099674537580247
warm_nv,0.5,10,10,50,1234,4,1.06,0.376,0.072,0.2931295093795094,0.11362437884444446
warm_nv,0.5,10,10,50,1234,5,0.7857142857142857,0.404,0.024,0.3356655844155844,0.11969061037037035
warm_nv,0.5,10,10,50,1234,6,0.7971014492753623,0.38,0.048,0.3257509157509157,0.11150739111111116
warm_nv,0.5,10,10,50,1234,7,0.8412698412698413,0.33599999999999997,0.06000000000000001,0.3389808802308802,0.11050994222222224
warm_nv,0.5,10,10,50,1234,8,0.9016393442622951,0.384,0.041999999999999996,0.32984487734487733,0.10776446666666668
warm_nv,0.5,10,10,50,1234,9,0.6984126984126984,0.33100000000000007,0.041999999999999996,0.3626118326118326,0.11133700888888891
warm_nv,0.5,10,10,50,1234,10,0.9310344827586207,0.35899999999999993,0.036,0.3548454323454323,0.10841584888888892
warm_nv,0.5,10,10,50,1234,11,0.9027777777777778,0.442,0.054000000000000006,0.2452958152958153,0.10395005925925926
warm_nv,0.5,10,10,50,1234,12,1.0526315789473684,0.41000000000000003,0.06000000000000001,0.313459595959596,0.11857117955555554
warm_nv,0.5,10,10,50,1234,13,0.8793103448275862,0.371,0.03,0.35337842712842704,0.11777399644444445
warm_nv,0.5,10,10,50,1234,14,1.0769230769230769,0.367,0.036,0.31799963924963925,0.11254107629629631
warm_nv,0.5,10,10,50,1234,15,0.7,0.31600000000000006,0.036,0.36709415584415583,0.1112487651851852
warm_nv,0.5,10,10,50,1234,16,1.0185185185185186,0.356,0.048,0.3261778499278499,0.11377630459259258
warm_nv,0.5,10,10,50,1234,17,0.9655172413793104,0.41800000000000004,0.03,0.3251136363636363,0.1091741017489712
warm_nv,0.5,10,10,50,1234,18,0.8064516129032258,0.36900000000000005,0.06000000000000001,0.3279473304473305,0.11112595777777776
warm_nv,0.5,10,10,50,1234,19,1.0517241379310345,0.43299999999999994,0.041999999999999996,0.30164002664002665,0.1137028825185185
warm_nv,0.5,10,10,50,1234,20,0.875,0.37599999999999995,0.06,0.29987554112554116,0.11651361351111114
warm_nv,0.5,10,10,50,1234,21,1.1272727272727272,0.44200000000000006,0.06600000000000002,0.28180555555555553,0.11388596888888888
warm_nv,0.5,10,10,50,1234,22,0.7580645161290323,0.3010000000000001,0.036,0.3434630647130647,0.11193005585185183
warm_nv,0.5,10,10,50,1234,23,0.7903225806451613,0.33599999999999997,0.03,0.3899188311688312,0.1113526888888889
warm_nv,0.5,10,10,50,1234,24,0.9193548387096774,0.40700000000000003,0.07200000000000002,0.27357323232323233,0.10493446740740744
warm_nv,0.5,10,10,50,1234,25,0.9482758620689655,0.386,0.048,0.30256493506493504,0.10782440814814813
warm_nv,0.5,10,10,50,1234,26,1.0,0.398,0.041999999999999996,0.30702922077922074,0.10939564518518521
warm_nv,0.5,10,10,50,1234,27,1.2173913043478262,0.40300000000000014,0.024,0.2704989454989455,0.10979073172839507
warm_nv,0.5,10,10,50,1234,28,0.9818181818181818,0.38599999999999995,0.024,0.3623863636363636,0.11757548888888887
warm_nv,0.5,10,10,50,1234,29,0.734375,0.33399999999999996,0.03,0.3736507936507936,0.11857360000000003
warm_nv,0.5,10,10,50,1234,30,1.018181818181818,0.3830000000000001,0.036,0.34463064713064706,0.11223380888888893
warm_nv,0.5,10,10,50,1234,31,0.896551724137931,0.38600000000000007,0.054000000000000006,0.3067316017316017,0.10670531456790125
warm_nv,0.5,10,10,50,1234,32,0.9444444444444444,0.38,0.048,0.3345670995670996,0.11529245472098767
warm_nv,0.5,10,10,50,1234,33,0.9787234042553191,0.33599999999999997,0.03,0.34982184482184486,0.11663176
warm_nv,0.5,10,10,50,1234,34,0.9622641509433962,0.37099999999999994,0.041999999999999996,0.32816378066378066,0.1124757943703704
warm_nv,0.5,10,10,50,1234,35,0.8888888888888888,0.31900000000000006,0.041999999999999996,0.3542911255411255,0.1119051008888889
warm_nv,0.5,10,10,50,1234,36,1.3461538461538463,0.491,0.036,0.24883338883338882,0.11478794669135803
warm_nv,0.5,10,10,50,1234,37,1.1111111111111112,0.434,0.041999999999999996,0.2858730158730158,0.11383381691358027
warm_nv,0.5,10,10,50,1234,38,1.037037037037037,0.40199999999999997,0.03,0.3088455988455988,0.11548098222222221
warm_nv,0.5,10,10,50,1234,39,0.8524590163934426,0.397,0.054000000000000006,0.3228823953823953,0.10919279111111116
warm_nv,0.5,10,10,50,1234,40,0.8153846153846154,0.376,0.11400000000000002,0.25155774780774776,0.10827404962962965
warm_nv,0.5,10,10,50,1234,41,0.92,0.30600000000000005,0.048,0.36018217893217896,0.12296165333333335
warm_nv,0.5,10,10,50,1234,42,0.9482758620689655,0.397,0.018,0.33292027417027426,0.13236872400592592
warm_nv,0.5,10,10,50,1234,43,1.0925925925925926,0.4109999999999999,0.036,0.2732756132756132,0.11869641859753086
warm_nv,0.5,10,10,50,1234,44,1.0566037735849056,0.37000000000000005,0.024,0.34496434121434116,0.1174800234617284
warm_nv,0.5,10,10,50,1234,45,0.8873239436619719,0.45899999999999996,0.036,0.26955808080808075,0.10762400814814817
warm_nv,0.5,10,10,50,1234,46,1.0166666666666666,0.457,0.024,0.3277398989898991,0.1144295601777778
warm_nv,0.5,10,10,50,1234,47,0.7580645161290323,0.32,0.06000000000000001,0.3357467532467533,0.11983379911111114
warm_nv,0.5,10,10,50,1234,48,0.7230769230769231,0.31499999999999995,0.084,0.30485389610389607,0.11077043987654323
warm_nv,0.5,10,10,50,1234,49,0.7761194029850746,0.38100000000000006,0.036,0.334767316017316,0.11849181140740739
warm_nv,1.0,10,10,50,1234,0,1.16,0.43400000000000005,0.041999999999999996,0.3029274891774892,0.10000000000000002
warm_nv,1.0,10,10,50,1234,1,0.7627118644067796,0.32899999999999996,0.012,0.37350274725274724,0.10000000000000002
warm_nv,1.0,10,10,50,1234,2,0.7761194029850746,0.38100000000000006,0.054000000000000006,0.3030920468420468,0.10000000000000002
warm_nv,1.0,10,10,50,1234,3,0.9016393442622951,0.38800000000000007,0.066,0.3047707847707847,0.10000000000000002
warm_nv,1.0,10,10,50,1234,4,1.12,0.37799999999999995,0.024,0.34764430014430014,0.10000000000000002
warm_nv,1.0,10,10,50,1234,5,0.8,0.4090000000000001,0.06599999999999999,0.26395604395604394,0.10000000000000002
warm_nv,1.0,10,10,50,1234,6,0.8985507246376812,0.45099999999999996,0.048,0.2756876456876457,0.10000000000000002
warm_nv,1.0,10,10,50,1234,7,0.9523809523809523,0.3950000000000001,0.072,0.27240731490731485,0.10000000000000002
warm_nv,1.0,10,10,50,1234,8,0.7377049180327869,0.31500000000000006,0.072,0.31278055278055283,0.10000000000000002
warm_nv,1.0,10,10,50,1234,9,0.9365079365079365,0.42299999999999993,0.036,0.28250000000000003,0.10000000000000002
warm_nv,1.0,10,10,50,1234,10,0.9310344827586207,0.37800000000000006,0.09600000000000002,0.2398146298146298,0.10000000000000002
warm_nv,1.0,10,10,50,1234,11,0.7638888888888888,0.36899999999999994,0.054000000000000006,0.29718295593295585,0.10000000000000002
warm_nv,1.0,10,10,50,1234,12,1.1403508771929824,0.44099999999999995,0.06000000000000001,0.2408441558441558,0.10000000000000002
warm_nv,1.0,10,10,50,1234,13,0.896551724137931,0.375,0.048,0.31486111111111115,0.10000000000000002
warm_nv,1.0,10,10,50,1234,14,1.1730769230769231,0.421,0.036,0.23727813852813856,0.10000000000000002
warm_nv,1.0,10,10,50,1234,15,0.75,0.332,0.06000000000000001,0.3118360805860806,0.10000000000000002
warm_nv,1.0,10,10,50,1234,16,1.0185185185185186,0.3660000000000001,0.06000000000000001,0.2874224386724386,0.10000000000000002
warm_nv,1.0,10,10,50,1234,17,0.9827586206896551,0.40099999999999997,0.048,0.2938737651237652,0.10000000000000002
warm_nv,1.0,10,10,50,1234,18,0.8064516129032258,0.398,0.041999999999999996,0.2935714285714285,0.10000000000000002
warm_nv,1.0,10,10,50,1234,19,0.896551724137931,0.387,0.048,0.29807276057276055,0.10000000000000002
warm_nv,1.0,10,10,50,1234,20,1.140625,0.49400000000000005,0.048,0.24161963036963036,0.10000000000000002
warm_nv,1.0,10,10,50,1234,21,1.0363636363636364,0.413,0.024,0.2932301032301032,0.10000000000000002
warm_nv,1.0,10,10,50,1234,22,0.9193548387096774,0.399,0.06000000000000001,0.2952489177489177,0.10000000000000002
warm_nv,1.0,10,10,50,1234,23,0.9516129032258065,0.41800000000000004,0.036,0.29413350538350536,0.10000000000000002
warm_nv,1.0,10,10,50,1234,24,0.7419354838709677,0.3470000000000001,0.054000000000000006,0.30509421134421133,0.10000000000000002
warm_nv,1.0,10,10,50,1234,25,0.7931034482758621,0.329,0.084,0.30167388167388165,0.10000000000000002
warm_nv,1.0,10,10,50,1234,26,1.0,0.376,0.036,0.33762085137085135,0.10000000000000002
warm_nv,1.0,10,10,50,1234,27,1.0869565217391304,0.352,0.054000000000000006,0.3127218614718615,0.10000000000000002
warm_nv,1.0,10,10,50,1234,28,1.0,0.38299999999999995,0.024,0.292981462981463,0.10000000000000002
warm_nv,1.0,10,10,50,1234,29,0.890625,0.395,0.054000000000000006,0.3160119047619047,0.10000000000000002
warm_nv,1.0,10,10,50,1234,30,1.0727272727272728,0.40800000000000003,0.06600000000000002,0.272521645021645,0.10000000000000002
warm_nv,1.0,10,10,50,1234,31,0.7586206896551724,0.34800000000000003,0.06,0.3285732323232323,0.10000000000000002
warm_nv,1.0,10,10,50,1234,32,0.9444444444444444,0.379,0.03,0.31801587301587303,0.10000000000000002
warm_nv,1.0,10,10,50,1234,33,1.4893617021276595,0.46900000000000014,0.048,0.24784812409812407,0.10000000000000002
warm_nv,1.0,10,10,50,1234,34,0.8490566037735849,0.34800000000000003,0.024,0.3454635642135642,0.10000000000000002
warm_nv,1.0,10,10,50,1234,35,1.037037037037037,0.4130000000000001,0.041999999999999996,0.2828986291486292,0.10000000000000002
warm_nv,1.0,10,10,50,1234,36,1.1346153846153846,0.402,0.07200000000000001,0.2577272727272727,0.10000000000000002
warm_nv,1.0,10,10,50,1234,37,1.0925925925925926,0.3850000000000001,0.03,0.29273018648018645,0.10000000000000002
warm_nv,1.0,10,10,50,1234,38,0.9444444444444444,0.3360000000000001,0.03,0.32365190365190366,0.10000000000000002
warm_nv,1.0,10,10,50,1234,39,0.6885245901639344,0.30100000000000005,0.09600000000000003,0.31219502719502723,0.10000000000000002
warm_nv,1.0,10,10,50,1234,40,0.8,0.41100000000000003,0.054000000000000006,0.2994805194805195,0.10000000000000002
warm_nv,1.0,10,10,50,1234,41,1.1,0.378,0.048,0.3090330502830503,0.10000000000000002
warm_nv,1.0,10,10,50,1234,42,1.0344827586206897,0.4330000000000001,0.06600000000000002,0.24459443334443334,0.10000000000000002
warm_nv,1.0,10,10,50,1234,43,0.9074074074074074,0.341,0.054000000000000006,0.3441901154401154,0.10000000000000002
warm_nv,1.0,10,10,50,1234,44,0.9245283018867925,0.31800000000000006,0.096,0.2923187923187923,0.10000000000000002
warm_nv,1.0,10,10,50,1234,45,0.8169014084507042,0.42800000000000005,0.041999999999999996,0.30104256854256856,0.10000000000000002
warm_nv,1.0,10,10,50,1234,46,0.8833333333333333,0.35200000000000004,0.024,0.3132251082251082,0.10000000000000002
warm_nv,1.0,10,10,50,1234,47,0.8709677419354839,0.3889999999999999,0.06000000000000001,0.2991991341991342,0.10000000000000002
warm_nv,1.0,10,10,50,1234,48,0.9846153846153847,0.46699999999999997,0.041999999999999996,0.2549116161616162,0.10000000000000002
warm_nv,1.0,10,10,50,1234,49,0.7014925373134329,0.3440000000000001,0.054000000000000006,0.30458430458430463,0.10000000000000002
warm_high,0.0,10,10,50,1234,0,0.16,0.044,0.0,0.8875,0.5
warm_high,0.0,10,10,50,1234,1,0.4067796610169492,0.15900000000000006,0.006,0.6882738095238097,0.31861791623799735
warm_high,0.0,10,10,50,1234,2,0.5223880597014925,0.22400000000000006,0.0,0.5868452380952381,0.25556141010967864
warm_high,0.0,10,10,50,1234,3,0.5901639344262295,0.25299999999999995,0.018,0.5114880952380952,0.2058889232988521
warm_high,0.0,10,10,50,1234,4,1.02,0.34299999999999997,0.024,0.4046012321012321,0.167211758805628
warm_high,0.0,10,10,50,1234,5,0.6571428571428571,0.32300000000000006,0.018,0.42256493506493503,0.16083424313950337
warm_high,0.0,10,10,50,1234,6,0.5507246376811594,0.265,0.048,0.4768360805860805,0.1547534302483425
warm_high,0.0,10,10,50,1234,7,0.9047619047619048,0.40499999999999997,0.024,0.3486002886002886,0.12430175158656746
warm_high,0.0,10,10,50,1234,8,0.7377049180327869,0.32900000000000007,0.078,0.35771936396936393,0.1320920740131824
warm_high,0.0,10,10,50,1234,9,0.7142857142857143,0.333,0.036,0.41888167388167385,0.14250794044480894
warm_high,0.0,10,10,50,1234,10,0.896551724137931,0.38499999999999995,0.048,0.33238095238095233,0.13230839700750716
warm_high,0.0,10,10,50,1234,11,0.6111111111111112,0.289,0.012,0.4293975468975469,0.14291642294914325
warm_high,0.0,10,10,50,1234,12,0.9473684210526315,0.378,0.03,0.3639880952380953,0.1402503113545112
warm_high,0.0,10,10,50,1234,13,0.896551724137931,0.40199999999999997,0.03,0.36975579975579975,0.14165835426095785
warm_high,0.0,10,10,50,1234,14,1.0192307692307692,0.358,0.03,0.3419300144300144,0.142645725767342
warm_high,0.0,10,10,50,1234,15,0.7166666666666667,0.31800000000000006,0.048,0.4088568376068376,0.13420041196530555
warm_high,0.0,10,10,50,1234,16,0.9814814814814815,0.38100000000000006,0.024,0.34224567099567105,0.12548523253184224
warm_high,0.0,10,10,50,1234,17,0.9310344827586207,0.38,0.036,0.33801004551004554,0.11875227363779169
warm_high,0.0,10,10,50,1234,18,0.8064516129032258,0.373,0.048,0.3396626984126984,0.12785084280011363
warm_high,0.0,10,10,50,1234,19,0.6724137931034483,0.2909999999999999,0.024,0.43988816738816733,0.1332026119070517
warm_high,0.0,10,10,50,1234,20,0.703125,0.30700000000000005,0.048,0.39407828282828283,0.1296832453103234
warm_high,0.0,10,10,50,1234,21,1.1272727272727272,0.48500000000000004,0.03,0.2846825396825397,0.14234763517141114
warm_high,0.0,10,10,50,1234,22,0.6451612903225806,0.259,0.048,0.4422420634920636,0.1524858759465788
warm_high,0.0,10,10,50,1234,23,0.9838709677419355,0.3949999999999999,0.036,0.3322871572871573,0.13199453074243897
warm_high,0.0,10,10,50,1234,24,0.6612903225806451,0.2890000000000001,0.036,0.40759379509379523,0.14084780934086932
warm_high,0.0,10,10,50,1234,25,0.896551724137931,0.3670000000000001,0.036,0.3803012265512265,0.13193210400144795
warm_high,0.0,10,10,50,1234,26,1.0363636363636364,0.3969999999999999,0.03,0.3243145743145744,0.13366347608002804
warm_high,0.0,10,10,50,1234,27,1.391304347826087,0.471,0.036,0.26766233766233766,0.13437218341728593
warm_high,0.0,10,10,50,1234,28,0.7636363636363637,0.284,0.03,0.4329816017316017,0.14360341084879152
warm_high,0.0,10,10,50,1234,29,0.59375,0.31600000000000006,0.03,0.37797619047619035,0.13126049184004565
warm_high,0.0,10,10,50,1234,30,1.0,0.394,0.054000000000000006,0.34933261183261183,0.13865003447799942
warm_high,0.0,10,10,50,1234,31,0.5862068965517241,0.22800000000000004,0.03,0.4687896825396825,0.16386515361497317
warm_high,0.0,10,10,50,1234,32,0.7962962962962963,0.31799999999999995,0.048,0.40510101010101013,0.1467803281664447
warm_high,0.0,10,10,50,1234,33,0.9361702127659575,0.282,0.06000000000000001,0.41619588744588737,0.1302372912125653
warm_high,0.0,10,10,50,1234,34,0.7924528301886793,0.311,0.036,0.409309163059163,0.13401050465663103
warm_high,0.0,10,10,50,1234,35,0.8333333333333334,0.31199999999999994,0.041999999999999996,0.3948881673881674,0.13460638462104044
warm_high,0.0,10,10,50,1234,36,1.0,0.37899999999999995,0.036,0.3505122655122655,0.1322257397262776
warm_high,0.0,10,10,50,1234,37,0.9814814814814815,0.4039999999999999,0.036,0.3464235764235764,0.13821791633744837
warm_high,0.0,10,10,50,1234,38,0.7592592592592593,0.2880000000000001,0.06000000000000001,0.3715512265512265,0.13888389642831067
warm_high,0.0,10,10,50,1234,39,0.8852459016393442,0.40800000000000003,0.048,0.31841991341991344,0.131940149137669
warm_high,0.0,10,10,50,1234,40,0.8307692307692308,0.378,0.018,0.375734126984127,0.1320079257283628
warm_high,0.0,10,10,50,1234,41,1.1,0.38699999999999996,0.048,0.3225621600621601,0.12161729427369053
warm_high,0.0,10,10,50,1234,42,0.8275862068965517,0.3370000000000001,0.024,0.3882575757575758,0.13606076794602406
warm_high,0.0,10,10,50,1234,43,0.9444444444444444,0.365,0.03,0.3596103896103896,0.13475291903278294
warm_high,0.0,10,10,50,1234,44,0.8867924528301887,0.294,0.048,0.375531968031968,0.14250559236897456
warm_high,0.0,10,10,50,1234,45,0.6056338028169014,0.28900000000000003,0.03,0.42439935064935064,0.1576120683156812
warm_high,0.0,10,10,50,1234,46,0.7833333333333333,0.326,0.018,0.40506132756132757,0.1630167758996369
warm_high,0.0,10,10,50,1234,47,0.7741935483870968,0.31599999999999995,0.006,0.44240079365079366,0.14743718558454902
warm_high,0.0,10,10,50,1234,48,0.8769230769230769,0.392,0.03,0.3219642857142857,0.13988022066529676
warm_high,0.0,10,10,50,1234,49,0.7611940298507462,0.41200000000000003,0.018,0.3796230158730159,0.13565912952860354
warm_high,0.1,10,10,50,1234,0,0.2,0.05099999999999999,0.0,0.8866666666666669,0.5
warm_high,0.1,10,10,50,1234,1,0.2542372881355932,0.095,0.0,0.7783333333333334,0.3659732403120714
warm_high,0.1,10,10,50,1234,2,0.417910447761194,0.21300000000000002,0.0,0.6249603174603175,0.2725824853716564
warm_high,0.1,10,10,50,1234,3,0.32786885245901637,0.11600000000000002,0.006,0.708452380952381,0.2823700570985799
warm_high,0.1,10,10,50,1234,4,0.34,0.10700000000000001,0.0,0.7988690476190476,0.29680428248078894
warm_high,0.1,10,10,50,1234,5,0.3,0.14500000000000002,0.006,0.7337301587301589,0.3110054202333988
warm_high,0.1,10,10,50,1234,6,0.391304347826087,0.191,0.0,0.6708730158730158,0.2532720174643379
warm_high,0.1,10,10,50,1234,7,0.36507936507936506,0.14800000000000005,0.0,0.6964819902319903,0.2607508958081326
warm_high,0.1,10,10,50,1234,8,0.4098360655737705,0.158,0.012,0.63875,0.2448211722914848
warm_high,0.1,10,10,50,1234,9,0.49206349206349204,0.21200000000000005,0.006,0.6315476190476191,0.24927564076745007
warm_high,0.1,10,10,50,1234,10,0.3793103448275862,0.19700000000000004,0.012,0.6791071428571429,0.26383568630432114
warm_high,0.1,10,10,50,1234,11,0.4305555555555556,0.199,0.0,0.641374458874459,0.2910280026927782
warm_high,0.1,10,10,50,1234,12,0.5614035087719298,0.20400000000000001,0.0,0.6006006493506495,0.25971370824078577
warm_high,0.1,10,10,50,1234,13,0.3620689655172414,0.11900000000000002,0.036,0.6240746753246752,0.23538883068417188
warm_high,0.1,10,10,50,1234,14,0.5769230769230769,0.217,0.006,0.6142063492063492,0.2506562343542095
warm_high,0.1,10,10,50,1234,15,0.4666666666666667,0.20800000000000005,0.012,0.6135515873015873,0.29461093644201036
warm_high,0.1,10,10,50,1234,16,0.6851851851851852,0.23200000000000004,0.012,0.5288888888888889,0.24615978186966517
warm_high,0.1,10,10,50,1234,17,0.39655172413793105,0.157,0.006,0.6821031746031746,0.25253527932845193
warm_high,0.1,10,10,50,1234,18,0.3709677419354839,0.14900000000000002,0.024,0.66373556998557,0.28677212029774707
warm_high,0.1,10,10,50,1234,19,0.43103448275862066,0.179,0.018,0.648313492063492,0.2829103085785055
warm_high,0.1,10,10,50,1234,20,0.46875,0.22599999999999998,0.006,0.649090909090909,0.25654918506334556
warm_high,0.1,10,10,50,1234,21,0.5272727272727272,0.19500000000000006,0.012,0.6404365079365077,0.22109666196923244
warm_high,0.1,10,10,50,1234,22,0.5806451612903226,0.225,0.024,0.6137301587301587,0.2603780315526426
warm_high,0.1,10,10,50,1234,23,0.46774193548387094,0.174,0.0,0.6866468253968254,0.3083192828714686
warm_high,0.1,10,10,50,1234,24,0.3387096774193548,0.15800000000000003,0.0,0.6969444444444445,0.27835659274097496
warm_high,0.1,10,10,50,1234,25,0.6379310344827587,0.246,0.012,0.5866720779220779,0.2423986578408178
warm_high,0.1,10,10,50,1234,26,0.5818181818181818,0.18100000000000002,0.006,0.6425595238095239,0.2270773310941029
warm_high,0.1,10,10,50,1234,27,0.5652173913043478,0.17,0.018,0.6575000000000001,0.2576444701579938
warm_high,0.1,10,10,50,1234,28,0.6909090909090909,0.219,0.006,0.6106150793650794,0.28947365411730336
warm_high,0.1,10,10,50,1234,29,0.421875,0.192,0.012,0.6419696969696969,0.29393529859389833
warm_high,0.1,10,10,50,1234,30,0.4727272727272727,0.18100000000000002,0.018,0.6461904761904763,0.280767813596637
warm_high,0.1,10,10,50,1234,31,0.5344827586206896,0.17800000000000002,0.006,0.6227777777777778,0.2590211145249757
warm_high,0.1,10,10,50,1234,32,0.6296296296296297,0.22499999999999995,0.012,0.5870604395604395,0.27330658711436734
warm_high,0.1,10,10,50,1234,33,0.723404255319149,0.213,0.0,0.6252777777777778,0.2614266313950751
warm_high,0.1,10,10,50,1234,34,0.37735849056603776,0.137,0.0,0.6980753968253968,0.27953922368495165
warm_high,0.1,10,10,50,1234,35,0.5740740740740741,0.20900000000000002,0.018,0.5949007936507937,0.24243219172069502
warm_high,0.1,10,10,50,1234,36,0.5384615384615384,0.2,0.018,0.6414880952380952,0.2608518198604942
warm_high,0.1,10,10,50,1234,37,0.5,0.19200000000000003,0.0,0.7022222222222222,0.2802311764130542
warm_high,0.1,10,10,50,1234,38,0.48148148148148145,0.17300000000000001,0.018,0.6575992063492063,0.30438813882667387
warm_high,0.1,10,10,50,1234,39,0.45901639344262296,0.192,0.0,0.6289484126984127,0.2574872887459595
warm_high,0.1,10,10,50,1234,40,0.5538461538461539,0.225,0.0,0.5671825396825396,0.25902212165439803
warm_high,0.1,10,10,50,1234,41,0.52,0.18600000000000005,0.0,0.6720238095238095,0.2717562006068962
warm_high,0.1,10,10,50,1234,42,0.25862068965517243,0.10700000000000003,0.0,0.7764880952380951,0.3288043387595736
warm_high,0.1,10,10,50,1234,43,0.5555555555555556,0.21300000000000002,0.0,0.6221031746031748,0.2585155817320467
warm_high,0.1,10,10,50,1234,44,0.5283018867924528,0.195,0.006,0.6540746753246753,0.2834871221678731
warm_high,0.1,10,10,50,1234,45,0.3380281690140845,0.14900000000000002,0.006,0.6298484848484849,0.2793392152719123
warm_high,0.1,10,10,50,1234,46,0.48333333333333334,0.17900000000000002,0.006,0.6577651515151517,0.2762335274529258
warm_high,0.1,10,10,50,1234,47,0.45161290322580644,0.186,0.006,0.6670436507936508,0.2876441281403342
warm_high,0.1,10,10,50,1234,48,0.3384615384615385,0.139,0.012,0.7047655122655122,0.29706024162831135
warm_high,0.1,10,10,50,1234,49,0.31343283582089554,0.13200000000000003,0.0,0.6928571428571427,0.2897847115592409
warm_high,0.3,10,10,50,1234,0,0.32,0.08900000000000001,0.0,0.8183333333333336,0.5
warm_high,0.3,10,10,50,1234,1,0.22033898305084745,0.076,0.0,0.7904761904761906,0.39628858024691366
warm_high,0.3,10,10,50,1234,2,0.3283582089552239,0.13600000000000004,0.018,0.6956547619047619,0.32666241271814517
warm_high,0.3,10,10,50,1234,3,0.2459016393442623,0.09,0.0,0.8047619047619049,0.31434078361843165
warm_high,0.3,10,10,50,1234,4,0.34,0.10300000000000001,0.006,0.7617261904761904,0.35556907463867604
warm_high,0.3,10,10,50,1234,5,0.2857142857142857,0.132,0.0,0.7654761904761906,0.36281835353055125
warm_high,0.3,10,10,50,1234,6,0.21739130434782608,0.08700000000000001,0.0,0.779404761904762,0.3408271032464195
warm_high,0.3,10,10,50,1234,7,0.2698412698412698,0.12500000000000003,0.006,0.7898214285714287,0.3405255071402479
warm_high,0.3,10,10,50,1234,8,0.3770491803278688,0.177,0.006,0.7116071428571429,0.33981346259027906
warm_high,0.3,10,10,50,1234,9,0.20634920634920634,0.10400000000000001,0.0,0.7676785714285714,0.33262553824356067
warm_high,0.3,10,10,50,1234,10,0.41379310344827586,0.157,0.024,0.6676190476190476,0.3478585791742585
warm_high,0.3,10,10,50,1234,11,0.2638888888888889,0.09899999999999999,0.006,0.7761904761904762,0.3333884489404456
warm_high,0.3,10,10,50,1234,12,0.3157894736842105,0.12500000000000003,0.0,0.7373214285714287,0.34423986595138667
warm_high,0.3,10,10,50,1234,13,0.3448275862068966,0.119,0.006,0.734047619047619,0.3376284146834284
warm_high,0.3,10,10,50,1234,14,0.34615384615384615,0.11500000000000002,0.0,0.7567261904761905,0.3769500173079482
warm_high,0.3,10,10,50,1234,15,0.3333333333333333,0.14800000000000002,0.0,0.7511904761904762,0.3772422701825894
warm_high,0.3,10,10,50,1234,16,0.3333333333333333,0.10300000000000001,0.0,0.7644047619047619,0.3430410258014883
warm_high,0.3,10,10,50,1234,17,0.1896551724137931,0.07500000000000001,0.006,0.7757142857142857,0.31654549918791713
warm_high,0.3,10,10,50,1234,18,0.22580645161290322,0.089,0.0,0.7836904761904762,0.3656956264613405
warm_high,0.3,10,10,50,1234,19,0.3103448275862069,0.13200000000000003,0.006,0.7415476190476192,0.3430802812457222
warm_high,0.3,10,10,50,1234,20,0.28125,0.10300000000000001,0.006,0.7929761904761905,0.36706371209605415
warm_high,0.3,10,10,50,1234,21,0.4,0.133,0.0,0.7536309523809525,0.34521251034145134
warm_high,0.3,10,10,50,1234,22,0.2903225806451613,0.09100000000000001,0.006,0.7674404761904763,0.34398555913135265
warm_high,0.3,10,10,50,1234,23,0.45161290322580644,0.18400000000000002,0.006,0.685,0.32995995537802647
warm_high,0.3,10,10,50,1234,24,0.27419354838709675,0.11000000000000001,0.0,0.769484126984127,0.34835952240794005
warm_high,0.3,10,10,50,1234,25,0.43103448275862066,0.16,0.006,0.7010714285714286,0.3523911688493857
warm_high,0.3,10,10,50,1234,26,0.32727272727272727,0.10800000000000001,0.0,0.7435714285714285,0.3537629551655366
warm_high,0.3,10,10,50,1234,27,0.5434782608695652,0.17,0.0,0.7151190476190477,0.321421128437715
warm_high,0.3,10,10,50,1234,28,0.36363636363636365,0.121,0.006,0.7877380952380953,0.3551105409848549
warm_high,0.3,10,10,50,1234,29,0.359375,0.16999999999999998,0.0,0.7173611111111111,0.34817854117814984
warm_high,0.3,10,10,50,1234,30,0.2727272727272727,0.098,0.0,0.7607142857142858,0.3546497032033291
warm_high,0.3,10,10,50,1234,31,0.3448275862068966,0.122,0.012,0.7765873015873017,0.3424403137860988
warm_high,0.3,10,10,50,1234,32,0.24074074074074073,0.069,0.0,0.8358333333333332,0.32974906471345233
warm_high,0.3,10,10,50,1234,33,0.5106382978723404,0.14699999999999996,0.0,0.7376984126984125,0.33151712287407625
warm_high,0.3,10,10,50,1234,34,0.3584905660377358,0.12699999999999997,0.0,0.7167261904761906,0.33380953226399346
warm_high,0.3,10,10,50,1234,35,0.2962962962962963,0.11000000000000001,0.0,0.7864285714285715,0.3670654481240969
warm_high,0.3,10,10,50,1234,36,0.36538461538461536,0.119,0.0,0.7507142857142859,0.38163251619959865
warm_high,0.3,10,10,50,1234,37,0.35185185185185186,0.11600000000000002,0.0,0.7705555555555555,0.36811284374696424
warm_high,0.3,10,10,50,1234,38,0.3333333333333333,0.096,0.0,0.7639285714285715,0.36873380996509525
warm_high,0.3,10,10,50,1234,39,0.2786885245901639,0.10500000000000002,0.0,0.7920238095238095,0.3571787465694886
warm_high,0.3,10,10,50,1234,40,0.24615384615384617,0.092,0.0,0.7583730158730159,0.3201570930745771
warm_high,0.3,10,10,50,1234,41,0.46,0.15000000000000005,0.0,0.7417460317460317,0.3195603790190974
warm_high,0.3,10,10,50,1234,42,0.3275862068965517,0.12300000000000003,0.0,0.7367261904761906,0.3299991351173934
warm_high,0.3,10,10,50,1234,43,0.6111111111111112,0.205,0.012,0.6498015873015873,0.324600864862477
warm_high,0.3,10,10,50,1234,44,0.4339622641509434,0.151,0.024,0.7324007936507937,0.33153485758108603
warm_high,0.3,10,10,50,1234,45,0.4084507042253521,0.179,0.0,0.6966666666666668,0.30773308573660635
warm_high,0.3,10,10,50,1234,46,0.23333333333333334,0.092,0.0,0.8154166666666669,0.3704933397792517
warm_high,0.3,10,10,50,1234,47,0.41935483870967744,0.16399999999999998,0.012,0.6736904761904763,0.33529936047736697
warm_high,0.3,10,10,50,1234,48,0.3230769230769231,0.139,0.0,0.6945238095238097,0.34467760347735543
warm_high,0.3,10,10,50,1234,49,0.23880597014925373,0.10700000000000001,0.006,0.8021428571428573,0.3399005351585458
warm_high,0.5,10,10,50,1234,0,0.18,0.035,0.0,0.8937500000000002,0.5
warm_high,0.5,10,10,50,1234,1,0.22033898305084745,0.09200000000000001,0.006,0.8119047619047619,0.4152663555241197
warm_high,0.5,10,10,50,1234,2,0.31343283582089554,0.14900000000000008,0.006,0.7423809523809524,0.3819323294233127
warm_high,0.5,10,10,50,1234,3,0.3442622950819672,0.11000000000000001,0.0,0.7364285714285714,0.39353834529001447
warm_high,0.5,10,10,50,1234,4,0.5,0.134,0.0,0.7522619047619047,0.38795860521260683
warm_high,0.5,10,10,50,1234,5,0.2,0.087,0.006,0.7818253968253971,0.4186918526713382
warm_high,0.5,10,10,50,1234,6,0.2608695652173913,0.11000000000000001,0.012,0.7880952380952382,0.3932182908381508
warm_high,0.5,10,10,50,1234,7,0.30158730158730157,0.11700000000000002,0.0,0.7743253968253969,0.3853936314418821
warm_high,0.5,10,10,50,1234,8,0.2459016393442623,0.10200000000000001,0.006,0.7790277777777779,0.3745444619080316
warm_high,0.5,10,10,50,1234,9,0.1111111111111111,0.05,0.0,0.8702380952380955,0.40132547748235653
warm_high,0.5,10,10,50,1234,10,0.2413793103448276,0.083,0.0,0.7897619047619047,0.3880208343119411
warm_high,0.5,10,10,50,1234,11,0.09722222222222222,0.030000000000000006,0.0,0.8780952380952382,0.39520989088598396
warm_high,0.5,10,10,50,1234,12,0.2982456140350877,0.09899999999999999,0.006,0.815595238095238,0.37842372474983
warm_high,0.5,10,10,50,1234,13,0.1896551724137931,0.06799999999999999,0.0,0.868154761904762,0.39779066075222164
warm_high,0.5,10,10,50,1234,14,0.28846153846153844,0.10400000000000001,0.006,0.7552380952380953,0.38248849598682444
warm_high,0.5,10,10,50,1234,15,0.36666666666666664,0.14500000000000002,0.0,0.758095238095238,0.4175198649221373
warm_high,0.5,10,10,50,1234,16,0.2962962962962963,0.08700000000000001,0.0,0.7967857142857144,0.4096682870924779
warm_high,0.5,10,10,50,1234,17,0.25862068965517243,0.09899999999999999,0.0,0.8125000000000002,0.3919590157917839
warm_high,0.5,10,10,50,1234,18,0.2903225806451613,0.11599999999999999,0.0,0.7894047619047619,0.39271863619551917
warm_high,0.5,10,10,50,1234,19,0.29310344827586204,0.09100000000000001,0.0,0.7961904761904762,0.3975782215025661
warm_high,0.5,10,10,50,1234,20,0.28125,0.096,0.0,0.7961904761904762,0.3998274003634693
warm_high,0.5,10,10,50,1234,21,0.21818181818181817,0.08299999999999999,0.0,0.794047619047619,0.3981082667626826
warm_high,0.5,10,10,50,1234,22,0.2903225806451613,0.09900000000000002,0.0,0.7441071428571429,0.3882793006070376
warm_high,0.5,10,10,50,1234,23,0.22580645161290322,0.089,0.0,0.8225396825396827,0.4196045714183613
warm_high,0.5,10,10,50,1234,24,0.20967741935483872,0.07100000000000001,0.0,0.8392857142857142,0.4170550415941288
warm_high,0.5,10,10,50,1234,25,0.1206896551724138,0.039999999999999994,0.0,0.8540476190476192,0.39130538404915655
warm_high,0.5,10,10,50,1234,26,0.32727272727272727,0.10700000000000001,0.012,0.7472222222222225,0.38228484816644837
warm_high,0.5,10,10,50,1234,27,0.391304347826087,0.092,0.0,0.7704761904761905,0.37629728727962264
warm_high,0.5,10,10,50,1234,28,0.23636363636363636,0.073,0.0,0.8219047619047618,0.405094795512473
warm_high,0.5,10,10,50,1234,29,0.15625,0.05800000000000001,0.0,0.8291071428571428,0.41172230504791274
warm_high,0.5,10,10,50,1234,30,0.38181818181818183,0.13100000000000003,0.0,0.7345833333333334,0.39338249225843447
warm_high,0.5,10,10,50,1234,31,0.10344827586206896,0.044,0.006,0.8745238095238095,0.40729481741768725
warm_high,0.5,10,10,50,1234,32,0.3148148148148148,0.11000000000000001,0.0,0.7792857142857144,0.3918415398134424
warm_high,0.5,10,10,50,1234,33,0.2553191489361702,0.06599999999999999,0.0,0.8287301587301587,0.3881874255341954
warm_high,0.5,10,10,50,1234,34,0.2830188679245283,0.101,0.0,0.8239880952380954,0.38181127305735657
warm_high,0.5,10,10,50,1234,35,0.2222222222222222,0.067,0.0,0.8402380952380953,0.39578245357023534
warm_high,0.5,10,10,50,1234,36,0.4230769230769231,0.137,0.0,0.7724603174603176,0.3643898464866472
warm_high,0.5,10,10,50,1234,37,0.25925925925925924,0.07900000000000003,0.0,0.8076190476190478,0.37729956486403443
warm_high,0.5,10,10,50,1234,38,0.3888888888888889,0.11800000000000002,0.0,0.7303571428571428,0.4016890852414166
warm_high,0.5,10,10,50,1234,39,0.2459016393442623,0.10800000000000001,0.0,0.8029761904761903,0.40729141979605643
warm_high,0.5,10,10,50,1234,40,0.24615384615384617,0.09900000000000002,0.0,0.8186309523809525,0.411269856681979
warm_high,0.5,10,10,50,1234,41,0.18,0.049,0.012,0.8611904761904764,0.4063786217457467
warm_high,0.5,10,10,50,1234,42,0.27586206896551724,0.093,0.0,0.7917857142857143,0.39953788722520367
warm_high,0.5,10,10,50,1234,43,0.25925925925925924,0.093,0.0,0.805595238095238,0.3826180963272468
warm_high,0.5,10,10,50,1234,44,0.41509433962264153,0.133,0.0,0.7609325396825398,0.3877099748870497
warm_high,0.5,10,10,50,1234,45,0.19718309859154928,0.05900000000000001,0.0,0.7801587301587303,0.3886090423112475
warm_high,0.5,10,10,50,1234,46,0.13333333333333333,0.045,0.006,0.8147420634920636,0.3891837424985134
warm_high,0.5,10,10,50,1234,47,0.25806451612903225,0.091,0.006,0.7801587301587303,0.3602361443488158
warm_high,0.5,10,10,50,1234,48,0.2,0.089,0.0,0.7823214285714285,0.3821187307176862
warm_high,0.5,10,10,50,1234,49,0.26865671641791045,0.11000000000000001,0.0,0.7739285714285715,0.3883784153765032
warm_high,1.0,10,10,50,1234,0,0.12,0.026000000000000002,0.0,0.8814285714285717,0.5
warm_high,1.0,10,10,50,1234,1,0.1694915254237288,0.056999999999999995,0.006,0.8750000000000002,0.5
warm_high,1.0,10,10,50,1234,2,0.1044776119402985,0.032,0.0,0.9033333333333335,0.5
warm_high,1.0,10,10,50,1234,3,0.21311475409836064,0.05700000000000001,0.0,0.8440476190476189,0.5
warm_high,1.0,10,10,50,1234,4,0.18,0.041999999999999996,0.0,0.8646428571428573,0.5
warm_high,1.0,10,10,50,1234,5,0.17142857142857143,0.06300000000000001,0.0,0.8542857142857143,0.5
warm_high,1.0,10,10,50,1234,6,0.07246376811594203,0.034999999999999996,0.0,0.931666666666667,0.5
warm_high,1.0,10,10,50,1234,7,0.047619047619047616,0.015000000000000003,0.0,0.9216071428571431,0.5
warm_high,1.0,10,10,50,1234,8,0.18032786885245902,0.048,0.0,0.8438095238095238,0.5
warm_high,1.0,10,10,50,1234,9,0.12698412698412698,0.046,0.0,0.8683333333333334,0.5
warm_high,1.0,10,10,50,1234,10,0.15517241379310345,0.041999999999999996,0.0,0.8614880952380952,0.5
warm_high,1.0,10,10,50,1234,11,0.1111111111111111,0.046,0.0,0.853015873015873,0.5
warm_high,1.0,10,10,50,1234,12,0.15789473684210525,0.034,0.0,0.8304761904761906,0.5
warm_high,1.0,10,10,50,1234,13,0.1206896551724138,0.036,0.0,0.8392063492063493,0.5
warm_high,1.0,10,10,50,1234,14,0.2692307692307692,0.05900000000000001,0.0,0.8635714285714287,0.5
warm_high,1.0,10,10,50,1234,15,0.18333333333333332,0.053000000000000005,0.0,0.8469047619047622,0.5
warm_high,1.0,10,10,50,1234,16,0.24074074074074073,0.05800000000000001,0.0,0.8473809523809525,0.5
warm_high,1.0,10,10,50,1234,17,0.1724137931034483,0.06100000000000001,0.0,0.8437301587301587,0.5
warm_high,1.0,10,10,50,1234,18,0.12903225806451613,0.046,0.0,0.8798809523809524,0.5
warm_high,1.0,10,10,50,1234,19,0.13793103448275862,0.035,0.0,0.9035714285714287,0.5
warm_high,1.0,10,10,50,1234,20,0.078125,0.034999999999999996,0.0,0.9052380952380952,0.5
warm_high,1.0,10,10,50,1234,21,0.21818181818181817,0.06000000000000001,0.0,0.8483333333333333,0.5
warm_high,1.0,10,10,50,1234,22,0.14516129032258066,0.044,0.0,0.8614285714285715,0.5
warm_high,1.0,10,10,50,1234,23,0.0967741935483871,0.031,0.0,0.9012500000000001,0.5
warm_high,1.0,10,10,50,1234,24,0.0967741935483871,0.028000000000000004,0.0,0.8966666666666667,0.5
warm_high,1.0,10,10,50,1234,25,0.05172413793103448,0.017,0.0,0.9447619047619048,0.5
warm_high,1.0,10,10,50,1234,26,0.18181818181818182,0.047,0.0,0.874404761904762,0.5
warm_high,1.0,10,10,50,1234,27,0.2391304347826087,0.06300000000000001,0.0,0.8790476190476191,0.5
warm_high,1.0,10,10,50,1234,28,0.21818181818181817,0.07500000000000001,0.0,0.8483333333333336,0.5
warm_high,1.0,10,10,50,1234,29,0.125,0.041,0.0,0.8799999999999999,0.5
warm_high,1.0,10,10,50,1234,30,0.10909090909090909,0.027000000000000003,0.0,0.8777380952380952,0.5
warm_high,1.0,10,10,50,1234,31,0.15517241379310345,0.049,0.0,0.8670833333333337,0.5
warm_high,1.0,10,10,50,1234,32,0.2222222222222222,0.072,0.0,0.8534523809523812,0.5
warm_high,1.0,10,10,50,1234,33,0.2127659574468085,0.052000000000000005,0.0,0.8776190476190477,0.5
warm_high,1.0,10,10,50,1234,34,0.18867924528301888,0.046,0.0,0.8857142857142858,0.5
warm_high,1.0,10,10,50,1234,35,0.12962962962962962,0.028999999999999998,0.0,0.8978571428571428,0.5
warm_high,1.0,10,10,50,1234,36,0.36538461538461536,0.094,0.0,0.8187500000000002,0.5
warm_high,1.0,10,10,50,1234,37,0.1111111111111111,0.026000000000000002,0.0,0.9064285714285715,0.5
warm_high,1.0,10,10,50,1234,38,0.2037037037037037,0.051000000000000004,0.0,0.877857142857143,0.5
warm_high,1.0,10,10,50,1234,39,0.19672131147540983,0.075,0.0,0.8647619047619048,0.5
warm_high,1.0,10,10,50,1234,40,0.1076923076923077,0.041,0.006,0.8716666666666668,0.5
warm_high,1.0,10,10,50,1234,41,0.22,0.045,0.0,0.8439880952380954,0.5
warm_high,1.0,10,10,50,1234,42,0.13793103448275862,0.039999999999999994,0.0,0.9095238095238096,0.5
warm_high,1.0,10,10,50,1234,43,0.16666666666666666,0.044000000000000004,0.0,0.8828571428571429,0.5
warm_high,1.0,10,10,50,1234,44,0.16981132075471697,0.061,0.0,0.9025000000000001,0.5
warm_high,1.0,10,10,50,1234,45,0.09859154929577464,0.034,0.0,0.8866666666666667,0.5
warm_high,1.0,10,10,50,1234,46,0.13333333333333333,0.043,0.0,0.852936507936508,0.5
warm_high,1.0,10,10,50,1234,47,0.08064516129032258,0.029000000000000005,0.0,0.9323809523809523,0.5
warm_high,1.0,10,10,50,1234,48,0.2,0.075,0.0,0.8666666666666668,0.5
warm_high,1.0,10,10,50,1234,49,0.16417910447761194,0.052000000000000005,0.0,0.8392857142857144,0.5
dcf_conv,0.0,10,10,50,1234,0,0.64,0.23700000000000002,0.13199999999999998,0.2216692947575301,nan
dcf_conv,0.0,10,10,50,1234,1,0.559322033898305,0.23700000000000002,0.144,0.2092191142191142,nan
dcf_conv,0.0,10,10,50,1234,2,0.417910447761194,0.221,0.198,0.18815392940392936,nan
dcf_conv,0.0,10,10,50,1234,3,0.4918032786885246,0.17600000000000005,0.156,0.22465348377113084,nan
dcf_conv,0.0,10,10,50,1234,4,0.66,0.213,0.156,0.2069014319014319,nan
dcf_conv,0.0,10,10,50,1234,5,0.4142857142857143,0.18600000000000003,0.168,0.21666187978687979,nan
dcf_conv,0.0,10,10,50,1234,6,0.4492753623188406,0.23800000000000004,0.144,0.2073149073149073,nan
dcf_conv,0.0,10,10,50,1234,7,0.47619047619047616,0.207,0.15600000000000003,0.19995422469687177,nan
dcf_conv,0.0,10,10,50,1234,8,0.5901639344262295,0.28099999999999997,0.13200000000000003,0.1916248579851521,nan
dcf_conv,0.0,10,10,50,1234,9,0.5396825396825397,0.263,0.12600000000000003,0.21518976121917296,nan
dcf_conv,0.0,10,10,50,1234,10,0.6896551724137931,0.258,0.11400000000000002,0.19796432733932734,nan
dcf_conv,0.0,10,10,50,1234,11,0.5,0.23899999999999996,0.13200000000000003,0.2126983433233433,nan
dcf_conv,0.0,10,10,50,1234,12,0.6666666666666666,0.251,0.18600000000000005,0.1781075174825175,nan
dcf_conv,0.0,10,10,50,1234,13,0.5862068965517241,0.24500000000000005,0.15600000000000003,0.1915611471861472,nan
dcf_conv,0.0,10,10,50,1234,14,0.5,0.19700000000000004,0.14400000000000002,0.22796171149112326,nan
dcf_conv,0.0,10,10,50,1234,15,0.43333333333333335,0.18100000000000002,0.21000000000000002,0.18508991008991008,nan
dcf_conv,0.0,10,10,50,1234,16,0.7222222222222222,0.263,0.156,0.2028324371706724,nan
dcf_conv,0.0,10,10,50,1234,17,0.603448275862069,0.26600000000000007,0.10800000000000003,0.23262848262848262,nan
dcf_conv,0.0,10,10,50,1234,18,0.4838709677419355,0.202,0.13800000000000004,0.22367556033577704,nan
dcf_conv,0.0,10,10,50,1234,19,0.6551724137931034,0.24300000000000002,0.186,0.18637300199800194,nan
dcf_conv,0.0,10,10,50,1234,20,0.625,0.25699999999999995,0.13200000000000003,0.19301868882751233,nan
dcf_conv,0.0,10,10,50,1234,21,0.6727272727272727,0.263,0.168,0.18540598290598292,nan
dcf_conv,0.0,10,10,50,1234,22,0.532258064516129,0.21000000000000002,0.132,0.21391258659641013,nan
dcf_conv,0.0,10,10,50,1234,23,0.5806451612903226,0.246,0.186,0.19234339190221544,nan
dcf_conv,0.0,10,10,50,1234,24,0.5967741935483871,0.27599999999999997,0.16200000000000006,0.18057462553786086,nan
dcf_conv,0.0,10,10,50,1234,25,0.5517241379310345,0.233,0.186,0.20389882176646884,nan
dcf_conv,0.0,10,10,50,1234,26,0.7454545454545455,0.309,0.10800000000000001,0.1780526336408689,nan
dcf_conv,0.0,10,10,50,1234,27,0.8695652173913043,0.277,0.15000000000000005,0.18197989510489512,nan
dcf_conv,0.0,10,10,50,1234,28,0.6,0.23399999999999999,0.13200000000000003,0.20365951643815422,nan
dcf_conv,0.0,10,10,50,1234,29,0.453125,0.22300000000000003,0.15000000000000005,0.19928654678654678,nan
dcf_conv,0.0,10,10,50,1234,30,0.6363636363636364,0.257,0.198,0.16799445652386832,nan
dcf_conv,0.0,10,10,50,1234,31,0.6379310344827587,0.28800000000000003,0.12600000000000003,0.2016574316206669,nan
dcf_conv,0.0,10,10,50,1234,32,0.4074074074074074,0.153,0.162,0.25373417432240963,nan
dcf_conv,0.0,10,10,50,1234,33,0.723404255319149,0.22999999999999998,0.15,0.2047045537022317,nan
dcf_conv,0.0,10,10,50,1234,34,0.5849056603773585,0.20800000000000002,0.168,0.21422091797091797,nan
dcf_conv,0.0,10,10,50,1234,35,0.5740740740740741,0.197,0.15,0.21199904262404262,nan
dcf_conv,0.0,10,10,50,1234,36,0.7307692307692307,0.28200000000000003,0.15,0.190880994005994,nan
dcf_conv,0.0,10,10,50,1234,37,0.7222222222222222,0.288,0.16200000000000003,0.18263421219303574,nan
dcf_conv,0.0,10,10,50,1234,38,0.6481481481481481,0.259,0.15000000000000005,0.19215842980548867,nan
dcf_conv,0.0,10,10,50,1234,39,0.6721311475409836,0.28900000000000003,0.156,0.1895936416524652,nan
dcf_conv,0.0,10,10,50,1234,40,0.4461538461538462,0.21800000000000003,0.156,0.21449328449328448,nan
dcf_conv,0.0,10,10,50,1234,41,0.72,0.24200000000000005,0.16800000000000007,0.17410749467251013,nan
dcf_conv,0.0,10,10,50,1234,42,0.603448275862069,0.251,0.168,0.18733787046287048,nan
dcf_conv,0.0,10,10,50,1234,43,0.8518518518518519,0.339,0.15,0.1622358115740469,nan
dcf_conv,0.0,10,10,50,1234,44,0.6037735849056604,0.20800000000000002,0.162,0.22559872725313906,nan
dcf_conv,0.0,10,10,50,1234,45,0.4225352112676056,0.23500000000000004,0.13799999999999998,0.19451777389277394,nan
dcf_conv,0.0,10,10,50,1234,46,0.6333333333333333,0.259,0.162,0.19534333721833724,nan
dcf_conv,0.0,10,10,50,1234,47,0.5967741935483871,0.267,0.12600000000000003,0.20428690590455298,nan
dcf_conv,0.0,10,10,50,1234,48,0.4461538461538462,0.191,0.16200000000000003,0.23861883214824386,nan
dcf_conv,0.0,10,10,50,1234,49,0.5074626865671642,0.273,0.19800000000000004,0.16093489843489844,nan
oracle,0.0,10,20,50,42,0,0.9069767441860465,0.273,0.19200000000000003,0.19755777310924372,nan
oracle,0.0,10,20,50,42,1,1.1538461538461537,0.30399999999999994,0.24,0.18259157509157511,nan
oracle,0.0,10,20,50,42,2,0.8222222222222222,0.24100000000000002,0.24600000000000005,0.19062253514459399,nan
oracle,0.0,10,20,50,42,3,1.065217391304348,0.28200000000000003,0.21000000000000002,0.18244731575613934,nan
oracle,0.0,10,20,50,42,4,1.0416666666666667,0.359,0.19800000000000004,0.17090653627418334,nan
oracle,0.0,10,20,50,42,5,1.0363636363636364,0.37699999999999995,0.18600000000000003,0.1600598013098013,nan
oracle,0.0,10,20,50,42,6,1.0465116279069768,0.30400000000000005,0.24000000000000005,0.17136335886335885,nan
oracle,0.0,10,20,50,42,7,0.851063829787234,0.2839999999999999,0.192,0.21182295237442297,nan
oracle,0.0,10,20,50,42,8,0.9148936170212766,0.31800000000000006,0.25800000000000006,0.15608691961633137,nan
oracle,0.0,10,20,50,42,9,1.236842105263158,0.30600000000000005,0.168,0.22349027799685692,nan
oracle,0.0,10,20,50,42,10,0.9,0.31599999999999995,0.18,0.22429754069459945,nan
oracle,0.0,10,20,50,42,11,0.7755102040816326,0.28400000000000003,0.21000000000000005,0.19224941724941724,nan
oracle,0.0,10,20,50,42,12,1.1020408163265305,0.367,0.16199999999999998,0.1859131350675468,nan
oracle,0.0,10,20,50,42,13,0.6037735849056604,0.22000000000000003,0.28200000000000014,0.1907405094905095,nan
oracle,0.0,10,20,50,42,14,1.0232558139534884,0.30700000000000005,0.24600000000000005,0.17138930513930514,nan
oracle,0.0,10,20,50,42,15,1.0238095238095237,0.275,0.22800000000000006,0.19533362470862473,nan
oracle,0.0,10,20,50,42,16,0.9534883720930233,0.26,0.2760000000000001,0.15300116550116552,nan
oracle,0.0,10,20,50,42,17,1.0227272727272727,0.29500000000000004,0.24000000000000005,0.16602855477855477,nan
oracle,0.0,10,20,50,42,18,1.0869565217391304,0.3340000000000001,0.19800000000000004,0.1663156981906982,nan
oracle,0.0,10,20,50,42,19,1.3,0.33299999999999996,0.17400000000000002,0.18389179448002974,nan
oracle,0.0,10,20,50,42,20,0.96,0.311,0.21000000000000005,0.1709503609135962,nan
oracle,0.0,10,20,50,42,21,0.9361702127659575,0.321,0.252,0.15351985733564683,nan
oracle,0.0,10,20,50,42,22,1.108695652173913,0.34900000000000003,0.198,0.18586233211233213,nan
oracle,0.0,10,20,50,42,23,0.8979591836734694,0.282,0.258,0.18252684815184816,nan
oracle,0.0,10,20,50,42,24,1.0816326530612246,0.36300000000000004,0.19200000000000006,0.15807932564511512,nan
oracle,0.0,10,20,50,42,25,0.851063829787234,0.311,0.27599999999999997,0.14075563325563326,nan
oracle,0.0,10,20,50,42,26,0.8627450980392157,0.321,0.24000000000000007,0.165989010989011,nan
oracle,0.0,10,20,50,42,27,1.1590909090909092,0.35699999999999993,0.168,0.1943388066182184,nan
oracle,0.0,10,20,50,42,28,0.9534883720930233,0.244,0.26400000000000007,0.19780427905427905,nan
oracle,0.0,10,20,50,42,29,0.9574468085106383,0.308,0.22200000000000003,0.19191731879231883,nan
oracle,0.0,10,20,50,42,30,1.069767441860465,0.33100000000000007,0.22800000000000004,0.1812202503378974,nan
oracle,0.0,10,20,50,42,31,1.0666666666666667,0.334,0.18600000000000003,0.1973161968750204,nan
oracle,0.0,10,20,50,42,32,0.7142857142857143,0.231,0.2760000000000001,0.1824941724941725,nan
oracle,0.0,10,20,50,42,33,1.125,0.28200000000000003,0.23400000000000007,0.19065341521223875,nan
oracle,0.0,10,20,50,42,34,1.0188679245283019,0.34500000000000003,0.20400000000000001,0.16921137685843565,nan
oracle,0.0,10,20,50,42,35,1.0555555555555556,0.387,0.20400000000000004,0.1521116097954333,nan
oracle,0.0,10,20,50,42,36,1.0638297872340425,0.31100000000000005,0.24000000000000005,0.16155232022879082,nan
oracle,0.0,10,20,50,42,37,1.4146341463414633,0.42400000000000004,0.22800000000000004,0.13093947718947718,nan
oracle,0.0,10,20,50,42,38,0.6785714285714286,0.24400000000000005,0.2760000000000001,0.17440408855850031,nan
oracle,0.0,10,20,50,42,39,0.9387755102040817,0.31899999999999995,0.23400000000000004,0.19258297258297258,nan
oracle,0.0,10,20,50,42,40,0.9814814814814815,0.3490000000000001,0.20400000000000004,0.17936997642879995,nan
oracle,0.0,10,20,50,42,41,0.9183673469387755,0.34099999999999986,0.174,0.20324758574758572,nan
oracle,0.0,10,20,50,42,42,0.9574468085106383,0.298,0.31200000000000006,0.12902994064758772,nan
oracle,0.0,10,20,50,42,43,1.0769230769230769,0.371,0.20400000000000004,0.1572843822843823,nan
oracle,0.0,10,20,50,42,44,0.9433962264150944,0.3300000000000001,0.15600000000000006,0.2217613840407958,nan
oracle,0.0,10,20,50,42,45,0.8076923076923077,0.265,0.17400000000000002,0.23238190730837788,nan
oracle,0.0,10,20,50,42,46,0.84,0.25600000000000006,0.21600000000000003,0.21787393162393162,nan
oracle,0.0,10,20,50,42,47,0.9787234042553191,0.329,0.23400000000000004,0.1588889296977532,nan
oracle,0.0,10,20,50,42,48,0.9375,0.2719999999999999,0.20999999999999996,0.20513250638250638,nan
oracle,0.0,10,20,50,42,49,0.9230769230769231,0.297,0.19800000000000006,0.18460524855261698,nan
cold_genie,0.0,10,20,50,42,0,1.0,0.328,0.14400000000000002,0.21602494727494728,0.03333333333333333
cold_genie,0.0,10,20,50,42,1,1.1282051282051282,0.327,0.20400000000000001,0.18643106893106892,0.03333333333333333
cold_genie,0.0,10,20,50,42,2,0.8444444444444444,0.24500000000000005,0.17400000000000002,0.21845140970140972,0.03333333333333333
cold_genie,0.0,10,20,50,42,3,0.9347826086956522,0.301,0.16800000000000007,0.19240064673888202,0.03333333333333333
cold_genie,0.0,10,20,50,42,4,0.75,0.27,0.18000000000000002,0.20704545454545453,0.03333333333333333
cold_genie,0.0,10,20,50,42,5,0.8181818181818182,0.312,0.20400000000000001,0.16251914751914753,0.03333333333333333
cold_genie,0.0,10,20,50,42,6,0.9069767441860465,0.308,0.18000000000000002,0.2148426573426573,0.03333333333333333
cold_genie,0.0,10,20,50,42,7,1.127659574468085,0.38099999999999995,0.186,0.16279678654678653,0.03333333333333333
cold_genie,0.0,10,20,50,42,8,0.8936170212765957,0.306,0.15000000000000005,0.2020358726241079,0.03333333333333333
cold_genie,0.0,10,20,50,42,9,1.5789473684210527,0.388,0.1920000000000001,0.13660824469648,0.03333333333333333
cold_genie,0.0,10,20,50,42,10,0.8,0.29300000000000004,0.192,0.19410200910200912,0.03333333333333333
cold_genie,0.0,10,20,50,42,11,0.8163265306122449,0.2950000000000001,0.138,0.21433953301600356,0.03333333333333333
cold_genie,0.0,10,20,50,42,12,1.0408163265306123,0.35100000000000003,0.162,0.2025344100344101,0.03333333333333333
cold_genie,0.0,10,20,50,42,13,0.8490566037735849,0.346,0.19200000000000003,0.1717366579498933,0.03333333333333333
cold_genie,0.0,10,20,50,42,14,1.1627906976744187,0.34199999999999997,0.21600000000000003,0.14317695376518907,0.03333333333333333
cold_genie,0.0,10,20,50,42,15,1.2619047619047619,0.38399999999999995,0.16800000000000007,0.16918192918192917,0.03333333333333333
cold_genie,0.0,10,20,50,42,16,1.0,0.308,0.19200000000000003,0.18246350871350875,0.03333333333333333
cold_genie,0.0,10,20,50,42,17,1.0909090909090908,0.359,0.17400000000000002,0.1832253163503164,0.03333333333333333
cold_genie,0.0,10,20,50,42,18,0.9130434782608695,0.278,0.18600000000000008,0.18784930347430345,0.03333333333333333
cold_genie,0.0,10,20,50,42,19,1.125,0.33599999999999997,0.156,0.19478798978798978,0.03333333333333333
cold_genie,0.0,10,20,50,42,20,0.9,0.324,0.18000000000000002,0.18474505886270592,0.03333333333333333
cold_genie,0.0,10,20,50,42,21,0.9361702127659575,0.3390000000000001,0.19200000000000003,0.18315365190365193,0.03333333333333333
cold_genie,0.0,10,20,50,42,22,0.782608695652174,0.28700000000000003,0.15,0.2328636396283455,0.03333333333333333
cold_genie,0.0,10,20,50,42,23,0.8163265306122449,0.332,0.1920000000000001,0.18058816183816181,0.03333333333333333
cold_genie,0.0,10,20,50,42,24,0.9591836734693877,0.31700000000000006,0.17400000000000002,0.18522893772893773,0.03333333333333333
cold_genie,0.0,10,20,50,42,25,0.8936170212765957,0.29700000000000004,0.16799999999999998,0.1946196858696859,0.03333333333333333
cold_genie,0.0,10,20,50,42,26,0.8431372549019608,0.29799999999999993,0.20400000000000004,0.16718105423987778,0.03333333333333333
cold_genie,0.0,10,20,50,42,27,1.0227272727272727,0.32100000000000006,0.15000000000000005,0.2004440004440004,0.03333333333333333
cold_genie,0.0,10,20,50,42,28,1.069767441860465,0.303,0.23400000000000004,0.1629863518834107,0.03333333333333333
cold_genie,0.0,10,20,50,42,29,1.0212765957446808,0.368,0.138,0.1784290709290709,0.03333333333333333
cold_genie,0.0,10,20,50,42,30,0.7441860465116279,0.254,0.13800000000000004,0.23819472194472197,0.03333333333333333
cold_genie,0.0,10,20,50,42,31,1.0666666666666667,0.3570000000000001,0.15600000000000006,0.2029761904761905,0.03333333333333333
cold_genie,0.0,10,20,50,42,32,0.7959183673469388,0.279,0.13200000000000003,0.24110361860361862,0.03333333333333333
cold_genie,0.0,10,20,50,42,33,1.15,0.331,0.22800000000000004,0.1579268648018648,0.03333333333333333
cold_genie,0.0,10,20,50,42,34,1.0566037735849056,0.413,0.162,0.15009948384948385,0.03333333333333333
cold_genie,0.0,10,20,50,42,35,0.9259259259259259,0.352,0.12600000000000003,0.19066347030162822,0.03333333333333333
cold_genie,0.0,10,20,50,42,36,1.0,0.32800000000000007,0.18000000000000002,0.16857781107781106,0.03333333333333333
cold_genie,0.0,10,20,50,42,37,1.048780487804878,0.275,0.132,0.21080003330003333,0.03333333333333333
cold_genie,0.0,10,20,50,42,38,0.8928571428571429,0.37000000000000005,0.15,0.1748078310578311,0.03333333333333333
cold_genie,0.0,10,20,50,42,39,0.9183673469387755,0.30699999999999994,0.19800000000000004,0.17477605727605725,0.03333333333333333
cold_genie,0.0,10,20,50,42,40,0.8703703703703703,0.30700000000000005,0.21000000000000005,0.1848722111222111,0.03333333333333333
cold_genie,0.0,10,20,50,42,41,0.8775510204081632,0.30599999999999994,0.162,0.19840881340881342,0.03333333333333333
cold_genie,0.0,10,20,50,42,42,0.7872340425531915,0.262,0.14400000000000004,0.21180652680652684,0.03333333333333333
cold_genie,0.0,10,20,50,42,43,0.9230769230769231,0.316,0.19800000000000006,0.18189387001887003,0.03333333333333333
cold_genie,0.0,10,20,50,42,44,0.7169811320754716,0.262,0.22800000000000004,0.19601565101565105,0.03333333333333333
cold_genie,0.0,10,20,50,42,45,0.6730769230769231,0.2679999999999999,0.18000000000000008,0.20601356976356974,0.03333333333333333
cold_genie,0.0,10,20,50,42,46,0.88,0.31400000000000006,0.21000000000000002,0.16651681651681652,0.03333333333333333
cold_genie,0.0,10,20,50,42,47,1.0425531914893618,0.34800000000000003,0.162,0.18339146964146963,0.03333333333333333
cold_genie,0.0,10,20,50,42,48,1.0,0.29800000000000004,0.168,0.20992139804639803,0.03333333333333333
cold_genie,0.0,10,20,50,42,49,1.0,0.374,0.15000000000000005,0.16669662853486383,0.03333333333333333
cold_nv,0.0,10,20,50,42,0,1.186046511627907,0.378,0.072,0.289556277056277,0.10000000000000002
cold_nv,0.0,10,20,50,42,1,1.4102564102564104,0.40700000000000003,0.041999999999999996,0.3203787878787878,0.10000000000000002
cold_nv,0.0,10,20,50,42,2,1.1777777777777778,0.34,0.09000000000000001,0.2844515207015207,0.10000000000000002
cold_nv,0.0,10,20,50,42,3,1.0217391304347827,0.313,0.054000000000000006,0.3430826118326119,0.10000000000000002
cold_nv,0.0,10,20,50,42,4,0.9166666666666666,0.36000000000000004,0.054000000000000006,0.33385101010101004,0.10000000000000002
cold_nv,0.0,10,20,50,42,5,1.0,0.36700000000000005,0.054000000000000006,0.3026118326118326,0.10000000000000002
cold_nv,0.0,10,20,50,42,6,1.0,0.324,0.072,0.31946428571428565,0.10000000000000002
cold_nv,0.0,10,20,50,42,7,0.9574468085106383,0.33999999999999997,0.036,0.371497113997114,0.10000000000000002
cold_nv,0.0,10,20,50,42,8,1.0851063829787233,0.369,0.07200000000000002,0.2913564213564213,0.10000000000000002
cold_nv,0.0,10,20,50,42,9,1.2894736842105263,0.355,0.036,0.31067266067266064,0.10000000000000002
cold_nv,0.0,10,20,50,42,10,0.96,0.33999999999999997,0.078,0.3328174603174603,0.10000000000000002
cold_nv,0.0,10,20,50,42,11,1.1428571428571428,0.4210000000000001,0.054000000000000006,0.2830357142857143,0.10000000000000002
cold_nv,0.0,10,20,50,42,12,0.9591836734693877,0.31100000000000005,0.041999999999999996,0.34860056610056606,0.10000000000000002
cold_nv,0.0,10,20,50,42,13,0.7735849056603774,0.311,0.054000000000000006,0.36704545454545445,0.10000000000000002
cold_nv,0.0,10,20,50,42,14,1.0930232558139534,0.34199999999999997,0.041999999999999996,0.3319137806637807,0.10000000000000002
cold_nv,0.0,10,20,50,42,15,1.0476190476190477,0.29900000000000004,0.06600000000000002,0.3362630425130425,0.10000000000000002
cold_nv,0.0,10,20,50,42,16,1.255813953488372,0.4000000000000001,0.06599999999999999,0.2906113331113332,0.10000000000000002
cold_nv,0.0,10,20,50,42,17,1.2727272727272727,0.383,0.054000000000000006,0.2975450937950938,0.10000000000000002
cold_nv,0.0,10,20,50,42,18,1.391304347826087,0.44700000000000006,0.041999999999999996,0.28035533910533905,0.10000000000000002
cold_nv,0.0,10,20,50,42,19,1.225,0.379,0.048,0.3222113997113997,0.10000000000000002
cold_nv,0.0,10,20,50,42,20,1.0,0.379,0.06000000000000001,0.3227308802308802,0.10000000000000002
cold_nv,0.0,10,20,50,42,21,0.9148936170212766,0.31300000000000006,0.048,0.3611580086580087,0.10000000000000002
cold_nv,0.0,10,20,50,42,22,1.1956521739130435,0.372,0.03,0.3215909090909091,0.10000000000000002
cold_nv,0.0,10,20,50,42,23,0.8979591836734694,0.28200000000000003,0.06000000000000001,0.3233495670995671,0.10000000000000002
cold_nv,0.0,10,20,50,42,24,0.8163265306122449,0.273,0.10200000000000005,0.30816058941058944,0.10000000000000002
cold_nv,0.0,10,20,50,42,25,1.0212765957446808,0.321,0.07800000000000003,0.31117604617604616,0.10000000000000002
cold_nv,0.0,10,20,50,42,26,1.0,0.414,0.072,0.2970093795093795,0.10000000000000002
cold_nv,0.0,10,20,50,42,27,1.0,0.321,0.078,0.3306042568542569,0.10000000000000002
cold_nv,0.0,10,20,50,42,28,1.1395348837209303,0.273,0.07200000000000001,0.3063844488844489,0.10000000000000002
cold_nv,0.0,10,20,50,42,29,1.1914893617021276,0.39300000000000007,0.024,0.3357449494949495,0.10000000000000002
cold_nv,0.0,10,20,50,42,30,1.2093023255813953,0.338,0.06600000000000002,0.3457882395382395,0.10000000000000002
cold_nv,0.0,10,20,50,42,31,1.1111111111111112,0.348,0.048,0.3155483405483406,0.10000000000000002
cold_nv,0.0,10,20,50,42,32,1.1224489795918366,0.37700000000000006,0.054000000000000006,0.28834706959706957,0.10000000000000002
cold_nv,0.0,10,20,50,42,33,1.425,0.37900000000000006,0.09000000000000001,0.3107124819624819,0.10000000000000002
cold_nv,0.0,10,20,50,42,34,0.7735849056603774,0.32,0.041999999999999996,0.3585948773448773,0.10000000000000002
cold_nv,0.0,10,20,50,42,35,0.8888888888888888,0.31400000000000006,0.024,0.3916236541236541,0.10000000000000002
cold_nv,0.0,10,20,50,42,36,0.8936170212765957,0.307,0.048,0.3764159451659451,0.10000000000000002
cold_nv,0.0,10,20,50,42,37,1.1951219512195121,0.363,0.08400000000000003,0.3024494949494949,0.10000000000000002
cold_nv,0.0,10,20,50,42,38,0.875,0.34500000000000003,0.08400000000000003,0.290093795093795,0.10000000000000002
cold_nv,0.0,10,20,50,42,39,0.9591836734693877,0.33899999999999997,0.12000000000000002,0.2916973304473304,0.10000000000000002
cold_nv,0.0,10,20,50,42,40,1.0555555555555556,0.37600000000000006,0.07200000000000002,0.3092316017316017,0.10000000000000002
cold_nv,0.0,10,20,50,42,41,0.9387755102040817,0.32,0.054000000000000006,0.3401717726717727,0.10000000000000002
cold_nv,0.0,10,20,50,42,42,1.0,0.31200000000000006,0.066,0.3496683871683871,0.10000000000000002
cold_nv,0.0,10,20,50,42,43,0.9807692307692307,0.33999999999999997,0.08399999999999999,0.29605810855810855,0.10000000000000002
cold_nv,0.0,10,20,50,42,44,0.8867924528301887,0.31700000000000006,0.03,0.3184984459984459,0.10000000000000002
cold_nv,0.0,10,20,50,42,45,0.9807692307692307,0.36500000000000005,0.09000000000000001,0.29361277611277614,0.10000000000000002
cold_nv,0.0,10,20,50,42,46,0.96,0.37800000000000006,0.06000000000000001,0.34353174603174597,0.10000000000000002
cold_nv,0.0,10,20,50,42,47,1.1702127659574468,0.38100000000000006,0.07800000000000001,0.29078102453102456,0.10000000000000002
cold_nv,0.0,10,20,50,42,48,1.0625,0.362,0.048,0.33029567654567654,0.10000000000000002
cold_nv,0.0,10,20,50,42,49,0.9615384615384616,0.37300000000000005,0.072,0.2933440170940171,0.10000000000000002
cold_high,0.0,10,20,50,42,0,0.16279069767441862,0.035,0.0,0.8675,0.5
cold_high,0.0,10,20,50,42,1,0.20512820512820512,0.04,0.0,0.8835119047619049,0.5
cold_high,0.0,10,20,50,42,2,0.13333333333333333,0.025,0.0,0.9119642857142859,0.5
cold_high,0.0,10,20,50,42,3,0.1956521739130435,0.049,0.0,0.8550000000000001,0.5
cold_high,0.0,10,20,50,42,4,0.14583333333333334,0.044,0.0,0.8891666666666668,0.5
cold_high,0.0,10,20,50,42,5,0.14545454545454545,0.03500000000000001,0.0,0.8702380952380953,0.5
cold_high,0.0,10,20,50,42,6,0.16279069767441862,0.053000000000000005,0.0,0.9170238095238096,0.5
cold_high,0.0,10,20,50,42,7,0.1276595744680851,0.027000000000000003,0.0,0.9083333333333334,0.5
cold_high,0.0,10,20,50,42,8,0.1276595744680851,0.023,0.0,0.8566071428571428,0.5
cold_high,0.0,10,20,50,42,9,0.10526315789473684,0.013000000000000001,0.0,0.9346031746031747,0.5
cold_high,0.0,10,20,50,42,10,0.34,0.099,0.0,0.8361904761904764,0.5
cold_high,0.0,10,20,50,42,11,0.12244897959183673,0.035,0.0,0.915,0.5
cold_high,0.0,10,20,50,42,12,0.24489795918367346,0.054000000000000006,0.0,0.8185714285714287,0.5
cold_high,0.0,10,20,50,42,13,0.1320754716981132,0.03600000000000001,0.0,0.9140476190476191,0.5
cold_high,0.0,10,20,50,42,14,0.16279069767441862,0.03,0.0,0.9123809523809523,0.5
cold_high,0.0,10,20,50,42,15,0.21428571428571427,0.048,0.0,0.8813095238095239,0.5
cold_high,0.0,10,20,50,42,16,0.18604651162790697,0.044,0.0,0.9040476190476191,0.5
cold_high,0.0,10,20,50,42,17,0.29545454545454547,0.06800000000000002,0.0,0.8526785714285715,0.5
cold_high,0.0,10,20,50,42,18,0.21739130434782608,0.05900000000000001,0.0,0.8883333333333333,0.5
cold_high,0.0,10,20,50,42,19,0.275,0.042,0.0,0.8778571428571429,0.5
cold_high,0.0,10,20,50,42,20,0.16,0.040999999999999995,0.0,0.8823809523809525,0.5
cold_high,0.0,10,20,50,42,21,0.1702127659574468,0.043,0.0,0.9166666666666667,0.5
cold_high,0.0,10,20,50,42,22,0.17391304347826086,0.039999999999999994,0.0,0.9064285714285715,0.5
cold_high,0.0,10,20,50,42,23,0.1836734693877551,0.05099999999999999,0.0,0.8658333333333335,0.5
cold_high,0.0,10,20,50,42,24,0.1836734693877551,0.045000000000000005,0.0,0.8564285714285713,0.5
cold_high,0.0,10,20,50,42,25,0.14893617021276595,0.042,0.0,0.9007142857142858,0.5
cold_high,0.0,10,20,50,42,26,0.09803921568627451,0.024,0.0,0.9183333333333333,0.5
cold_high,0.0,10,20,50,42,27,0.18181818181818182,0.045,0.0,0.8740476190476191,0.5
cold_high,0.0,10,20,50,42,28,0.3023255813953488,0.079,0.0,0.825654761904762,0.5
cold_high,0.0,10,20,50,42,29,0.19148936170212766,0.039999999999999994,0.0,0.8507142857142858,0.5
cold_high,0.0,10,20,50,42,30,0.23255813953488372,0.05800000000000001,0.0,0.8439285714285714,0.5
cold_high,0.0,10,20,50,42,31,0.2222222222222222,0.048,0.0,0.8533333333333335,0.5
cold_high,0.0,10,20,50,42,32,0.16326530612244897,0.032,0.0,0.89125,0.5
cold_high,0.0,10,20,50,42,33,0.275,0.03500000000000001,0.0,0.8752380952380954,0.5
cold_high,0.0,10,20,50,42,34,0.16981132075471697,0.06000000000000001,0.006,0.8786904761904764,0.5
cold_high,0.0,10,20,50,42,35,0.2222222222222222,0.05800000000000001,0.0,0.8507142857142856,0.5
cold_high,0.0,10,20,50,42,36,0.1702127659574468,0.054000000000000006,0.0,0.8961904761904762,0.5
cold_high,0.0,10,20,50,42,37,0.17073170731707318,0.04,0.0,0.9083333333333334,0.5
cold_high,0.0,10,20,50,42,38,0.17857142857142858,0.05499999999999999,0.0,0.8857142857142858,0.5
cold_high,0.0,10,20,50,42,39,0.20408163265306123,0.04900000000000001,0.0,0.8514285714285714,0.5
cold_high,0.0,10,20,50,42,40,0.2962962962962963,0.08000000000000002,0.0,0.8394047619047621,0.5
cold_high,0.0,10,20,50,42,41,0.1836734693877551,0.040999999999999995,0.0,0.8754166666666668,0.5
cold_high,0.0,10,20,50,42,42,0.1702127659574468,0.03400000000000001,0.0,0.8783333333333335,0.5
cold_high,0.0,10,20,50,42,43,0.17307692307692307,0.062,0.0,0.8590476190476192,0.5
cold_high,0.0,10,20,50,42,44,0.11320754716981132,0.023,0.0,0.9100000000000001,0.5
cold_high,0.0,10,20,50,42,45,0.1346153846153846,0.044000000000000004,0.0,0.8799999999999999,0.5
cold_high,0.0,10,20,50,42,46,0.16,0.044000000000000004,0.0,0.8683333333333332,0.5
cold_high,0.0,10,20,50,42,47,0.1702127659574468,0.027000000000000003,0.0,0.8750000000000002,0.5
cold_high,0.0,10,20,50,42,48,0.3125,0.082,0.0,0.8327380952380954,0.5
cold_high,0.0,10,20,50,42,49,0.28846153846153844,0.06299999999999999,0.0,0.8566666666666668,0.5
warm_nv,0.0,10,20,50,42,0,1.1395348837209303,0.36599999999999994,0.066,0.31130772005772006,0.10000000000000002
warm_nv,0.0,10,20,50,42,1,1.1538461538461537,0.32799999999999996,0.078,0.33864538239538233,0.10599664444444448
warm_nv,0.0,10,20,50,42,2,1.1555555555555554,0.3790000000000001,0.03,0.3468272005772005,0.12094496740740741
warm_nv,0.0,10,20,50,42,3,1.1521739130434783,0.37200000000000005,0.048,0.37301948051948053,0.13331140372839506
warm_nv,0.0,10,20,50,42,4,0.9791666666666666,0.36000000000000004,0.054000000000000006,0.3873412698412698,0.12650407333333336
warm_nv,0.0,10,20,50,42,5,0.8727272727272727,0.3470000000000001,0.048,0.37136724386724385,0.125133542962963
warm_nv,0.0,10,20,50,42,6,1.1627906976744187,0.348,0.041999999999999996,0.32966269841269835,0.12434553051851852
warm_nv,0.0,10,20,50,42,7,1.0,0.354,0.041999999999999996,0.3710768398268398,0.12814496533333333
warm_nv,0.0,10,20,50,42,8,1.127659574468085,0.398,0.03,0.3574603174603175,0.12751981925925926
warm_nv,0.0,10,20,50,42,9,1.4210526315789473,0.36,0.054000000000000006,0.33266955266955267,0.12767661543209877
warm_nv,0.0,10,20,50,42,10,1.06,0.372,0.054000000000000006,0.3527290764790765,0.13180201733333335
warm_nv,0.0,10,20,50,42,11,1.0816326530612246,0.378,0.048,0.3593272005772006,0.13659545916049384
warm_nv,0.0,10,20,50,42,12,1.1224489795918366,0.391,0.03,0.34036477411477417,0.14219274740740745
warm_nv,0.0,10,20,50,42,13,0.8301886792452831,0.31799999999999995,0.03,0.42041666666666666,0.13961680533333334
warm_nv,0.0,10,20,50,42,14,1.2790697674418605,0.41400000000000003,0.066,0.26700674325674323,0.11798338594650207
warm_nv,0.0,10,20,50,42,15,1.0952380952380953,0.31199999999999994,0.024,0.3672352647352647,0.12504726740740746
warm_nv,0.0,10,20,50,42,16,1.2325581395348837,0.376,0.06000000000000001,0.3463063325563326,0.12609424785185183
warm_nv,0.0,10,20,50,42,17,0.8863636363636364,0.29300000000000004,0.048,0.3916948329448329,0.127855966962963
warm_nv,0.0,10,20,50,42,18,1.1521739130434783,0.38900000000000007,0.041999999999999996,0.35133477633477633,0.12512707007407411
warm_nv,0.0,10,20,50,42,19,1.25,0.366,0.078,0.32128774003774,0.12084461555555556
warm_nv,0.0,10,20,50,42,20,1.1,0.4040000000000001,0.048,0.35407647907647904,0.127514742962963
warm_nv,0.0,10,20,50,42,21,1.0425531914893618,0.317,0.041999999999999996,0.3993426018426018,0.13465453777777778
warm_nv,0.0,10,20,50,42,22,1.0217391304347827,0.31999999999999995,0.041999999999999996,0.3564375901875902,0.13250510814814817
warm_nv,0.0,10,20,50,42,23,0.9795918367346939,0.3610000000000001,0.036,0.39627344877344867,0.14808358396543211
warm_nv,0.0,10,20,50,42,24,1.163265306122449,0.361,0.03,0.34679834054834047,0.13403561976888895
warm_nv,0.0,10,20,50,42,25,1.0212765957446808,0.34099999999999997,0.03,0.35237193362193364,0.13910509528888892
warm_nv,0.0,10,20,50,42,26,0.9411764705882353,0.345,0.018,0.3918109668109667,0.1425931386666667
warm_nv,0.0,10,20,50,42,27,1.1136363636363635,0.35200000000000004,0.048,0.36520202020202014,0.1357154986666667
warm_nv,0.0,10,20,50,42,28,1.0930232558139534,0.31,0.041999999999999996,0.42285728160728164,0.1280531315555556
warm_nv,0.0,10,20,50,42,29,0.9787234042553191,0.332,0.048,0.3317550505050505,0.11736368592592597
warm_nv,0.0,10,20,50,42,30,0.9534883720930233,0.28900000000000003,0.054000000000000006,0.3986453823953823,0.1262371265975309
warm_nv,0.0,10,20,50,42,31,0.9333333333333333,0.29800000000000004,0.03,0.4017476967476966,0.1357659239555556
warm_nv,0.0,10,20,50,42,32,1.0816326530612246,0.3610000000000001,0.024,0.38488455988455994,0.12294970550617286
warm_nv,0.0,10,20,50,42,33,1.275,0.36500000000000005,0.048,0.3343975468975469,0.12577868711111112
warm_nv,0.0,10,20,50,42,34,0.8867924528301887,0.34299999999999997,0.024,0.36051920301920304,0.12471491851851853
warm_nv,0.0,10,20,50,42,35,0.9074074074074074,0.33499999999999996,0.041999999999999996,0.3498484848484849,0.1305235703703704
warm_nv,0.0,10,20,50,42,36,1.2765957446808511,0.39699999999999996,0.036,0.34352799977799975,0.12678156533333335
warm_nv,0.0,10,20,50,42,37,1.1951219512195121,0.33999999999999997,0.048,0.3661904761904762,0.13070318222222227
warm_nv,0.0,10,20,50,42,38,0.9821428571428571,0.35200000000000004,0.06600000000000002,0.31589826839826846,0.12704398385185187
warm_nv,0.0,10,20,50,42,39,1.1020408163265305,0.39,0.03,0.38554292929292927,0.1342922642903704
warm_nv,0.0,10,20,50,42,40,0.9259259259259259,0.335,0.08400000000000003,0.3367676767676767,0.12184554585679015
warm_nv,0.0,10,20,50,42,41,0.8979591836734694,0.29599999999999993,0.054000000000000006,0.3942622655122655,0.13327212736378602
warm_nv,0.0,10,20,50,42,42,1.148936170212766,0.35300000000000004,0.036,0.3823160173160173,0.12469773044938275
warm_nv,0.0,10,20,50,42,43,0.9423076923076923,0.336,0.041999999999999996,0.3753041403041403,0.12164193851851857
warm_nv,0.0,10,20,50,42,44,0.8113207547169812,0.2740000000000001,0.041999999999999996,0.37907287157287156,0.11978796000000003
warm_nv,0.0,10,20,50,42,45,0.9230769230769231,0.362,0.06600000000000002,0.34444499944499946,0.11637513185185189
warm_nv,0.0,10,20,50,42,46,1.02,0.384,0.041999999999999996,0.33767496392496393,0.12083603274074077
warm_nv,0.0,10,20,50,42,47,0.9361702127659575,0.316,0.036,0.35387667887667884,0.12936550444444445
warm_nv,0.0,10,20,50,42,48,0.9375,0.34400000000000003,0.041999999999999996,0.40444985569985564,0.12973481111111115
warm_nv,0.0,10,20,50,42,49,0.9230769230769231,0.37300000000000005,0.048,0.3353914141414141,0.11824733135407413
warm_high,0.0,10,20,50,42,0,0.2558139534883721,0.046,0.0,0.8550000000000001,0.5
warm_high,0.0,10,20,50,42,1,0.5897435897435898,0.15500000000000003,0.0,0.7242261904761905,0.32992243227023327
warm_high,0.0,10,20,50,42,2,0.5777777777777777,0.18200000000000002,0.036,0.6044841269841271,0.23943421417262
warm_high,0.0,10,20,50,42,3,0.7608695652173914,0.24299999999999997,0.024,0.5280068542568543,0.1997230009564907
warm_high,0.0,10,20,50,42,4,0.8541666666666666,0.293,0.024,0.5172474747474748,0.1781743643350201
warm_high,0.0,10,20,50,42,5,0.9090909090909091,0.33199999999999996,0.03,0.4063726551226551,0.13974952707444246
warm_high,0.0,10,20,50,42,6,1.1162790697674418,0.3590000000000001,0.041999999999999996,0.3824675324675325,0.13555493904696958
warm_high,0.0,10,20,50,42,7,0.7872340425531915,0.261,0.06000000000000001,0.4344534632034633,0.13952146964913634
warm_high,0.0,10,20,50,42,8,1.0638297872340425,0.387,0.066,0.36208513708513707,0.13608419212429704
warm_high,0.0,10,20,50,42,9,1.5,0.4050000000000001,0.036,0.31877886002886,0.139539304746545
warm_high,0.0,10,20,50,42,10,1.1,0.33499999999999996,0.041999999999999996,0.3778381340881341,0.14952696970065824
warm_high,0.0,10,20,50,42,11,0.8367346938775511,0.29300000000000004,0.03,0.4317922355422355,0.15187611489672623
warm_high,0.0,10,20,50,42,12,0.9591836734693877,0.33199999999999996,0.06600000000000002,0.356017316017316,0.1330914656560775
warm_high,0.0,10,20,50,42,13,0.7924528301886793,0.32700000000000007,0.06000000000000001,0.3601533189033189,0.12506313446563333
warm_high,0.0,10,20,50,42,14,1.069767441860465,0.31000000000000005,0.041999999999999996,0.39860556110556106,0.14087742432051936
warm_high,0.0,10,20,50,42,15,0.7380952380952381,0.20800000000000002,0.024,0.46924603174603174,0.13708368230138934
warm_high,0.0,10,20,50,42,16,1.0232558139534884,0.31500000000000006,0.054000000000000006,0.36253968253968255,0.11600276981103555
warm_high,0.0,10,20,50,42,17,0.9772727272727273,0.30100000000000005,0.054000000000000006,0.3795833333333333,0.1237298921209947
warm_high,0.0,10,20,50,42,18,1.0434782608695652,0.32499999999999996,0.024,0.372274531024531,0.13912986947124883
warm_high,0.0,10,20,50,42,19,1.325,0.352,0.03,0.3847312409812409,0.14166191155756427
warm_high,0.0,10,20,50,42,20,0.98,0.31999999999999995,0.03,0.3794300144300144,0.13634677034148818
warm_high,0.0,10,20,50,42,21,0.9148936170212766,0.318,0.024,0.4239917027417027,0.12189597081228343
warm_high,0.0,10,20,50,42,22,1.2608695652173914,0.4149999999999999,0.018,0.309309163059163,0.11204000770038411
warm_high,0.0,10,20,50,42,23,0.7959183673469388,0.293,0.054000000000000006,0.36885101010101007,0.12197968374983181
warm_high,0.0,10,20,50,42,24,0.9795918367346939,0.3420000000000001,0.048,0.3694642857142857,0.12175529909068503
warm_high,0.0,10,20,50,42,25,0.9361702127659575,0.32400000000000007,0.048,0.35408369408369406,0.11677849751946907
warm_high,0.0,10,20,50,42,26,0.9803921568627451,0.364,0.066,0.3395797258297258,0.11498525825160874
warm_high,0.0,10,20,50,42,27,1.2954545454545454,0.41000000000000003,0.03,0.32347222222222227,0.1229808206809154
warm_high,0.0,10,20,50,42,28,1.2325581395348837,0.33399999999999996,0.06000000000000001,0.32344988344988346,0.1229263782256271
warm_high,0.0,10,20,50,42,29,0.851063829787234,0.282,0.041999999999999996,0.43919191919191924,0.1394945849560588
warm_high,0.0,10,20,50,42,30,1.2325581395348837,0.391,0.048,0.3490367965367965,0.15099059586222227
warm_high,0.0,10,20,50,42,31,1.0666666666666667,0.29200000000000004,0.03,0.40737554112554114,0.14414505621130702
warm_high,0.0,10,20,50,42,32,1.0408163265306123,0.327,0.048,0.36972083472083467,0.14526373017205524
warm_high,0.0,10,20,50,42,33,1.4,0.35900000000000004,0.041999999999999996,0.3491767954267954,0.14252519623533005
warm_high,0.0,10,20,50,42,34,0.7547169811320755,0.28400000000000003,0.018,0.4281854256854256,0.15476073746723024
warm_high,0.0,10,20,50,42,35,0.9814814814814815,0.328,0.048,0.3828769841269842,0.1464371161359808
warm_high,0.0,10,20,50,42,36,1.1914893617021276,0.388,0.041999999999999996,0.366489898989899,0.13813396786494325
warm_high,0.0,10,20,50,42,37,1.2195121951219512,0.381,0.041999999999999996,0.3721626984126984,0.1256435498748921
warm_high,0.0,10,20,50,42,38,0.7321428571428571,0.295,0.054000000000000006,0.401017316017316,0.12887561022316202
warm_high,0.0,10,20,50,42,39,0.8775510204081632,0.29600000000000004,0.06,0.3566323953823954,0.1113807533958692
warm_high,0.0,10,20,50,42,40,0.9444444444444444,0.302,0.06000000000000001,0.3142807192807192,0.11496262194015869
warm_high,0.0,10,20,50,42,41,1.1428571428571428,0.366,0.054000000000000006,0.32456349206349205,0.12893967762639305
warm_high,0.0,10,20,50,42,42,1.0,0.29600000000000004,0.06000000000000001,0.3805747030747031,0.12935453729949786
warm_high,0.0,10,20,50,42,43,0.7884615384615384,0.294,0.054000000000000006,0.368447940947941,0.12205746699195934
warm_high,0.0,10,20,50,42,44,0.8301886792452831,0.29500000000000004,0.06000000000000001,0.39543095793095795,0.13714148461833173
warm_high,0.0,10,20,50,42,45,0.9615384615384616,0.34900000000000003,0.054000000000000006,0.33629329004329,0.1289227264980894
warm_high,0.0,10,20,50,42,46,0.88,0.31,0.036,0.3657521645021645,0.12705499841487142
warm_high,0.0,10,20,50,42,47,0.9148936170212766,0.33399999999999996,0.041999999999999996,0.3540782828282828,0.12335834898216487
warm_high,0.0,10,20,50,42,48,1.1666666666666667,0.37,0.054000000000000006,0.33356116106116107,0.12206394214556882
warm_high,0.0,10,20,50,42,49,0.9807692307692307,0.36600000000000005,0.024,0.34600649350649343,0.12582478397486413
dcf_conv,0.0,10,20,50,42,0,0.6046511627906976,0.194,0.16800000000000004,0.24585331335331334,nan
dcf_conv,0.0,10,20,50,42,1,0.7948717948717948,0.20500000000000002,0.12000000000000002,0.23032032918062334,nan
dcf_conv,0.0,10,20,50,42,2,0.5777777777777777,0.171,0.16800000000000007,0.2483391608391609,nan
dcf_conv,0.0,10,20,50,42,3,0.5,0.14,0.18,0.23520357910063794,nan
dcf_conv,0.0,10,20,50,42,4,0.4791666666666667,0.17400000000000002,0.16799999999999998,0.2544177554471672,nan
dcf_conv,0.0,10,20,50,42,5,0.5272727272727272,0.17200000000000001,0.18600000000000003,0.22056532927856454,nan
dcf_conv,0.0,10,20,50,42,6,0.6744186046511628,0.20800000000000002,0.18600000000000003,0.20691856754356755,nan
dcf_conv,0.0,10,20,50,42,7,0.6170212765957447,0.21900000000000003,0.174,0.22048265460030167,nan
dcf_conv,0.0,10,20,50,42,8,0.44680851063829785,0.138,0.18000000000000005,0.2399425574425574,nan
dcf_conv,0.0,10,20,50,42,9,0.8421052631578947,0.259,0.16800000000000004,0.20077339327339327,nan
dcf_conv,0.0,10,20,50,42,10,0.6,0.21300000000000002,0.17400000000000004,0.22636662357250592,nan
dcf_conv,0.0,10,20,50,42,11,0.4489795918367347,0.17200000000000004,0.156,0.2462407363877952,nan
dcf_conv,0.0,10,20,50,42,12,0.673469387755102,0.22500000000000003,0.162,0.20301503235326765,nan
dcf_conv,0.0,10,20,50,42,13,0.6981132075471698,0.279,0.15000000000000005,0.21980422355422355,nan
dcf_conv,0.0,10,20,50,42,14,0.5116279069767442,0.18299999999999997,0.13800000000000004,0.2576307230351348,nan
dcf_conv,0.0,10,20,50,42,15,0.5476190476190477,0.166,0.186,0.25311813186813187,nan
dcf_conv,0.0,10,20,50,42,16,0.5581395348837209,0.16400000000000003,0.17400000000000007,0.22109224109224107,nan
dcf_conv,0.0,10,20,50,42,17,0.6590909090909091,0.194,0.13800000000000004,0.2603663003663003,nan
dcf_conv,0.0,10,20,50,42,18,0.5652173913043478,0.19399999999999998,0.20400000000000004,0.2084579236552921,nan
dcf_conv,0.0,10,20,50,42,19,0.85,0.24,0.174,0.21644341769341766,nan
dcf_conv,0.0,10,20,50,42,20,0.72,0.262,0.162,0.19637008824508825,nan
dcf_conv,0.0,10,20,50,42,21,0.5957446808510638,0.223,0.19800000000000004,0.20858034122740002,nan
dcf_conv,0.0,10,20,50,42,22,0.4782608695652174,0.172,0.18000000000000002,0.22506327006327004,nan
dcf_conv,0.0,10,20,50,42,23,0.4897959183673469,0.189,0.21600000000000005,0.20896464646464646,nan
dcf_conv,0.0,10,20,50,42,24,0.6938775510204082,0.21500000000000002,0.16200000000000006,0.2212094155844156,nan
dcf_conv,0.0,10,20,50,42,25,0.5531914893617021,0.16999999999999998,0.14400000000000004,0.2522553141303141,nan
dcf_conv,0.0,10,20,50,42,26,0.5098039215686274,0.17700000000000002,0.16199999999999998,0.24266650016650013,nan
dcf_conv,0.0,10,20,50,42,27,0.7045454545454546,0.221,0.19200000000000003,0.22050241425241426,nan
dcf_conv,0.0,10,20,50,42,28,0.813953488372093,0.22400000000000003,0.12600000000000003,0.21544569809275696,nan
dcf_conv,0.0,10,20,50,42,29,0.6595744680851063,0.20600000000000004,0.10200000000000001,0.25083499833499834,nan
dcf_conv,0.0,10,20,50,42,30,0.6744186046511628,0.185,0.186,0.1966702660085013,nan
dcf_conv,0.0,10,20,50,42,31,0.5555555555555556,0.18700000000000003,0.16800000000000004,0.24495897076779424,nan
dcf_conv,0.0,10,20,50,42,32,0.5102040816326531,0.17,0.15000000000000002,0.24360423567660416,nan
dcf_conv,0.0,10,20,50,42,33,0.8,0.22700000000000004,0.13800000000000004,0.2271869796869797,nan
dcf_conv,0.0,10,20,50,42,34,0.7358490566037735,0.2669999999999999,0.17400000000000007,0.18579938035820392,nan
dcf_conv,0.0,10,20,50,42,35,0.5370370370370371,0.18900000000000006,0.21000000000000002,0.20928689366189368,nan
dcf_conv,0.0,10,20,50,42,36,0.6808510638297872,0.22400000000000003,0.18600000000000003,0.22776258463758467,nan
dcf_conv,0.0,10,20,50,42,37,0.5609756097560976,0.15800000000000006,0.13199999999999998,0.2593537345007933,nan
dcf_conv,0.0,10,20,50,42,38,0.4642857142857143,0.19700000000000004,0.138,0.2470337995337996,nan
dcf_conv,0.0,10,20,50,42,39,0.5102040816326531,0.15000000000000005,0.20400000000000004,0.22591144235881083,nan
dcf_conv,0.0,10,20,50,42,40,0.6111111111111112,0.20999999999999996,0.16800000000000004,0.2353748334998335,nan
dcf_conv,0.0,10,20,50,42,41,0.5714285714285714,0.195,0.168,0.21974109224109223,nan
dcf_conv,0.0,10,20,50,42,42,0.5106382978723404,0.16200000000000003,0.15000000000000005,0.24626613582495932,nan
dcf_conv,0.0,10,20,50,42,43,0.36538461538461536,0.13899999999999996,0.17400000000000004,0.26174908424908416,nan
dcf_conv,0.0,10,20,50,42,44,0.4339622641509434,0.16700000000000004,0.10200000000000002,0.27845613944878644,nan
dcf_conv,0.0,10,20,50,42,45,0.4807692307692308,0.16899999999999998,0.16200000000000003,0.23992778055278055,nan
dcf_conv,0.0,10,20,50,42,46,0.6,0.23900000000000002,0.144,0.21388403263403263,nan
dcf_conv,0.0,10,20,50,42,47,0.5106382978723404,0.17099999999999999,0.19200000000000003,0.23675678488178487,nan
dcf_conv,0.0,10,20,50,42,48,0.625,0.20500000000000002,0.162,0.24785218436534223,nan
dcf_conv,0.0,10,20,50,42,49,0.5192307692307693,0.19300000000000006,0.13800000000000004,0.24502754190254192,nan
oracle,0.0,10,20,50,123,0,0.7758620689655172,0.3350000000000001,0.20400000000000001,0.1869951780245898,nan
oracle,0.0,10,20,50,123,1,1.0,0.32,0.23399999999999999,0.17846348096348097,nan
oracle,0.0,10,20,50,123,2,1.125,0.33000000000000007,0.264,0.13203235490000195,nan
oracle,0.0,10,20,50,123,3,1.0217391304347827,0.3450000000000001,0.21600000000000005,0.16678158743561222,nan
oracle,0.0,10,20,50,123,4,1.0,0.271,0.2700000000000001,0.17664400142341322,nan
oracle,0.0,10,20,50,123,5,1.1363636363636365,0.37600000000000006,0.22199999999999998,0.14241480741480744,nan
oracle,0.0,10,20,50,123,6,0.8604651162790697,0.229,0.2760000000000001,0.17576048951048953,nan
oracle,0.0,10,20,50,123,7,1.288888888888889,0.37799999999999995,0.21000000000000002,0.14287926620163463,nan
oracle,0.0,10,20,50,123,8,1.146341463414634,0.34800000000000003,0.22199999999999998,0.17166342429500323,nan
oracle,0.0,10,20,50,123,9,0.9782608695652174,0.30999999999999994,0.28200000000000014,0.14830663617428325,nan
oracle,0.0,10,20,50,123,10,1.0,0.32599999999999996,0.192,0.19412677600177602,nan
oracle,0.0,10,20,50,123,11,1.3,0.376,0.174,0.20991189366189364,nan
oracle,0.0,10,20,50,123,12,0.660377358490566,0.22499999999999995,0.25200000000000006,0.19802577732724788,nan
oracle,0.0,10,20,50,123,13,1.1904761904761905,0.31100000000000005,0.26399999999999996,0.15661261532585063,nan
oracle,0.0,10,20,50,123,14,0.9565217391304348,0.2859999999999999,0.24600000000000008,0.17826258300523007,nan
oracle,0.0,10,20,50,123,15,0.9777777777777777,0.275,0.174,0.21782925407925405,nan
oracle,0.0,10,20,50,123,16,1.0212765957446808,0.32000000000000006,0.21000000000000005,0.1723208041958042,nan
oracle,0.0,10,20,50,123,17,0.9795918367346939,0.31600000000000006,0.24599999999999994,0.16458499833499834,nan
oracle,0.0,10,20,50,123,18,0.96,0.33100000000000007,0.22800000000000004,0.17879766067266067,nan
oracle,0.0,10,20,50,123,19,0.8333333333333334,0.30500000000000005,0.23400000000000007,0.1820250011426482,nan
oracle,0.0,10,20,50,123,20,0.926829268292683,0.252,0.21600000000000005,0.18661079116961474,nan
oracle,0.0,10,20,50,123,21,0.8305084745762712,0.326,0.24,0.15405993924376277,nan
oracle,0.0,10,20,50,123,22,1.2571428571428571,0.32700000000000007,0.192,0.18711089564030742,nan
oracle,0.0,10,20,50,123,23,1.0,0.326,0.282,0.11705051892551892,nan
oracle,0.0,10,20,50,123,24,0.6923076923076923,0.28,0.186,0.20628683816183813,nan
oracle,0.0,10,20,50,123,25,0.8235294117647058,0.265,0.258,0.1665984750543574,nan
oracle,0.0,10,20,50,123,26,0.8913043478260869,0.276,0.22200000000000006,0.21640956265956263,nan
oracle,0.0,10,20,50,123,27,1.0,0.31500000000000006,0.21600000000000005,0.18749063436563437,nan
oracle,0.0,10,20,50,123,28,1.0425531914893618,0.30100000000000005,0.198,0.16620983183483182,nan
oracle,0.0,10,20,50,123,29,1.119047619047619,0.357,0.258,0.14080173911056265,nan
oracle,0.0,10,20,50,123,30,0.9318181818181818,0.29400000000000004,0.19800000000000004,0.21402167277167283,nan
oracle,0.0,10,20,50,123,31,0.8666666666666667,0.279,0.18600000000000003,0.21634665257343277,nan
oracle,0.0,10,20,50,123,32,1.025,0.264,0.25200000000000006,0.16668061105561105,nan
oracle,0.0,10,20,50,123,33,1.0444444444444445,0.30799999999999994,0.264,0.16159077034077035,nan
oracle,0.0,10,20,50,123,34,0.8958333333333334,0.29600000000000004,0.21600000000000003,0.17762738487003193,nan
oracle,0.0,10,20,50,123,35,0.8181818181818182,0.286,0.18,0.20245654264036617,nan
oracle,0.0,10,20,50,123,36,0.9411764705882353,0.33000000000000007,0.21600000000000003,0.17161883867766223,nan
oracle,0.0,10,20,50,123,37,0.8867924528301887,0.279,0.22800000000000004,0.17666500166500165,nan
oracle,0.0,10,20,50,123,38,0.9512195121951219,0.266,0.22799999999999998,0.19701298701298697,nan
oracle,0.0,10,20,50,123,39,0.9210526315789473,0.23400000000000007,0.2760000000000001,0.16933299951682304,nan
oracle,0.0,10,20,50,123,40,0.9607843137254902,0.3490000000000001,0.24600000000000005,0.15955211455211454,nan
oracle,0.0,10,20,50,123,41,1.0222222222222221,0.33099999999999996,0.21000000000000002,0.1626146076146076,nan
oracle,0.0,10,20,50,123,42,1.0612244897959184,0.3330000000000001,0.21000000000000002,0.17059482184482183,nan
oracle,0.0,10,20,50,123,43,0.94,0.3380000000000001,0.21600000000000005,0.19014821779527663,nan
oracle,0.0,10,20,50,123,44,0.851063829787234,0.27599999999999997,0.258,0.18474848680731037,nan
oracle,0.0,10,20,50,123,45,1.2325581395348837,0.3430000000000001,0.19200000000000003,0.16889652014652018,nan
oracle,0.0,10,20,50,123,46,1.0625,0.30300000000000005,0.26400000000000007,0.16915556665556666,nan
oracle,0.0,10,20,50,123,47,0.7090909090909091,0.267,0.23400000000000004,0.1791089180427416,nan
oracle,0.0,10,20,50,123,48,1.0625,0.33099999999999996,0.24600000000000005,0.14934744993568522,nan
oracle,0.0,10,20,50,123,49,1.0833333333333333,0.396,0.198,0.17469571278394808,nan
cold_genie,0.0,10,20,50,123,0,0.7068965517241379,0.29500000000000004,0.17400000000000004,0.19376831501831498,0.03333333333333333
cold_genie,0.0,10,20,50,123,1,0.9591836734693877,0.32399999999999995,0.144,0.22358184707449413,0.03333333333333333
cold_genie,0.0,10,20,50,123,2,1.05,0.30699999999999994,0.162,0.20026806526806523,0.03333333333333333
cold_genie,0.0,10,20,50,123,3,0.9130434782608695,0.30900000000000005,0.15600000000000006,0.19602147852147855,0.03333333333333333
cold_genie,0.0,10,20,50,123,4,0.8863636363636364,0.273,0.21000000000000005,0.18560134310134307,0.03333333333333333
cold_genie,0.0,10,20,50,123,5,0.9772727272727273,0.32300000000000006,0.21000000000000005,0.1778725441225441,0.03333333333333333
cold_genie,0.0,10,20,50,123,6,1.1395348837209303,0.344,0.16199999999999998,0.19747016872016873,0.03333333333333333
cold_genie,0.0,10,20,50,123,7,0.8444444444444444,0.27399999999999997,0.15000000000000005,0.22735139860139858,0.03333333333333333
cold_genie,0.0,10,20,50,123,8,1.1951219512195121,0.352,0.162,0.1717990342990343,0.03333333333333333
cold_genie,0.0,10,20,50,123,9,0.9347826086956522,0.3,0.246,0.16049901487401486,0.03333333333333333
cold_genie,0.0,10,20,50,123,10,0.7169811320754716,0.28300000000000003,0.192,0.21016552891552892,0.03333333333333333
cold_genie,0.0,10,20,50,123,11,1.125,0.32200000000000006,0.14400000000000004,0.19666208791208786,0.03333333333333333
cold_genie,0.0,10,20,50,123,12,0.7735849056603774,0.27499999999999997,0.192,0.20460019147519146,0.03333333333333333
cold_genie,0.0,10,20,50,123,13,1.2380952380952381,0.397,0.12600000000000003,0.18263231049995754,0.03333333333333333
cold_genie,0.0,10,20,50,123,14,0.8695652173913043,0.28900000000000003,0.21600000000000003,0.19383415195915193,0.03333333333333333
cold_genie,0.0,10,20,50,123,15,1.0666666666666667,0.301,0.20400000000000001,0.17621941783706488,0.03333333333333333
cold_genie,0.0,10,20,50,123,16,1.2127659574468086,0.40800000000000003,0.15600000000000006,0.15036581474081476,0.03333333333333333
cold_genie,0.0,10,20,50,123,17,1.0204081632653061,0.357,0.16200000000000006,0.15738608613608615,0.03333333333333333
cold_genie,0.0,10,20,50,123,18,0.72,0.267,0.17400000000000004,0.22670329670329675,0.03333333333333333
cold_genie,0.0,10,20,50,123,19,0.7333333333333333,0.244,0.17400000000000002,0.19707167832167832,0.03333333333333333
cold_genie,0.0,10,20,50,123,20,1.170731707317073,0.37799999999999995,0.18600000000000003,0.16156787656787655,0.03333333333333333
cold_genie,0.0,10,20,50,123,21,0.6440677966101694,0.271,0.22200000000000003,0.17977716727716728,0.03333333333333333
cold_genie,0.0,10,20,50,123,22,1.4285714285714286,0.357,0.192,0.15292832167832168,0.03333333333333333
cold_genie,0.0,10,20,50,123,23,0.851063829787234,0.275,0.20400000000000001,0.1962742527080762,0.03333333333333333
cold_genie,0.0,10,20,50,123,24,0.6730769230769231,0.258,0.23400000000000007,0.17497732659497361,0.03333333333333333
cold_genie,0.0,10,20,50,123,25,0.9215686274509803,0.341,0.17400000000000004,0.18089354273177807,0.03333333333333333
cold_genie,0.0,10,20,50,123,26,0.9347826086956522,0.27,0.16200000000000006,0.2105112942612942,0.03333333333333333
cold_genie,0.0,10,20,50,123,27,0.9545454545454546,0.29300000000000004,0.20400000000000004,0.20527656983539339,0.03333333333333333
cold_genie,0.0,10,20,50,123,28,1.0638297872340425,0.32699999999999996,0.15,0.22253621378621377,0.03333333333333333
cold_genie,0.0,10,20,50,123,29,1.119047619047619,0.3450000000000001,0.15000000000000005,0.19510017760017764,0.03333333333333333
cold_genie,0.0,10,20,50,123,30,1.0454545454545454,0.326,0.168,0.20414439726939726,0.03333333333333333
cold_genie,0.0,10,20,50,123,31,0.8666666666666667,0.265,0.18600000000000003,0.18820152070152069,0.03333333333333333
cold_genie,0.0,10,20,50,123,32,0.95,0.28099999999999997,0.16799999999999998,0.21014402264402268,0.03333333333333333
cold_genie,0.0,10,20,50,123,33,1.0,0.326,0.17400000000000004,0.19651459651459652,0.03333333333333333
cold_genie,0.0,10,20,50,123,34,0.8541666666666666,0.30100000000000005,0.15600000000000006,0.1999317063655299,0.03333333333333333
cold_genie,0.0,10,20,50,123,35,0.6,0.246,0.198,0.19893356643356647,0.03333333333333333
cold_genie,0.0,10,20,50,123,36,0.8431372549019608,0.3320000000000001,0.21000000000000002,0.18502802752802755,0.03333333333333333
cold_genie,0.0,10,20,50,123,37,0.8679245283018868,0.3330000000000001,0.17400000000000007,0.184221655537445,0.03333333333333333
cold_genie,0.0,10,20,50,123,38,1.048780487804878,0.31199999999999994,0.18000000000000005,0.19679487179487176,0.03333333333333333
cold_genie,0.0,10,20,50,123,39,1.0789473684210527,0.29900000000000004,0.18000000000000002,0.21035117660117658,0.03333333333333333
cold_genie,0.0,10,20,50,123,40,0.7843137254901961,0.29100000000000004,0.162,0.2227645965145965,0.03333333333333333
cold_genie,0.0,10,20,50,123,41,1.1111111111111112,0.363,0.12600000000000003,0.18234806859806857,0.03333333333333333
cold_genie,0.0,10,20,50,123,42,1.0,0.37,0.18000000000000002,0.14870074370074368,0.03333333333333333
cold_genie,0.0,10,20,50,123,43,0.74,0.29800000000000004,0.1920000000000001,0.202693278943279,0.03333333333333333
cold_genie,0.0,10,20,50,123,44,1.0638297872340425,0.3710000000000001,0.156,0.18402430902430905,0.03333333333333333
cold_genie,0.0,10,20,50,123,45,0.8604651162790697,0.24799999999999991,0.174,0.22235556110556107,0.03333333333333333
cold_genie,0.0,10,20,50,123,46,0.9375,0.309,0.14400000000000004,0.18206829118593826,0.03333333333333333
cold_genie,0.0,10,20,50,123,47,0.8545454545454545,0.32500000000000007,0.15600000000000003,0.2060166222666223,0.03333333333333333
cold_genie,0.0,10,20,50,123,48,1.0,0.319,0.13800000000000004,0.2126873126873127,0.03333333333333333
cold_genie,0.0,10,20,50,123,49,1.0625,0.34099999999999997,0.17400000000000007,0.19319090631590632,0.03333333333333333
cold_nv,0.0,10,20,50,123,0,0.896551724137931,0.36400000000000005,0.09000000000000001,0.2843901931401931,0.10000000000000002
cold_nv,0.0,10,20,50,123,1,1.183673469387755,0.41100000000000003,0.03,0.30052669552669553,0.10000000000000002
cold_nv,0.0,10,20,50,123,2,1.525,0.437,0.06600000000000002,0.2703932178932179,0.10000000000000002
cold_nv,0.0,10,20,50,123,3,1.1521739130434783,0.37300000000000005,0.048,0.3084342046842047,0.10000000000000002
cold_nv,0.0,10,20,50,123,4,1.0454545454545454,0.31500000000000006,0.07800000000000003,0.33053030303030295,0.10000000000000002
cold_nv,0.0,10,20,50,123,5,1.0454545454545454,0.34199999999999997,0.06,0.3087139249639249,0.10000000000000002
cold_nv,0.0,10,20,50,123,6,1.3255813953488371,0.3960000000000001,0.06,0.28291833166833164,0.10000000000000002
cold_nv,0.0,10,20,50,123,7,1.288888888888889,0.398,0.03,0.32539502164502154,0.10000000000000002
cold_nv,0.0,10,20,50,123,8,1.146341463414634,0.3540000000000001,0.048,0.3236309523809524,0.10000000000000002
cold_nv,0.0,10,20,50,123,9,1.0,0.279,0.036,0.38613802863802865,0.10000000000000002
cold_nv,0.0,10,20,50,123,10,1.1132075471698113,0.41100000000000003,0.048,0.2909992784992785,0.10000000000000002
cold_nv,0.0,10,20,50,123,11,1.075,0.322,0.048,0.32213772338772345,0.10000000000000002
cold_nv,0.0,10,20,50,123,12,0.9811320754716981,0.347,0.11400000000000003,0.27425671550671554,0.10000000000000002
cold_nv,0.0,10,20,50,123,13,1.380952380952381,0.38100000000000006,0.054000000000000006,0.33098845598845594,0.10000000000000002
cold_nv,0.0,10,20,50,123,14,1.0,0.353,0.06600000000000002,0.3000396825396825,0.10000000000000002
cold_nv,0.0,10,20,50,123,15,1.0666666666666667,0.35400000000000004,0.048,0.29886544011544014,0.10000000000000002
cold_nv,0.0,10,20,50,123,16,1.0425531914893618,0.3650000000000001,0.06600000000000002,0.31342338217338217,0.10000000000000002
cold_nv,0.0,10,20,50,123,17,1.1428571428571428,0.43899999999999995,0.06000000000000001,0.30987554112554105,0.10000000000000002
cold_nv,0.0,10,20,50,123,18,1.04,0.39999999999999997,0.06600000000000002,0.28036796536796543,0.10000000000000002
cold_nv,0.0,10,20,50,123,19,0.9,0.36999999999999994,0.084,0.33870670995670993,0.10000000000000002
cold_nv,0.0,10,20,50,123,20,1.4390243902439024,0.406,0.06599999999999999,0.284303058053058,0.10000000000000002
cold_nv,0.0,10,20,50,123,21,0.7966101694915254,0.32,0.09600000000000002,0.31020743145743146,0.10000000000000002
cold_nv,0.0,10,20,50,123,22,1.1714285714285715,0.30300000000000005,0.03,0.40717629592629595,0.10000000000000002
cold_nv,0.0,10,20,50,123,23,1.0425531914893618,0.33000000000000007,0.03,0.3648106060606061,0.10000000000000002
cold_nv,0.0,10,20,50,123,24,1.0,0.36300000000000004,0.03,0.32745268620268625,0.10000000000000002
cold_nv,0.0,10,20,50,123,25,0.9215686274509803,0.324,0.048,0.3446972471972472,0.10000000000000002
cold_nv,0.0,10,20,50,123,26,1.0434782608695652,0.318,0.072,0.352281746031746,0.10000000000000002
cold_nv,0.0,10,20,50,123,27,1.0681818181818181,0.319,0.054000000000000006,0.3499494949494949,0.10000000000000002
cold_nv,0.0,10,20,50,123,28,1.2340425531914894,0.40300000000000014,0.048,0.3128443778443778,0.10000000000000002
cold_nv,0.0,10,20,50,123,29,1.380952380952381,0.429,0.03,0.30727813852813857,0.10000000000000002
cold_nv,0.0,10,20,50,123,30,0.9090909090909091,0.273,0.036,0.3680952380952381,0.10000000000000002
cold_nv,0.0,10,20,50,123,31,1.1111111111111112,0.36,0.07200000000000002,0.3008710733710733,0.10000000000000002
cold_nv,0.0,10,20,50,123,32,0.875,0.254,0.041999999999999996,0.4032972582972582,0.10000000000000002
cold_nv,0.0,10,20,50,123,33,1.1111111111111112,0.3679999999999999,0.048,0.3015367965367965,0.10000000000000002
cold_nv,0.0,10,20,50,123,34,1.1041666666666667,0.41900000000000004,0.048,0.311489898989899,0.10000000000000002
cold_nv,0.0,10,20,50,123,35,0.9272727272727272,0.354,0.09,0.3249963924963925,0.10000000000000002
cold_nv,0.0,10,20,50,123,36,1.0196078431372548,0.333,0.048,0.29793026418026414,0.10000000000000002
cold_nv,0.0,10,20,50,123,37,1.1320754716981132,0.4150000000000002,0.09000000000000001,0.23981060606060606,0.10000000000000002
cold_nv,0.0,10,20,50,123,38,1.3170731707317074,0.357,0.018,0.3506250693750693,0.10000000000000002
cold_nv,0.0,10,20,50,123,39,1.4473684210526316,0.42099999999999993,0.048,0.2822474747474747,0.10000000000000002
cold_nv,0.0,10,20,50,123,40,0.803921568627451,0.269,0.041999999999999996,0.4031186868686868,0.10000000000000002
cold_nv,0.0,10,20,50,123,41,1.3777777777777778,0.458,0.06,0.26712842712842716,0.10000000000000002
cold_nv,0.0,10,20,50,123,42,1.183673469387755,0.392,0.054000000000000006,0.3040139027639027,0.10000000000000002
cold_nv,0.0,10,20,50,123,43,0.86,0.31700000000000006,0.06600000000000002,0.3194318181818181,0.10000000000000002
cold_nv,0.0,10,20,50,123,44,1.0851063829787233,0.393,0.036,0.30622655122655124,0.10000000000000002
cold_nv,0.0,10,20,50,123,45,1.186046511627907,0.38,0.06600000000000002,0.2819226606726607,0.10000000000000002
cold_nv,0.0,10,20,50,123,46,1.1875,0.3690000000000001,0.054000000000000006,0.2943016705516705,0.10000000000000002
cold_nv,0.0,10,20,50,123,47,0.8909090909090909,0.355,0.07200000000000002,0.3080944055944056,0.10000000000000002
cold_nv,0.0,10,20,50,123,48,1.0,0.364,0.036,0.3242748917748917,0.10000000000000002
cold_nv,0.0,10,20,50,123,49,1.0625,0.36299999999999993,0.06000000000000001,0.31785825285825287,0.10000000000000002
cold_high,0.0,10,20,50,123,0,0.25862068965517243,0.07600000000000001,0.0,0.8319047619047619,0.5
cold_high,0.0,10,20,50,123,1,0.24489795918367346,0.062,0.0,0.8791666666666668,0.5
cold_high,0.0,10,20,50,123,2,0.225,0.06899999999999999,0.0,0.8966666666666668,0.5
cold_high,0.0,10,20,50,123,3,0.17391304347826086,0.047,0.0,0.8400000000000002,0.5
cold_high,0.0,10,20,50,123,4,0.18181818181818182,0.047,0.0,0.8720238095238095,0.5
cold_high,0.0,10,20,50,123,5,0.20454545454545456,0.05,0.0,0.8473214285714288,0.5
cold_high,0.0,10,20,50,123,6,0.18604651162790697,0.054000000000000006,0.0,0.9145238095238095,0.5
cold_high,0.0,10,20,50,123,7,0.15555555555555556,0.034,0.0,0.9057142857142857,0.5
cold_high,0.0,10,20,50,123,8,0.2682926829268293,0.049999999999999996,0.0,0.8533333333333335,0.5
cold_high,0.0,10,20,50,123,9,0.21739130434782608,0.06000000000000001,0.0,0.8830357142857143,0.5
cold_high,0.0,10,20,50,123,10,0.22641509433962265,0.07999999999999999,0.0,0.8786904761904764,0.5
cold_high,0.0,10,20,50,123,11,0.275,0.053000000000000005,0.0,0.8564880952380953,0.5
cold_high,0.0,10,20,50,123,12,0.07547169811320754,0.018,0.0,0.9390476190476192,0.5
cold_high,0.0,10,20,50,123,13,0.23809523809523808,0.05900000000000001,0.0,0.8791666666666667,0.5
cold_high,0.0,10,20,50,123,14,0.17391304347826086,0.037,0.0,0.8833333333333334,0.5
cold_high,0.0,10,20,50,123,15,0.24444444444444444,0.05499999999999999,0.0,0.8400000000000002,0.5
cold_high,0.0,10,20,50,123,16,0.14893617021276595,0.03,0.0,0.8787500000000001,0.5
cold_high,0.0,10,20,50,123,17,0.20408163265306123,0.06500000000000002,0.0,0.8360714285714288,0.5
cold_high,0.0,10,20,50,123,18,0.14,0.032,0.012,0.8814285714285713,0.5
cold_high,0.0,10,20,50,123,19,0.1,0.039,0.006,0.8833333333333335,0.5
cold_high,0.0,10,20,50,123,20,0.3170731707317073,0.05900000000000001,0.0,0.8651190476190477,0.5
cold_high,0.0,10,20,50,123,21,0.1016949152542373,0.034999999999999996,0.0,0.9152380952380954,0.5
cold_high,0.0,10,20,50,123,22,0.17142857142857143,0.036,0.0,0.8921428571428571,0.5
cold_high,0.0,10,20,50,123,23,0.1702127659574468,0.038,0.0,0.915,0.5
cold_high,0.0,10,20,50,123,24,0.2692307692307692,0.06799999999999999,0.0,0.8187301587301589,0.5
cold_high,0.0,10,20,50,123,25,0.23529411764705882,0.05600000000000001,0.0,0.8354761904761906,0.5
cold_high,0.0,10,20,50,123,26,0.2608695652173913,0.052000000000000005,0.0,0.8578571428571431,0.5
cold_high,0.0,10,20,50,123,27,0.22727272727272727,0.052000000000000005,0.0,0.8548809523809524,0.5
cold_high,0.0,10,20,50,123,28,0.23404255319148937,0.061,0.0,0.8854761904761904,0.5
cold_high,0.0,10,20,50,123,29,0.21428571428571427,0.049,0.0,0.8317261904761905,0.5
cold_high,0.0,10,20,50,123,30,0.1590909090909091,0.03600000000000001,0.0,0.9035714285714287,0.5
cold_high,0.0,10,20,50,123,31,0.15555555555555556,0.043,0.0,0.8679761904761906,0.5
cold_high,0.0,10,20,50,123,32,0.2,0.039,0.0,0.8707142857142856,0.5
cold_high,0.0,10,20,50,123,33,0.2222222222222222,0.048,0.0,0.905,0.5
cold_high,0.0,10,20,50,123,34,0.14583333333333334,0.035,0.0,0.9095238095238095,0.5
cold_high,0.0,10,20,50,123,35,0.10909090909090909,0.03300000000000001,0.0,0.8814285714285715,0.5
cold_high,0.0,10,20,50,123,36,0.11764705882352941,0.033999999999999996,0.0,0.9069047619047621,0.5
cold_high,0.0,10,20,50,123,37,0.1509433962264151,0.044,0.0,0.884265873015873,0.5
cold_high,0.0,10,20,50,123,38,0.12195121951219512,0.019,0.0,0.9347619047619048,0.5
cold_high,0.0,10,20,50,123,39,0.18421052631578946,0.026000000000000002,0.0,0.9099999999999999,0.5
cold_high,0.0,10,20,50,123,40,0.21568627450980393,0.05500000000000001,0.0,0.8740476190476192,0.5
cold_high,0.0,10,20,50,123,41,0.28888888888888886,0.075,0.0,0.8448809523809524,0.5
cold_high,0.0,10,20,50,123,42,0.10204081632653061,0.03,0.0,0.8935714285714287,0.5
cold_high,0.0,10,20,50,123,43,0.14,0.027000000000000003,0.0,0.9073809523809524,0.5
cold_high,0.0,10,20,50,123,44,0.2127659574468085,0.05500000000000001,0.0,0.8803571428571428,0.5
cold_high,0.0,10,20,50,123,45,0.27906976744186046,0.09000000000000001,0.0,0.8300000000000001,0.5
cold_high,0.0,10,20,50,123,46,0.1875,0.041,0.0,0.8554761904761905,0.5
cold_high,0.0,10,20,50,123,47,0.16363636363636364,0.048,0.0,0.8807936507936507,0.5
cold_high,0.0,10,20,50,123,48,0.125,0.034,0.0,0.8823809523809525,0.5
cold_high,0.0,10,20,50,123,49,0.3333333333333333,0.08600000000000001,0.0,0.8035714285714286,0.5
warm_nv,0.0,10,20,50,123,0,0.7068965517241379,0.29000000000000004,0.084,0.3133639971139971,0.10000000000000002
warm_nv,0.0,10,20,50,123,1,0.8979591836734694,0.328,0.041999999999999996,0.37179112554112553,0.11924539199999999
warm_nv,0.0,10,20,50,123,2,1.35,0.368,0.006,0.4019895382395382,0.12946116000000002
warm_nv,0.0,10,20,50,123,3,1.0217391304347827,0.35800000000000004,0.07200000000000002,0.30127442002442006,0.11403376530864195
warm_nv,0.0,10,20,50,123,4,0.75,0.229,0.036,0.42961580086580087,0.12969955792592597
warm_nv,0.0,10,20,50,123,5,0.8863636363636364,0.29600000000000004,0.048,0.4290530303030303,0.13422709422222223
warm_nv,0.0,10,20,50,123,6,1.186046511627907,0.368,0.03,0.3460371572871572,0.12809580876543208
warm_nv,0.0,10,20,50,123,7,1.0222222222222221,0.31100000000000005,0.072,0.3559289321789321,0.13464602002469137
warm_nv,0.0,10,20,50,123,8,0.9512195121951219,0.272,0.036,0.4052745865245866,0.12493858533333332
warm_nv,0.0,10,20,50,123,9,1.0869565217391304,0.32500000000000007,0.066,0.36803391053391044,0.12800652864197531
warm_nv,0.0,10,20,50,123,10,0.9811320754716981,0.3790000000000001,0.041999999999999996,0.3596031746031746,0.12450985703703707
warm_nv,0.0,10,20,50,123,11,1.275,0.4010000000000001,0.036,0.3506836219336219,0.12461822403045267
warm_nv,0.0,10,20,50,123,12,0.8113207547169812,0.2719999999999999,0.03,0.3978391053391053,0.11996836237037041
warm_nv,0.0,10,20,50,123,13,1.1904761904761905,0.364,0.036,0.3468600843600843,0.12259359045432101
warm_nv,0.0,10,20,50,123,14,0.9782608695652174,0.306,0.012,0.39919899544899545,0.1320502314617284
warm_nv,0.0,10,20,50,123,15,0.9777777777777777,0.32100000000000006,0.041999999999999996,0.3844751082251081,0.1357545144658436
warm_nv,0.0,10,20,50,123,16,0.9574468085106383,0.30400000000000005,0.036,0.4286544011544011,0.14447329795061728
warm_nv,0.0,10,20,50,123,17,0.9387755102040817,0.34299999999999997,0.048,0.4003427128427128,0.13632606388148152
warm_nv,0.0,10,20,50,123,18,0.74,0.292,0.054000000000000006,0.399333583083583,0.1262475728691358
warm_nv,0.0,10,20,50,123,19,0.7833333333333333,0.279,0.036,0.3783595571095571,0.1257056667762963
warm_nv,0.0,10,20,50,123,20,1.3658536585365855,0.4,0.07800000000000003,0.31174783549783547,0.13045100488493827
warm_nv,0.0,10,20,50,123,21,0.7457627118644068,0.31300000000000006,0.06599999999999999,0.41441849816849813,0.1506853477214815
warm_nv,0.0,10,20,50,123,22,1.2285714285714286,0.32599999999999996,0.041999999999999996,0.40101842601842597,0.13893902514370374
warm_nv,0.0,10,20,50,123,23,1.127659574468085,0.374,0.048,0.33879870129870127,0.13654216454419751
warm_nv,0.0,10,20,50,123,24,0.8269230769230769,0.282,0.012,0.4261507936507936,0.13218064667358026
warm_nv,0.0,10,20,50,123,25,0.8823529411764706,0.30200000000000005,0.06600000000000002,0.3852380952380952,0.1224669290666667
warm_nv,0.0,10,20,50,123,26,1.1304347826086956,0.37500000000000006,0.03,0.3131719669219669,0.1114271981481482
warm_nv,0.0,10,20,50,123,27,1.1818181818181819,0.372,0.012,0.3695436507936508,0.12321614518518523
warm_nv,0.0,10,20,50,123,28,1.0638297872340425,0.32599999999999996,0.041999999999999996,0.37753718503718503,0.12195875274074079
warm_nv,0.0,10,20,50,123,29,1.0238095238095237,0.32500000000000007,0.048,0.3802128427128427,0.12564297481481485
warm_nv,0.0,10,20,50,123,30,1.2272727272727273,0.39300000000000007,0.06000000000000001,0.3196446608946609,0.12315830325925929
warm_nv,0.0,10,20,50,123,31,1.0444444444444445,0.318,0.06600000000000002,0.3873647186147186,0.1386824574814815
warm_nv,0.0,10,20,50,123,32,1.25,0.34199999999999997,0.041999999999999996,0.38665223665223664,0.13046541140740742
warm_nv,0.0,10,20,50,123,33,1.1111111111111112,0.3550000000000001,0.048,0.37463023088023084,0.120858430675583
warm_nv,0.0,10,20,50,123,34,0.8541666666666666,0.2930000000000001,0.048,0.3895580808080808,0.12011130925925928
warm_nv,0.0,10,20,50,123,35,0.7818181818181819,0.2839999999999999,0.024,0.42714285714285716,0.12378448962962965
warm_nv,0.0,10,20,50,123,36,1.0,0.352,0.041999999999999996,0.3280212842712843,0.12076573545679015
warm_nv,0.0,10,20,50,123,37,1.0188679245283019,0.37500000000000006,0.06000000000000001,0.3443319180819181,0.12599100000000002
warm_nv,0.0,10,20,50,123,38,1.146341463414634,0.31500000000000006,0.048,0.38728896103896104,0.13634935733333337
warm_nv,0.0,10,20,50,123,39,1.2105263157894737,0.35,0.048,0.3632738095238095,0.1360394008888889
warm_nv,0.0,10,20,50,123,40,0.9607843137254902,0.34400000000000003,0.072,0.3757792207792207,0.13275643481481483
warm_nv,0.0,10,20,50,123,41,1.0444444444444445,0.365,0.041999999999999996,0.3673611111111111,0.11996210000000003
warm_nv,0.0,10,20,50,123,42,0.8367346938775511,0.25600000000000006,0.036,0.4268632756132756,0.11764571115637863
warm_nv,0.0,10,20,50,123,43,0.8,0.265,0.03,0.39499639249639246,0.11769850162962965
warm_nv,0.0,10,20,50,123,44,1.0851063829787233,0.36,0.03,0.325206598956599,0.12711480455308646
warm_nv,0.0,10,20,50,123,45,1.0,0.30699999999999994,0.041999999999999996,0.4009379509379509,0.1424818707209877
warm_nv,0.0,10,20,50,123,46,0.8958333333333334,0.29,0.048,0.4440205627705628,0.16403483768888888
warm_nv,0.0,10,20,50,123,47,1.0,0.357,0.018,0.41365530303030296,0.14725894506666667
warm_nv,0.0,10,20,50,123,48,0.8541666666666666,0.272,0.048,0.39353521478521475,0.13499701422222227
warm_nv,0.0,10,20,50,123,49,1.1666666666666667,0.409,0.048,0.29932539682539683,0.13959145214814817
warm_high,0.0,10,20,50,123,0,0.15517241379310345,0.054000000000000006,0.0,0.8425000000000002,0.5
warm_high,0.0,10,20,50,123,1,0.3877551020408163,0.13100000000000006,0.0,0.79,0.3504793364197531
warm_high,0.0,10,20,50,123,2,0.825,0.23199999999999993,0.012,0.5844444444444444,0.2662491301166458
warm_high,0.0,10,20,50,123,3,0.7608695652173914,0.24100000000000002,0.012,0.5378264790764791,0.23395644767756885
warm_high,0.0,10,20,50,123,4,0.7727272727272727,0.233,0.036,0.45350149850149846,0.19770546955503232
warm_high,0.0,10,20,50,123,5,0.6590909090909091,0.22199999999999998,0.018,0.5576244588744588,0.18290144717971474
warm_high,0.0,10,20,50,123,6,0.8604651162790697,0.257,0.036,0.44220959595959586,0.17060824772354277
warm_high,0.0,10,20,50,123,7,1.2444444444444445,0.368,0.036,0.3800631313131313,0.14326279460317468
warm_high,0.0,10,20,50,123,8,1.2195121951219512,0.335,0.012,0.4021825396825397,0.14418221559223462
warm_high,0.0,10,20,50,123,9,0.782608695652174,0.24500000000000002,0.03,0.43035533910533896,0.14228030198651892
warm_high,0.0,10,20,50,123,10,0.8867924528301887,0.326,0.048,0.38530663780663776,0.13871327159418853
warm_high,0.0,10,20,50,123,11,1.25,0.37,0.048,0.3720869408369408,0.13506554660506187
warm_high,0.0,10,20,50,123,12,0.8301886792452831,0.29100000000000004,0.024,0.4477128427128426,0.13241297153745377
warm_high,0.0,10,20,50,123,13,1.1666666666666667,0.363,0.041999999999999996,0.38030844155844157,0.12843667810225196
warm_high,0.0,10,20,50,123,14,0.8043478260869565,0.257,0.07200000000000002,0.3684271284271284,0.12119324518654284
warm_high,0.0,10,20,50,123,15,1.1777777777777778,0.35900000000000004,0.036,0.371528749028749,0.12295774548677711
warm_high,0.0,10,20,50,123,16,0.9148936170212766,0.31799999999999995,0.03,0.433786075036075,0.13014204733149926
warm_high,0.0,10,20,50,123,17,0.8367346938775511,0.28900000000000003,0.03,0.41674603174603175,0.11963506462297022
warm_high,0.0,10,20,50,123,18,0.9,0.31200000000000006,0.041999999999999996,0.39445207570207563,0.11595137129732758
warm_high,0.0,10,20,50,123,19,0.8833333333333333,0.30700000000000005,0.048,0.3432593795093795,0.10733686879752413
warm_high,0.0,10,20,50,123,20,1.1951219512195121,0.327,0.07200000000000002,0.34903291153291155,0.11259996562096175
warm_high,0.0,10,20,50,123,21,0.7796610169491526,0.31100000000000005,0.09000000000000001,0.3560948773448773,0.11107259342212897
warm_high,0.0,10,20,50,123,22,1.5142857142857142,0.39300000000000007,0.041999999999999996,0.32959595959595955,0.10973451607887366
warm_high,0.0,10,20,50,123,23,1.0851063829787233,0.367,0.06000000000000001,0.3141995504495504,0.11638608104020531
warm_high,0.0,10,20,50,123,24,0.8461538461538461,0.284,0.048,0.3688003663003664,0.12295724086581346
warm_high,0.0,10,20,50,123,25,1.0392156862745099,0.338,0.024,0.37333499833499834,0.13443932021713176
warm_high,0.0,10,20,50,123,26,1.2391304347826086,0.38999999999999996,0.018,0.3373267010767011,0.13717993572394557
warm_high,0.0,10,20,50,123,27,0.9318181818181818,0.294,0.03,0.45378968253968255,0.15015718422753693
warm_high,0.0,10,20,50,123,28,1.127659574468085,0.37700000000000006,0.03,0.38436507936507935,0.13932893982955558
warm_high,0.0,10,20,50,123,29,1.0952380952380953,0.33000000000000007,0.072,0.3701785714285714,0.12220645596395548
warm_high,0.0,10,20,50,123,30,0.9545454545454546,0.29900000000000004,0.048,0.3973286435786436,0.1208395825341722
warm_high,0.0,10,20,50,123,31,1.0444444444444445,0.356,0.036,0.3663329725829726,0.12389263382694049
warm_high,0.0,10,20,50,123,32,1.325,0.37299999999999994,0.03,0.36238095238095236,0.12806470203275305
warm_high,0.0,10,20,50,123,33,0.9333333333333333,0.28900000000000003,0.041999999999999996,0.38947871572871573,0.1322694305435599
warm_high,0.0,10,20,50,123,34,0.9375,0.30800000000000005,0.041999999999999996,0.339781746031746,0.117675176372113
warm_high,0.0,10,20,50,123,35,0.8363636363636363,0.336,0.041999999999999996,0.37915945165945164,0.1241566179322856
warm_high,0.0,10,20,50,123,36,1.0196078431372548,0.361,0.041999999999999996,0.36411435786435786,0.13014413493591498
warm_high,0.0,10,20,50,123,37,0.8867924528301887,0.3330000000000001,0.06000000000000001,0.3478817016317016,0.13555166850866993
warm_high,0.0,10,20,50,123,38,1.2195121951219512,0.3390000000000001,0.024,0.36751859251859254,0.13982522073580447
warm_high,0.0,10,20,50,123,39,1.0263157894736843,0.26599999999999996,0.018,0.437281746031746,0.1575253613804592
warm_high,0.0,10,20,50,123,40,0.9411764705882353,0.31500000000000006,0.041999999999999996,0.39673271173271174,0.14816315266282104
warm_high,0.0,10,20,50,123,41,0.8666666666666667,0.28,0.048,0.4290674603174603,0.1364475280805783
warm_high,0.0,10,20,50,123,42,0.7755102040816326,0.267,0.06600000000000002,0.42254329004329005,0.13395079757873418
warm_high,0.0,10,20,50,123,43,1.24,0.437,0.041999999999999996,0.31169733044733045,0.11896947182488841
warm_high,0.0,10,20,50,123,44,1.148936170212766,0.363,0.07200000000000002,0.31384379509379506,0.11779149987093614
warm_high,0.0,10,20,50,123,45,1.2325581395348837,0.354,0.03,0.3986453823953824,0.11897019259439641
warm_high,0.0,10,20,50,123,46,1.0,0.33200000000000013,0.036,0.4076641414141415,0.1255497381296281
warm_high,0.0,10,20,50,123,47,0.7636363636363637,0.30000000000000004,0.06000000000000001,0.36937229437229435,0.11763353033195359
warm_high,0.0,10,20,50,123,48,0.9791666666666666,0.374,0.03,0.364265873015873,0.12880610743208615
warm_high,0.0,10,20,50,123,49,1.1666666666666667,0.4090000000000001,0.06000000000000001,0.32071969696969693,0.12024825926900407
dcf_conv,0.0,10,20,50,123,0,0.4482758620689655,0.189,0.19800000000000004,0.22605269730269734,nan
dcf_conv,0.0,10,20,50,123,1,0.5714285714285714,0.20100000000000007,0.162,0.2326781551781552,nan
dcf_conv,0.0,10,20,50,123,2,0.55,0.155,0.19800000000000006,0.22615027516343306,nan
dcf_conv,0.0,10,20,50,123,3,0.5217391304347826,0.17500000000000002,0.16200000000000003,0.23991674991674988,nan
dcf_conv,0.0,10,20,50,123,4,0.5227272727272727,0.171,0.162,0.25147509353391706,nan
dcf_conv,0.0,10,20,50,123,5,0.5454545454545454,0.17400000000000002,0.162,0.2268083999333999,nan
dcf_conv,0.0,10,20,50,123,6,0.7674418604651163,0.20400000000000004,0.24600000000000008,0.17536881011145716,nan
dcf_conv,0.0,10,20,50,123,7,0.5777777777777777,0.171,0.13800000000000004,0.24549617049617045,nan
dcf_conv,0.0,10,20,50,123,8,0.6585365853658537,0.196,0.15,0.2447813297813298,nan
dcf_conv,0.0,10,20,50,123,9,0.6086956521739131,0.2,0.18600000000000008,0.2159745646510352,nan
dcf_conv,0.0,10,20,50,123,10,0.5471698113207547,0.21200000000000005,0.12600000000000003,0.23679627153891855,nan
dcf_conv,0.0,10,20,50,123,11,0.65,0.188,0.18600000000000005,0.2283406177156177,nan
dcf_conv,0.0,10,20,50,123,12,0.5660377358490566,0.2,0.132,0.2487418953595424,nan
dcf_conv,0.0,10,20,50,123,13,0.6428571428571429,0.21799999999999997,0.12000000000000002,0.24002643190143186,nan
dcf_conv,0.0,10,20,50,123,14,0.6086956521739131,0.17300000000000007,0.156,0.2349029361161714,nan
dcf_conv,0.0,10,20,50,123,15,0.4666666666666667,0.166,0.162,0.2685680985680985,nan
dcf_conv,0.0,10,20,50,123,16,0.46808510638297873,0.149,0.17400000000000002,0.2457634032634033,nan
dcf_conv,0.0,10,20,50,123,17,0.46938775510204084,0.174,0.15600000000000003,0.2422152847152847,nan
dcf_conv,0.0,10,20,50,123,18,0.44,0.16200000000000003,0.18000000000000002,0.21513320013320011,nan
dcf_conv,0.0,10,20,50,123,19,0.5166666666666667,0.18500000000000005,0.20400000000000001,0.21165324871207228,nan
dcf_conv,0.0,10,20,50,123,20,0.7073170731707317,0.19000000000000003,0.21000000000000002,0.19503371628371627,nan
dcf_conv,0.0,10,20,50,123,21,0.4915254237288136,0.191,0.156,0.23868506493506492,nan
dcf_conv,0.0,10,20,50,123,22,0.6857142857142857,0.168,0.198,0.23102271911095446,nan
dcf_conv,0.0,10,20,50,123,23,0.8723404255319149,0.3150000000000001,0.138,0.1996597764980118,nan
dcf_conv,0.0,10,20,50,123,24,0.5192307692307693,0.195,0.12600000000000003,0.2390884115884116,nan
dcf_conv,0.0,10,20,50,123,25,0.4117647058823529,0.14900000000000005,0.17400000000000002,0.256781968031968,nan
dcf_conv,0.0,10,20,50,123,26,0.5869565217391305,0.178,0.14400000000000004,0.23898622211122209,nan
dcf_conv,0.0,10,20,50,123,27,0.4318181818181818,0.133,0.18000000000000002,0.24282509157509158,nan
dcf_conv,0.0,10,20,50,123,28,0.7446808510638298,0.24700000000000005,0.16800000000000004,0.19554549617049616,nan
dcf_conv,0.0,10,20,50,123,29,0.6190476190476191,0.20000000000000004,0.15600000000000006,0.22625541125541124,nan
dcf_conv,0.0,10,20,50,123,30,0.8636363636363636,0.24400000000000005,0.198,0.1891032986621222,nan
dcf_conv,0.0,10,20,50,123,31,0.6222222222222222,0.221,0.17400000000000002,0.22557728219492926,nan
dcf_conv,0.0,10,20,50,123,32,0.8,0.24500000000000002,0.13200000000000003,0.22537156470980002,nan
dcf_conv,0.0,10,20,50,123,33,0.5555555555555556,0.18000000000000002,0.19800000000000004,0.21798756798756802,nan
dcf_conv,0.0,10,20,50,123,34,0.6458333333333334,0.20700000000000007,0.14400000000000004,0.21490342990342995,nan
dcf_conv,0.0,10,20,50,123,35,0.4,0.14100000000000004,0.198,0.22751655207537563,nan
dcf_conv,0.0,10,20,50,123,36,0.6078431372549019,0.22199999999999998,0.18600000000000003,0.20236304545128075,nan
dcf_conv,0.0,10,20,50,123,37,0.49056603773584906,0.18300000000000005,0.17400000000000007,0.23052697302697306,nan
dcf_conv,0.0,10,20,50,123,38,0.5853658536585366,0.16700000000000004,0.15600000000000006,0.2624131750602339,nan
dcf_conv,0.0,10,20,50,123,39,0.7368421052631579,0.21200000000000005,0.12600000000000003,0.2391258741258741,nan
dcf_conv,0.0,10,20,50,123,40,0.5098039215686274,0.17300000000000001,0.156,0.24706876456876453,nan
dcf_conv,0.0,10,20,50,123,41,0.6666666666666666,0.22000000000000003,0.144,0.22933857808857808,nan
dcf_conv,0.0,10,20,50,123,42,0.6122448979591837,0.20900000000000002,0.15,0.22426742375271788,nan
dcf_conv,0.0,10,20,50,123,43,0.56,0.2,0.162,0.22579374057315235,nan
dcf_conv,0.0,10,20,50,123,44,0.5319148936170213,0.159,0.19800000000000004,0.2260888131476367,nan
dcf_conv,0.0,10,20,50,123,45,0.6744186046511628,0.18800000000000003,0.15600000000000006,0.22982290585231763,nan
dcf_conv,0.0,10,20,50,123,46,0.4583333333333333,0.189,0.13200000000000003,0.2729045954045954,nan
dcf_conv,0.0,10,20,50,123,47,0.5272727272727272,0.20099999999999998,0.21600000000000005,0.21127246936070465,nan
dcf_conv,0.0,10,20,50,123,48,0.6458333333333334,0.217,0.18600000000000003,0.19292276351099882,nan
dcf_conv,0.0,10,20,50,123,49,0.5208333333333334,0.185,0.192,0.19517644120585292,nan
oracle,0.0,10,20,50,456,0,0.8775510204081632,0.31100000000000005,0.22200000000000006,0.17343858755623462,nan
oracle,0.0,10,20,50,456,1,0.9183673469387755,0.31000000000000005,0.22200000000000006,0.17467587967587966,nan
oracle,0.0,10,20,50,456,2,1.0,0.27699999999999997,0.25200000000000006,0.1763117438117438,nan
oracle,0.0,10,20,50,456,3,0.9772727272727273,0.297,0.20400000000000001,0.1870221445221445,nan
oracle,0.0,10,20,50,456,4,1.148936170212766,0.31799999999999995,0.23400000000000004,0.16909545927928282,nan
oracle,0.0,10,20,50,456,5,1.1555555555555554,0.374,0.174,0.1792079856418092,nan
oracle,0.0,10,20,50,456,6,0.9767441860465116,0.30300000000000005,0.18000000000000002,0.23329892329892332,nan
oracle,0.0,10,20,50,456,7,0.9230769230769231,0.24700000000000003,0.2760000000000001,0.15957592244356952,nan
oracle,0.0,10,20,50,456,8,1.0416666666666667,0.36,0.26400000000000007,0.12429217840982547,nan
oracle,0.0,10,20,50,456,9,0.9347826086956522,0.314,0.25200000000000006,0.1581361182676972,nan
oracle,0.0,10,20,50,456,10,1.0810810810810811,0.29400000000000004,0.25200000000000006,0.15884448068271598,nan
oracle,0.0,10,20,50,456,11,0.7391304347826086,0.21800000000000003,0.258,0.18149343711843713,nan
oracle,0.0,10,20,50,456,12,0.8148148148148148,0.275,0.2580000000000001,0.17768552933994108,nan
oracle,0.0,10,20,50,456,13,0.9302325581395349,0.295,0.21000000000000002,0.20471438283938284,nan
oracle,0.0,10,20,50,456,14,1.2647058823529411,0.2759999999999999,0.21000000000000005,0.20473699095022627,nan
oracle,0.0,10,20,50,456,15,0.8367346938775511,0.2659999999999999,0.22200000000000003,0.19717490842490842,nan
oracle,0.0,10,20,50,456,16,1.0666666666666667,0.297,0.25200000000000006,0.16924087951951727,nan
oracle,0.0,10,20,50,456,17,1.2045454545454546,0.3360000000000001,0.23399999999999999,0.15365564174387708,nan
oracle,0.0,10,20,50,456,18,1.0377358490566038,0.3750000000000001,0.22800000000000004,0.1545102813852814,nan
oracle,0.0,10,20,50,456,19,1.0217391304347827,0.32100000000000006,0.22800000000000006,0.15940448440448443,nan
oracle,0.0,10,20,50,456,20,1.0638297872340425,0.3330000000000001,0.258,0.13242509532950708,nan
oracle,0.0,10,20,50,456,21,1.0810810810810811,0.265,0.27599999999999997,0.16455093517593516,nan
oracle,0.0,10,20,50,456,22,1.3777777777777778,0.391,0.198,0.12888900207979154,nan
oracle,0.0,10,20,50,456,23,1.35,0.3690000000000001,0.198,0.17466053962377487,nan
oracle,0.0,10,20,50,456,24,0.6730769230769231,0.25,0.20400000000000004,0.23534481858011266,nan
oracle,0.0,10,20,50,456,25,1.0869565217391304,0.34500000000000003,0.24600000000000005,0.15913676601176602,nan
oracle,0.0,10,20,50,456,26,0.7708333333333334,0.25600000000000006,0.23400000000000004,0.18223505661005662,nan
oracle,0.0,10,20,50,456,27,1.3076923076923077,0.32500000000000007,0.22200000000000003,0.18466319628084338,nan
oracle,0.0,10,20,50,456,28,0.8913043478260869,0.2819999999999999,0.28200000000000003,0.158228915692151,nan
oracle,0.0,10,20,50,456,29,1.1395348837209303,0.33,0.21000000000000005,0.17736846486846486,nan
oracle,0.0,10,20,50,456,30,1.025,0.286,0.23400000000000004,0.18239652590271788,nan
oracle,0.0,10,20,50,456,31,1.0769230769230769,0.35899999999999993,0.23400000000000004,0.13407296135237312,nan
oracle,0.0,10,20,50,456,32,1.0,0.328,0.23400000000000007,0.16182437660378837,nan
oracle,0.0,10,20,50,456,33,1.0,0.29799999999999993,0.25200000000000006,0.1655257242757243,nan
oracle,0.0,10,20,50,456,34,1.2564102564102564,0.32300000000000006,0.186,0.18963578088578092,nan
oracle,0.0,10,20,50,456,35,1.024390243902439,0.26799999999999996,0.22200000000000006,0.17126608685432215,nan
oracle,0.0,10,20,50,456,36,1.048780487804878,0.30000000000000004,0.23400000000000004,0.1629541496085614,nan
oracle,0.0,10,20,50,456,37,0.8214285714285714,0.2920000000000001,0.18,0.1915453296703296,nan
oracle,0.0,10,20,50,456,38,0.98,0.346,0.186,0.19482699898141073,nan
oracle,0.0,10,20,50,456,39,0.94,0.317,0.18600000000000003,0.18429509001490424,nan
oracle,0.0,10,20,50,456,40,0.8333333333333334,0.296,0.26400000000000007,0.16386155511155515,nan
oracle,0.0,10,20,50,456,41,0.9298245614035088,0.3730000000000001,0.24000000000000005,0.14292718311100666,nan
oracle,0.0,10,20,50,456,42,1.0227272727272727,0.296,0.198,0.1853868525695151,nan
oracle,0.0,10,20,50,456,43,0.9787234042553191,0.289,0.21600000000000003,0.16986026314586683,nan
oracle,0.0,10,20,50,456,44,0.7916666666666666,0.25000000000000006,0.22200000000000006,0.20517253579753575,nan
oracle,0.0,10,20,50,456,45,0.8148148148148148,0.29400000000000004,0.192,0.186365016562385,nan
oracle,0.0,10,20,50,456,46,1.0425531914893618,0.35900000000000004,0.21599999999999997,0.1842285492285492,nan
oracle,0.0,10,20,50,456,47,1.1627906976744187,0.334,0.22199999999999998,0.17365578865578862,nan
oracle,0.0,10,20,50,456,48,0.673469387755102,0.21800000000000003,0.24000000000000005,0.207924016343134,nan
oracle,0.0,10,20,50,456,49,1.1590909090909092,0.30100000000000005,0.198,0.2060991968557758,nan
cold_genie,0.0,10,20,50,456,0,0.8367346938775511,0.275,0.126,0.24723637473637475,0.03333333333333333
cold_genie,0.0,10,20,50,456,1,0.8775510204081632,0.311,0.19200000000000003,0.17168227605727604,0.03333333333333333
cold_genie,0.0,10,20,50,456,2,0.9318181818181818,0.263,0.20400000000000004,0.1795009565597801,0.03333333333333333
cold_genie,0.0,10,20,50,456,3,0.8636363636363636,0.259,0.18600000000000003,0.19968711843711842,0.03333333333333333
cold_genie,0.0,10,20,50,456,4,1.1063829787234043,0.37700000000000006,0.13800000000000004,0.20018564768564767,0.03333333333333333
cold_genie,0.0,10,20,50,456,5,1.0666666666666667,0.357,0.19200000000000003,0.15337086524586524,0.03333333333333333
cold_genie,0.0,10,20,50,456,6,0.9069767441860465,0.32900000000000007,0.13200000000000003,0.22759157509157507,0.03333333333333333
cold_genie,0.0,10,20,50,456,7,1.2307692307692308,0.352,0.19799999999999998,0.14712565212565212,0.03333333333333333
cold_genie,0.0,10,20,50,456,8,0.7916666666666666,0.257,0.15000000000000002,0.255132992007992,0.03333333333333333
cold_genie,0.0,10,20,50,456,9,1.0869565217391304,0.37500000000000006,0.138,0.1972999222999223,0.03333333333333333
cold_genie,0.0,10,20,50,456,10,1.2162162162162162,0.32100000000000006,0.26400000000000007,0.14147879897879895,0.03333333333333333
cold_genie,0.0,10,20,50,456,11,0.9565217391304348,0.315,0.18,0.18554334554334553,0.03333333333333333
cold_genie,0.0,10,20,50,456,12,0.8703703703703703,0.325,0.16799999999999998,0.16950695138195138,0.03333333333333333
cold_genie,0.0,10,20,50,456,13,0.8837209302325582,0.28300000000000003,0.18600000000000003,0.20645881079704606,0.03333333333333333
cold_genie,0.0,10,20,50,456,14,1.2647058823529411,0.304,0.15599999999999997,0.2038374125874126,0.03333333333333333
cold_genie,0.0,10,20,50,456,15,0.8775510204081632,0.31700000000000006,0.16200000000000006,0.2117611555111555,0.03333333333333333
cold_genie,0.0,10,20,50,456,16,1.0,0.30899999999999994,0.17400000000000004,0.20702116510940044,0.03333333333333333
cold_genie,0.0,10,20,50,456,17,1.0454545454545454,0.315,0.22800000000000004,0.18484515484515485,0.03333333333333333
cold_genie,0.0,10,20,50,456,18,0.7924528301886793,0.288,0.12600000000000003,0.21011925574425572,0.03333333333333333
cold_genie,0.0,10,20,50,456,19,0.9565217391304348,0.34,0.11400000000000002,0.20903922466422467,0.03333333333333333
cold_genie,0.0,10,20,50,456,20,1.0425531914893618,0.35500000000000004,0.144,0.18373043623043622,0.03333333333333333
cold_genie,0.0,10,20,50,456,21,1.3513513513513513,0.32199999999999995,0.17400000000000007,0.18206598956598957,0.03333333333333333
cold_genie,0.0,10,20,50,456,22,0.9111111111111111,0.28300000000000003,0.18000000000000002,0.19581890331890328,0.03333333333333333
cold_genie,0.0,10,20,50,456,23,1.15,0.29900000000000004,0.17400000000000007,0.1941971916971917,0.03333333333333333
cold_genie,0.0,10,20,50,456,24,0.9230769230769231,0.3490000000000001,0.19800000000000004,0.16312955018837375,0.03333333333333333
cold_genie,0.0,10,20,50,456,25,0.9565217391304348,0.33399999999999996,0.15599999999999997,0.2127874902874903,0.03333333333333333
cold_genie,0.0,10,20,50,456,26,1.1041666666666667,0.361,0.186,0.16624320124320124,0.03333333333333333
cold_genie,0.0,10,20,50,456,27,1.3076923076923077,0.367,0.18600000000000003,0.16875624375624373,0.03333333333333333
cold_genie,0.0,10,20,50,456,28,0.782608695652174,0.26000000000000006,0.19799999999999995,0.21494560994560996,0.03333333333333333
cold_genie,0.0,10,20,50,456,29,1.1395348837209303,0.354,0.11400000000000002,0.18784618159618163,0.03333333333333333
cold_genie,0.0,10,20,50,456,30,0.9,0.27599999999999997,0.17400000000000002,0.2220143745143745,0.03333333333333333
cold_genie,0.0,10,20,50,456,31,0.9615384615384616,0.3350000000000001,0.17400000000000007,0.1655986293118646,0.03333333333333333
cold_genie,0.0,10,20,50,456,32,1.3191489361702127,0.43999999999999995,0.13800000000000004,0.1400080475080475,0.03333333333333333
cold_genie,0.0,10,20,50,456,33,0.926829268292683,0.231,0.16200000000000003,0.2338120213120213,0.03333333333333333
cold_genie,0.0,10,20,50,456,34,1.358974358974359,0.37100000000000005,0.18000000000000005,0.16564212748036278,0.03333333333333333
cold_genie,0.0,10,20,50,456,35,0.7804878048780488,0.209,0.18000000000000008,0.2274313186813187,0.03333333333333333
cold_genie,0.0,10,20,50,456,36,1.0975609756097562,0.346,0.13200000000000003,0.20663336663336662,0.03333333333333333
cold_genie,0.0,10,20,50,456,37,0.7678571428571429,0.30899999999999994,0.21000000000000005,0.19213231213231216,0.03333333333333333
cold_genie,0.0,10,20,50,456,38,0.98,0.38299999999999995,0.16200000000000006,0.16624902874902875,0.03333333333333333
cold_genie,0.0,10,20,50,456,39,0.8,0.32,0.162,0.2151998001998002,0.03333333333333333
cold_genie,0.0,10,20,50,456,40,0.8148148148148148,0.25600000000000006,0.162,0.22157196969696974,0.03333333333333333
cold_genie,0.0,10,20,50,456,41,0.8596491228070176,0.344,0.16800000000000007,0.18083277833277836,0.03333333333333333
cold_genie,0.0,10,20,50,456,42,0.9090909090909091,0.28200000000000003,0.20400000000000001,0.2157171913054266,0.03333333333333333
cold_genie,0.0,10,20,50,456,43,1.148936170212766,0.391,0.18000000000000005,0.16225899100899105,0.03333333333333333
cold_genie,0.0,10,20,50,456,44,0.9583333333333334,0.31799999999999995,0.19200000000000003,0.1879850011100011,0.03333333333333333
cold_genie,0.0,10,20,50,456,45,0.8518518518518519,0.3399999999999999,0.15600000000000003,0.21027777777777784,0.03333333333333333
cold_genie,0.0,10,20,50,456,46,1.0,0.33499999999999996,0.21000000000000005,0.17145285270285268,0.03333333333333333
cold_genie,0.0,10,20,50,456,47,1.0,0.30300000000000005,0.15600000000000006,0.22294011544011538,0.03333333333333333
cold_genie,0.0,10,20,50,456,48,0.8367346938775511,0.309,0.17400000000000002,0.20426823176823175,0.03333333333333333
cold_genie,0.0,10,20,50,456,49,0.8863636363636364,0.262,0.21600000000000003,0.198989898989899,0.03333333333333333
cold_nv,0.0,10,20,50,456,0,1.163265306122449,0.4010000000000001,0.06000000000000001,0.29127525252525255,0.10000000000000002
cold_nv,0.0,10,20,50,456,1,1.0,0.32799999999999996,0.036,0.32573634698634696,0.10000000000000002
cold_nv,0.0,10,20,50,456,2,1.2272727272727273,0.3989999999999999,0.054000000000000006,0.31730255855255857,0.10000000000000002
cold_nv,0.0,10,20,50,456,3,1.0909090909090908,0.341,0.036,0.3488257575757575,0.10000000000000002
cold_nv,0.0,10,20,50,456,4,1.1063829787234043,0.385,0.06000000000000001,0.32053391053391045,0.10000000000000002
cold_nv,0.0,10,20,50,456,5,1.4222222222222223,0.47000000000000003,0.018,0.27734848484848484,0.10000000000000002
cold_nv,0.0,10,20,50,456,6,1.1627906976744187,0.366,0.024,0.34617784992784995,0.10000000000000002
cold_nv,0.0,10,20,50,456,7,1.2307692307692308,0.372,0.07200000000000002,0.32049603174603175,0.10000000000000002
cold_nv,0.0,10,20,50,456,8,1.1458333333333333,0.38900000000000007,0.054000000000000006,0.3192568542568543,0.10000000000000002
cold_nv,0.0,10,20,50,456,9,1.1956521739130435,0.4109999999999999,0.036,0.3088943001443002,0.10000000000000002
cold_nv,0.0,10,20,50,456,10,1.162162162162162,0.31199999999999994,0.041999999999999996,0.3580681818181818,0.10000000000000002
cold_nv,0.0,10,20,50,456,11,1.1304347826086956,0.3750000000000001,0.012,0.3330790043290043,0.10000000000000002
cold_nv,0.0,10,20,50,456,12,1.0185185185185186,0.38699999999999996,0.036,0.31852092352092354,0.10000000000000002
cold_nv,0.0,10,20,50,456,13,1.1627906976744187,0.35800000000000004,0.06600000000000002,0.3118975468975469,0.10000000000000002
cold_nv,0.0,10,20,50,456,14,1.4705882352941178,0.37000000000000005,0.041999999999999996,0.2984052059052059,0.10000000000000002
cold_nv,0.0,10,20,50,456,15,1.183673469387755,0.44200000000000006,0.06000000000000001,0.2886020923520924,0.10000000000000002
cold_nv,0.0,10,20,50,456,16,1.0222222222222221,0.352,0.054000000000000006,0.3493524531024531,0.10000000000000002
cold_nv,0.0,10,20,50,456,17,1.3181818181818181,0.38899999999999996,0.036,0.3153769841269842,0.10000000000000002
cold_nv,0.0,10,20,50,456,18,1.0,0.37200000000000005,0.018,0.34892857142857137,0.10000000000000002
cold_nv,0.0,10,20,50,456,19,0.782608695652174,0.26999999999999996,0.096,0.36980699855699856,0.10000000000000002
cold_nv,0.0,10,20,50,456,20,1.1914893617021276,0.381,0.07800000000000003,0.2824765512265513,0.10000000000000002
cold_nv,0.0,10,20,50,456,21,1.5135135135135136,0.358,0.041999999999999996,0.3245392107892108,0.10000000000000002
cold_nv,0.0,10,20,50,456,22,1.2444444444444445,0.358,0.054000000000000006,0.28374639249639244,0.10000000000000002
cold_nv,0.0,10,20,50,456,23,1.3,0.334,0.06000000000000001,0.3186727161727162,0.10000000000000002
cold_nv,0.0,10,20,50,456,24,1.1923076923076923,0.4379999999999999,0.08399999999999999,0.25175865800865804,0.10000000000000002
cold_nv,0.0,10,20,50,456,25,0.8260869565217391,0.24099999999999996,0.06000000000000001,0.4041035353535354,0.10000000000000002
cold_nv,0.0,10,20,50,456,26,1.3541666666666667,0.4669999999999999,0.054000000000000006,0.2595436507936508,0.10000000000000002
cold_nv,0.0,10,20,50,456,27,1.4102564102564104,0.40700000000000003,0.041999999999999996,0.3282323232323232,0.10000000000000002
cold_nv,0.0,10,20,50,456,28,1.2173913043478262,0.41000000000000003,0.054000000000000006,0.3033838383838384,0.10000000000000002
cold_nv,0.0,10,20,50,456,29,1.3488372093023255,0.43499999999999994,0.06600000000000002,0.26885642135642135,0.10000000000000002
cold_nv,0.0,10,20,50,456,30,1.175,0.344,0.03,0.3547466422466422,0.10000000000000002
cold_nv,0.0,10,20,50,456,31,1.0384615384615385,0.359,0.11400000000000002,0.2901659451659452,0.10000000000000002
cold_nv,0.0,10,20,50,456,32,1.1702127659574468,0.413,0.018,0.3416161616161616,0.10000000000000002
cold_nv,0.0,10,20,50,456,33,1.4390243902439024,0.397,0.054000000000000006,0.2765891053391053,0.10000000000000002
cold_nv,0.0,10,20,50,456,34,1.435897435897436,0.37,0.036,0.3035497835497835,0.10000000000000002
cold_nv,0.0,10,20,50,456,35,1.4634146341463414,0.41899999999999993,0.054000000000000006,0.29358932733932736,0.10000000000000002
cold_nv,0.0,10,20,50,456,36,1.4390243902439024,0.43000000000000005,0.07800000000000003,0.2843145743145743,0.10000000000000002
cold_nv,0.0,10,20,50,456,37,0.875,0.33599999999999997,0.054000000000000006,0.33361027861027853,0.10000000000000002
cold_nv,0.0,10,20,50,456,38,0.8,0.296,0.054000000000000006,0.3751945276945277,0.10000000000000002
cold_nv,0.0,10,20,50,456,39,1.16,0.43900000000000006,0.054000000000000006,0.3070797258297258,0.10000000000000002
cold_nv,0.0,10,20,50,456,40,1.0185185185185186,0.3489999999999999,0.06600000000000002,0.2949553224553224,0.10000000000000002
cold_nv,0.0,10,20,50,456,41,0.8070175438596491,0.321,0.07800000000000003,0.3406396381396381,0.10000000000000002
cold_nv,0.0,10,20,50,456,42,1.0909090909090908,0.306,0.048,0.36883755133755136,0.10000000000000002
cold_nv,0.0,10,20,50,456,43,1.0638297872340425,0.344,0.07800000000000003,0.2951857864357864,0.10000000000000002
cold_nv,0.0,10,20,50,456,44,0.9375,0.30000000000000004,0.09000000000000001,0.32331099456099455,0.10000000000000002
cold_nv,0.0,10,20,50,456,45,0.9629629629629629,0.372,0.07200000000000002,0.32082070707070703,0.10000000000000002
cold_nv,0.0,10,20,50,456,46,1.2553191489361701,0.41900000000000004,0.06000000000000001,0.27009129759129763,0.10000000000000002
cold_nv,0.0,10,20,50,456,47,0.9534883720930233,0.29100000000000004,0.07800000000000003,0.35178488178488176,0.10000000000000002
cold_nv,0.0,10,20,50,456,48,1.0816326530612246,0.35800000000000004,0.054000000000000006,0.3134888722388723,0.10000000000000002
cold_nv,0.0,10,20,50,456,49,0.9545454545454546,0.30600000000000005,0.036,0.3960696248196248,0.10000000000000002
cold_high,0.0,10,20,50,456,0,0.16326530612244897,0.04599999999999999,0.0,0.9023809523809525,0.5
cold_high,0.0,10,20,50,456,1,0.20408163265306123,0.04800000000000001,0.0,0.8532142857142857,0.5
cold_high,0.0,10,20,50,456,2,0.22727272727272727,0.049,0.0,0.8714285714285716,0.5
cold_high,0.0,10,20,50,456,3,0.22727272727272727,0.041999999999999996,0.0,0.8476190476190476,0.5
cold_high,0.0,10,20,50,456,4,0.2127659574468085,0.051000000000000004,0.0,0.8707142857142858,0.5
cold_high,0.0,10,20,50,456,5,0.24444444444444444,0.06100000000000001,0.0,0.8657142857142857,0.5
cold_high,0.0,10,20,50,456,6,0.23255813953488372,0.052000000000000005,0.0,0.8721428571428571,0.5
cold_high,0.0,10,20,50,456,7,0.23076923076923078,0.046,0.0,0.8678571428571429,0.5
cold_high,0.0,10,20,50,456,8,0.125,0.03400000000000001,0.0,0.8973809523809523,0.5
cold_high,0.0,10,20,50,456,9,0.2391304347826087,0.06100000000000001,0.0,0.8535714285714284,0.5
cold_high,0.0,10,20,50,456,10,0.2702702702702703,0.049,0.0,0.8435714285714286,0.5
cold_high,0.0,10,20,50,456,11,0.1956521739130435,0.044,0.0,0.85,0.5
cold_high,0.0,10,20,50,456,12,0.14814814814814814,0.029000000000000005,0.0,0.8695833333333335,0.5
cold_high,0.0,10,20,50,456,13,0.13953488372093023,0.026000000000000002,0.0,0.8861904761904762,0.5
cold_high,0.0,10,20,50,456,14,0.17647058823529413,0.03200000000000001,0.0,0.9021428571428574,0.5
cold_high,0.0,10,20,50,456,15,0.22448979591836735,0.054000000000000006,0.0,0.8688095238095237,0.5
cold_high,0.0,10,20,50,456,16,0.1111111111111111,0.033999999999999996,0.0,0.905793650793651,0.5
cold_high,0.0,10,20,50,456,17,0.18181818181818182,0.034,0.0,0.8891269841269841,0.5
cold_high,0.0,10,20,50,456,18,0.18867924528301888,0.05,0.0,0.8561904761904762,0.5
cold_high,0.0,10,20,50,456,19,0.13043478260869565,0.032999999999999995,0.0,0.8541666666666667,0.5
cold_high,0.0,10,20,50,456,20,0.3404255319148936,0.086,0.0,0.818095238095238,0.5
cold_high,0.0,10,20,50,456,21,0.21621621621621623,0.045000000000000005,0.0,0.909107142857143,0.5
cold_high,0.0,10,20,50,456,22,0.2222222222222222,0.048,0.0,0.8429166666666668,0.5
cold_high,0.0,10,20,50,456,23,0.2,0.041,0.0,0.8659523809523811,0.5
cold_high,0.0,10,20,50,456,24,0.15384615384615385,0.034999999999999996,0.0,0.8573809523809525,0.5
cold_high,0.0,10,20,50,456,25,0.10869565217391304,0.037000000000000005,0.0,0.9095238095238096,0.5
cold_high,0.0,10,20,50,456,26,0.14583333333333334,0.026000000000000002,0.006,0.8500595238095239,0.5
cold_high,0.0,10,20,50,456,27,0.28205128205128205,0.047,0.0,0.8773214285714289,0.5
cold_high,0.0,10,20,50,456,28,0.2608695652173913,0.053000000000000005,0.006,0.8645833333333334,0.5
cold_high,0.0,10,20,50,456,29,0.20930232558139536,0.05500000000000001,0.0,0.8720833333333333,0.5
cold_high,0.0,10,20,50,456,30,0.25,0.048,0.0,0.8802380952380954,0.5
cold_high,0.0,10,20,50,456,31,0.17307692307692307,0.05000000000000001,0.0,0.8350000000000002,0.5
cold_high,0.0,10,20,50,456,32,0.2978723404255319,0.077,0.0,0.8247619047619048,0.5
cold_high,0.0,10,20,50,456,33,0.2926829268292683,0.05500000000000001,0.0,0.8852380952380953,0.5
cold_high,0.0,10,20,50,456,34,0.28205128205128205,0.044,0.006,0.8523809523809524,0.5
cold_high,0.0,10,20,50,456,35,0.12195121951219512,0.03,0.0,0.925,0.5
cold_high,0.0,10,20,50,456,36,0.14634146341463414,0.038,0.0,0.8935714285714289,0.5
cold_high,0.0,10,20,50,456,37,0.26785714285714285,0.081,0.0,0.8255357142857142,0.5
cold_high,0.0,10,20,50,456,38,0.16,0.036,0.0,0.8564285714285715,0.5
cold_high,0.0,10,20,50,456,39,0.16,0.046,0.0,0.8622619047619047,0.5
cold_high,0.0,10,20,50,456,40,0.2777777777777778,0.074,0.0,0.8333333333333333,0.5
cold_high,0.0,10,20,50,456,41,0.22807017543859648,0.066,0.0,0.82,0.5
cold_high,0.0,10,20,50,456,42,0.18181818181818182,0.04,0.0,0.9016666666666667,0.5
cold_high,0.0,10,20,50,456,43,0.2127659574468085,0.048,0.0,0.8936309523809525,0.5
cold_high,0.0,10,20,50,456,44,0.10416666666666667,0.023000000000000003,0.0,0.8957142857142859,0.5
cold_high,0.0,10,20,50,456,45,0.2222222222222222,0.076,0.0,0.8266666666666668,0.5
cold_high,0.0,10,20,50,456,46,0.10638297872340426,0.03,0.0,0.9040476190476191,0.5
cold_high,0.0,10,20,50,456,47,0.16279069767441862,0.038,0.0,0.8923809523809524,0.5
cold_high,0.0,10,20,50,456,48,0.1836734693877551,0.048999999999999995,0.006,0.883095238095238,0.5
cold_high,0.0,10,20,50,456,49,0.1590909090909091,0.03,0.0,0.9147619047619047,0.5
warm_nv,0.0,10,20,50,456,0,1.2040816326530612,0.43000000000000005,0.041999999999999996,0.2801966089466089,0.10000000000000002
warm_nv,0.0,10,20,50,456,1,1.0612244897959184,0.3480000000000001,0.054000000000000006,0.33455808080808075,0.10995233333333332
warm_nv,0.0,10,20,50,456,2,1.1363636363636365,0.32400000000000007,0.048,0.3773079698079699,0.12546975555555556
warm_nv,0.0,10,20,50,456,3,1.1363636363636365,0.362,0.03,0.3661165223665223,0.13351503691358024
warm_nv,0.0,10,20,50,456,4,1.127659574468085,0.39199999999999996,0.036,0.3556583694083694,0.12419182148148147
warm_nv,0.0,10,20,50,456,5,0.9777777777777777,0.33599999999999997,0.024,0.3681998556998557,0.11536532413333331
warm_nv,0.0,10,20,50,456,6,1.1395348837209303,0.363,0.054000000000000006,0.33330086580086576,0.11368283111111113
warm_nv,0.0,10,20,50,456,7,1.205128205128205,0.3690000000000001,0.06600000000000002,0.37657287157287156,0.12546651259259262
warm_nv,0.0,10,20,50,456,8,1.0208333333333333,0.33799999999999997,0.036,0.3605952380952381,0.12463136572496572
warm_nv,0.0,10,20,50,456,9,1.0434782608695652,0.341,0.048,0.34081890331890324,0.11588643484444447
warm_nv,0.0,10,20,50,456,10,1.5135135135135136,0.37200000000000005,0.036,0.32783730158730157,0.12491608266666665
warm_nv,0.0,10,20,50,456,11,1.0217391304347827,0.35000000000000003,0.048,0.3897059884559884,0.12319343014814817
warm_nv,0.0,10,20,50,456,12,1.0925925925925926,0.38899999999999996,0.054000000000000006,0.33126429126429124,0.12274021604938272
warm_nv,0.0,10,20,50,456,13,1.2325581395348837,0.396,0.018,0.3508982683982683,0.12637584518518521
warm_nv,0.0,10,20,50,456,14,1.3823529411764706,0.3239999999999999,0.036,0.36247696747696745,0.1277834186666667
warm_nv,0.0,10,20,50,456,15,0.9795918367346939,0.34299999999999997,0.036,0.3804563492063492,0.12864752681481484
warm_nv,0.0,10,20,50,456,16,1.0666666666666667,0.3520000000000001,0.07800000000000001,0.3508207070707071,0.13236840007901235
warm_nv,0.0,10,20,50,456,17,1.4318181818181819,0.41600000000000004,0.03,0.3522280497280498,0.13569608962962965
warm_nv,0.0,10,20,50,456,18,0.8867924528301887,0.327,0.024,0.39994047619047624,0.14264718595555556
warm_nv,0.0,10,20,50,456,19,0.8695652173913043,0.277,0.036,0.40174603174603174,0.12942743274074076
warm_nv,0.0,10,20,50,456,20,1.1063829787234043,0.36,0.036,0.3224956987456987,0.12902512474074077
warm_nv,0.0,10,20,50,456,21,1.4324324324324325,0.33999999999999997,0.041999999999999996,0.40689033189033186,0.1436483870648889
warm_nv,0.0,10,20,50,456,22,1.288888888888889,0.398,0.048,0.3291774891774891,0.12885157496296298
warm_nv,0.0,10,20,50,456,23,1.175,0.332,0.06600000000000002,0.3974007936507936,0.1346214325925926
warm_nv,0.0,10,20,50,456,24,0.9423076923076923,0.36900000000000005,0.041999999999999996,0.34413961038961033,0.12692777975308644
warm_nv,0.0,10,20,50,456,25,1.0869565217391304,0.382,0.07200000000000002,0.3234217171717172,0.11995977172839509
warm_nv,0.0,10,20,50,456,26,1.0625,0.35200000000000004,0.03,0.37490259740259735,0.1395702066666667
warm_nv,0.0,10,20,50,456,27,1.1282051282051282,0.30999999999999994,0.048,0.4443488455988455,0.14282555985185189
warm_nv,0.0,10,20,50,456,28,0.8043478260869565,0.23899999999999996,0.036,0.43692460317460313,0.12085114518518522
warm_nv,0.0,10,20,50,456,29,1.1627906976744187,0.363,0.048,0.31492243867243863,0.11522749148148148
warm_nv,0.0,10,20,50,456,30,1.25,0.34500000000000003,0.048,0.34214923964923966,0.12714131822222224
warm_nv,0.0,10,20,50,456,31,0.8846153846153846,0.304,0.07200000000000001,0.3608465145965146,0.1314045340740741
warm_nv,0.0,10,20,50,456,32,1.1063829787234043,0.369,0.054000000000000006,0.3689736652236652,0.13407528283950618
warm_nv,0.0,10,20,50,456,33,0.9024390243902439,0.21800000000000005,0.054000000000000006,0.4070743145743146,0.13240335496296302
warm_nv,0.0,10,20,50,456,34,0.9487179487179487,0.257,0.054000000000000006,0.38655663780663774,0.12081569407407408
warm_nv,0.0,10,20,50,456,35,1.3902439024390243,0.4040000000000001,0.036,0.3512373737373736,0.1254029882962963
warm_nv,0.0,10,20,50,456,36,1.1219512195121952,0.35400000000000004,0.048,0.3975793650793652,0.12586536434636492
warm_nv,0.0,10,20,50,456,37,0.8214285714285714,0.325,0.06600000000000002,0.362783189033189,0.12250080148148149
warm_nv,0.0,10,20,50,456,38,1.08,0.4089999999999999,0.041999999999999996,0.36352272727272733,0.1347487699555556
warm_nv,0.0,10,20,50,456,39,0.88,0.31300000000000006,0.041999999999999996,0.4081096681096681,0.13527606770370376
warm_nv,0.0,10,20,50,456,40,0.6851851851851852,0.24500000000000002,0.024,0.4450883838383839,0.12481638962962967
warm_nv,0.0,10,20,50,456,41,0.9473684210526315,0.40800000000000003,0.054000000000000006,0.33117424242424237,0.12585143851851852
warm_nv,0.0,10,20,50,456,42,1.0909090909090908,0.34,0.041999999999999996,0.37617604617604616,0.1285866420946502
warm_nv,0.0,10,20,50,456,43,1.0425531914893618,0.32500000000000007,0.041999999999999996,0.349992784992785,0.1189907919958848
warm_nv,0.0,10,20,50,456,44,1.0625,0.379,0.041999999999999996,0.34950937950937955,0.12086152165925931
warm_nv,0.0,10,20,50,456,45,0.8703703703703703,0.35,0.048,0.35365079365079366,0.1226870051851852
warm_nv,0.0,10,20,50,456,46,1.3191489361702127,0.4379999999999999,0.08400000000000003,0.2814291264291264,0.1189294711358025
warm_nv,0.0,10,20,50,456,47,1.0,0.325,0.048,0.36104797979797976,0.12347302740740744
warm_nv,0.0,10,20,50,456,48,1.0204081632653061,0.365,0.036,0.3743759018759018,0.13102514444444444
warm_nv,0.0,10,20,50,456,49,0.8636363636363636,0.24499999999999997,0.048,0.42686327561327564,0.12738755893484227
warm_high,0.0,10,20,50,456,0,0.2653061224489796,0.05700000000000001,0.0,0.8419047619047622,0.5
warm_high,0.0,10,20,50,456,1,0.4897959183673469,0.126,0.0,0.7413492063492063,0.34930302640603567
warm_high,0.0,10,20,50,456,2,0.75,0.20400000000000001,0.006,0.5925198412698414,0.25720876924646274
warm_high,0.0,10,20,50,456,3,1.0227272727272727,0.33999999999999997,0.006,0.4644047619047619,0.21128599731640793
warm_high,0.0,10,20,50,456,4,0.9148936170212766,0.29100000000000004,0.024,0.4110912698412698,0.17362556219998662
warm_high,0.0,10,20,50,456,5,0.9555555555555556,0.318,0.0,0.4781547619047619,0.16264588180671458
warm_high,0.0,10,20,50,456,6,1.3488372093023255,0.387,0.036,0.36001984126984127,0.14787595824900152
warm_high,0.0,10,20,50,456,7,1.205128205128205,0.348,0.024,0.3718759018759019,0.14473170289107865
warm_high,0.0,10,20,50,456,8,1.1666666666666667,0.403,0.041999999999999996,0.3467279942279942,0.1388287248004387
warm_high,0.0,10,20,50,456,9,0.9130434782608695,0.30800000000000005,0.048,0.3652182539682539,0.13312169409757652
warm_high,0.0,10,20,50,456,10,1.2972972972972974,0.372,0.03,0.39271825396825394,0.131271368248093
warm_high,0.0,10,20,50,456,11,1.1304347826086956,0.386,0.054000000000000006,0.33841810966810965,0.12376231705373417
warm_high,0.0,10,20,50,456,12,1.037037037037037,0.403,0.018,0.34721861471861465,0.12488359426109848
warm_high,0.0,10,20,50,456,13,1.1627906976744187,0.386,0.036,0.3472943722943723,0.13026658889954354
warm_high,0.0,10,20,50,456,14,1.7352941176470589,0.42799999999999994,0.036,0.3341666666666666,0.13190050140249768
warm_high,0.0,10,20,50,456,15,0.9795918367346939,0.335,0.06600000000000002,0.3686507936507936,0.13473086296902043
warm_high,0.0,10,20,50,456,16,0.9777777777777777,0.297,0.041999999999999996,0.38562229437229434,0.12464676159288719
warm_high,0.0,10,20,50,456,17,1.1136363636363635,0.32500000000000007,0.024,0.4043488455988456,0.12575571399482363
warm_high,0.0,10,20,50,456,18,1.0188679245283019,0.37199999999999994,0.036,0.36409271284271283,0.13858510351996908
warm_high,0.0,10,20,50,456,19,1.0,0.314,0.048,0.402960927960928,0.12593203605681963
warm_high,0.0,10,20,50,456,20,1.0,0.327,0.054000000000000006,0.3367929292929293,0.12302109873768294
warm_high,0.0,10,20,50,456,21,1.4864864864864864,0.344,0.041999999999999996,0.3609558497058497,0.12553241831398715
warm_high,0.0,10,20,50,456,22,1.0666666666666667,0.3350000000000001,0.036,0.35765331890331886,0.11987492894860732
warm_high,0.0,10,20,50,456,23,1.25,0.33100000000000007,0.036,0.3494787157287158,0.11532512299153463
warm_high,0.0,10,20,50,456,24,0.75,0.28400000000000003,0.048,0.4186634199134199,0.12105986868408698
warm_high,0.0,10,20,50,456,25,1.0217391304347827,0.34800000000000014,0.054000000000000006,0.3577453102453102,0.11715352267081247
warm_high,0.0,10,20,50,456,26,0.9375,0.299,0.06600000000000002,0.3439357864357865,0.11918612943485414
warm_high,0.0,10,20,50,456,27,1.358974358974359,0.369,0.006,0.36618131868131865,0.1297327964673452
warm_high,0.0,10,20,50,456,28,1.0434782608695652,0.32999999999999996,0.041999999999999996,0.33131424131424125,0.1309291908439271
warm_high,0.0,10,20,50,456,29,0.8372093023255814,0.276,0.048,0.4453017815517815,0.14283686997257658
warm_high,0.0,10,20,50,456,30,1.225,0.35600000000000004,0.018,0.377995892995893,0.12757683630431674
warm_high,0.0,10,20,50,456,31,0.9230769230769231,0.32500000000000007,0.08399999999999999,0.352564935064935,0.1189011168240817
warm_high,0.0,10,20,50,456,32,0.9574468085106383,0.30500000000000005,0.036,0.36101190476190476,0.11734901261735528
warm_high,0.0,10,20,50,456,33,1.048780487804878,0.28800000000000003,0.036,0.39179924242424236,0.11858419439485017
warm_high,0.0,10,20,50,456,34,1.1794871794871795,0.33399999999999996,0.036,0.35110930735930734,0.12489145900300072
warm_high,0.0,10,20,50,456,35,0.8536585365853658,0.258,0.036,0.4264789377289377,0.12805700910312182
warm_high,0.0,10,20,50,456,36,1.146341463414634,0.34,0.048,0.38607503607503607,0.1210313902730589
warm_high,0.0,10,20,50,456,37,0.9285714285714286,0.34600000000000003,0.072,0.33853937728937733,0.1332297861186262
warm_high,0.0,10,20,50,456,38,0.92,0.333,0.012,0.37511363636363637,0.130415651470232
warm_high,0.0,10,20,50,456,39,0.98,0.355,0.048,0.3752182539682539,0.1378436875210844
warm_high,0.0,10,20,50,456,40,0.9259259259259259,0.32,0.041999999999999996,0.3876333388833389,0.1324779949771699
warm_high,0.0,10,20,50,456,41,0.8070175438596491,0.3529999999999999,0.041999999999999996,0.38834457209457207,0.1242576314483655
warm_high,0.0,10,20,50,456,42,1.0,0.312,0.06600000000000002,0.36342005217005213,0.12093400946496849
warm_high,0.0,10,20,50,456,43,1.1063829787234043,0.3499999999999999,0.078,0.3407521645021645,0.12529192178611107
warm_high,0.0,10,20,50,456,44,1.0416666666666667,0.348,0.041999999999999996,0.37469627594627597,0.11576102947483043
warm_high,0.0,10,20,50,456,45,1.037037037037037,0.343,0.054000000000000006,0.32225385725385725,0.1286872405002755
warm_high,0.0,10,20,50,456,46,1.0851063829787233,0.35500000000000004,0.024,0.3826587301587301,0.1424600032334148
warm_high,0.0,10,20,50,456,47,1.2790697674418605,0.3750000000000001,0.024,0.3782159507159507,0.14561592714618732
warm_high,0.0,10,20,50,456,48,1.2040816326530612,0.4050000000000001,0.048,0.35555846930846935,0.1442067380238518
warm_high,0.0,10,20,50,456,49,1.0909090909090908,0.31900000000000006,0.024,0.42981601731601726,0.14683940748290789
dcf_conv,0.0,10,20,50,456,0,0.5510204081632653,0.16100000000000003,0.15600000000000006,0.2529193722943723,nan
dcf_conv,0.0,10,20,50,456,1,0.5510204081632653,0.17300000000000001,0.19200000000000003,0.24079829892329901,nan
dcf_conv,0.0,10,20,50,456,2,0.7272727272727273,0.21000000000000005,0.156,0.23276755107637462,nan
dcf_conv,0.0,10,20,50,456,3,0.6363636363636364,0.22399999999999998,0.18600000000000003,0.20623850414291592,nan
dcf_conv,0.0,10,20,50,456,4,0.7021276595744681,0.252,0.13200000000000003,0.21442529692529694,nan
dcf_conv,0.0,10,20,50,456,5,0.6,0.217,0.15599999999999997,0.22191496003996006,nan
dcf_conv,0.0,10,20,50,456,6,0.813953488372093,0.2560000000000001,0.20400000000000004,0.19078175909058262,nan
dcf_conv,0.0,10,20,50,456,7,0.7435897435897436,0.21400000000000002,0.12600000000000003,0.2516575091575091,nan
dcf_conv,0.0,10,20,50,456,8,0.6041666666666666,0.225,0.156,0.24313283938283936,nan
dcf_conv,0.0,10,20,50,456,9,0.717391304347826,0.254,0.14400000000000004,0.22352952602952608,nan
dcf_conv,0.0,10,20,50,456,10,0.7567567567567568,0.219,0.174,0.23468340483046365,nan
dcf_conv,0.0,10,20,50,456,11,0.6956521739130435,0.22200000000000003,0.12,0.2284921165435871,nan
dcf_conv,0.0,10,20,50,456,12,0.6851851851851852,0.256,0.16800000000000007,0.1990519529490118,nan
dcf_conv,0.0,10,20,50,456,13,0.7209302325581395,0.22000000000000003,0.192,0.2098957904840258,nan
dcf_conv,0.0,10,20,50,456,14,0.8235294117647058,0.203,0.20400000000000001,0.1910285670212141,nan
dcf_conv,0.0,10,20,50,456,15,0.42857142857142855,0.136,0.22200000000000003,0.2271180902430902,nan
dcf_conv,0.0,10,20,50,456,16,0.6888888888888889,0.21400000000000002,0.186,0.21530691530691531,nan
dcf_conv,0.0,10,20,50,456,17,0.5,0.139,0.15599999999999997,0.25192515817515815,nan
dcf_conv,0.0,10,20,50,456,18,0.5471698113207547,0.19600000000000004,0.168,0.2267372333548804,nan
dcf_conv,0.0,10,20,50,456,19,0.5,0.14100000000000001,0.15000000000000002,0.2403652026078497,nan
dcf_conv,0.0,10,20,50,456,20,0.6170212765957447,0.19800000000000006,0.12600000000000003,0.25252608502608503,nan
dcf_conv,0.0,10,20,50,456,21,0.8918918918918919,0.20200000000000004,0.15,0.22267836330336327,nan
dcf_conv,0.0,10,20,50,456,22,0.6666666666666666,0.22800000000000006,0.144,0.23513479575979573,nan
dcf_conv,0.0,10,20,50,456,23,1.0,0.26799999999999996,0.162,0.18545392107892106,nan
dcf_conv,0.0,10,20,50,456,24,0.4807692307692308,0.16300000000000003,0.24600000000000005,0.1946375079598764,nan
dcf_conv,0.0,10,20,50,456,25,0.6521739130434783,0.23500000000000001,0.14400000000000004,0.24551906426906428,nan
dcf_conv,0.0,10,20,50,456,26,0.5833333333333334,0.20799999999999996,0.17400000000000004,0.22979995494701377,nan
dcf_conv,0.0,10,20,50,456,27,0.6666666666666666,0.14900000000000002,0.15600000000000003,0.2543091793827088,nan
dcf_conv,0.0,10,20,50,456,28,0.5652173913043478,0.20200000000000004,0.13800000000000004,0.23634709653092006,nan
dcf_conv,0.0,10,20,50,456,29,0.6744186046511628,0.21400000000000005,0.15000000000000005,0.21718947718947726,nan
dcf_conv,0.0,10,20,50,456,30,0.75,0.22799999999999998,0.186,0.1987001601339837,nan
dcf_conv,0.0,10,20,50,456,31,0.28846153846153844,0.101,0.20400000000000004,0.2552931627196333,nan
dcf_conv,0.0,10,20,50,456,32,0.6170212765957447,0.18900000000000003,0.18000000000000008,0.21069009421950602,nan
dcf_conv,0.0,10,20,50,456,33,0.8536585365853658,0.238,0.156,0.19963485044367396,nan
dcf_conv,0.0,10,20,50,456,34,0.8461538461538461,0.21599999999999997,0.15,0.22858002291825819,nan
dcf_conv,0.0,10,20,50,456,35,0.6829268292682927,0.186,0.156,0.22907638113520465,nan
dcf_conv,0.0,10,20,50,456,36,0.7073170731707317,0.22600000000000003,0.11400000000000002,0.2549565018315018,nan
dcf_conv,0.0,10,20,50,456,37,0.48214285714285715,0.17100000000000004,0.162,0.23623293373293372,nan
dcf_conv,0.0,10,20,50,456,38,0.48,0.19499999999999998,0.10800000000000001,0.28642912642912643,nan
dcf_conv,0.0,10,20,50,456,39,0.52,0.196,0.13200000000000003,0.24607753357753365,nan
dcf_conv,0.0,10,20,50,456,40,0.4074074074074074,0.15500000000000003,0.19200000000000003,0.24038794538794545,nan
dcf_conv,0.0,10,20,50,456,41,0.5087719298245614,0.205,0.138,0.23418831168831172,nan
dcf_conv,0.0,10,20,50,456,42,0.5681818181818182,0.176,0.11400000000000002,0.25946571402453755,nan
dcf_conv,0.0,10,20,50,456,43,0.5319148936170213,0.17800000000000002,0.192,0.22594488844488847,nan
dcf_conv,0.0,10,20,50,456,44,0.5208333333333334,0.17900000000000002,0.19199999999999998,0.2272304084804085,nan
dcf_conv,0.0,10,20,50,456,45,0.5555555555555556,0.18100000000000005,0.22200000000000006,0.2077062520812521,nan
dcf_conv,0.0,10,20,50,456,46,0.7021276595744681,0.223,0.15600000000000006,0.22953038383185445,nan
dcf_conv,0.0,10,20,50,456,47,0.6744186046511628,0.22200000000000006,0.18000000000000008,0.22274621212121218,nan
dcf_conv,0.0,10,20,50,456,48,0.6326530612244898,0.19000000000000003,0.18600000000000003,0.21679945054945055,nan
dcf_conv,0.0,10,20,50,456,49,0.5909090909090909,0.17000000000000004,0.18000000000000005,0.2399725274725275,nan
oracle,0.0,10,20,50,789,0,0.875,0.25799999999999995,0.174,0.23391095016095015,nan
oracle,0.0,10,20,50,789,1,1.1395348837209303,0.331,0.2520000000000001,0.15730113432319315,nan
oracle,0.0,10,20,50,789,2,1.0227272727272727,0.282,0.25200000000000006,0.16983653601300658,nan
oracle,0.0,10,20,50,789,3,0.6923076923076923,0.24400000000000005,0.27599999999999997,0.18689502082884438,nan
oracle,0.0,10,20,50,789,4,1.02,0.348,0.19200000000000006,0.15510309135309136,nan
oracle,0.0,10,20,50,789,5,0.7307692307692307,0.23200000000000004,0.24600000000000008,0.18734903254640095,nan
oracle,0.0,10,20,50,789,6,0.7547169811320755,0.255,0.252,0.19060467310467316,nan
oracle,0.0,10,20,50,789,7,1.0,0.3410000000000001,0.23400000000000004,0.1379236041736042,nan
oracle,0.0,10,20,50,789,8,1.2307692307692308,0.342,0.22200000000000006,0.16238011988011988,nan
oracle,0.0,10,20,50,789,9,0.8,0.33899999999999997,0.21600000000000005,0.1696329365079365,nan
oracle,0.0,10,20,50,789,10,0.9347826086956522,0.2899999999999999,0.21000000000000005,0.1906199478625949,nan
oracle,0.0,10,20,50,789,11,0.8085106382978723,0.264,0.23399999999999999,0.16953623174211413,nan
oracle,0.0,10,20,50,789,12,1.0425531914893618,0.3,0.22800000000000004,0.1794053985230456,nan
oracle,0.0,10,20,50,789,13,1.2325581395348837,0.326,0.18600000000000003,0.19337454212454214,nan
oracle,0.0,10,20,50,789,14,1.1818181818181819,0.3529999999999999,0.15000000000000005,0.20549313839755018,nan
oracle,0.0,10,20,50,789,15,1.2439024390243902,0.322,0.22799999999999998,0.17780948626536863,nan
oracle,0.0,10,20,50,789,16,1.0731707317073171,0.31700000000000006,0.23400000000000007,0.17251812729753913,nan
oracle,0.0,10,20,50,789,17,0.6730769230769231,0.238,0.24000000000000005,0.20299353424353422,nan
oracle,0.0,10,20,50,789,18,1.1136363636363635,0.329,0.24600000000000008,0.14942644773527128,nan
oracle,0.0,10,20,50,789,19,1.0476190476190477,0.3,0.22800000000000004,0.17271468727351086,nan
oracle,0.0,10,20,50,789,20,0.9333333333333333,0.28700000000000003,0.23399999999999999,0.2014219522307758,nan
oracle,0.0,10,20,50,789,21,1.1224489795918366,0.383,0.192,0.18343281718281718,nan
oracle,0.0,10,20,50,789,22,0.9512195121951219,0.24300000000000005,0.24600000000000008,0.1744469623513741,nan
oracle,0.0,10,20,50,789,23,0.8627450980392157,0.30600000000000005,0.22799999999999992,0.18863636363636363,nan
oracle,0.0,10,20,50,789,24,1.3111111111111111,0.384,0.21000000000000005,0.14631203355468061,nan
oracle,0.0,10,20,50,789,25,1.0416666666666667,0.354,0.246,0.14627483627483628,nan
oracle,0.0,10,20,50,789,26,0.9130434782608695,0.299,0.21600000000000003,0.17722022044003466,nan
oracle,0.0,10,20,50,789,27,1.1363636363636365,0.32999999999999996,0.23400000000000004,0.16703212637036163,nan
oracle,0.0,10,20,50,789,28,0.9777777777777777,0.305,0.18600000000000003,0.22246423511129393,nan
oracle,0.0,10,20,50,789,29,0.9019607843137255,0.31,0.20400000000000001,0.1755732461982462,nan
oracle,0.0,10,20,50,789,30,1.0465116279069768,0.2720000000000001,0.23400000000000004,0.17441547015076428,nan
oracle,0.0,10,20,50,789,31,0.94,0.32100000000000006,0.22800000000000006,0.17555344573726928,nan
oracle,0.0,10,20,50,789,32,0.8723404255319149,0.298,0.192,0.21496197430020964,nan
oracle,0.0,10,20,50,789,33,1.1428571428571428,0.25700000000000006,0.2820000000000001,0.17197177822177817,nan
oracle,0.0,10,20,50,789,34,1.1428571428571428,0.34700000000000003,0.22200000000000003,0.16774038461538462,nan
oracle,0.0,10,20,50,789,35,1.1590909090909092,0.31700000000000006,0.18000000000000002,0.19646201021201026,nan
oracle,0.0,10,20,50,789,36,1.0454545454545454,0.32399999999999995,0.17400000000000002,0.20346493783993785,nan
oracle,0.0,10,20,50,789,37,0.6530612244897959,0.21600000000000003,0.2700000000000001,0.18492192448074798,nan
oracle,0.0,10,20,50,789,38,0.8269230769230769,0.279,0.23400000000000007,0.18652060357942707,nan
oracle,0.0,10,20,50,789,39,0.96,0.34400000000000003,0.22799999999999998,0.16660350678733032,nan
oracle,0.0,10,20,50,789,40,1.0638297872340425,0.32199999999999995,0.20400000000000004,0.19345085470085469,nan
oracle,0.0,10,20,50,789,41,0.9215686274509803,0.3510000000000001,0.16200000000000003,0.19933848014730368,nan
oracle,0.0,10,20,50,789,42,0.8461538461538461,0.30100000000000005,0.252,0.1548043623043623,nan
oracle,0.0,10,20,50,789,43,0.9166666666666666,0.295,0.22799999999999998,0.18315091770974126,nan
oracle,0.0,10,20,50,789,44,1.1956521739130435,0.38599999999999995,0.20400000000000001,0.15891434953934955,nan
oracle,0.0,10,20,50,789,45,0.9423076923076923,0.3530000000000001,0.198,0.188873895712131,nan
oracle,0.0,10,20,50,789,46,1.0,0.27999999999999997,0.19800000000000004,0.21400523088023088,nan
oracle,0.0,10,20,50,789,47,0.8444444444444444,0.283,0.25800000000000006,0.1850962925962926,nan
oracle,0.0,10,20,50,789,48,1.2380952380952381,0.34800000000000003,0.20400000000000001,0.17342406776230304,nan
oracle,0.0,10,20,50,789,49,0.8,0.27,0.21600000000000003,0.20409548784548784,nan
cold_genie,0.0,10,20,50,789,0,1.0416666666666667,0.328,0.24600000000000008,0.13414835164835165,0.03333333333333333
cold_genie,0.0,10,20,50,789,1,1.0465116279069768,0.3289999999999999,0.17400000000000002,0.18313464313464314,0.03333333333333333
cold_genie,0.0,10,20,50,789,2,0.9545454545454546,0.267,0.18600000000000003,0.21481550312432662,0.03333333333333333
cold_genie,0.0,10,20,50,789,3,0.9423076923076923,0.358,0.162,0.18018710456210454,0.03333333333333333
cold_genie,0.0,10,20,50,789,4,0.88,0.31599999999999995,0.18600000000000003,0.19472714785214787,0.03333333333333333
cold_genie,0.0,10,20,50,789,5,0.8653846153846154,0.31599999999999995,0.15000000000000005,0.20626248751248752,0.03333333333333333
cold_genie,0.0,10,20,50,789,6,0.7924528301886793,0.34,0.19200000000000003,0.18694101649984002,0.03333333333333333
cold_genie,0.0,10,20,50,789,7,0.7142857142857143,0.27,0.17400000000000007,0.1991393328893329,0.03333333333333333
cold_genie,0.0,10,20,50,789,8,1.2564102564102564,0.36,0.14400000000000002,0.19135697635697635,0.03333333333333333
cold_genie,0.0,10,20,50,789,9,0.6615384615384615,0.30599999999999994,0.162,0.20668997668997666,0.03333333333333333
cold_genie,0.0,10,20,50,789,10,1.108695652173913,0.37100000000000005,0.168,0.16825313575313577,0.03333333333333333
cold_genie,0.0,10,20,50,789,11,1.0425531914893618,0.33499999999999996,0.20399999999999996,0.1696613109113109,0.03333333333333333
cold_genie,0.0,10,20,50,789,12,0.7659574468085106,0.28200000000000003,0.18000000000000002,0.20705981518481517,0.03333333333333333
cold_genie,0.0,10,20,50,789,13,1.1162790697674418,0.3350000000000001,0.15600000000000006,0.20336330336330338,0.03333333333333333
cold_genie,0.0,10,20,50,789,14,1.1818181818181819,0.38299999999999995,0.14400000000000004,0.17512071262071263,0.03333333333333333
cold_genie,0.0,10,20,50,789,15,1.1951219512195121,0.30800000000000005,0.192,0.19448218448218446,0.03333333333333333
cold_genie,0.0,10,20,50,789,16,0.975609756097561,0.303,0.198,0.1695795870795871,0.03333333333333333
cold_genie,0.0,10,20,50,789,17,0.9038461538461539,0.37,0.15000000000000005,0.17123404373404374,0.03333333333333333
cold_genie,0.0,10,20,50,789,18,0.8636363636363636,0.274,0.14400000000000004,0.2292550505050505,0.03333333333333333
cold_genie,0.0,10,20,50,789,19,1.0714285714285714,0.36100000000000004,0.198,0.16841942779442778,0.03333333333333333
cold_genie,0.0,10,20,50,789,20,1.2222222222222223,0.38600000000000007,0.174,0.1738131313131313,0.03333333333333333
cold_genie,0.0,10,20,50,789,21,0.8571428571428571,0.30400000000000005,0.132,0.21698620823620826,0.03333333333333333
cold_genie,0.0,10,20,50,789,22,1.170731707317073,0.382,0.15600000000000006,0.15941137294078467,0.03333333333333333
cold_genie,0.0,10,20,50,789,23,0.8235294117647058,0.279,0.17400000000000002,0.1996524309024309,0.03333333333333333
cold_genie,0.0,10,20,50,789,24,0.9111111111111111,0.301,0.21000000000000002,0.19528790653790654,0.03333333333333333
cold_genie,0.0,10,20,50,789,25,1.0208333333333333,0.373,0.21000000000000005,0.1368883893883894,0.03333333333333333
cold_genie,0.0,10,20,50,789,26,0.9347826086956522,0.33599999999999997,0.18600000000000003,0.18227120102120103,0.03333333333333333
cold_genie,0.0,10,20,50,789,27,0.9318181818181818,0.277,0.156,0.21207167832167834,0.03333333333333333
cold_genie,0.0,10,20,50,789,28,1.0444444444444445,0.321,0.19200000000000003,0.1779187479187479,0.03333333333333333
cold_genie,0.0,10,20,50,789,29,1.0392156862745099,0.3650000000000001,0.186,0.15008935508935511,0.03333333333333333
cold_genie,0.0,10,20,50,789,30,1.0465116279069768,0.32100000000000006,0.1800000000000001,0.16225357975357976,0.03333333333333333
cold_genie,0.0,10,20,50,789,31,0.92,0.329,0.17400000000000004,0.19124458874458874,0.03333333333333333
cold_genie,0.0,10,20,50,789,32,0.9361702127659575,0.31800000000000006,0.15000000000000005,0.18716322484704837,0.03333333333333333
cold_genie,0.0,10,20,50,789,33,1.2285714285714286,0.32,0.20400000000000001,0.16713494838494838,0.03333333333333333
cold_genie,0.0,10,20,50,789,34,1.0238095238095237,0.279,0.17400000000000004,0.22524371461871465,0.03333333333333333
cold_genie,0.0,10,20,50,789,35,1.0454545454545454,0.30300000000000005,0.198,0.1842438811188811,0.03333333333333333
cold_genie,0.0,10,20,50,789,36,0.9545454545454546,0.314,0.17400000000000002,0.19149378399378397,0.03333333333333333
cold_genie,0.0,10,20,50,789,37,1.2448979591836735,0.43600000000000005,0.19800000000000006,0.12303890553890555,0.03333333333333333
cold_genie,0.0,10,20,50,789,38,0.9038461538461539,0.35299999999999987,0.168,0.1825983044733044,0.03333333333333333
cold_genie,0.0,10,20,50,789,39,0.78,0.293,0.15,0.19998792873792876,0.03333333333333333
cold_genie,0.0,10,20,50,789,40,0.8297872340425532,0.29100000000000004,0.168,0.1962304362304362,0.03333333333333333
cold_genie,0.0,10,20,50,789,41,0.7843137254901961,0.2779999999999999,0.19800000000000004,0.19555860805860809,0.03333333333333333
cold_genie,0.0,10,20,50,789,42,0.8461538461538461,0.30200000000000005,0.15,0.21775147646471177,0.03333333333333333
cold_genie,0.0,10,20,50,789,43,1.0833333333333333,0.357,0.15600000000000006,0.16797895731719262,0.03333333333333333
cold_genie,0.0,10,20,50,789,44,0.9130434782608695,0.31200000000000006,0.186,0.18257492507492507,0.03333333333333333
cold_genie,0.0,10,20,50,789,45,0.9423076923076923,0.335,0.15000000000000005,0.17725600788100787,0.03333333333333333
cold_genie,0.0,10,20,50,789,46,1.1219512195121952,0.338,0.156,0.19044552669552667,0.03333333333333333
cold_genie,0.0,10,20,50,789,47,1.2666666666666666,0.40800000000000003,0.19800000000000004,0.1475889388389389,0.03333333333333333
cold_genie,0.0,10,20,50,789,48,1.2380952380952381,0.37499999999999994,0.162,0.16414751914751918,0.03333333333333333
cold_genie,0.0,10,20,50,789,49,0.72,0.25200000000000006,0.174,0.23020181207681206,0.03333333333333333
cold_nv,0.0,10,20,50,789,0,1.0416666666666667,0.3640000000000001,0.036,0.3273362748362748,0.10000000000000002
cold_nv,0.0,10,20,50,789,1,1.1162790697674418,0.354,0.036,0.3332738095238095,0.10000000000000002
cold_nv,0.0,10,20,50,789,2,1.4545454545454546,0.41,0.048,0.30330627705627705,0.10000000000000002
cold_nv,0.0,10,20,50,789,3,0.9807692307692307,0.32700000000000007,0.041999999999999996,0.30384740259740256,0.10000000000000002
cold_nv,0.0,10,20,50,789,4,1.1,0.38,0.054000000000000006,0.30564435564435566,0.10000000000000002
cold_nv,0.0,10,20,50,789,5,1.0576923076923077,0.38400000000000006,0.054000000000000006,0.2980194805194805,0.10000000000000002
cold_nv,0.0,10,20,50,789,6,1.1320754716981132,0.3970000000000001,0.06600000000000002,0.2822383172383172,0.10000000000000002
cold_nv,0.0,10,20,50,789,7,0.9591836734693877,0.355,0.07800000000000003,0.28977619602619603,0.10000000000000002
cold_nv,0.0,10,20,50,789,8,1.7179487179487178,0.44000000000000006,0.048,0.27762778887778883,0.10000000000000002
cold_nv,0.0,10,20,50,789,9,0.7692307692307693,0.36399999999999993,0.048,0.3247365134865135,0.10000000000000002
cold_nv,0.0,10,20,50,789,10,1.0217391304347827,0.34700000000000003,0.07200000000000001,0.2902966477966479,0.10000000000000002
cold_nv,0.0,10,20,50,789,11,1.148936170212766,0.41000000000000003,0.06000000000000001,0.3086958874458875,0.10000000000000002
cold_nv,0.0,10,20,50,789,12,1.2340425531914894,0.41400000000000003,0.054000000000000006,0.2754453879453879,0.10000000000000002
cold_nv,0.0,10,20,50,789,13,1.3488372093023255,0.381,0.07800000000000001,0.2891684704184704,0.10000000000000002
cold_nv,0.0,10,20,50,789,14,1.1818181818181819,0.36700000000000005,0.054000000000000006,0.31246198246198253,0.10000000000000002
cold_nv,0.0,10,20,50,789,15,1.4390243902439024,0.35700000000000004,0.06600000000000002,0.2959215784215784,0.10000000000000002
cold_nv,0.0,10,20,50,789,16,1.1951219512195121,0.32999999999999996,0.036,0.35461441336441335,0.10000000000000002
cold_nv,0.0,10,20,50,789,17,0.9038461538461539,0.336,0.07200000000000001,0.3151839826839827,0.10000000000000002
cold_nv,0.0,10,20,50,789,18,1.2045454545454546,0.38100000000000006,0.06000000000000001,0.2848308635808635,0.10000000000000002
cold_nv,0.0,10,20,50,789,19,1.2619047619047619,0.3940000000000001,0.048,0.2908121045621045,0.10000000000000002
cold_nv,0.0,10,20,50,789,20,1.1777777777777778,0.372,0.048,0.3151875901875901,0.10000000000000002
cold_nv,0.0,10,20,50,789,21,1.1224489795918366,0.397,0.048,0.3169516594516594,0.10000000000000002
cold_nv,0.0,10,20,50,789,22,1.146341463414634,0.31199999999999994,0.07200000000000002,0.3557251082251082,0.10000000000000002
cold_nv,0.0,10,20,50,789,23,1.2156862745098038,0.393,0.06000000000000001,0.2664652014652014,0.10000000000000002
cold_nv,0.0,10,20,50,789,24,1.0222222222222221,0.35000000000000003,0.06,0.35936507936507933,0.10000000000000002
cold_nv,0.0,10,20,50,789,25,0.8541666666666666,0.28,0.048,0.37016636141636144,0.10000000000000002
cold_nv,0.0,10,20,50,789,26,0.9565217391304348,0.31599999999999995,0.07800000000000001,0.3098520923520923,0.10000000000000002
cold_nv,0.0,10,20,50,789,27,1.0,0.29500000000000004,0.054000000000000006,0.35070707070707063,0.10000000000000002
cold_nv,0.0,10,20,50,789,28,1.2222222222222223,0.37799999999999995,0.06000000000000001,0.2956041181041181,0.10000000000000002
cold_nv,0.0,10,20,50,789,29,1.2156862745098038,0.40800000000000003,0.06000000000000001,0.27642676767676766,0.10000000000000002
cold_nv,0.0,10,20,50,789,30,1.441860465116279,0.42799999999999994,0.054000000000000006,0.26755050505050504,0.10000000000000002
cold_nv,0.0,10,20,50,789,31,0.82,0.30000000000000004,0.072,0.347099567099567,0.10000000000000002
cold_nv,0.0,10,20,50,789,32,1.148936170212766,0.391,0.07800000000000003,0.252771534021534,0.10000000000000002
cold_nv,0.0,10,20,50,789,33,1.4285714285714286,0.36500000000000005,0.06600000000000002,0.27950216450216453,0.10000000000000002
cold_nv,0.0,10,20,50,789,34,1.380952380952381,0.386,0.054000000000000006,0.26496309246309246,0.10000000000000002
cold_nv,0.0,10,20,50,789,35,1.0,0.299,0.048,0.34892843267843265,0.10000000000000002
cold_nv,0.0,10,20,50,789,36,1.2272727272727273,0.39499999999999996,0.06000000000000001,0.2974023199023198,0.10000000000000002
cold_nv,0.0,10,20,50,789,37,0.8163265306122449,0.299,0.09000000000000004,0.33940698190698193,0.10000000000000002
cold_nv,0.0,10,20,50,789,38,1.0769230769230769,0.4410000000000001,0.072,0.26551226551226553,0.10000000000000002
cold_nv,0.0,10,20,50,789,39,0.96,0.32499999999999996,0.072,0.3423412698412699,0.10000000000000002
cold_nv,0.0,10,20,50,789,40,1.1702127659574468,0.409,0.06000000000000001,0.29506493506493503,0.10000000000000002
cold_nv,0.0,10,20,50,789,41,1.2156862745098038,0.4049999999999999,0.054000000000000006,0.25846556221556216,0.10000000000000002
cold_nv,0.0,10,20,50,789,42,1.0769230769230769,0.39899999999999997,0.048,0.2999673937173938,0.10000000000000002
cold_nv,0.0,10,20,50,789,43,1.0208333333333333,0.32699999999999996,0.06,0.3428228715728716,0.10000000000000002
cold_nv,0.0,10,20,50,789,44,1.065217391304348,0.35900000000000004,0.09000000000000001,0.2871997446997447,0.10000000000000002
cold_nv,0.0,10,20,50,789,45,1.0,0.354,0.06600000000000002,0.30727633477633476,0.10000000000000002
cold_nv,0.0,10,20,50,789,46,1.146341463414634,0.35900000000000004,0.09,0.30806818181818185,0.10000000000000002
cold_nv,0.0,10,20,50,789,47,1.488888888888889,0.42299999999999993,0.03,0.3176911976911977,0.10000000000000002
cold_nv,0.0,10,20,50,789,48,1.0714285714285714,0.3350000000000001,0.07200000000000001,0.3366558441558441,0.10000000000000002
cold_nv,0.0,10,20,50,789,49,0.98,0.385,0.10200000000000001,0.3074332611832612,0.10000000000000002
cold_high,0.0,10,20,50,789,0,0.16666666666666666,0.038,0.0,0.8850000000000001,0.5
cold_high,0.0,10,20,50,789,1,0.11627906976744186,0.022000000000000002,0.0,0.9,0.5
cold_high,0.0,10,20,50,789,2,0.13636363636363635,0.031,0.0,0.912857142857143,0.5
cold_high,0.0,10,20,50,789,3,0.21153846153846154,0.044000000000000004,0.0,0.8807142857142857,0.5
cold_high,0.0,10,20,50,789,4,0.14,0.036,0.0,0.8842857142857143,0.5
cold_high,0.0,10,20,50,789,5,0.25,0.073,0.0,0.8540476190476189,0.5
cold_high,0.0,10,20,50,789,6,0.20754716981132076,0.051000000000000004,0.0,0.8325000000000001,0.5
cold_high,0.0,10,20,50,789,7,0.10204081632653061,0.024,0.0,0.9200000000000002,0.5
cold_high,0.0,10,20,50,789,8,0.2564102564102564,0.06200000000000001,0.0,0.870416666666667,0.5
cold_high,0.0,10,20,50,789,9,0.13846153846153847,0.041,0.0,0.883095238095238,0.5
cold_high,0.0,10,20,50,789,10,0.21739130434782608,0.06300000000000001,0.0,0.8575000000000002,0.5
cold_high,0.0,10,20,50,789,11,0.2553191489361702,0.06300000000000001,0.0,0.8761904761904763,0.5
cold_high,0.0,10,20,50,789,12,0.10638297872340426,0.026000000000000002,0.0,0.8966666666666668,0.5
cold_high,0.0,10,20,50,789,13,0.3023255813953488,0.054000000000000006,0.0,0.8404761904761904,0.5
cold_high,0.0,10,20,50,789,14,0.2727272727272727,0.05900000000000001,0.0,0.8485714285714288,0.5
cold_high,0.0,10,20,50,789,15,0.14634146341463414,0.032,0.0,0.8859523809523809,0.5
cold_high,0.0,10,20,50,789,16,0.24390243902439024,0.038,0.006,0.8256547619047618,0.5
cold_high,0.0,10,20,50,789,17,0.15384615384615385,0.051000000000000004,0.0,0.8823809523809525,0.5
cold_high,0.0,10,20,50,789,18,0.3181818181818182,0.06799999999999999,0.0,0.8316666666666668,0.5
cold_high,0.0,10,20,50,789,19,0.07142857142857142,0.009,0.0,0.8873809523809525,0.5
cold_high,0.0,10,20,50,789,20,0.2222222222222222,0.05900000000000001,0.0,0.8903571428571426,0.5
cold_high,0.0,10,20,50,789,21,0.16326530612244897,0.033,0.0,0.8826190476190477,0.5
cold_high,0.0,10,20,50,789,22,0.24390243902439024,0.06,0.0,0.8712500000000001,0.5
cold_high,0.0,10,20,50,789,23,0.17647058823529413,0.036,0.0,0.8854166666666667,0.5
cold_high,0.0,10,20,50,789,24,0.2222222222222222,0.05399999999999999,0.0,0.846904761904762,0.5
cold_high,0.0,10,20,50,789,25,0.25,0.06100000000000001,0.0,0.8446428571428573,0.5
cold_high,0.0,10,20,50,789,26,0.17391304347826086,0.042,0.0,0.9007142857142858,0.5
cold_high,0.0,10,20,50,789,27,0.20454545454545456,0.038,0.0,0.8497619047619047,0.5
cold_high,0.0,10,20,50,789,28,0.2,0.054000000000000006,0.0,0.8764285714285714,0.5
cold_high,0.0,10,20,50,789,29,0.29411764705882354,0.086,0.0,0.8396825396825399,0.5
cold_high,0.0,10,20,50,789,30,0.2558139534883721,0.039,0.0,0.8254761904761905,0.5
cold_high,0.0,10,20,50,789,31,0.14,0.047,0.0,0.8869047619047621,0.5
cold_high,0.0,10,20,50,789,32,0.2978723404255319,0.063,0.0,0.837857142857143,0.5
cold_high,0.0,10,20,50,789,33,0.2571428571428571,0.049,0.0,0.8550000000000002,0.5
cold_high,0.0,10,20,50,789,34,0.14285714285714285,0.024,0.0,0.9180952380952382,0.5
cold_high,0.0,10,20,50,789,35,0.11363636363636363,0.019,0.006,0.8459523809523809,0.5
cold_high,0.0,10,20,50,789,36,0.1590909090909091,0.026000000000000002,0.0,0.8678571428571429,0.5
cold_high,0.0,10,20,50,789,37,0.16326530612244897,0.046,0.0,0.8619047619047621,0.5
cold_high,0.0,10,20,50,789,38,0.19230769230769232,0.06499999999999999,0.0,0.8671428571428571,0.5
cold_high,0.0,10,20,50,789,39,0.16,0.036000000000000004,0.0,0.8945238095238096,0.5
cold_high,0.0,10,20,50,789,40,0.14893617021276595,0.033,0.0,0.8945238095238095,0.5
cold_high,0.0,10,20,50,789,41,0.17647058823529413,0.044,0.0,0.9119047619047619,0.5
cold_high,0.0,10,20,50,789,42,0.21153846153846154,0.061,0.0,0.8728968253968254,0.5
cold_high,0.0,10,20,50,789,43,0.25,0.065,0.0,0.8788095238095238,0.5
cold_high,0.0,10,20,50,789,44,0.17391304347826086,0.046,0.0,0.8978571428571429,0.5
cold_high,0.0,10,20,50,789,45,0.17307692307692307,0.05500000000000001,0.0,0.8910714285714286,0.5
cold_high,0.0,10,20,50,789,46,0.17073170731707318,0.041,0.0,0.8923809523809524,0.5
cold_high,0.0,10,20,50,789,47,0.2222222222222222,0.041,0.0,0.8817857142857143,0.5
cold_high,0.0,10,20,50,789,48,0.30952380952380953,0.06400000000000002,0.0,0.8378571428571429,0.5
cold_high,0.0,10,20,50,789,49,0.22,0.05500000000000001,0.0,0.8591666666666666,0.5
warm_nv,0.0,10,20,50,789,0,1.0,0.306,0.048,0.3320627983127983,0.10000000000000002
warm_nv,0.0,10,20,50,789,1,1.2093023255813953,0.35699999999999993,0.06,0.35218253968253965,0.10897575555555558
warm_nv,0.0,10,20,50,789,2,1.2272727272727273,0.375,0.03,0.348553391053391,0.13416690622222222
warm_nv,0.0,10,20,50,789,3,1.0769230769230769,0.371,0.036,0.3630032467532467,0.14637725652938272
warm_nv,0.0,10,20,50,789,4,0.8,0.279,0.041999999999999996,0.43143939393939396,0.16287850346666669
warm_nv,0.0,10,20,50,789,5,0.9615384615384616,0.355,0.024,0.4062698412698412,0.1383390050123457
warm_nv,0.0,10,20,50,789,6,1.0754716981132075,0.4109999999999999,0.024,0.36066475191475195,0.13296190474074077
warm_nv,0.0,10,20,50,789,7,0.8367346938775511,0.29600000000000004,0.041999999999999996,0.4073015873015874,0.13140676237037036
warm_nv,0.0,10,20,50,789,8,1.3846153846153846,0.404,0.03,0.36376900876900875,0.13439261641718517
warm_nv,0.0,10,20,50,789,9,0.6,0.2679999999999999,0.03,0.43531926406926413,0.12839639822814816
warm_nv,0.0,10,20,50,789,10,0.8913043478260869,0.32,0.054000000000000006,0.3465422077922078,0.12097818805967082
warm_nv,0.0,10,20,50,789,11,1.0638297872340425,0.35699999999999993,0.024,0.3726062826062826,0.12546199226748975
warm_nv,0.0,10,20,50,789,12,0.9787234042553191,0.31700000000000006,0.06,0.35975635475635476,0.11570390400000004
warm_nv,0.0,10,20,50,789,13,1.0,0.269,0.048,0.39109848484848486,0.12337072444444448
warm_nv,0.0,10,20,50,789,14,1.1363636363636365,0.341,0.041999999999999996,0.36735389610389607,0.12112028962962965
warm_nv,0.0,10,20,50,789,15,1.2439024390243902,0.321,0.03,0.37010323010323004,0.126031992
warm_nv,0.0,10,20,50,789,16,1.2682926829268293,0.359,0.036,0.35437950937950935,0.12349018222222226
warm_nv,0.0,10,20,50,789,17,0.9230769230769231,0.33499999999999996,0.036,0.38689393939393935,0.14273392177777783
warm_nv,0.0,10,20,50,789,18,1.0227272727272727,0.292,0.048,0.39428030303030304,0.14522199111111114
warm_nv,0.0,10,20,50,789,19,1.0952380952380953,0.30000000000000004,0.072,0.35731227106227104,0.13482150222222225
warm_nv,0.0,10,20,50,789,20,1.0666666666666667,0.334,0.054000000000000006,0.37952922077922074,0.12020426592592595
warm_nv,0.0,10,20,50,789,21,1.0,0.38299999999999995,0.036,0.33778235653235655,0.13267453155555559
warm_nv,0.0,10,20,50,789,22,1.0731707317073171,0.3540000000000001,0.048,0.35300144300144304,0.1326265596266667
warm_nv,0.0,10,20,50,789,23,1.0980392156862746,0.351,0.06,0.36667415917415913,0.14115266906666668
warm_nv,0.0,10,20,50,789,24,0.9555555555555556,0.259,0.03,0.4735851648351649,0.15202395380740746
warm_nv,0.0,10,20,50,789,25,0.8958333333333334,0.28099999999999997,0.054000000000000006,0.3725274725274725,0.12917649555555555
warm_nv,0.0,10,20,50,789,26,1.0434782608695652,0.3630000000000001,0.072,0.34911546786546793,0.12344073274074077
warm_nv,0.0,10,20,50,789,27,0.8409090909090909,0.27699999999999997,0.054000000000000006,0.41742479742479743,0.11639181706666668
warm_nv,0.0,10,20,50,789,28,0.9555555555555556,0.28300000000000003,0.06600000000000002,0.400756882006882,0.12803062903292184
warm_nv,0.0,10,20,50,789,29,0.9803921568627451,0.33,0.03,0.3399711399711399,0.11775583851851854
warm_nv,0.0,10,20,50,789,30,1.0232558139534884,0.323,0.06600000000000002,0.3519678932178932,0.12414348989711939
warm_nv,0.0,10,20,50,789,31,0.86,0.30500000000000005,0.018,0.39846500721500716,0.13333201086419755
warm_nv,0.0,10,20,50,789,32,0.9787234042553191,0.36300000000000004,0.018,0.40961857586857586,0.1291443555555556
warm_nv,0.0,10,20,50,789,33,1.1428571428571428,0.30600000000000005,0.054000000000000006,0.37508658008658013,0.11701231051851854
warm_nv,0.0,10,20,50,789,34,1.4047619047619047,0.383,0.054000000000000006,0.30151515151515146,0.11501432802469136
warm_nv,0.0,10,20,50,789,35,1.1363636363636365,0.3439999999999999,0.041999999999999996,0.38509920634920636,0.13544089896296302
warm_nv,0.0,10,20,50,789,36,1.1590909090909092,0.36500000000000005,0.07800000000000003,0.3070039682539682,0.13767192506172843
warm_nv,0.0,10,20,50,789,37,0.8367346938775511,0.26599999999999996,0.078,0.3928074703074703,0.14126799362962963
warm_nv,0.0,10,20,50,789,38,1.0,0.421,0.036,0.353766095016095,0.13648521037037037
warm_nv,0.0,10,20,50,789,39,0.98,0.344,0.054000000000000006,0.37919733044733045,0.13535639061728397
warm_nv,0.0,10,20,50,789,40,0.8723404255319149,0.3,0.036,0.42714216339216327,0.1315942493827161
warm_nv,0.0,10,20,50,789,41,0.6862745098039216,0.21700000000000003,0.054000000000000006,0.42379981129981126,0.13741510950617286
warm_nv,0.0,10,20,50,789,42,0.6730769230769231,0.254,0.041999999999999996,0.40922438672438677,0.1254096594074074
warm_nv,0.0,10,20,50,789,43,1.1041666666666667,0.4029999999999999,0.041999999999999996,0.33607683982683983,0.12902491188148152
warm_nv,0.0,10,20,50,789,44,0.9347826086956522,0.31500000000000006,0.07800000000000001,0.3663383838383838,0.13179625617283952
warm_nv,0.0,10,20,50,789,45,1.1538461538461537,0.42000000000000004,0.054000000000000006,0.33714826839826834,0.13210340980246915
warm_nv,0.0,10,20,50,789,46,1.1219512195121952,0.298,0.03,0.41639957264957256,0.1416655962962963
warm_nv,0.0,10,20,50,789,47,1.2666666666666666,0.366,0.036,0.3901010101010101,0.1413715980740741
warm_nv,0.0,10,20,50,789,48,1.0714285714285714,0.31000000000000005,0.024,0.3878787878787878,0.1287266364444445
warm_nv,0.0,10,20,50,789,49,0.9,0.28700000000000003,0.06599999999999999,0.3647978410478411,0.123563890271605
warm_high,0.0,10,20,50,789,0,0.16666666666666666,0.027000000000000003,0.0,0.9000000000000001,0.5
warm_high,0.0,10,20,50,789,1,0.3953488372093023,0.09100000000000001,0.0,0.7763690476190476,0.33157059113511667
warm_high,0.0,10,20,50,789,2,0.8409090909090909,0.229,0.012,0.594047619047619,0.24041073975804267
warm_high,0.0,10,20,50,789,3,0.7692307692307693,0.26899999999999996,0.041999999999999996,0.46789682539682537,0.19246638820023945
warm_high,0.0,10,20,50,789,4,0.88,0.32500000000000007,0.036,0.4224618437118438,0.16239135392818627
warm_high,0.0,10,20,50,789,5,0.75,0.26600000000000007,0.012,0.48020382395382394,0.1468345759536704
warm_high,0.0,10,20,50,789,6,0.8301886792452831,0.304,0.036,0.40745670995670996,0.12602797235419136
warm_high,0.0,10,20,50,789,7,0.9591836734693877,0.35800000000000004,0.041999999999999996,0.3630122655122655,0.1291526966663148
warm_high,0.0,10,20,50,789,8,0.8461538461538461,0.246,0.03,0.4399733599733599,0.14017349570549045
warm_high,0.0,10,20,50,789,9,0.9692307692307692,0.42800000000000005,0.06000000000000001,0.3311147186147186,0.14679293995796194
warm_high,0.0,10,20,50,789,10,1.0217391304347827,0.337,0.041999999999999996,0.4063690476190476,0.14304124217280037
warm_high,0.0,10,20,50,789,11,0.7659574468085106,0.24999999999999994,0.036,0.4401875901875901,0.13417398121058632
warm_high,0.0,10,20,50,789,12,1.0212765957446808,0.35,0.048,0.3843506493506494,0.13204282061024591
warm_high,0.0,10,20,50,789,13,1.302325581395349,0.356,0.06599999999999999,0.3442904317904318,0.1171846853524817
warm_high,0.0,10,20,50,789,14,1.1590909090909092,0.32599999999999996,0.07800000000000001,0.3119047619047619,0.11941182030330175
warm_high,0.0,10,20,50,789,15,1.1219512195121952,0.2700000000000001,0.06000000000000001,0.39095238095238094,0.1292220906911568
warm_high,0.0,10,20,50,789,16,1.3902439024390243,0.41,0.036,0.3587987012987013,0.12150955018591263
warm_high,0.0,10,20,50,789,17,1.0192307692307692,0.392,0.036,0.3429563492063493,0.11880372369371343
warm_high,0.0,10,20,50,789,18,1.1363636363636365,0.3470000000000001,0.06600000000000002,0.31338023088023087,0.12070245987263473
warm_high,0.0,10,20,50,789,19,1.4047619047619047,0.42400000000000004,0.041999999999999996,0.3071230158730159,0.12633001785098252
warm_high,0.0,10,20,50,789,20,0.9777777777777777,0.313,0.054000000000000006,0.3721085858585858,0.12806785952671546
warm_high,0.0,10,20,50,789,21,1.0204081632653061,0.368,0.06600000000000002,0.3623423798423798,0.12040007775035537
warm_high,0.0,10,20,50,789,22,1.1951219512195121,0.37699999999999995,0.036,0.3308874458874459,0.10848842513760645
warm_high,0.0,10,20,50,789,23,1.2745098039215685,0.42699999999999994,0.06000000000000001,0.28724567099567094,0.1149972508666113
warm_high,0.0,10,20,50,789,24,1.3111111111111111,0.41200000000000003,0.054000000000000006,0.29914585414585415,0.11191621316863723
warm_high,0.0,10,20,50,789,25,0.8958333333333334,0.28200000000000003,0.036,0.3987031024531024,0.12740450166442369
warm_high,0.0,10,20,50,789,26,0.9347826086956522,0.336,0.006,0.387507215007215,0.11602790010764777
warm_high,0.0,10,20,50,789,27,1.4545454545454546,0.441,0.03,0.28626443001443,0.11619486500992082
warm_high,0.0,10,20,50,789,28,1.2,0.39,0.041999999999999996,0.32873973248973243,0.12730377903066564
warm_high,0.0,10,20,50,789,29,0.8823529411764706,0.28600000000000003,0.06600000000000002,0.37754329004329,0.13244218811273928
warm_high,0.0,10,20,50,789,30,1.1162790697674418,0.331,0.054000000000000006,0.3390422077922078,0.12802083453235086
warm_high,0.0,10,20,50,789,31,0.88,0.30000000000000004,0.036,0.3971699134199134,0.12941946857336134
warm_high,0.0,10,20,50,789,32,0.9361702127659575,0.331,0.041999999999999996,0.3945039682539683,0.13375573670586796
warm_high,0.0,10,20,50,789,33,1.2857142857142858,0.339,0.08400000000000002,0.34422619047619046,0.125120339020505
warm_high,0.0,10,20,50,789,34,1.0476190476190477,0.306,0.048,0.38812229437229434,0.11772031349382295
warm_high,0.0,10,20,50,789,35,1.1363636363636365,0.37099999999999994,0.03,0.3460653235653236,0.12326692559581673
warm_high,0.0,10,20,50,789,36,1.0454545454545454,0.30100000000000005,0.036,0.3856150793650793,0.12620791914699742
warm_high,0.0,10,20,50,789,37,1.0204081632653061,0.35100000000000003,0.036,0.3439355089355089,0.1250593346532008
warm_high,0.0,10,20,50,789,38,1.0,0.36,0.06,0.329309163059163,0.12840770974310228
warm_high,0.0,10,20,50,789,39,0.78,0.2780000000000001,0.03,0.4715151515151515,0.13526101212238986
warm_high,0.0,10,20,50,789,40,1.127659574468085,0.38500000000000006,0.048,0.3298627761127761,0.11559824819323758
warm_high,0.0,10,20,50,789,41,1.0,0.3360000000000001,0.06000000000000001,0.31618506493506493,0.11612137642854652
warm_high,0.0,10,20,50,789,42,0.9807692307692307,0.33299999999999996,0.054000000000000006,0.35275960150960145,0.12908906524680663
warm_high,0.0,10,20,50,789,43,1.0,0.334,0.07800000000000003,0.3379735542235542,0.11702457182808264
warm_high,0.0,10,20,50,789,44,1.0,0.30599999999999994,0.06000000000000001,0.3815891053391053,0.11992536833848147
warm_high,0.0,10,20,50,789,45,0.8461538461538461,0.281,0.018,0.40951298701298705,0.13066243487209805
warm_high,0.0,10,20,50,789,46,1.2682926829268293,0.35,0.041999999999999996,0.324745670995671,0.11910257951027407
warm_high,0.0,10,20,50,789,47,1.0222222222222221,0.324,0.036,0.387987012987013,0.14527098459512683
warm_high,0.0,10,20,50,789,48,1.0952380952380953,0.32599999999999996,0.024,0.4127795815295815,0.1454340746210007
warm_high,0.0,10,20,50,789,49,1.26,0.454,0.03,0.311497113997114,0.1294825660051663
dcf_conv,0.0,10,20,50,789,0,0.5208333333333334,0.18600000000000005,0.126,0.26374438061938066,nan
dcf_conv,0.0,10,20,50,789,1,0.7441860465116279,0.21600000000000005,0.162,0.21426594239094246,nan
dcf_conv,0.0,10,20,50,789,2,0.75,0.23699999999999996,0.156,0.2035845404595405,nan
dcf_conv,0.0,10,20,50,789,3,0.7307692307692307,0.24900000000000003,0.13200000000000003,0.19989281551781551,nan
dcf_conv,0.0,10,20,50,789,4,0.54,0.185,0.15600000000000006,0.22849830724830725,nan
dcf_conv,0.0,10,20,50,789,5,0.6923076923076923,0.23399999999999999,0.18600000000000008,0.19392913867178574,nan
dcf_conv,0.0,10,20,50,789,6,0.6037735849056604,0.24099999999999996,0.19799999999999998,0.19504904817404814,nan
dcf_conv,0.0,10,20,50,789,7,0.4897959183673469,0.15600000000000003,0.18000000000000008,0.23306033427356954,nan
dcf_conv,0.0,10,20,50,789,8,0.717948717948718,0.21200000000000002,0.14400000000000004,0.24358814796314793,nan
dcf_conv,0.0,10,20,50,789,9,0.5076923076923077,0.2139999999999999,0.186,0.20933801492625026,nan
dcf_conv,0.0,10,20,50,789,10,0.5434782608695652,0.187,0.16200000000000003,0.2166666666666667,nan
dcf_conv,0.0,10,20,50,789,11,0.5957446808510638,0.195,0.19200000000000006,0.22227751415251418,nan
dcf_conv,0.0,10,20,50,789,12,0.6170212765957447,0.233,0.16200000000000006,0.21850607725607732,nan
dcf_conv,0.0,10,20,50,789,13,0.5581395348837209,0.168,0.16200000000000006,0.26146062271062276,nan
dcf_conv,0.0,10,20,50,789,14,0.6818181818181818,0.197,0.09000000000000001,0.29397546897546895,nan
dcf_conv,0.0,10,20,50,789,15,0.6585365853658537,0.15500000000000003,0.12600000000000006,0.283060893355011,nan
dcf_conv,0.0,10,20,50,789,16,0.7073170731707317,0.20900000000000002,0.21600000000000003,0.20075764513264516,nan
dcf_conv,0.0,10,20,50,789,17,0.36538461538461536,0.153,0.16800000000000007,0.2517110667110667,nan
dcf_conv,0.0,10,20,50,789,18,0.5681818181818182,0.17400000000000004,0.15600000000000003,0.251942097934745,nan
dcf_conv,0.0,10,20,50,789,19,0.8095238095238095,0.242,0.162,0.21259432152814509,nan
dcf_conv,0.0,10,20,50,789,20,0.5777777777777777,0.16199999999999998,0.15000000000000005,0.25067954104718815,nan
dcf_conv,0.0,10,20,50,789,21,0.6530612244897959,0.203,0.17400000000000002,0.20739293794440855,nan
dcf_conv,0.0,10,20,50,789,22,0.6585365853658537,0.21399999999999997,0.13800000000000004,0.2282200152788388,nan
dcf_conv,0.0,10,20,50,789,23,0.6862745098039216,0.21299999999999994,0.09600000000000003,0.25319631757131755,nan
dcf_conv,0.0,10,20,50,789,24,0.6,0.187,0.13800000000000004,0.2397910422910423,nan
dcf_conv,0.0,10,20,50,789,25,0.5833333333333334,0.16300000000000003,0.15,0.2489161492102669,nan
dcf_conv,0.0,10,20,50,789,26,0.5434782608695652,0.19300000000000003,0.12600000000000003,0.25004953379953376,nan
dcf_conv,0.0,10,20,50,789,27,0.6363636363636364,0.20099999999999998,0.17400000000000004,0.23711233211233207,nan
dcf_conv,0.0,10,20,50,789,28,0.4888888888888889,0.17400000000000002,0.15600000000000006,0.2602106227106228,nan
dcf_conv,0.0,10,20,50,789,29,0.5490196078431373,0.19200000000000003,0.16800000000000004,0.24619172494172492,nan
dcf_conv,0.0,10,20,50,789,30,0.5581395348837209,0.165,0.162,0.24046260520525223,nan
dcf_conv,0.0,10,20,50,789,31,0.6,0.21600000000000003,0.084,0.2531048118548119,nan
dcf_conv,0.0,10,20,50,789,32,0.7659574468085106,0.25800000000000006,0.12000000000000002,0.21577075702075704,nan
dcf_conv,0.0,10,20,50,789,33,0.7142857142857143,0.19299999999999998,0.15,0.2314668664668665,nan
dcf_conv,0.0,10,20,50,789,34,0.7619047619047619,0.202,0.174,0.222528831462655,nan
dcf_conv,0.0,10,20,50,789,35,0.6136363636363636,0.18400000000000002,0.19200000000000003,0.2456189643689644,nan
dcf_conv,0.0,10,20,50,789,36,0.7272727272727273,0.255,0.10800000000000001,0.2217162004662005,nan
dcf_conv,0.0,10,20,50,789,37,0.5714285714285714,0.19700000000000006,0.16799999999999998,0.23487907925407928,nan
dcf_conv,0.0,10,20,50,789,38,0.3269230769230769,0.122,0.186,0.2731095987345987,nan
dcf_conv,0.0,10,20,50,789,39,0.62,0.202,0.198,0.21369567932067937,nan
dcf_conv,0.0,10,20,50,789,40,0.5531914893617021,0.19600000000000004,0.11400000000000002,0.25532412032412033,nan
dcf_conv,0.0,10,20,50,789,41,0.37254901960784315,0.13,0.15600000000000003,0.255867580132286,nan
dcf_conv,0.0,10,20,50,789,42,0.4423076923076923,0.15600000000000003,0.18000000000000002,0.2510689310689311,nan
dcf_conv,0.0,10,20,50,789,43,0.5625,0.199,0.174,0.23800754800754803,nan
dcf_conv,0.0,10,20,50,789,44,0.6521739130434783,0.20800000000000002,0.18000000000000002,0.22182733932733933,nan
dcf_conv,0.0,10,20,50,789,45,0.5576923076923077,0.21999999999999997,0.12600000000000003,0.25434555640437995,nan
dcf_conv,0.0,10,20,50,789,46,0.7560975609756098,0.23100000000000004,0.12000000000000002,0.22147810522810524,nan
dcf_conv,0.0,10,20,50,789,47,0.7777777777777778,0.23599999999999993,0.18600000000000003,0.21154026529026532,nan
dcf_conv,0.0,10,20,50,789,48,0.6428571428571429,0.20800000000000002,0.144,0.24647831335331333,nan
dcf_conv,0.0,10,20,50,789,49,0.74,0.253,0.144,0.21077479709832653,nan
oracle,0.0,10,20,50,1234,0,1.0731707317073171,0.2900000000000001,0.19800000000000004,0.2156467143967144,nan
oracle,0.0,10,20,50,1234,1,0.6981132075471698,0.26699999999999996,0.20400000000000001,0.20085264000705177,nan
oracle,0.0,10,20,50,1234,2,1.0,0.32199999999999995,0.198,0.19041174511762743,nan
oracle,0.0,10,20,50,1234,3,1.0638297872340425,0.35600000000000004,0.22800000000000004,0.1646139889522242,nan
oracle,0.0,10,20,50,1234,4,1.0444444444444445,0.332,0.23400000000000004,0.15421203796203797,nan
oracle,0.0,10,20,50,1234,5,0.7678571428571429,0.32800000000000007,0.192,0.2052018324812442,nan
oracle,0.0,10,20,50,1234,6,0.9107142857142857,0.356,0.20400000000000001,0.15734849709114418,nan
oracle,0.0,10,20,50,1234,7,1.435897435897436,0.378,0.22800000000000004,0.14496372908137614,nan
oracle,0.0,10,20,50,1234,8,0.9387755102040817,0.30700000000000005,0.22200000000000003,0.18471403596403596,nan
oracle,0.0,10,20,50,1234,9,1.0232558139534884,0.29300000000000004,0.20400000000000001,0.20493328158769333,nan
oracle,0.0,10,20,50,1234,10,1.0666666666666667,0.327,0.21600000000000003,0.16484043734043735,nan
oracle,0.0,10,20,50,1234,11,1.0204081632653061,0.325,0.24600000000000008,0.13532640239877083,nan
oracle,0.0,10,20,50,1234,12,0.9772727272727273,0.29400000000000004,0.21600000000000005,0.16531803357461256,nan
oracle,0.0,10,20,50,1234,13,0.8775510204081632,0.30399999999999994,0.22200000000000006,0.16655656843156846,nan
oracle,0.0,10,20,50,1234,14,1.0465116279069768,0.284,0.2520000000000001,0.16932081807081806,nan
oracle,0.0,10,20,50,1234,15,1.1219512195121952,0.3360000000000001,0.25200000000000006,0.17052988677988679,nan
oracle,0.0,10,20,50,1234,16,1.1568627450980393,0.359,0.186,0.17980836049914997,nan
oracle,0.0,10,20,50,1234,17,0.98,0.33899999999999997,0.21600000000000003,0.17191874710257066,nan
oracle,0.0,10,20,50,1234,18,0.82,0.2799999999999999,0.24600000000000008,0.18825320512820515,nan
oracle,0.0,10,20,50,1234,19,0.9347826086956522,0.28099999999999997,0.26400000000000007,0.15472533593857118,nan
oracle,0.0,10,20,50,1234,20,0.8979591836734694,0.25300000000000006,0.24600000000000005,0.16811009660274365,nan
oracle,0.0,10,20,50,1234,21,0.9591836734693877,0.3180000000000001,0.25800000000000006,0.14638486513486515,nan
oracle,0.0,10,20,50,1234,22,1.0666666666666667,0.29999999999999993,0.162,0.2178296621678975,nan
oracle,0.0,10,20,50,1234,23,0.7884615384615384,0.27999999999999997,0.22200000000000003,0.1992214648097001,nan
oracle,0.0,10,20,50,1234,24,1.255813953488372,0.375,0.20400000000000001,0.14217560217560216,nan
oracle,0.0,10,20,50,1234,25,0.8245614035087719,0.341,0.21000000000000002,0.1898630536130536,nan
oracle,0.0,10,20,50,1234,26,1.2093023255813953,0.35499999999999987,0.21600000000000003,0.159634879009879,nan
oracle,0.0,10,20,50,1234,27,0.9545454545454546,0.269,0.21600000000000003,0.18358637685843565,nan
oracle,0.0,10,20,50,1234,28,1.1282051282051282,0.27799999999999997,0.19200000000000003,0.20864642302142303,nan
oracle,0.0,10,20,50,1234,29,1.1956521739130435,0.395,0.20399999999999996,0.1483011433011433,nan
oracle,0.0,10,20,50,1234,30,1.2285714285714286,0.2859999999999999,0.192,0.19318077755577753,nan
oracle,0.0,10,20,50,1234,31,0.9512195121951219,0.252,0.24600000000000005,0.1997219447219447,nan
oracle,0.0,10,20,50,1234,32,1.0975609756097562,0.30400000000000005,0.18600000000000005,0.21199934052875227,nan
oracle,0.0,10,20,50,1234,33,0.7058823529411765,0.272,0.22800000000000004,0.19290012683395036,nan
oracle,0.0,10,20,50,1234,34,1.3333333333333333,0.399,0.20400000000000001,0.1580278749028749,nan
oracle,0.0,10,20,50,1234,35,0.8,0.272,0.24000000000000005,0.176510434010434,nan
oracle,0.0,10,20,50,1234,36,0.8095238095238095,0.24100000000000002,0.276,0.19300979722032352,nan
oracle,0.0,10,20,50,1234,37,0.9148936170212766,0.284,0.19200000000000003,0.19801850926850925,nan
oracle,0.0,10,20,50,1234,38,0.6842105263157895,0.253,0.21000000000000005,0.1808172505598976,nan
oracle,0.0,10,20,50,1234,39,1.125,0.30200000000000005,0.27,0.14371878121878123,nan
oracle,0.0,10,20,50,1234,40,1.1333333333333333,0.351,0.19200000000000003,0.17288801476301474,nan
oracle,0.0,10,20,50,1234,41,0.7962962962962963,0.31399999999999995,0.22800000000000004,0.19312763625263624,nan
oracle,0.0,10,20,50,1234,42,0.9038461538461539,0.33199999999999996,0.23400000000000004,0.17123133810633817,nan
oracle,0.0,10,20,50,1234,43,0.6774193548387096,0.28200000000000003,0.21000000000000002,0.19591117216117215,nan
oracle,0.0,10,20,50,1234,44,1.2619047619047619,0.37,0.24600000000000008,0.1375850946439182,nan
oracle,0.0,10,20,50,1234,45,1.0975609756097562,0.305,0.20400000000000004,0.1766421772671773,nan
oracle,0.0,10,20,50,1234,46,0.9090909090909091,0.29300000000000004,0.19800000000000004,0.20871274558774555,nan
oracle,0.0,10,20,50,1234,47,1.054054054054054,0.24900000000000003,0.18,0.23220744533244536,nan
oracle,0.0,10,20,50,1234,48,1.0,0.31500000000000006,0.28200000000000003,0.14849066782890313,nan
oracle,0.0,10,20,50,1234,49,1.3658536585365855,0.397,0.192,0.1434998334998335,nan
cold_genie,0.0,10,20,50,1234,0,0.926829268292683,0.289,0.15600000000000006,0.20617895992896,0.03333333333333333
cold_genie,0.0,10,20,50,1234,1,0.9811320754716981,0.386,0.186,0.16058191808191807,0.03333333333333333
cold_genie,0.0,10,20,50,1234,2,1.0666666666666667,0.35800000000000004,0.14400000000000004,0.19127226939726938,0.03333333333333333
cold_genie,0.0,10,20,50,1234,3,0.9787234042553191,0.32600000000000007,0.2100000000000001,0.1597983470777588,0.03333333333333333
cold_genie,0.0,10,20,50,1234,4,0.8,0.253,0.17400000000000002,0.22453650516150514,0.03333333333333333
cold_genie,0.0,10,20,50,1234,5,0.8392857142857143,0.33799999999999997,0.174,0.15308670496170496,0.03333333333333333
cold_genie,0.0,10,20,50,1234,6,0.6607142857142857,0.25899999999999995,0.16200000000000006,0.21481414418914418,0.03333333333333333
cold_genie,0.0,10,20,50,1234,7,1.2564102564102564,0.3470000000000001,0.198,0.1791147741147741,0.03333333333333333
cold_genie,0.0,10,20,50,1234,8,1.1020408163265305,0.404,0.17400000000000004,0.15520927902506848,0.03333333333333333
cold_genie,0.0,10,20,50,1234,9,1.2093023255813953,0.393,0.13200000000000003,0.1815121683871684,0.03333333333333333
cold_genie,0.0,10,20,50,1234,10,0.9333333333333333,0.335,0.186,0.1815844572094572,0.03333333333333333
cold_genie,0.0,10,20,50,1234,11,1.0408163265306123,0.33,0.18600000000000003,0.17219662282162285,0.03333333333333333
cold_genie,0.0,10,20,50,1234,12,0.9772727272727273,0.28700000000000003,0.162,0.1989217155393626,0.03333333333333333
cold_genie,0.0,10,20,50,1234,13,0.9183673469387755,0.32800000000000007,0.11400000000000002,0.22158272283272282,0.03333333333333333
cold_genie,0.0,10,20,50,1234,14,0.9302325581395349,0.27499999999999997,0.21600000000000003,0.19425407925407923,0.03333333333333333
cold_genie,0.0,10,20,50,1234,15,1.1951219512195121,0.36000000000000004,0.15600000000000006,0.18897102897102894,0.03333333333333333
cold_genie,0.0,10,20,50,1234,16,0.803921568627451,0.31399999999999995,0.20400000000000004,0.17102897102897102,0.03333333333333333
cold_genie,0.0,10,20,50,1234,17,0.82,0.297,0.174,0.1964335664335664,0.03333333333333333
cold_genie,0.0,10,20,50,1234,18,0.88,0.33699999999999997,0.15600000000000006,0.1795950577200577,0.03333333333333333
cold_genie,0.0,10,20,50,1234,19,0.8043478260869565,0.24699999999999994,0.16800000000000007,0.21817973692973697,0.03333333333333333
cold_genie,0.0,10,20,50,1234,20,0.9183673469387755,0.2839999999999999,0.16799999999999998,0.20891539016539012,0.03333333333333333
cold_genie,0.0,10,20,50,1234,21,0.9183673469387755,0.316,0.15000000000000005,0.21280920468420467,0.03333333333333333
cold_genie,0.0,10,20,50,1234,22,1.0222222222222221,0.31200000000000006,0.16800000000000004,0.1804915917415917,0.03333333333333333
cold_genie,0.0,10,20,50,1234,23,0.6923076923076923,0.25599999999999995,0.198,0.2033312520812521,0.03333333333333333
cold_genie,0.0,10,20,50,1234,24,0.9767441860465116,0.29500000000000004,0.16800000000000007,0.20340430402930404,0.03333333333333333
cold_genie,0.0,10,20,50,1234,25,0.7017543859649122,0.30600000000000005,0.16800000000000004,0.20832119269619268,0.03333333333333333
cold_genie,0.0,10,20,50,1234,26,1.0232558139534884,0.33399999999999996,0.2160000000000001,0.1511766011766012,0.03333333333333333
cold_genie,0.0,10,20,50,1234,27,1.0454545454545454,0.322,0.168,0.18420954045954047,0.03333333333333333
cold_genie,0.0,10,20,50,1234,28,1.205128205128205,0.303,0.17400000000000004,0.18871406371406377,0.03333333333333333
cold_genie,0.0,10,20,50,1234,29,1.0869565217391304,0.368,0.168,0.18157529970029967,0.03333333333333333
cold_genie,0.0,10,20,50,1234,30,1.0857142857142856,0.244,0.19200000000000003,0.191397977022977,0.03333333333333333
cold_genie,0.0,10,20,50,1234,31,1.170731707317073,0.3709999999999999,0.17999999999999997,0.1795480214230214,0.03333333333333333
cold_genie,0.0,10,20,50,1234,32,1.3170731707317074,0.398,0.11400000000000002,0.19268967143967144,0.03333333333333333
cold_genie,0.0,10,20,50,1234,33,0.9411764705882353,0.3570000000000001,0.15600000000000006,0.18837690087690087,0.03333333333333333
cold_genie,0.0,10,20,50,1234,34,1.1025641025641026,0.31400000000000006,0.17400000000000002,0.19229855305513205,0.03333333333333333
cold_genie,0.0,10,20,50,1234,35,0.8909090909090909,0.34700000000000003,0.22800000000000004,0.15213869463869462,0.03333333333333333
cold_genie,0.0,10,20,50,1234,36,1.0714285714285714,0.31500000000000006,0.21000000000000002,0.1702298396048396,0.03333333333333333
cold_genie,0.0,10,20,50,1234,37,0.851063829787234,0.30700000000000005,0.13800000000000004,0.23785624098124095,0.03333333333333333
cold_genie,0.0,10,20,50,1234,38,0.7368421052631579,0.30599999999999994,0.162,0.20213452397275927,0.03333333333333333
cold_genie,0.0,10,20,50,1234,39,0.975,0.263,0.22800000000000004,0.1899474545062781,0.03333333333333333
cold_genie,0.0,10,20,50,1234,40,1.2,0.391,0.168,0.16353132978132978,0.03333333333333333
cold_genie,0.0,10,20,50,1234,41,0.8333333333333334,0.315,0.18600000000000005,0.1705371017871018,0.03333333333333333
cold_genie,0.0,10,20,50,1234,42,0.9230769230769231,0.322,0.21000000000000005,0.16010614385614386,0.03333333333333333
cold_genie,0.0,10,20,50,1234,43,0.7741935483870968,0.337,0.19799999999999998,0.16990828615828618,0.03333333333333333
cold_genie,0.0,10,20,50,1234,44,1.0714285714285714,0.338,0.15000000000000005,0.21619769119769114,0.03333333333333333
cold_genie,0.0,10,20,50,1234,45,1.0731707317073171,0.30699999999999994,0.18000000000000002,0.18804112554112554,0.03333333333333333
cold_genie,0.0,10,20,50,1234,46,1.0909090909090908,0.304,0.13200000000000003,0.19680503320209203,0.03333333333333333
cold_genie,0.0,10,20,50,1234,47,1.1891891891891893,0.3390000000000001,0.186,0.16693972693972695,0.03333333333333333
cold_genie,0.0,10,20,50,1234,48,0.8297872340425532,0.303,0.15600000000000003,0.21973332223332226,0.03333333333333333
cold_genie,0.0,10,20,50,1234,49,1.0975609756097562,0.31199999999999994,0.19200000000000003,0.17476467976467974,0.03333333333333333
cold_nv,0.0,10,20,50,1234,0,1.2195121951219512,0.364,0.048,0.3197292984792985,0.10000000000000002
cold_nv,0.0,10,20,50,1234,1,0.9245283018867925,0.36900000000000005,0.06600000000000002,0.30493686868686865,0.10000000000000002
cold_nv,0.0,10,20,50,1234,2,1.0444444444444445,0.36700000000000005,0.048,0.32985209235209234,0.10000000000000002
cold_nv,0.0,10,20,50,1234,3,0.9574468085106383,0.31500000000000006,0.078,0.3224252136752137,0.10000000000000002
cold_nv,0.0,10,20,50,1234,4,1.0,0.312,0.072,0.30786796536796535,0.10000000000000002
cold_nv,0.0,10,20,50,1234,5,0.8928571428571429,0.35900000000000004,0.08400000000000003,0.2709126984126984,0.10000000000000002
cold_nv,0.0,10,20,50,1234,6,1.0357142857142858,0.396,0.054000000000000006,0.275487012987013,0.10000000000000002
cold_nv,0.0,10,20,50,1234,7,1.5897435897435896,0.4040000000000001,0.036,0.28866341991341987,0.10000000000000002
cold_nv,0.0,10,20,50,1234,8,0.8571428571428571,0.30999999999999994,0.09000000000000001,0.33234307359307363,0.10000000000000002
cold_nv,0.0,10,20,50,1234,9,1.302325581395349,0.406,0.06000000000000001,0.2932810245310245,0.10000000000000002
cold_nv,0.0,10,20,50,1234,10,1.1333333333333333,0.36600000000000005,0.078,0.2745977633477633,0.10000000000000002
cold_nv,0.0,10,20,50,1234,11,1.0816326530612246,0.391,0.072,0.28606046731046736,0.10000000000000002
cold_nv,0.0,10,20,50,1234,12,1.1590909090909092,0.37499999999999994,0.041999999999999996,0.31583874458874456,0.10000000000000002
cold_nv,0.0,10,20,50,1234,13,0.9183673469387755,0.3410000000000001,0.054000000000000006,0.3272799422799423,0.10000000000000002
cold_nv,0.0,10,20,50,1234,14,1.0,0.31599999999999995,0.06599999999999999,0.3241559829059829,0.10000000000000002
cold_nv,0.0,10,20,50,1234,15,1.2439024390243902,0.38300000000000006,0.036,0.33355158730158735,0.10000000000000002
cold_nv,0.0,10,20,50,1234,16,0.9803921568627451,0.364,0.048,0.32298340548340554,0.10000000000000002
cold_nv,0.0,10,20,50,1234,17,1.04,0.3950000000000001,0.048,0.3072159784659785,0.10000000000000002
cold_nv,0.0,10,20,50,1234,18,1.12,0.4010000000000001,0.048,0.32629329004329005,0.10000000000000002
cold_nv,0.0,10,20,50,1234,19,1.0869565217391304,0.35,0.08400000000000003,0.3153391053391053,0.10000000000000002
cold_nv,0.0,10,20,50,1234,20,1.0612244897959184,0.332,0.041999999999999996,0.31483086358086354,0.10000000000000002
cold_nv,0.0,10,20,50,1234,21,1.2653061224489797,0.43400000000000005,0.054000000000000006,0.27375901875901876,0.10000000000000002
cold_nv,0.0,10,20,50,1234,22,1.1333333333333333,0.376,0.06600000000000002,0.3282936507936508,0.10000000000000002
cold_nv,0.0,10,20,50,1234,23,1.0769230769230769,0.3990000000000001,0.054000000000000006,0.30053210678210684,0.10000000000000002
cold_nv,0.0,10,20,50,1234,24,1.0930232558139534,0.359,0.054000000000000006,0.34375,0.10000000000000002
cold_nv,0.0,10,20,50,1234,25,1.0175438596491229,0.397,0.084,0.2505029692529693,0.10000000000000002
cold_nv,0.0,10,20,50,1234,26,1.2325581395348837,0.355,0.054000000000000006,0.29812770562770563,0.10000000000000002
cold_nv,0.0,10,20,50,1234,27,0.9318181818181818,0.29000000000000004,0.03,0.41284077034077027,0.10000000000000002
cold_nv,0.0,10,20,50,1234,28,1.2820512820512822,0.35300000000000004,0.06600000000000002,0.2829295704295704,0.10000000000000002
cold_nv,0.0,10,20,50,1234,29,1.065217391304348,0.343,0.06000000000000001,0.32672799422799426,0.10000000000000002
cold_nv,0.0,10,20,50,1234,30,1.4857142857142858,0.367,0.072,0.3276082251082251,0.10000000000000002
cold_nv,0.0,10,20,50,1234,31,1.1951219512195121,0.34,0.07200000000000002,0.325050505050505,0.10000000000000002
cold_nv,0.0,10,20,50,1234,32,1.2926829268292683,0.38200000000000006,0.06599999999999999,0.27415584415584415,0.10000000000000002
cold_nv,0.0,10,20,50,1234,33,0.8823529411764706,0.31300000000000006,0.06000000000000001,0.34130411255411264,0.10000000000000002
cold_nv,0.0,10,20,50,1234,34,1.3846153846153846,0.3530000000000001,0.048,0.30757853257853257,0.10000000000000002
cold_nv,0.0,10,20,50,1234,35,1.018181818181818,0.396,0.048,0.2930050505050505,0.10000000000000002
cold_nv,0.0,10,20,50,1234,36,1.2619047619047619,0.34199999999999997,0.03,0.3594473581973582,0.10000000000000002
cold_nv,0.0,10,20,50,1234,37,1.0212765957446808,0.37,0.06000000000000001,0.34420634920634924,0.10000000000000002
cold_nv,0.0,10,20,50,1234,38,0.8421052631578947,0.344,0.06600000000000002,0.3102422577422577,0.10000000000000002
cold_nv,0.0,10,20,50,1234,39,1.4,0.41900000000000004,0.048,0.28256132756132757,0.10000000000000002
cold_nv,0.0,10,20,50,1234,40,1.1333333333333333,0.368,0.054000000000000006,0.31312049062049063,0.10000000000000002
cold_nv,0.0,10,20,50,1234,41,0.7592592592592593,0.33199999999999996,0.054000000000000006,0.3467139804639804,0.10000000000000002
cold_nv,0.0,10,20,50,1234,42,1.0192307692307692,0.362,0.036,0.3186420523920524,0.10000000000000002
cold_nv,0.0,10,20,50,1234,43,0.8225806451612904,0.366,0.06000000000000001,0.31691960816960807,0.10000000000000002
cold_nv,0.0,10,20,50,1234,44,1.1666666666666667,0.31999999999999995,0.036,0.35405844155844146,0.10000000000000002
cold_nv,0.0,10,20,50,1234,45,1.3658536585365855,0.406,0.10200000000000001,0.24609487734487737,0.10000000000000002
cold_nv,0.0,10,20,50,1234,46,1.25,0.36899999999999994,0.054000000000000006,0.329673520923521,0.10000000000000002
cold_nv,0.0,10,20,50,1234,47,1.2432432432432432,0.31300000000000006,0.03,0.3858552558552558,0.10000000000000002
cold_nv,0.0,10,20,50,1234,48,1.0212765957446808,0.321,0.054000000000000006,0.31936507936507935,0.10000000000000002
cold_nv,0.0,10,20,50,1234,49,1.1951219512195121,0.37499999999999994,0.054000000000000006,0.3185353535353535,0.10000000000000002
cold_high,0.0,10,20,50,1234,0,0.24390243902439024,0.05,0.0,0.8566666666666668,0.5
cold_high,0.0,10,20,50,1234,1,0.1509433962264151,0.051000000000000004,0.0,0.8523809523809524,0.5
cold_high,0.0,10,20,50,1234,2,0.28888888888888886,0.062,0.0,0.8523809523809524,0.5
cold_high,0.0,10,20,50,1234,3,0.23404255319148937,0.043,0.0,0.856904761904762,0.5
cold_high,0.0,10,20,50,1234,4,0.26666666666666666,0.06200000000000001,0.0,0.875,0.5
cold_high,0.0,10,20,50,1234,5,0.14285714285714285,0.044,0.0,0.8716666666666668,0.5
cold_high,0.0,10,20,50,1234,6,0.16071428571428573,0.061,0.0,0.8916666666666666,0.5
cold_high,0.0,10,20,50,1234,7,0.3333333333333333,0.06100000000000001,0.0,0.8580357142857142,0.5
cold_high,0.0,10,20,50,1234,8,0.16326530612244897,0.03,0.0,0.8448214285714286,0.5
cold_high,0.0,10,20,50,1234,9,0.23255813953488372,0.05700000000000001,0.0,0.8890476190476193,0.5
cold_high,0.0,10,20,50,1234,10,0.24444444444444444,0.06100000000000001,0.0,0.8004761904761907,0.5
cold_high,0.0,10,20,50,1234,11,0.24489795918367346,0.055000000000000014,0.0,0.8552380952380954,0.5
cold_high,0.0,10,20,50,1234,12,0.20454545454545456,0.048,0.0,0.8802380952380953,0.5
cold_high,0.0,10,20,50,1234,13,0.1836734693877551,0.045,0.0,0.864107142857143,0.5
cold_high,0.0,10,20,50,1234,14,0.20930232558139536,0.04,0.0,0.8483333333333333,0.5
cold_high,0.0,10,20,50,1234,15,0.1951219512195122,0.05600000000000001,0.0,0.875,0.5
cold_high,0.0,10,20,50,1234,16,0.2549019607843137,0.06899999999999999,0.0,0.8327380952380953,0.5
cold_high,0.0,10,20,50,1234,17,0.14,0.030000000000000006,0.0,0.8757142857142858,0.5
cold_high,0.0,10,20,50,1234,18,0.2,0.06200000000000001,0.0,0.8767857142857143,0.5
cold_high,0.0,10,20,50,1234,19,0.2391304347826087,0.053000000000000005,0.0,0.8786309523809525,0.5
cold_high,0.0,10,20,50,1234,20,0.16326530612244897,0.049,0.0,0.8975,0.5
cold_high,0.0,10,20,50,1234,21,0.12244897959183673,0.025,0.0,0.9030952380952382,0.5
cold_high,0.0,10,20,50,1234,22,0.2222222222222222,0.043,0.0,0.8489285714285714,0.5
cold_high,0.0,10,20,50,1234,23,0.17307692307692307,0.047,0.0,0.8847619047619049,0.5
cold_high,0.0,10,20,50,1234,24,0.13953488372093023,0.038,0.0,0.9302380952380954,0.5
cold_high,0.0,10,20,50,1234,25,0.17543859649122806,0.062,0.0,0.8808333333333336,0.5
cold_high,0.0,10,20,50,1234,26,0.18604651162790697,0.041999999999999996,0.0,0.8751190476190477,0.5
cold_high,0.0,10,20,50,1234,27,0.09090909090909091,0.017,0.0,0.9466666666666669,0.5
cold_high,0.0,10,20,50,1234,28,0.358974358974359,0.06899999999999999,0.006,0.8404761904761905,0.5
cold_high,0.0,10,20,50,1234,29,0.2391304347826087,0.048,0.0,0.8625,0.5
cold_high,0.0,10,20,50,1234,30,0.34285714285714286,0.064,0.0,0.8526190476190477,0.5
cold_high,0.0,10,20,50,1234,31,0.17073170731707318,0.029000000000000005,0.0,0.8742857142857143,0.5
cold_high,0.0,10,20,50,1234,32,0.2926829268292683,0.064,0.0,0.8571428571428571,0.5
cold_high,0.0,10,20,50,1234,33,0.09803921568627451,0.026000000000000002,0.0,0.9052380952380954,0.5
cold_high,0.0,10,20,50,1234,34,0.3076923076923077,0.06200000000000001,0.006,0.7997619047619048,0.5
cold_high,0.0,10,20,50,1234,35,0.2,0.04200000000000001,0.0,0.8647619047619051,0.5
cold_high,0.0,10,20,50,1234,36,0.38095238095238093,0.074,0.0,0.7997023809523809,0.5
cold_high,0.0,10,20,50,1234,37,0.1276595744680851,0.037,0.0,0.9228571428571429,0.5
cold_high,0.0,10,20,50,1234,38,0.15789473684210525,0.046000000000000006,0.0,0.8754761904761905,0.5
cold_high,0.0,10,20,50,1234,39,0.15,0.026000000000000002,0.0,0.8752380952380951,0.5
cold_high,0.0,10,20,50,1234,40,0.2,0.05700000000000001,0.0,0.8652380952380954,0.5
cold_high,0.0,10,20,50,1234,41,0.2037037037037037,0.075,0.0,0.8732142857142857,0.5
cold_high,0.0,10,20,50,1234,42,0.17307692307692307,0.044000000000000004,0.0,0.8860714285714286,0.5
cold_high,0.0,10,20,50,1234,43,0.16129032258064516,0.049,0.0,0.9066666666666666,0.5
cold_high,0.0,10,20,50,1234,44,0.23809523809523808,0.052000000000000005,0.0,0.8582142857142859,0.5
cold_high,0.0,10,20,50,1234,45,0.2926829268292683,0.084,0.0,0.8298809523809524,0.5
cold_high,0.0,10,20,50,1234,46,0.20454545454545456,0.045,0.0,0.8977976190476191,0.5
cold_high,0.0,10,20,50,1234,47,0.1891891891891892,0.042,0.0,0.8752380952380954,0.5
cold_high,0.0,10,20,50,1234,48,0.2127659574468085,0.054000000000000006,0.0,0.8714285714285716,0.5
cold_high,0.0,10,20,50,1234,49,0.24390243902439024,0.045,0.0,0.8380952380952383,0.5
warm_nv,0.0,10,20,50,1234,0,1.3170731707317074,0.414,0.078,0.2760209235209235,0.10000000000000002
warm_nv,0.0,10,20,50,1234,1,0.8867924528301887,0.334,0.041999999999999996,0.3435353535353536,0.11495437481481485
warm_nv,0.0,10,20,50,1234,2,1.0222222222222221,0.36,0.018,0.37141414141414136,0.12984786666666664
warm_nv,0.0,10,20,50,1234,3,1.0851063829787233,0.33400000000000013,0.048,0.36872266622266625,0.15146461973333333
warm_nv,0.0,10,20,50,1234,4,1.0444444444444445,0.35700000000000004,0.03,0.43643217893217895,0.14551444195555557
warm_nv,0.0,10,20,50,1234,5,0.9821428571428571,0.402,0.048,0.33054473304473303,0.13036715200000001
warm_nv,0.0,10,20,50,1234,6,0.8392857142857143,0.31099999999999994,0.07200000000000002,0.3386489898989899,0.13112207644444446
warm_nv,0.0,10,20,50,1234,7,1.0769230769230769,0.292,0.036,0.4279184704184704,0.13818307691851853
warm_nv,0.0,10,20,50,1234,8,1.0408163265306123,0.366,0.036,0.3823268398268398,0.135852514691358
warm_nv,0.0,10,20,50,1234,9,1.0465116279069768,0.31900000000000006,0.03,0.4035858585858586,0.14326778169563786
warm_nv,0.0,10,20,50,1234,10,0.9777777777777777,0.327,0.048,0.34756673881673883,0.13205774755555555
warm_nv,0.0,10,20,50,1234,11,0.8979591836734694,0.305,0.024,0.43106421356421354,0.14177932162962964
warm_nv,0.0,10,20,50,1234,12,1.1818181818181819,0.382,0.018,0.358226911976912,0.14524421350617284
warm_nv,0.0,10,20,50,1234,13,0.7755102040816326,0.242,0.018,0.4994823232323233,0.14250604000000003
warm_nv,0.0,10,20,50,1234,14,0.8837209302325582,0.261,0.03,0.4062042124542124,0.11430669333333332
warm_nv,0.0,10,20,50,1234,15,1.048780487804878,0.3390000000000001,0.054000000000000006,0.38082958707958714,0.1247083305687243
warm_nv,0.0,10,20,50,1234,16,0.9607843137254902,0.368,0.06599999999999999,0.3485760073260073,0.1348985940493827
warm_nv,0.0,10,20,50,1234,17,0.84,0.317,0.041999999999999996,0.40366203241203247,0.13166648800082303
warm_nv,0.0,10,20,50,1234,18,0.94,0.31800000000000006,0.036,0.36649891774891774,0.13727413160493832
warm_nv,0.0,10,20,50,1234,19,0.782608695652174,0.24800000000000005,0.048,0.4692388167388167,0.13492970595555556
warm_nv,0.0,10,20,50,1234,20,1.183673469387755,0.39799999999999996,0.048,0.2969805194805194,0.11180311111111112
warm_nv,0.0,10,20,50,1234,21,0.7551020408163265,0.25200000000000006,0.036,0.4410281385281384,0.13336477736296293
warm_nv,0.0,10,20,50,1234,22,1.2,0.365,0.024,0.35625360750360746,0.13086600237037038
warm_nv,0.0,10,20,50,1234,23,1.0384615384615385,0.36899999999999994,0.06600000000000002,0.3383152958152958,0.12681767140740743
warm_nv,0.0,10,20,50,1234,24,1.1627906976744187,0.363,0.041999999999999996,0.3609559884559884,0.13019666474074076
warm_nv,0.0,10,20,50,1234,25,0.8596491228070176,0.35800000000000004,0.018,0.39030303030303026,0.1175193555555556
warm_nv,0.0,10,20,50,1234,26,1.302325581395349,0.393,0.041999999999999996,0.31709998334998335,0.11425840000000002
warm_nv,0.0,10,20,50,1234,27,1.1818181818181819,0.344,0.024,0.35919844044844035,0.12177146829629634
warm_nv,0.0,10,20,50,1234,28,1.205128205128205,0.3490000000000001,0.018,0.38595238095238094,0.1270061597160494
warm_nv,0.0,10,20,50,1234,29,0.8043478260869565,0.26400000000000007,0.054000000000000006,0.39429653679653676,0.1214968539506173
warm_nv,0.0,10,20,50,1234,30,1.3428571428571427,0.3360000000000001,0.03,0.3656547619047618,0.11929586679012347
warm_nv,0.0,10,20,50,1234,31,1.0,0.27899999999999997,0.054000000000000006,0.3771625596625596,0.12106743792592597
warm_nv,0.0,10,20,50,1234,32,1.2926829268292683,0.366,0.03,0.3235443722943723,0.1254775306666667
warm_nv,0.0,10,20,50,1234,33,1.1176470588235294,0.39299999999999996,0.041999999999999996,0.31867063492063485,0.11739070641975313
warm_nv,0.0,10,20,50,1234,34,1.2564102564102564,0.36,0.048,0.34523809523809523,0.11876285617283955
warm_nv,0.0,10,20,50,1234,35,0.8545454545454545,0.326,0.066,0.31492965367965364,0.12630537693827162
warm_nv,0.0,10,20,50,1234,36,1.119047619047619,0.3330000000000001,0.03,0.390501443001443,0.12863867111111116
warm_nv,0.0,10,20,50,1234,37,1.0425531914893618,0.362,0.054000000000000006,0.3601352813852813,0.12299021262222225
warm_nv,0.0,10,20,50,1234,38,0.8245614035087719,0.30900000000000005,0.054000000000000006,0.33691239316239313,0.12059478459259262
warm_nv,0.0,10,20,50,1234,39,1.2,0.322,0.06000000000000001,0.3793506493506494,0.13412833422222226
warm_nv,0.0,10,20,50,1234,40,0.9777777777777777,0.31700000000000006,0.048,0.3752795815295815,0.12956957530864197
warm_nv,0.0,10,20,50,1234,41,1.037037037037037,0.4000000000000001,0.07200000000000002,0.3048525086025086,0.12938965857503434
warm_nv,0.0,10,20,50,1234,42,0.8076923076923077,0.2820000000000001,0.06000000000000001,0.3731998556998557,0.12591567029286696
warm_nv,0.0,10,20,50,1234,43,0.7258064516129032,0.29400000000000004,0.018,0.4069137806637807,0.13849578711111116
warm_nv,0.0,10,20,50,1234,44,1.0952380952380953,0.315,0.054000000000000006,0.40362554112554105,0.1317577632592593
warm_nv,0.0,10,20,50,1234,45,1.024390243902439,0.311,0.06000000000000001,0.3970797258297258,0.12766574580246917
warm_nv,0.0,10,20,50,1234,46,1.2954545454545454,0.379,0.048,0.32322059884559884,0.1279760686034568
warm_nv,0.0,10,20,50,1234,47,1.1891891891891893,0.31200000000000006,0.03,0.42298701298701297,0.13376315525925928
warm_nv,0.0,10,20,50,1234,48,1.1063829787234043,0.37900000000000006,0.054000000000000006,0.3416738816738817,0.13119573866666673
warm_nv,0.0,10,20,50,1234,49,1.1219512195121952,0.317,0.03,0.39644771894771896,0.1324370266666667
warm_high,0.0,10,20,50,1234,0,0.3902439024390244,0.06900000000000002,0.0,0.8183333333333334,0.5
warm_high,0.0,10,20,50,1234,1,0.37735849056603776,0.14300000000000004,0.0,0.7301190476190477,0.3262178497942388
warm_high,0.0,10,20,50,1234,2,0.8222222222222222,0.27,0.018,0.5374206349206349,0.23704702592735488
warm_high,0.0,10,20,50,1234,3,0.6808510638297872,0.23200000000000004,0.012,0.539352453102453,0.18582572449264864
warm_high,0.0,10,20,50,1234,4,1.0666666666666667,0.35100000000000003,0.06,0.38365800865800864,0.1497630926085391
warm_high,0.0,10,20,50,1234,5,0.6607142857142857,0.267,0.06600000000000002,0.43248737373737367,0.1410483513543175
warm_high,0.0,10,20,50,1234,6,0.8928571428571429,0.328,0.054000000000000006,0.3645869408369408,0.13313066444783944
warm_high,0.0,10,20,50,1234,7,1.1025641025641026,0.28900000000000003,0.066,0.39915515040515037,0.13925581866261527
warm_high,0.0,10,20,50,1234,8,0.8775510204081632,0.27899999999999997,0.012,0.40229076479076475,0.1347672698589925
warm_high,0.0,10,20,50,1234,9,0.9302325581395349,0.321,0.024,0.4213780663780663,0.14490054037378042
warm_high,0.0,10,20,50,1234,10,1.0888888888888888,0.384,0.024,0.37830086580086586,0.13871920535237206
warm_high,0.0,10,20,50,1234,11,0.7551020408163265,0.28600000000000003,0.018,0.41728896103896107,0.13619704992865217
warm_high,0.0,10,20,50,1234,12,1.1590909090909092,0.3589999999999999,0.024,0.40427128427128417,0.13282187186606242
warm_high,0.0,10,20,50,1234,13,0.8367346938775511,0.29100000000000004,0.018,0.48482503607503613,0.14742206039290467
warm_high,0.0,10,20,50,1234,14,1.0,0.3249999999999999,0.03,0.37333874458874455,0.12653178953204874
warm_high,0.0,10,20,50,1234,15,1.0731707317073171,0.321,0.03,0.3994516594516594,0.12476687014691926
warm_high,0.0,10,20,50,1234,16,1.0,0.337,0.018,0.3518936618936618,0.12164762439527628
warm_high,0.0,10,20,50,1234,17,0.76,0.27399999999999997,0.06,0.39771645021645013,0.12694975936721314
warm_high,0.0,10,20,50,1234,18,0.98,0.34700000000000003,0.03,0.3500883838383838,0.12458806107520715
warm_high,0.0,10,20,50,1234,19,1.0217391304347827,0.34800000000000003,0.024,0.36240259740259745,0.13450829328808012
warm_high,0.0,10,20,50,1234,20,0.9183673469387755,0.297,0.036,0.3916183816183816,0.1444591545968885
warm_high,0.0,10,20,50,1234,21,0.8163265306122449,0.274,0.06600000000000002,0.38875000000000004,0.1377974115058696
warm_high,0.0,10,20,50,1234,22,0.8444444444444444,0.23800000000000004,0.06000000000000001,0.4181943056943057,0.13204050992235578
warm_high,0.0,10,20,50,1234,23,0.8461538461538461,0.27299999999999996,0.06,0.4105970418470418,0.12943078813733086
warm_high,0.0,10,20,50,1234,24,1.0,0.319,0.054000000000000006,0.3736670274170274,0.12115115192665737
warm_high,0.0,10,20,50,1234,25,0.9122807017543859,0.41100000000000003,0.054000000000000006,0.33607683982683983,0.1343407206462803
warm_high,0.0,10,20,50,1234,26,1.0232558139534884,0.328,0.006,0.4118849206349206,0.1394699401803213
warm_high,0.0,10,20,50,1234,27,0.9090909090909091,0.28300000000000003,0.054000000000000006,0.3813239538239538,0.13226637519769155
warm_high,0.0,10,20,50,1234,28,1.1025641025641026,0.308,0.03,0.4388203463203464,0.12700995946064128
warm_high,0.0,10,20,50,1234,29,0.9782608695652174,0.323,0.012,0.3950396825396826,0.12004618398947728
warm_high,0.0,10,20,50,1234,30,1.6285714285714286,0.44000000000000006,0.054000000000000006,0.28154040404040404,0.10924187081403414
warm_high,0.0,10,20,50,1234,31,1.048780487804878,0.33,0.06000000000000001,0.33448953823953825,0.12520963002591182
warm_high,0.0,10,20,50,1234,32,1.170731707317073,0.37400000000000005,0.018,0.4266468253968254,0.12737095984999458
warm_high,0.0,10,20,50,1234,33,1.0784313725490196,0.3710000000000001,0.024,0.35359307359307357,0.13070810092738344
warm_high,0.0,10,20,50,1234,34,0.9743589743589743,0.26699999999999996,0.06600000000000002,0.4058080808080808,0.14147684570757021
warm_high,0.0,10,20,50,1234,35,0.9454545454545454,0.37500000000000006,0.041999999999999996,0.3495238095238095,0.13393839564398236
warm_high,0.0,10,20,50,1234,36,1.0714285714285714,0.31000000000000005,0.06000000000000001,0.37375541125541123,0.13910983704420632
warm_high,0.0,10,20,50,1234,37,1.0638297872340425,0.3509999999999999,0.036,0.4149999999999999,0.14309498377042457
warm_high,0.0,10,20,50,1234,38,0.8070175438596491,0.31999999999999995,0.041999999999999996,0.37830627705627706,0.13378495043386987
warm_high,0.0,10,20,50,1234,39,0.85,0.24000000000000005,0.036,0.4391558441558442,0.12271124417558674
warm_high,0.0,10,20,50,1234,40,0.8444444444444444,0.24900000000000003,0.054000000000000006,0.37554639804639806,0.11168736406449786
warm_high,0.0,10,20,50,1234,41,0.7592592592592593,0.30500000000000005,0.054000000000000006,0.3910425685425686,0.1298080992421284
warm_high,0.0,10,20,50,1234,42,1.0,0.379,0.048,0.36058080808080806,0.13429440448197397
warm_high,0.0,10,20,50,1234,43,0.6935483870967742,0.29900000000000004,0.036,0.38752095127095126,0.1413572659969895
warm_high,0.0,10,20,50,1234,44,1.380952380952381,0.43099999999999994,0.024,0.3263293650793651,0.13580319612626635
warm_high,0.0,10,20,50,1234,45,0.8536585365853658,0.23000000000000004,0.066,0.41593156843156837,0.13655798777347308
warm_high,0.0,10,20,50,1234,46,1.25,0.36600000000000005,0.03,0.33789682539682536,0.13157302500692786
warm_high,0.0,10,20,50,1234,47,1.4054054054054055,0.349,0.024,0.4174206349206349,0.1471590945048904
warm_high,0.0,10,20,50,1234,48,0.9787234042553191,0.34099999999999997,0.024,0.4225865800865801,0.1318622848747704
warm_high,0.0,10,20,50,1234,49,1.1219512195121952,0.3490000000000001,0.03,0.41002705627705627,0.13649680429049577
dcf_conv,0.0,10,20,50,1234,0,0.6585365853658537,0.20800000000000002,0.15600000000000006,0.2220661201543554,nan
dcf_conv,0.0,10,20,50,1234,1,0.4528301886792453,0.15400000000000003,0.19800000000000004,0.23297286047286048,nan
dcf_conv,0.0,10,20,50,1234,2,0.5111111111111111,0.17700000000000002,0.21600000000000003,0.22719329281829284,nan
dcf_conv,0.0,10,20,50,1234,3,0.5957446808510638,0.21000000000000005,0.186,0.22189893439893438,nan
dcf_conv,0.0,10,20,50,1234,4,0.8222222222222222,0.279,0.13800000000000004,0.21570789504613036,nan
dcf_conv,0.0,10,20,50,1234,5,0.6785714285714286,0.28700000000000003,0.12000000000000002,0.21105172605172604,nan
dcf_conv,0.0,10,20,50,1234,6,0.6428571428571429,0.26,0.15600000000000006,0.19854472110277063,nan
dcf_conv,0.0,10,20,50,1234,7,0.7692307692307693,0.20700000000000002,0.162,0.2318537630669983,nan
dcf_conv,0.0,10,20,50,1234,8,0.673469387755102,0.244,0.18600000000000003,0.19698404944728473,nan
dcf_conv,0.0,10,20,50,1234,9,0.6744186046511628,0.194,0.16200000000000006,0.2297542653425006,nan
dcf_conv,0.0,10,20,50,1234,10,0.5777777777777777,0.20500000000000002,0.18,0.20783977052359406,nan
dcf_conv,0.0,10,20,50,1234,11,0.46938775510204084,0.181,0.13800000000000004,0.25441620879120874,nan
dcf_conv,0.0,10,20,50,1234,12,0.6818181818181818,0.22900000000000004,0.15600000000000006,0.23326118326118322,nan
dcf_conv,0.0,10,20,50,1234,13,0.40816326530612246,0.15699999999999997,0.20399999999999996,0.24118808887191237,nan
dcf_conv,0.0,10,20,50,1234,14,0.7209302325581395,0.23800000000000007,0.13200000000000003,0.217940017498841,nan
dcf_conv,0.0,10,20,50,1234,15,0.8292682926829268,0.263,0.18,0.20475857475857479,nan
dcf_conv,0.0,10,20,50,1234,16,0.43137254901960786,0.158,0.21600000000000005,0.23002561164325872,nan
dcf_conv,0.0,10,20,50,1234,17,0.76,0.266,0.15600000000000006,0.20709498834498835,nan
dcf_conv,0.0,10,20,50,1234,18,0.5,0.19200000000000003,0.15,0.25386308136308133,nan
dcf_conv,0.0,10,20,50,1234,19,0.5217391304347826,0.18299999999999997,0.2040000000000001,0.2255336330336331,nan
dcf_conv,0.0,10,20,50,1234,20,0.5306122448979592,0.18700000000000003,0.138,0.24713633588633593,nan
dcf_conv,0.0,10,20,50,1234,21,0.673469387755102,0.21000000000000005,0.19200000000000003,0.201189129497953,nan
dcf_conv,0.0,10,20,50,1234,22,0.5111111111111111,0.13199999999999998,0.162,0.2487476330858684,nan
dcf_conv,0.0,10,20,50,1234,23,0.36538461538461536,0.138,0.12600000000000003,0.27727217227217216,nan
dcf_conv,0.0,10,20,50,1234,24,0.627906976744186,0.182,0.15600000000000003,0.26305548618048613,nan
dcf_conv,0.0,10,20,50,1234,25,0.5087719298245614,0.21399999999999997,0.22800000000000006,0.19241591741591746,nan
dcf_conv,0.0,10,20,50,1234,26,0.627906976744186,0.199,0.17400000000000004,0.22448711011211014,nan
dcf_conv,0.0,10,20,50,1234,27,0.5227272727272727,0.14700000000000005,0.162,0.25235708735708734,nan
dcf_conv,0.0,10,20,50,1234,28,0.8974358974358975,0.2700000000000001,0.17400000000000002,0.18712587249351958,nan
dcf_conv,0.0,10,20,50,1234,29,0.717391304347826,0.24500000000000002,0.15600000000000003,0.22429528804528803,nan
dcf_conv,0.0,10,20,50,1234,30,0.8571428571428571,0.20400000000000001,0.144,0.24103210514975223,nan
dcf_conv,0.0,10,20,50,1234,31,0.5121951219512195,0.14500000000000002,0.162,0.2565590781767252,nan
dcf_conv,0.0,10,20,50,1234,32,0.7317073170731707,0.25000000000000006,0.15600000000000003,0.2241117216117216,nan
dcf_conv,0.0,10,20,50,1234,33,0.6666666666666666,0.25500000000000006,0.12000000000000004,0.21134365634365637,nan
dcf_conv,0.0,10,20,50,1234,34,0.8717948717948718,0.25799999999999995,0.16200000000000003,0.20147179209679217,nan
dcf_conv,0.0,10,20,50,1234,35,0.6181818181818182,0.231,0.17400000000000002,0.1959434315684316,nan
dcf_conv,0.0,10,20,50,1234,36,0.42857142857142855,0.12400000000000003,0.17400000000000002,0.2809866930455165,nan
dcf_conv,0.0,10,20,50,1234,37,0.574468085106383,0.198,0.096,0.2627639027639027,nan
dcf_conv,0.0,10,20,50,1234,38,0.49122807017543857,0.20800000000000005,0.168,0.21577278715436615,nan
dcf_conv,0.0,10,20,50,1234,39,0.775,0.20799999999999996,0.21000000000000002,0.1967572133748604,nan
dcf_conv,0.0,10,20,50,1234,40,0.6,0.2,0.16800000000000007,0.23025523088023087,nan
dcf_conv,0.0,10,20,50,1234,41,0.6851851851851852,0.251,0.16800000000000007,0.18977168664668667,nan
dcf_conv,0.0,10,20,50,1234,42,0.5,0.178,0.18000000000000008,0.22759657009657014,nan
dcf_conv,0.0,10,20,50,1234,43,0.3225806451612903,0.15600000000000003,0.21600000000000003,0.22303384115884115,nan
dcf_conv,0.0,10,20,50,1234,44,0.9761904761904762,0.299,0.15000000000000002,0.20168081918081918,nan
dcf_conv,0.0,10,20,50,1234,45,0.6829268292682927,0.16800000000000004,0.14400000000000004,0.2379793123543124,nan
dcf_conv,0.0,10,20,50,1234,46,0.7272727272727273,0.201,0.12600000000000003,0.25130269949348893,nan
dcf_conv,0.0,10,20,50,1234,47,1.1081081081081081,0.2739999999999999,0.15600000000000006,0.1847427898898487,nan
dcf_conv,0.0,10,20,50,1234,48,0.7021276595744681,0.20400000000000001,0.16800000000000004,0.21178757925081454,nan
dcf_conv,0.0,10,20,50,1234,49,0.5609756097560976,0.17600000000000005,0.162,0.24477336389101095,nan
