access,w_eff,n_vis,n_nat,arm,eps,T,rho,tau0
rts,210,5,0,cold_w,0.008,0.4644,1.0,0.004762
rts,210,5,0,cold_w,0.01041,0.46935,1.0,0.004762
rts,210,5,0,cold_w,0.01356,0.50381,1.0,0.004762
rts,210,5,0,cold_w,0.01765,0.49438,1.0,0.004762
rts,210,5,0,cold_w,0.02297,0.52175,1.0,0.004762
rts,210,5,0,cold_w,0.02991,0.54264,1.0,0.004762
rts,210,5,0,cold_w,0.03893,0.57607,1.0,0.004762
rts,210,5,0,cold_w,0.05068,0.59567,1.0,0.004762
rts,210,5,0,cold_w,0.06597,0.62552,1.0,0.004762
rts,210,5,0,cold_w,0.08588,0.63883,1.0,0.004762
rts,210,5,0,cold_w,0.11179,0.64992,1.0,0.004762
rts,210,5,0,cold_w,0.14552,0.66883,1.0,0.004762
rts,210,5,0,cold_w,0.18944,0.67605,1.0,0.004762
rts,210,5,0,cold_w,0.2466,0.68958,1.0,0.004762
rts,210,5,0,cold_w,0.32102,0.68119,1.0,0.004762
rts,210,5,0,cold_w,0.41788,0.68085,1.0,0.004762
rts,210,5,0,cold_w,0.54399,0.66754,1.0,0.004762
rts,210,5,0,cold_w,0.70814,0.65885,1.0,0.004762
rts,210,5,0,cold_w,0.92183,0.6447,1.0,0.004762
rts,210,5,0,cold_w,1.2,0.59534,1.0,0.004762
rts,210,5,0,cold_nv,0.008,0.69222,1.0,0.2
rts,210,5,0,cold_nv,0.01041,0.69284,1.0,0.2
rts,210,5,0,cold_nv,0.01356,0.69141,1.0,0.2
rts,210,5,0,cold_nv,0.01765,0.68937,1.0,0.2
rts,210,5,0,cold_nv,0.02297,0.68575,1.0,0.2
rts,210,5,0,cold_nv,0.02991,0.68016,1.0,0.2
rts,210,5,0,cold_nv,0.03893,0.68952,1.0,0.2
rts,210,5,0,cold_nv,0.05068,0.68198,1.0,0.2
rts,210,5,0,cold_nv,0.06597,0.68819,1.0,0.2
rts,210,5,0,cold_nv,0.08588,0.68056,1.0,0.2
rts,210,5,0,cold_nv,0.11179,0.68413,1.0,0.2
rts,210,5,0,cold_nv,0.14552,0.6805,1.0,0.2
rts,210,5,0,cold_nv,0.18944,0.68077,1.0,0.2
rts,210,5,0,cold_nv,0.2466,0.6704,1.0,0.2
rts,210,5,0,cold_nv,0.32102,0.66476,1.0,0.2
rts,210,5,0,cold_nv,0.41788,0.65403,1.0,0.2
rts,210,5,0,cold_nv,0.54399,0.63786,1.0,0.2
rts,210,5,0,cold_nv,0.70814,0.62976,1.0,0.2
rts,210,5,0,cold_nv,0.92183,0.57851,1.0,0.2
rts,210,5,0,cold_nv,1.2,0.56835,1.0,0.2
rts,210,5,0,warm,0.008,0.7095,1.0,0.083632
rts,210,5,0,warm,0.01041,0.71183,1.0,0.10379
rts,210,5,0,warm,0.01356,0.69127,1.0,0.134208
rts,210,5,0,warm,0.01765,0.70054,1.0,0.170283
rts,210,5,0,warm,0.02297,0.68214,1.0,0.220013
rts,210,5,0,warm,0.02991,0.67294,1.0,0.238256
rts,210,5,0,warm,0.03893,0.66018,1.0,0.27015
rts,210,5,0,warm,0.05068,0.64389,1.0,0.288174
rts,210,5,0,warm,0.06597,0.62917,1.0,0.30726
rts,210,5,0,warm,0.08588,0.62518,1.0,0.309175
rts,210,5,0,warm,0.11179,0.61673,1.0,0.32064
rts,210,5,0,warm,0.14552,0.58488,1.0,0.360697
rts,210,5,0,warm,0.18944,0.54937,1.0,0.403154
rts,210,5,0,warm,0.2466,0.35909,1.0,0.66652
rts,210,5,0,warm,0.32102,0.24284,1.0,0.845595
rts,210,5,0,warm,0.41788,0.1373,1.0,0.976196
rts,210,5,0,warm,0.54399,0.1273,1.0,1.0
rts,210,5,0,warm,0.70814,0.1273,1.0,1.0
rts,210,5,0,warm,0.92183,0.1273,1.0,1.0
rts,210,5,0,warm,1.2,0.1273,1.0,1.0
rts,210,5,5,cold_w,0.008,0.73359,0.13047,0.004762
rts,210,5,5,cold_w,0.01041,0.73341,0.13537,0.004762
rts,210,5,5,cold_w,0.01356,0.73121,0.13687,0.004762
rts,210,5,5,cold_w,0.01765,0.73097,0.14218,0.004762
rts,210,5,5,cold_w,0.02297,0.73246,0.14352,0.004762
rts,210,5,5,cold_w,0.02991,0.73181,0.14001,0.004762
rts,210,5,5,cold_w,0.03893,0.73431,0.14861,0.004762
rts,210,5,5,cold_w,0.05068,0.73397,0.13862,0.004762
rts,210,5,5,cold_w,0.06597,0.73179,0.13085,0.004762
rts,210,5,5,cold_w,0.08588,0.73692,0.22401,0.004762
rts,210,5,5,cold_w,0.11179,0.72978,0.21304,0.004762
rts,210,5,5,cold_w,0.14552,0.73351,0.22846,0.004762
rts,210,5,5,cold_w,0.18944,0.73141,0.2582,0.004762
rts,210,5,5,cold_w,0.2466,0.73925,0.30426,0.004762
rts,210,5,5,cold_w,0.32102,0.73079,0.4324,0.004762
rts,210,5,5,cold_w,0.41788,0.72663,0.58555,0.004762
rts,210,5,5,cold_w,0.54399,0.72319,0.80266,0.004762
rts,210,5,5,cold_w,0.70814,0.71728,0.95317,0.004762
rts,210,5,5,cold_w,0.92183,0.69361,1.12369,0.004762
rts,210,5,5,cold_w,1.2,0.68288,1.27298,0.004762
rts,210,5,5,cold_nv,0.008,0.71688,1.61385,0.2
rts,210,5,5,cold_nv,0.01041,0.71742,1.61624,0.2
rts,210,5,5,cold_nv,0.01356,0.71482,1.61756,0.2
rts,210,5,5,cold_nv,0.01765,0.71635,1.63528,0.2
rts,210,5,5,cold_nv,0.02297,0.71948,1.60515,0.2
rts,210,5,5,cold_nv,0.02991,0.7178,1.64801,0.2
rts,210,5,5,cold_nv,0.03893,0.71895,1.64703,0.2
rts,210,5,5,cold_nv,0.05068,0.71877,1.63441,0.2
rts,210,5,5,cold_nv,0.06597,0.7153,1.64988,0.2
rts,210,5,5,cold_nv,0.08588,0.72196,1.68274,0.2
rts,210,5,5,cold_nv,0.11179,0.72722,1.65001,0.2
rts,210,5,5,cold_nv,0.14552,0.71333,1.67757,0.2
rts,210,5,5,cold_nv,0.18944,0.7125,1.66594,0.2
rts,210,5,5,cold_nv,0.2466,0.70641,1.72384,0.2
rts,210,5,5,cold_nv,0.32102,0.69804,1.72713,0.2
rts,210,5,5,cold_nv,0.41788,0.67988,1.72206,0.2
rts,210,5,5,cold_nv,0.54399,0.6671,1.72102,0.2
rts,210,5,5,cold_nv,0.70814,0.6645,1.72888,0.2
rts,210,5,5,cold_nv,0.92183,0.64238,1.74456,0.2
rts,210,5,5,cold_nv,1.2,0.60625,1.75808,0.2
rts,210,5,5,warm,0.008,0.73748,0.37833,0.015464
rts,210,5,5,warm,0.01041,0.74028,0.44798,0.020939
rts,210,5,5,warm,0.01356,0.73756,0.64488,0.029733
rts,210,5,5,warm,0.01765,0.74504,0.84128,0.043748
rts,210,5,5,warm,0.02297,0.74401,1.12625,0.078905
rts,210,5,5,warm,0.02991,0.73704,1.39161,0.110032
rts,210,5,5,warm,0.03893,0.7196,1.51687,0.160247
rts,210,5,5,warm,0.05068,0.71246,1.62014,0.194482
rts,210,5,5,warm,0.06597,0.7074,1.64586,0.228905
rts,210,5,5,warm,0.08588,0.6826,1.70584,0.26144
rts,210,5,5,warm,0.11179,0.66337,1.74463,0.286422
rts,210,5,5,warm,0.14552,0.65933,1.7288,0.300614
rts,210,5,5,warm,0.18944,0.63611,1.7577,0.332365
rts,210,5,5,warm,0.2466,0.56272,1.67293,0.438638
rts,210,5,5,warm,0.32102,0.31637,1.65557,0.78436
rts,210,5,5,warm,0.41788,0.20968,1.50568,0.944922
rts,210,5,5,warm,0.54399,0.18141,1.38707,0.979098
rts,210,5,5,warm,0.70814,0.17635,1.38321,0.975905
rts,210,5,5,warm,0.92183,0.1649,1.35363,1.0
rts,210,5,5,warm,1.2,0.16413,1.36678,1.0
rts,210,5,10,cold_w,0.008,0.71151,0.16548,0.004762
rts,210,5,10,cold_w,0.01041,0.71151,0.16548,0.004762
rts,210,5,10,cold_w,0.01356,0.71151,0.16548,0.004762
rts,210,5,10,cold_w,0.01765,0.71044,0.17771,0.004762
rts,210,5,10,cold_w,0.02297,0.71044,0.17771,0.004762
rts,210,5,10,cold_w,0.02991,0.71248,0.20042,0.004762
rts,210,5,10,cold_w,0.03893,0.71248,0.20042,0.004762
rts,210,5,10,cold_w,0.05068,0.71294,0.2109,0.004762
rts,210,5,10,cold_w,0.06597,0.71079,0.2076,0.004762
rts,210,5,10,cold_w,0.08588,0.71036,0.21166,0.004762
rts,210,5,10,cold_w,0.11179,0.71034,0.25759,0.004762
rts,210,5,10,cold_w,0.14552,0.70627,0.26312,0.004762
rts,210,5,10,cold_w,0.18944,0.71192,0.253,0.004762
rts,210,5,10,cold_w,0.2466,0.70754,0.22504,0.004762
rts,210,5,10,cold_w,0.32102,0.70532,0.27791,0.004762
rts,210,5,10,cold_w,0.41788,0.70823,0.46275,0.004762
rts,210,5,10,cold_w,0.54399,0.71026,0.55865,0.004762
rts,210,5,10,cold_w,0.70814,0.70187,0.7609,0.004762
rts,210,5,10,cold_w,0.92183,0.69375,0.93651,0.004762
rts,210,5,10,cold_w,1.2,0.67591,1.3967,0.004762
rts,210,5,10,cold_nv,0.008,0.68782,2.3474,0.2
rts,210,5,10,cold_nv,0.01041,0.68825,2.34825,0.2
rts,210,5,10,cold_nv,0.01356,0.69147,2.34353,0.2
rts,210,5,10,cold_nv,0.01765,0.69442,2.29661,0.2
rts,210,5,10,cold_nv,0.02297,0.69286,2.27277,0.2
rts,210,5,10,cold_nv,0.02991,0.6899,2.30692,0.2
rts,210,5,10,cold_nv,0.03893,0.6972,2.37386,0.2
rts,210,5,10,cold_nv,0.05068,0.70421,2.36267,0.2
rts,210,5,10,cold_nv,0.06597,0.69841,2.43494,0.2
rts,210,5,10,cold_nv,0.08588,0.70238,2.37619,0.2
rts,210,5,10,cold_nv,0.11179,0.70401,2.32757,0.2
rts,210,5,10,cold_nv,0.14552,0.70351,2.44386,0.2
rts,210,5,10,cold_nv,0.18944,0.69544,2.35635,0.2
rts,210,5,10,cold_nv,0.2466,0.69526,2.41235,0.2
rts,210,5,10,cold_nv,0.32102,0.69304,2.45598,0.2
rts,210,5,10,cold_nv,0.41788,0.68831,2.48381,0.2
rts,210,5,10,cold_nv,0.54399,0.67208,2.51395,0.2
rts,210,5,10,cold_nv,0.70814,0.64817,2.50181,0.2
rts,210,5,10,cold_nv,0.92183,0.62506,2.47538,0.2
rts,210,5,10,cold_nv,1.2,0.61679,2.50097,0.2
rts,210,5,10,warm,0.008,0.7151,0.40163,0.009836
rts,210,5,10,warm,0.01041,0.71514,0.35408,0.012191
rts,210,5,10,warm,0.01356,0.7075,0.46752,0.016382
rts,210,5,10,warm,0.01765,0.71536,0.67208,0.023892
rts,210,5,10,warm,0.02297,0.71869,0.87552,0.034739
rts,210,5,10,warm,0.02991,0.71415,1.16439,0.05363
rts,210,5,10,warm,0.03893,0.71966,1.3907,0.076028
rts,210,5,10,warm,0.05068,0.71667,1.96096,0.125329
rts,210,5,10,warm,0.06597,0.70857,2.16373,0.161594
rts,210,5,10,warm,0.08588,0.69359,2.30589,0.20023
rts,210,5,10,warm,0.11179,0.66903,2.41591,0.245653
rts,210,5,10,warm,0.14552,0.67621,2.42238,0.24253
rts,210,5,10,warm,0.18944,0.66234,2.41738,0.267632
rts,210,5,10,warm,0.2466,0.60335,2.51038,0.373417
rts,210,5,10,warm,0.32102,0.49839,2.51929,0.532039
rts,210,5,10,warm,0.41788,0.22847,2.3604,0.898467
rts,210,5,10,warm,0.54399,0.16984,2.18446,0.995415
rts,210,5,10,warm,0.70814,0.17101,2.16464,0.995834
rts,210,5,10,warm,0.92183,0.17119,2.14951,1.0
rts,210,5,10,warm,1.2,0.16722,2.21334,0.999167
rts,210,5,20,cold_w,0.008,0.61411,0.27818,0.004762
rts,210,5,20,cold_w,0.01041,0.61411,0.27818,0.004762
rts,210,5,20,cold_w,0.01356,0.61411,0.27818,0.004762
rts,210,5,20,cold_w,0.01765,0.61411,0.27818,0.004762
rts,210,5,20,cold_w,0.02297,0.61411,0.27818,0.004762
rts,210,5,20,cold_w,0.02991,0.61411,0.27818,0.004762
rts,210,5,20,cold_w,0.03893,0.61411,0.27818,0.004762
rts,210,5,20,cold_w,0.05068,0.6145,0.28462,0.004762
rts,210,5,20,cold_w,0.06597,0.61657,0.29622,0.004762
rts,210,5,20,cold_w,0.08588,0.62028,0.30724,0.004762
rts,210,5,20,cold_w,0.11179,0.62228,0.32714,0.004762
rts,210,5,20,cold_w,0.14552,0.6256,0.31954,0.004762
rts,210,5,20,cold_w,0.18944,0.63696,0.30823,0.004762
rts,210,5,20,cold_w,0.2466,0.62897,0.34432,0.004762
rts,210,5,20,cold_w,0.32102,0.62409,0.34161,0.004762
rts,210,5,20,cold_w,0.41788,0.63198,0.44016,0.004762
rts,210,5,20,cold_w,0.54399,0.63329,0.49658,0.004762
rts,210,5,20,cold_w,0.70814,0.61966,0.59908,0.004762
rts,210,5,20,cold_w,0.92183,0.6447,0.86357,0.004762
rts,210,5,20,cold_w,1.2,0.62373,1.30265,0.004762
rts,210,5,20,cold_nv,0.008,0.65056,3.94855,0.2
rts,210,5,20,cold_nv,0.01041,0.65732,3.96541,0.2
rts,210,5,20,cold_nv,0.01356,0.65607,3.93062,0.2
rts,210,5,20,cold_nv,0.01765,0.65202,3.92338,0.2
rts,210,5,20,cold_nv,0.02297,0.65129,3.89414,0.2
rts,210,5,20,cold_nv,0.02991,0.65129,3.93892,0.2
rts,210,5,20,cold_nv,0.03893,0.64649,3.95759,0.2
rts,210,5,20,cold_nv,0.05068,0.64069,3.91673,0.2
rts,210,5,20,cold_nv,0.06597,0.64246,3.94009,0.2
rts,210,5,20,cold_nv,0.08588,0.66129,3.86,0.2
rts,210,5,20,cold_nv,0.11179,0.65268,3.83356,0.2
rts,210,5,20,cold_nv,0.14552,0.65677,4.0103,0.2
rts,210,5,20,cold_nv,0.18944,0.64079,3.94306,0.2
rts,210,5,20,cold_nv,0.2466,0.6498,3.86427,0.2
rts,210,5,20,cold_nv,0.32102,0.65375,3.94731,0.2
rts,210,5,20,cold_nv,0.41788,0.64177,3.91081,0.2
rts,210,5,20,cold_nv,0.54399,0.63784,3.99291,0.2
rts,210,5,20,cold_nv,0.70814,0.63387,3.99787,0.2
rts,210,5,20,cold_nv,0.92183,0.61681,4.11362,0.2
rts,210,5,20,cold_nv,1.2,0.59538,4.27184,0.2
rts,210,5,20,warm,0.008,0.63649,0.31734,0.006884
rts,210,5,20,warm,0.01041,0.62554,0.32179,0.007754
rts,210,5,20,warm,0.01356,0.63252,0.36403,0.008951
rts,210,5,20,warm,0.01765,0.63456,0.49418,0.010684
rts,210,5,20,warm,0.02297,0.63294,0.62931,0.013566
rts,210,5,20,warm,0.02991,0.63915,0.72378,0.01778
rts,210,5,20,warm,0.03893,0.65196,1.21048,0.02684
rts,210,5,20,warm,0.05068,0.65296,1.63709,0.040043
rts,210,5,20,warm,0.06597,0.65544,2.34289,0.066651
rts,210,5,20,warm,0.08588,0.67032,2.98588,0.104576
rts,210,5,20,warm,0.11179,0.66161,3.49258,0.147911
rts,210,5,20,warm,0.14552,0.65323,3.64335,0.171811
rts,210,5,20,warm,0.18944,0.64012,3.7989,0.205192
rts,210,5,20,warm,0.2466,0.63677,4.12831,0.240563
rts,210,5,20,warm,0.32102,0.51849,4.08943,0.434795
rts,210,5,20,warm,0.41788,0.3769,3.9861,0.648932
rts,210,5,20,warm,0.54399,0.20403,3.81163,0.916184
rts,210,5,20,warm,0.70814,0.15923,3.76511,1.0
rts,210,5,20,warm,0.92183,0.15893,3.78901,1.0
rts,210,5,20,warm,1.2,0.15927,3.76417,1.0
rts,210,20,0,cold_w,0.008,0.64024,1.0,0.004762
rts,210,20,0,cold_w,0.01041,0.62766,1.0,0.004762
rts,210,20,0,cold_w,0.01356,0.64351,1.0,0.004762
rts,210,20,0,cold_w,0.01765,0.64829,1.0,0.004762
rts,210,20,0,cold_w,0.02297,0.64728,1.0,0.004762
rts,210,20,0,cold_w,0.02991,0.65667,1.0,0.004762
rts,210,20,0,cold_w,0.03893,0.66532,1.0,0.004762
rts,210,20,0,cold_w,0.05068,0.67286,1.0,0.004762
rts,210,20,0,cold_w,0.06597,0.68329,1.0,0.004762
rts,210,20,0,cold_w,0.08588,0.6948,1.0,0.004762
rts,210,20,0,cold_w,0.11179,0.69825,1.0,0.004762
rts,210,20,0,cold_w,0.14552,0.70619,1.0,0.004762
rts,210,20,0,cold_w,0.18944,0.69827,1.0,0.004762
rts,210,20,0,cold_w,0.2466,0.70052,1.0,0.004762
rts,210,20,0,cold_w,0.32102,0.69661,1.0,0.004762
rts,210,20,0,cold_w,0.41788,0.7078,1.0,0.004762
rts,210,20,0,cold_w,0.54399,0.68343,1.0,0.004762
rts,210,20,0,cold_w,0.70814,0.67282,1.0,0.004762
rts,210,20,0,cold_w,0.92183,0.65117,1.0,0.004762
rts,210,20,0,cold_w,1.2,0.61931,1.0,0.004762
rts,210,20,0,cold_nv,0.008,0.68216,1.0,0.05
rts,210,20,0,cold_nv,0.01041,0.675,1.0,0.05
rts,210,20,0,cold_nv,0.01356,0.67294,1.0,0.05
rts,210,20,0,cold_nv,0.01765,0.68218,1.0,0.05
rts,210,20,0,cold_nv,0.02297,0.688,1.0,0.05
rts,210,20,0,cold_nv,0.02991,0.6845,1.0,0.05
rts,210,20,0,cold_nv,0.03893,0.69155,1.0,0.05
rts,210,20,0,cold_nv,0.05068,0.68647,1.0,0.05
rts,210,20,0,cold_nv,0.06597,0.69026,1.0,0.05
rts,210,20,0,cold_nv,0.08588,0.67524,1.0,0.05
rts,210,20,0,cold_nv,0.11179,0.68643,1.0,0.05
rts,210,20,0,cold_nv,0.14552,0.68321,1.0,0.05
rts,210,20,0,cold_nv,0.18944,0.6849,1.0,0.05
rts,210,20,0,cold_nv,0.2466,0.68486,1.0,0.05
rts,210,20,0,cold_nv,0.32102,0.67115,1.0,0.05
rts,210,20,0,cold_nv,0.41788,0.66569,1.0,0.05
rts,210,20,0,cold_nv,0.54399,0.66036,1.0,0.05
rts,210,20,0,cold_nv,0.70814,0.65202,1.0,0.05
rts,210,20,0,cold_nv,0.92183,0.61274,1.0,0.05
rts,210,20,0,cold_nv,1.2,0.59839,1.0,0.05
rts,210,20,0,warm,0.008,0.6995,1.0,0.02575
rts,210,20,0,warm,0.01041,0.70331,1.0,0.032273
rts,210,20,0,warm,0.01356,0.70323,1.0,0.039138
rts,210,20,0,warm,0.01765,0.68435,1.0,0.046286
rts,210,20,0,warm,0.02297,0.68391,1.0,0.05367
rts,210,20,0,warm,0.02991,0.6697,1.0,0.060034
rts,210,20,0,warm,0.03893,0.65296,1.0,0.067298
rts,210,20,0,warm,0.05068,0.66034,1.0,0.066961
rts,210,20,0,warm,0.06597,0.66502,1.0,0.069084
rts,210,20,0,warm,0.08588,0.6625,1.0,0.065843
rts,210,20,0,warm,0.11179,0.65159,1.0,0.072078
rts,210,20,0,warm,0.14552,0.65407,1.0,0.075384
rts,210,20,0,warm,0.18944,0.65105,1.0,0.074382
rts,210,20,0,warm,0.2466,0.65244,1.0,0.075433
rts,210,20,0,warm,0.32102,0.64131,1.0,0.092359
rts,210,20,0,warm,0.41788,0.5146,1.0,0.240391
rts,210,20,0,warm,0.54399,0.20278,1.0,0.68615
rts,210,20,0,warm,0.70814,0.09921,1.0,0.849177
rts,210,20,0,warm,0.92183,0.03706,1.0,0.938762
rts,210,20,0,warm,1.2,0.03819,1.0,0.950875
rts,210,20,5,cold_w,0.008,0.74506,0.28871,0.004762
rts,210,20,5,cold_w,0.01041,0.7423,0.29128,0.004762
rts,210,20,5,cold_w,0.01356,0.74319,0.2904,0.004762
rts,210,20,5,cold_w,0.01765,0.74456,0.30419,0.004762
rts,210,20,5,cold_w,0.02297,0.7456,0.30277,0.004762
rts,210,20,5,cold_w,0.02991,0.74726,0.31846,0.004762
rts,210,20,5,cold_w,0.03893,0.73978,0.2967,0.004762
rts,210,20,5,cold_w,0.05068,0.74548,0.29091,0.004762
rts,210,20,5,cold_w,0.06597,0.73679,0.32076,0.004762
rts,210,20,5,cold_w,0.08588,0.73964,0.361,0.004762
rts,210,20,5,cold_w,0.11179,0.73649,0.37413,0.004762
rts,210,20,5,cold_w,0.14552,0.7373,0.43252,0.004762
rts,210,20,5,cold_w,0.18944,0.73252,0.43914,0.004762
rts,210,20,5,cold_w,0.2466,0.72562,0.51923,0.004762
rts,210,20,5,cold_w,0.32102,0.72901,0.59023,0.004762
rts,210,20,5,cold_w,0.41788,0.73008,0.62816,0.004762
rts,210,20,5,cold_w,0.54399,0.71873,0.75237,0.004762
rts,210,20,5,cold_w,0.70814,0.69891,0.74933,0.004762
rts,210,20,5,cold_w,0.92183,0.6851,0.78912,0.004762
rts,210,20,5,cold_w,1.2,0.65704,0.90726,0.004762
rts,210,20,5,cold_nv,0.008,0.70147,0.98306,0.05
rts,210,20,5,cold_nv,0.01041,0.70171,0.98414,0.05
rts,210,20,5,cold_nv,0.01356,0.69946,0.97712,0.05
rts,210,20,5,cold_nv,0.01765,0.69927,0.98591,0.05
rts,210,20,5,cold_nv,0.02297,0.70389,0.98651,0.05
rts,210,20,5,cold_nv,0.02991,0.7052,0.98595,0.05
rts,210,20,5,cold_nv,0.03893,0.70913,1.00598,0.05
rts,210,20,5,cold_nv,0.05068,0.69819,0.98539,0.05
rts,210,20,5,cold_nv,0.06597,0.70341,1.00026,0.05
rts,210,20,5,cold_nv,0.08588,0.69327,0.98931,0.05
rts,210,20,5,cold_nv,0.11179,0.702,1.02322,0.05
rts,210,20,5,cold_nv,0.14552,0.71034,0.9991,0.05
rts,210,20,5,cold_nv,0.18944,0.70347,1.00575,0.05
rts,210,20,5,cold_nv,0.2466,0.69389,1.02582,0.05
rts,210,20,5,cold_nv,0.32102,0.70063,1.03095,0.05
rts,210,20,5,cold_nv,0.41788,0.69308,1.05676,0.05
rts,210,20,5,cold_nv,0.54399,0.67893,1.06585,0.05
rts,210,20,5,cold_nv,0.70814,0.67968,1.09736,0.05
rts,210,20,5,cold_nv,0.92183,0.65143,1.04559,0.05
rts,210,20,5,cold_nv,1.2,0.62651,1.08377,0.05
rts,210,20,5,warm,0.008,0.73917,0.50703,0.01135
rts,210,20,5,warm,0.01041,0.73911,0.59747,0.01368
rts,210,20,5,warm,0.01356,0.73151,0.72421,0.017216
rts,210,20,5,warm,0.01765,0.73357,0.75895,0.022652
rts,210,20,5,warm,0.02297,0.73157,0.86972,0.029927
rts,210,20,5,warm,0.02991,0.72817,0.97554,0.037237
rts,210,20,5,warm,0.03893,0.7106,0.9557,0.044267
rts,210,20,5,warm,0.05068,0.70333,1.02291,0.053
rts,210,20,5,warm,0.06597,0.69738,1.03406,0.054267
rts,210,20,5,warm,0.08588,0.69813,1.05983,0.060467
rts,210,20,5,warm,0.11179,0.69113,1.04402,0.059415
rts,210,20,5,warm,0.14552,0.69248,1.01885,0.059461
rts,210,20,5,warm,0.18944,0.67815,1.0445,0.063974
rts,210,20,5,warm,0.2466,0.66663,1.04772,0.066574
rts,210,20,5,warm,0.32102,0.67579,1.04305,0.065704
rts,210,20,5,warm,0.41788,0.62617,1.06844,0.114989
rts,210,20,5,warm,0.54399,0.50101,1.0459,0.319211
rts,210,20,5,warm,0.70814,0.26567,0.9438,0.683539
rts,210,20,5,warm,0.92183,0.09363,0.47653,0.950841
rts,210,20,5,warm,1.2,0.0952,0.46295,0.920849
rts,210,20,10,cold_w,0.008,0.71421,0.31066,0.004762
rts,210,20,10,cold_w,0.01041,0.71556,0.31253,0.004762
rts,210,20,10,cold_w,0.01356,0.71575,0.31236,0.004762
rts,210,20,10,cold_w,0.01765,0.71575,0.31236,0.004762
rts,210,20,10,cold_w,0.02297,0.71478,0.29933,0.004762
rts,210,20,10,cold_w,0.02991,0.71258,0.30849,0.004762
rts,210,20,10,cold_w,0.03893,0.70942,0.29299,0.004762
rts,210,20,10,cold_w,0.05068,0.70794,0.29912,0.004762
rts,210,20,10,cold_w,0.06597,0.71605,0.29751,0.004762
rts,210,20,10,cold_w,0.08588,0.70905,0.26335,0.004762
rts,210,20,10,cold_w,0.11179,0.71056,0.28164,0.004762
rts,210,20,10,cold_w,0.14552,0.70917,0.31656,0.004762
rts,210,20,10,cold_w,0.18944,0.70772,0.36713,0.004762
rts,210,20,10,cold_w,0.2466,0.71363,0.43115,0.004762
rts,210,20,10,cold_w,0.32102,0.71407,0.41646,0.004762
rts,210,20,10,cold_w,0.41788,0.70502,0.48956,0.004762
rts,210,20,10,cold_w,0.54399,0.69964,0.57878,0.004762
rts,210,20,10,cold_w,0.70814,0.69369,0.64669,0.004762
rts,210,20,10,cold_w,0.92183,0.67716,0.72589,0.004762
rts,210,20,10,cold_w,1.2,0.6679,0.82495,0.004762
rts,210,20,10,cold_nv,0.008,0.69232,1.15003,0.05
rts,210,20,10,cold_nv,0.01041,0.69232,1.15003,0.05
rts,210,20,10,cold_nv,0.01356,0.69488,1.1544,0.05
rts,210,20,10,cold_nv,0.01765,0.69671,1.16842,0.05
rts,210,20,10,cold_nv,0.02297,0.69486,1.14793,0.05
rts,210,20,10,cold_nv,0.02991,0.6953,1.12923,0.05
rts,210,20,10,cold_nv,0.03893,0.68948,1.11155,0.05
rts,210,20,10,cold_nv,0.05068,0.69024,1.11168,0.05
rts,210,20,10,cold_nv,0.06597,0.6898,1.15125,0.05
rts,210,20,10,cold_nv,0.08588,0.6902,1.15939,0.05
rts,210,20,10,cold_nv,0.11179,0.68411,1.18894,0.05
rts,210,20,10,cold_nv,0.14552,0.68298,1.18969,0.05
rts,210,20,10,cold_nv,0.18944,0.67964,1.17805,0.05
rts,210,20,10,cold_nv,0.2466,0.68694,1.1745,0.05
rts,210,20,10,cold_nv,0.32102,0.685,1.16002,0.05
rts,210,20,10,cold_nv,0.41788,0.68139,1.1746,0.05
rts,210,20,10,cold_nv,0.54399,0.66667,1.16973,0.05
rts,210,20,10,cold_nv,0.70814,0.6648,1.1851,0.05
rts,210,20,10,cold_nv,0.92183,0.65185,1.18994,0.05
rts,210,20,10,cold_nv,1.2,0.64462,1.21555,0.05
rts,210,20,10,warm,0.008,0.71812,0.43724,0.00857
rts,210,20,10,warm,0.01041,0.71599,0.47923,0.00994
rts,210,20,10,warm,0.01356,0.72843,0.59431,0.012192
rts,210,20,10,warm,0.01765,0.71688,0.63519,0.015049
rts,210,20,10,warm,0.02297,0.71327,0.76842,0.019245
rts,210,20,10,warm,0.02991,0.70581,0.86547,0.025556
rts,210,20,10,warm,0.03893,0.7149,0.98752,0.031234
rts,210,20,10,warm,0.05068,0.69429,1.03871,0.039097
rts,210,20,10,warm,0.06597,0.68276,1.09513,0.04281
rts,210,20,10,warm,0.08588,0.69494,1.10809,0.047626
rts,210,20,10,warm,0.11179,0.67395,1.16716,0.052223
rts,210,20,10,warm,0.14552,0.68615,1.14302,0.050631
rts,210,20,10,warm,0.18944,0.68417,1.18136,0.054932
rts,210,20,10,warm,0.2466,0.6844,1.18194,0.056355
rts,210,20,10,warm,0.32102,0.6744,1.11624,0.05659
rts,210,20,10,warm,0.41788,0.6397,1.17354,0.089397
rts,210,20,10,warm,0.54399,0.53208,1.19292,0.269478
rts,210,20,10,warm,0.70814,0.32702,1.07508,0.549941
rts,210,20,10,warm,0.92183,0.10577,0.78644,0.933369
rts,210,20,10,warm,1.2,0.09468,0.74591,0.906885
rts,210,20,20,cold_w,0.008,0.64794,0.33697,0.004762
rts,210,20,20,cold_w,0.01041,0.645,0.33721,0.004762
rts,210,20,20,cold_w,0.01356,0.64373,0.31507,0.004762
rts,210,20,20,cold_w,0.01765,0.6394,0.29796,0.004762
rts,210,20,20,cold_w,0.02297,0.6377,0.29583,0.004762
rts,210,20,20,cold_w,0.02991,0.6377,0.29583,0.004762
rts,210,20,20,cold_w,0.03893,0.63722,0.30396,0.004762
rts,210,20,20,cold_w,0.05068,0.64161,0.32631,0.004762
rts,210,20,20,cold_w,0.06597,0.64395,0.33265,0.004762
rts,210,20,20,cold_w,0.08588,0.6444,0.33259,0.004762
rts,210,20,20,cold_w,0.11179,0.64706,0.36036,0.004762
rts,210,20,20,cold_w,0.14552,0.64702,0.37792,0.004762
rts,210,20,20,cold_w,0.18944,0.63952,0.36777,0.004762
rts,210,20,20,cold_w,0.2466,0.64246,0.31933,0.004762
rts,210,20,20,cold_w,0.32102,0.64276,0.35314,0.004762
rts,210,20,20,cold_w,0.41788,0.64605,0.3823,0.004762
rts,210,20,20,cold_w,0.54399,0.63605,0.5056,0.004762
rts,210,20,20,cold_w,0.70814,0.6225,0.48371,0.004762
rts,210,20,20,cold_w,0.92183,0.63982,0.60179,0.004762
rts,210,20,20,cold_w,1.2,0.60794,0.79262,0.004762
rts,210,20,20,cold_nv,0.008,0.65331,1.52768,0.05
rts,210,20,20,cold_nv,0.01041,0.6453,1.51634,0.05
rts,210,20,20,cold_nv,0.01356,0.64363,1.55677,0.05
rts,210,20,20,cold_nv,0.01765,0.64508,1.56527,0.05
rts,210,20,20,cold_nv,0.02297,0.65742,1.51904,0.05
rts,210,20,20,cold_nv,0.02991,0.6531,1.49878,0.05
rts,210,20,20,cold_nv,0.03893,0.65514,1.52561,0.05
rts,210,20,20,cold_nv,0.05068,0.64187,1.56315,0.05
rts,210,20,20,cold_nv,0.06597,0.64516,1.54945,0.05
rts,210,20,20,cold_nv,0.08588,0.64927,1.55933,0.05
rts,210,20,20,cold_nv,0.11179,0.6553,1.51288,0.05
rts,210,20,20,cold_nv,0.14552,0.65381,1.55183,0.05
rts,210,20,20,cold_nv,0.18944,0.65617,1.53367,0.05
rts,210,20,20,cold_nv,0.2466,0.64484,1.4608,0.05
rts,210,20,20,cold_nv,0.32102,0.62992,1.49017,0.05
rts,210,20,20,cold_nv,0.41788,0.63137,1.53194,0.05
rts,210,20,20,cold_nv,0.54399,0.64802,1.48469,0.05
rts,210,20,20,cold_nv,0.70814,0.62389,1.46158,0.05
rts,210,20,20,cold_nv,0.92183,0.61327,1.47012,0.05
rts,210,20,20,cold_nv,1.2,0.58756,1.5348,0.05
rts,210,20,20,warm,0.008,0.64435,0.44329,0.006424
rts,210,20,20,warm,0.01041,0.63992,0.48785,0.007063
rts,210,20,20,warm,0.01356,0.64577,0.45829,0.007872
rts,210,20,20,warm,0.01765,0.64353,0.58957,0.009229
rts,210,20,20,warm,0.02297,0.65312,0.66403,0.010487
rts,210,20,20,warm,0.02991,0.65863,0.81139,0.01308
rts,210,20,20,warm,0.03893,0.65276,0.85297,0.015161
rts,210,20,20,warm,0.05068,0.6745,1.03486,0.019762
rts,210,20,20,warm,0.06597,0.67206,1.08119,0.023628
rts,210,20,20,warm,0.08588,0.65143,1.20571,0.027223
rts,210,20,20,warm,0.11179,0.66383,1.25283,0.031932
rts,210,20,20,warm,0.14552,0.64851,1.27239,0.034103
rts,210,20,20,warm,0.18944,0.64978,1.27198,0.035203
rts,210,20,20,warm,0.2466,0.63933,1.36987,0.036976
rts,210,20,20,warm,0.32102,0.6505,1.35995,0.039708
rts,210,20,20,warm,0.41788,0.62859,1.30349,0.040087
rts,210,20,20,warm,0.54399,0.50855,1.3209,0.217644
rts,210,20,20,warm,0.70814,0.42377,1.4065,0.40788
rts,210,20,20,warm,0.92183,0.12272,1.16249,0.835822
rts,210,20,20,warm,1.2,0.08256,1.05263,0.908969
rts,210,50,0,cold_w,0.008,0.69401,1.0,0.004762
rts,210,50,0,cold_w,0.01041,0.69508,1.0,0.004762
rts,210,50,0,cold_w,0.01356,0.69113,1.0,0.004762
rts,210,50,0,cold_w,0.01765,0.69683,1.0,0.004762
rts,210,50,0,cold_w,0.02297,0.70367,1.0,0.004762
rts,210,50,0,cold_w,0.02991,0.70242,1.0,0.004762
rts,210,50,0,cold_w,0.03893,0.71292,1.0,0.004762
rts,210,50,0,cold_w,0.05068,0.70774,1.0,0.004762
rts,210,50,0,cold_w,0.06597,0.70006,1.0,0.004762
rts,210,50,0,cold_w,0.08588,0.71335,1.0,0.004762
rts,210,50,0,cold_w,0.11179,0.71496,1.0,0.004762
rts,210,50,0,cold_w,0.14552,0.71159,1.0,0.004762
rts,210,50,0,cold_w,0.18944,0.70419,1.0,0.004762
rts,210,50,0,cold_w,0.2466,0.71484,1.0,0.004762
rts,210,50,0,cold_w,0.32102,0.71167,1.0,0.004762
rts,210,50,0,cold_w,0.41788,0.68897,1.0,0.004762
rts,210,50,0,cold_w,0.54399,0.68383,1.0,0.004762
rts,210,50,0,cold_w,0.70814,0.67097,1.0,0.004762
rts,210,50,0,cold_w,0.92183,0.66435,1.0,0.004762
rts,210,50,0,cold_w,1.2,0.64631,1.0,0.004762
rts,210,50,0,cold_nv,0.008,0.68808,1.0,0.02
rts,210,50,0,cold_nv,0.01041,0.68867,1.0,0.02
rts,210,50,0,cold_nv,0.01356,0.68546,1.0,0.02
rts,210,50,0,cold_nv,0.01765,0.69099,1.0,0.02
rts,210,50,0,cold_nv,0.02297,0.68617,1.0,0.02
rts,210,50,0,cold_nv,0.02991,0.69212,1.0,0.02
rts,210,50,0,cold_nv,0.03893,0.68639,1.0,0.02
rts,210,50,0,cold_nv,0.05068,0.68264,1.0,0.02
rts,210,50,0,cold_nv,0.06597,0.68242,1.0,0.02
rts,210,50,0,cold_nv,0.08588,0.67833,1.0,0.02
rts,210,50,0,cold_nv,0.11179,0.68776,1.0,0.02
rts,210,50,0,cold_nv,0.14552,0.69224,1.0,0.02
rts,210,50,0,cold_nv,0.18944,0.68433,1.0,0.02
rts,210,50,0,cold_nv,0.2466,0.67883,1.0,0.02
rts,210,50,0,cold_nv,0.32102,0.68246,1.0,0.02
rts,210,50,0,cold_nv,0.41788,0.66605,1.0,0.02
rts,210,50,0,cold_nv,0.54399,0.67863,1.0,0.02
rts,210,50,0,cold_nv,0.70814,0.64968,1.0,0.02
rts,210,50,0,cold_nv,0.92183,0.62607,1.0,0.02
rts,210,50,0,cold_nv,1.2,0.61962,1.0,0.02
rts,210,50,0,warm,0.008,0.69708,1.0,0.012769
rts,210,50,0,warm,0.01041,0.70115,1.0,0.014413
rts,210,50,0,warm,0.01356,0.70008,1.0,0.01792
rts,210,50,0,warm,0.01765,0.68802,1.0,0.020307
rts,210,50,0,warm,0.02297,0.67774,1.0,0.022294
rts,210,50,0,warm,0.02991,0.66613,1.0,0.024495
rts,210,50,0,warm,0.03893,0.66165,1.0,0.02618
rts,210,50,0,warm,0.05068,0.65188,1.0,0.026448
rts,210,50,0,warm,0.06597,0.66577,1.0,0.025229
rts,210,50,0,warm,0.08588,0.65938,1.0,0.026146
rts,210,50,0,warm,0.11179,0.66839,1.0,0.027152
rts,210,50,0,warm,0.14552,0.66026,1.0,0.02677
rts,210,50,0,warm,0.18944,0.66085,1.0,0.027594
rts,210,50,0,warm,0.2466,0.647,1.0,0.030493
rts,210,50,0,warm,0.32102,0.63988,1.0,0.032041
rts,210,50,0,warm,0.41788,0.59984,1.0,0.093773
rts,210,50,0,warm,0.54399,0.5021,1.0,0.21417
rts,210,50,0,warm,0.70814,0.4155,1.0,0.32134
rts,210,50,0,warm,0.92183,0.12042,1.0,0.751044
rts,210,50,0,warm,1.2,0.01351,1.0,0.736699
rts,210,50,5,cold_w,0.008,0.74143,0.47452,0.004762
rts,210,50,5,cold_w,0.01041,0.74147,0.48404,0.004762
rts,210,50,5,cold_w,0.01356,0.74026,0.46513,0.004762
rts,210,50,5,cold_w,0.01765,0.73534,0.48166,0.004762
rts,210,50,5,cold_w,0.02297,0.73306,0.46928,0.004762
rts,210,50,5,cold_w,0.02991,0.73917,0.48076,0.004762
rts,210,50,5,cold_w,0.03893,0.73474,0.47549,0.004762
rts,210,50,5,cold_w,0.05068,0.74155,0.47654,0.004762
rts,210,50,5,cold_w,0.06597,0.74627,0.52096,0.004762
rts,210,50,5,cold_w,0.08588,0.74147,0.58055,0.004762
rts,210,50,5,cold_w,0.11179,0.7381,0.59598,0.004762
rts,210,50,5,cold_w,0.14552,0.74292,0.54705,0.004762
rts,210,50,5,cold_w,0.18944,0.735,0.57658,0.004762
rts,210,50,5,cold_w,0.2466,0.7331,0.61133,0.004762
rts,210,50,5,cold_w,0.32102,0.73667,0.67938,0.004762
rts,210,50,5,cold_w,0.41788,0.71901,0.72302,0.004762
rts,210,50,5,cold_w,0.54399,0.70964,0.74742,0.004762
rts,210,50,5,cold_w,0.70814,0.69988,0.77765,0.004762
rts,210,50,5,cold_w,0.92183,0.69629,0.83451,0.004762
rts,210,50,5,cold_w,1.2,0.67544,0.86825,0.004762
rts,210,50,5,cold_nv,0.008,0.71653,0.89741,0.02
rts,210,50,5,cold_nv,0.01041,0.70988,0.89573,0.02
rts,210,50,5,cold_nv,0.01356,0.70944,0.8928,0.02
rts,210,50,5,cold_nv,0.01765,0.71087,0.89758,0.02
rts,210,50,5,cold_nv,0.02297,0.71004,0.8903,0.02
rts,210,50,5,cold_nv,0.02991,0.71202,0.90756,0.02
rts,210,50,5,cold_nv,0.03893,0.70823,0.91032,0.02
rts,210,50,5,cold_nv,0.05068,0.70617,0.89413,0.02
rts,210,50,5,cold_nv,0.06597,0.70238,0.90884,0.02
rts,210,50,5,cold_nv,0.08588,0.69885,0.89978,0.02
rts,210,50,5,cold_nv,0.11179,0.69966,0.91574,0.02
rts,210,50,5,cold_nv,0.14552,0.70579,0.91075,0.02
rts,210,50,5,cold_nv,0.18944,0.69242,0.89726,0.02
rts,210,50,5,cold_nv,0.2466,0.70169,0.91309,0.02
rts,210,50,5,cold_nv,0.32102,0.69677,0.92393,0.02
rts,210,50,5,cold_nv,0.41788,0.683,0.90367,0.02
rts,210,50,5,cold_nv,0.54399,0.67696,0.9142,0.02
rts,210,50,5,cold_nv,0.70814,0.67609,0.93107,0.02
rts,210,50,5,cold_nv,0.92183,0.65861,0.92732,0.02
rts,210,50,5,cold_nv,1.2,0.63419,0.94145,0.02
rts,210,50,5,warm,0.008,0.73901,0.66223,0.008627
rts,210,50,5,warm,0.01041,0.74254,0.72759,0.009974
rts,210,50,5,warm,0.01356,0.7321,0.7591,0.01141
rts,210,50,5,warm,0.01765,0.73145,0.80469,0.013848
rts,210,50,5,warm,0.02297,0.7249,0.82126,0.016115
rts,210,50,5,warm,0.02991,0.7073,0.87912,0.018896
rts,210,50,5,warm,0.03893,0.70157,0.90277,0.020127
rts,210,50,5,warm,0.05068,0.69843,0.90335,0.021503
rts,210,50,5,warm,0.06597,0.70871,0.90072,0.021858
rts,210,50,5,warm,0.08588,0.69425,0.89977,0.021911
rts,210,50,5,warm,0.11179,0.69417,0.90132,0.02232
rts,210,50,5,warm,0.14552,0.67623,0.90351,0.023001
rts,210,50,5,warm,0.18944,0.68748,0.90098,0.023369
rts,210,50,5,warm,0.2466,0.67627,0.9063,0.023867
rts,210,50,5,warm,0.32102,0.68288,0.92556,0.025939
rts,210,50,5,warm,0.41788,0.6656,0.93782,0.027579
rts,210,50,5,warm,0.54399,0.60577,0.91784,0.112282
rts,210,50,5,warm,0.70814,0.46304,0.88261,0.314506
rts,210,50,5,warm,0.92183,0.13415,0.51022,0.742407
rts,210,50,5,warm,1.2,0.06923,0.05328,0.866347
rts,210,50,10,cold_w,0.008,0.71889,0.38356,0.004762
rts,210,50,10,cold_w,0.01041,0.71764,0.37958,0.004762
rts,210,50,10,cold_w,0.01356,0.71345,0.37861,0.004762
rts,210,50,10,cold_w,0.01765,0.71333,0.38882,0.004762
rts,210,50,10,cold_w,0.02297,0.71448,0.40849,0.004762
rts,210,50,10,cold_w,0.02991,0.70778,0.41528,0.004762
rts,210,50,10,cold_w,0.03893,0.71113,0.42668,0.004762
rts,210,50,10,cold_w,0.05068,0.70782,0.43231,0.004762
rts,210,50,10,cold_w,0.06597,0.71565,0.42642,0.004762
rts,210,50,10,cold_w,0.08588,0.71317,0.45628,0.004762
rts,210,50,10,cold_w,0.11179,0.70363,0.46328,0.004762
rts,210,50,10,cold_w,0.14552,0.71532,0.45977,0.004762
rts,210,50,10,cold_w,0.18944,0.71766,0.49549,0.004762
rts,210,50,10,cold_w,0.2466,0.72113,0.53306,0.004762
rts,210,50,10,cold_w,0.32102,0.71542,0.62138,0.004762
rts,210,50,10,cold_w,0.41788,0.69768,0.60009,0.004762
rts,210,50,10,cold_w,0.54399,0.69234,0.64887,0.004762
rts,210,50,10,cold_w,0.70814,0.68867,0.70578,0.004762
rts,210,50,10,cold_w,0.92183,0.67808,0.73984,0.004762
rts,210,50,10,cold_w,1.2,0.67099,0.78271,0.004762
rts,210,50,10,cold_nv,0.008,0.68272,0.86873,0.02
rts,210,50,10,cold_nv,0.01041,0.67958,0.87189,0.02
rts,210,50,10,cold_nv,0.01356,0.68175,0.86808,0.02
rts,210,50,10,cold_nv,0.01765,0.68698,0.86052,0.02
rts,210,50,10,cold_nv,0.02297,0.68798,0.86022,0.02
rts,210,50,10,cold_nv,0.02991,0.68639,0.89752,0.02
rts,210,50,10,cold_nv,0.03893,0.69226,0.9027,0.02
rts,210,50,10,cold_nv,0.05068,0.6899,0.90448,0.02
rts,210,50,10,cold_nv,0.06597,0.68631,0.8859,0.02
rts,210,50,10,cold_nv,0.08588,0.6828,0.90168,0.02
rts,210,50,10,cold_nv,0.11179,0.68282,0.89447,0.02
rts,210,50,10,cold_nv,0.14552,0.6847,0.87014,0.02
rts,210,50,10,cold_nv,0.18944,0.68196,0.88882,0.02
rts,210,50,10,cold_nv,0.2466,0.67373,0.91272,0.02
rts,210,50,10,cold_nv,0.32102,0.6646,0.93747,0.02
rts,210,50,10,cold_nv,0.41788,0.678,0.91766,0.02
rts,210,50,10,cold_nv,0.54399,0.66204,0.90672,0.02
rts,210,50,10,cold_nv,0.70814,0.65385,0.85836,0.02
rts,210,50,10,cold_nv,0.92183,0.64764,0.92166,0.02
rts,210,50,10,cold_nv,1.2,0.62681,0.94926,0.02
rts,210,50,10,warm,0.008,0.71171,0.56966,0.00726
rts,210,50,10,warm,0.01041,0.71133,0.59945,0.008119
rts,210,50,10,warm,0.01356,0.70446,0.61722,0.008638
rts,210,50,10,warm,0.01765,0.71226,0.66194,0.010183
rts,210,50,10,warm,0.02297,0.69403,0.71457,0.012127
rts,210,50,10,warm,0.02991,0.70698,0.78718,0.013785
rts,210,50,10,warm,0.03893,0.69702,0.8263,0.016194
rts,210,50,10,warm,0.05068,0.6956,0.8473,0.016073
rts,210,50,10,warm,0.06597,0.68944,0.86799,0.01869
rts,210,50,10,warm,0.08588,0.68054,0.87218,0.018999
rts,210,50,10,warm,0.11179,0.67143,0.86897,0.020094
rts,210,50,10,warm,0.14552,0.67565,0.90209,0.020037
rts,210,50,10,warm,0.18944,0.67468,0.88765,0.020494
rts,210,50,10,warm,0.2466,0.677,0.88988,0.022107
rts,210,50,10,warm,0.32102,0.66708,0.88809,0.021851
rts,210,50,10,warm,0.41788,0.67187,0.90576,0.021906
rts,210,50,10,warm,0.54399,0.66125,0.89394,0.026688
rts,210,50,10,warm,0.70814,0.50581,0.88471,0.232167
rts,210,50,10,warm,0.92183,0.22002,0.76346,0.609129
rts,210,50,10,warm,1.2,0.08218,0.31144,0.760099
rts,210,50,20,cold_w,0.008,0.64986,0.53708,0.004762
rts,210,50,20,cold_w,0.01041,0.64813,0.52994,0.004762
rts,210,50,20,cold_w,0.01356,0.64431,0.51796,0.004762
rts,210,50,20,cold_w,0.01765,0.64135,0.51649,0.004762
rts,210,50,20,cold_w,0.02297,0.64135,0.51649,0.004762
rts,210,50,20,cold_w,0.02991,0.63927,0.50444,0.004762
rts,210,50,20,cold_w,0.03893,0.64387,0.50204,0.004762
rts,210,50,20,cold_w,0.05068,0.64528,0.51507,0.004762
rts,210,50,20,cold_w,0.06597,0.64748,0.53794,0.004762
rts,210,50,20,cold_w,0.08588,0.65052,0.53069,0.004762
rts,210,50,20,cold_w,0.11179,0.65774,0.56329,0.004762
rts,210,50,20,cold_w,0.14552,0.6529,0.57407,0.004762
rts,210,50,20,cold_w,0.18944,0.65585,0.54539,0.004762
rts,210,50,20,cold_w,0.2466,0.64954,0.52045,0.004762
rts,210,50,20,cold_w,0.32102,0.64681,0.60331,0.004762
rts,210,50,20,cold_w,0.41788,0.64331,0.60205,0.004762
rts,210,50,20,cold_w,0.54399,0.63633,0.58757,0.004762
rts,210,50,20,cold_w,0.70814,0.63919,0.63401,0.004762
rts,210,50,20,cold_w,0.92183,0.61706,0.68447,0.004762
rts,210,50,20,cold_w,1.2,0.60563,0.70165,0.004762
rts,210,50,20,cold_nv,0.008,0.64607,1.01932,0.02
rts,210,50,20,cold_nv,0.01041,0.6474,1.02088,0.02
rts,210,50,20,cold_nv,0.01356,0.64887,1.02079,0.02
rts,210,50,20,cold_nv,0.01765,0.65101,1.04858,0.02
rts,210,50,20,cold_nv,0.02297,0.64456,1.04489,0.02
rts,210,50,20,cold_nv,0.02991,0.64379,1.05586,0.02
rts,210,50,20,cold_nv,0.03893,0.64272,1.05948,0.02
rts,210,50,20,cold_nv,0.05068,0.64147,1.04972,0.02
rts,210,50,20,cold_nv,0.06597,0.63046,1.05228,0.02
rts,210,50,20,cold_nv,0.08588,0.62198,1.02356,0.02
rts,210,50,20,cold_nv,0.11179,0.6378,1.03172,0.02
rts,210,50,20,cold_nv,0.14552,0.63637,1.05477,0.02
rts,210,50,20,cold_nv,0.18944,0.6353,1.04151,0.02
rts,210,50,20,cold_nv,0.2466,0.63587,0.97381,0.02
rts,210,50,20,cold_nv,0.32102,0.61835,0.9864,0.02
rts,210,50,20,cold_nv,0.41788,0.62865,1.06021,0.02
rts,210,50,20,cold_nv,0.54399,0.62298,0.98577,0.02
rts,210,50,20,cold_nv,0.70814,0.62188,1.00295,0.02
rts,210,50,20,cold_nv,0.92183,0.61921,0.97392,0.02
rts,210,50,20,cold_nv,1.2,0.60952,0.9872,0.02
rts,210,50,20,warm,0.008,0.63583,0.55103,0.005767
rts,210,50,20,warm,0.01041,0.65153,0.59697,0.006044
rts,210,50,20,warm,0.01356,0.6545,0.61399,0.006439
rts,210,50,20,warm,0.01765,0.64962,0.66543,0.006977
rts,210,50,20,warm,0.02297,0.64764,0.71997,0.007856
rts,210,50,20,warm,0.02991,0.66105,0.7799,0.008827
rts,210,50,20,warm,0.03893,0.65621,0.78955,0.009554
rts,210,50,20,warm,0.05068,0.64601,0.79277,0.010775
rts,210,50,20,warm,0.06597,0.64899,0.89935,0.011851
rts,210,50,20,warm,0.08588,0.63813,0.76508,0.012654
rts,210,50,20,warm,0.11179,0.66163,0.90207,0.012564
rts,210,50,20,warm,0.14552,0.65256,0.92035,0.01415
rts,210,50,20,warm,0.18944,0.64329,0.94531,0.014724
rts,210,50,20,warm,0.2466,0.64885,0.93931,0.015102
rts,210,50,20,warm,0.32102,0.6544,0.95205,0.016071
rts,210,50,20,warm,0.41788,0.6294,0.90844,0.015773
rts,210,50,20,warm,0.54399,0.62927,0.93469,0.019113
rts,210,50,20,warm,0.70814,0.55276,0.92385,0.118794
rts,210,50,20,warm,0.92183,0.21863,0.74961,0.594159
rts,210,50,20,warm,1.2,0.07335,0.38664,0.854504
rts,420,5,0,cold_w,0.008,0.48698,1.0,0.002381
rts,420,5,0,cold_w,0.01041,0.50812,1.0,0.002381
rts,420,5,0,cold_w,0.01356,0.52642,1.0,0.002381
rts,420,5,0,cold_w,0.01765,0.57311,1.0,0.002381
rts,420,5,0,cold_w,0.02297,0.59971,1.0,0.002381
rts,420,5,0,cold_w,0.02991,0.62448,1.0,0.002381
rts,420,5,0,cold_w,0.03893,0.64405,1.0,0.002381
rts,420,5,0,cold_w,0.05068,0.67509,1.0,0.002381
rts,420,5,0,cold_w,0.06597,0.69639,1.0,0.002381
rts,420,5,0,cold_w,0.08588,0.71572,1.0,0.002381
rts,420,5,0,cold_w,0.11179,0.72354,1.0,0.002381
rts,420,5,0,cold_w,0.14552,0.72514,1.0,0.002381
rts,420,5,0,cold_w,0.18944,0.72941,1.0,0.002381
rts,420,5,0,cold_w,0.2466,0.73352,1.0,0.002381
rts,420,5,0,cold_w,0.32102,0.71647,1.0,0.002381
rts,420,5,0,cold_w,0.41788,0.69202,1.0,0.002381
rts,420,5,0,cold_w,0.54399,0.66964,1.0,0.002381
rts,420,5,0,cold_w,0.70814,0.64479,1.0,0.002381
rts,420,5,0,cold_w,0.92183,0.5625,1.0,0.002381
rts,420,5,0,cold_w,1.2,0.43007,1.0,0.002381
rts,420,5,0,cold_nv,0.008,0.72553,1.0,0.2
rts,420,5,0,cold_nv,0.01041,0.72388,1.0,0.2
rts,420,5,0,cold_nv,0.01356,0.72904,1.0,0.2
rts,420,5,0,cold_nv,0.01765,0.72201,1.0,0.2
rts,420,5,0,cold_nv,0.02297,0.72195,1.0,0.2
rts,420,5,0,cold_nv,0.02991,0.71973,1.0,0.2
rts,420,5,0,cold_nv,0.03893,0.71941,1.0,0.2
rts,420,5,0,cold_nv,0.05068,0.72329,1.0,0.2
rts,420,5,0,cold_nv,0.06597,0.72259,1.0,0.2
rts,420,5,0,cold_nv,0.08588,0.71282,1.0,0.2
rts,420,5,0,cold_nv,0.11179,0.71289,1.0,0.2
rts,420,5,0,cold_nv,0.14552,0.71215,1.0,0.2
rts,420,5,0,cold_nv,0.18944,0.70004,1.0,0.2
rts,420,5,0,cold_nv,0.2466,0.70317,1.0,0.2
rts,420,5,0,cold_nv,0.32102,0.68509,1.0,0.2
rts,420,5,0,cold_nv,0.41788,0.66887,1.0,0.2
rts,420,5,0,cold_nv,0.54399,0.62807,1.0,0.2
rts,420,5,0,cold_nv,0.70814,0.59005,1.0,0.2
rts,420,5,0,cold_nv,0.92183,0.50143,1.0,0.2
rts,420,5,0,cold_nv,1.2,0.50203,1.0,0.2
rts,420,5,0,warm,0.008,0.74601,1.0,0.153013
rts,420,5,0,warm,0.01041,0.73616,1.0,0.186857
rts,420,5,0,warm,0.01356,0.71453,1.0,0.216898
rts,420,5,0,warm,0.01765,0.70225,1.0,0.244354
rts,420,5,0,warm,0.02297,0.69391,1.0,0.262619
rts,420,5,0,warm,0.02991,0.68493,1.0,0.273185
rts,420,5,0,warm,0.03893,0.67572,1.0,0.281809
rts,420,5,0,warm,0.05068,0.67359,1.0,0.289794
rts,420,5,0,warm,0.06597,0.67223,1.0,0.290409
rts,420,5,0,warm,0.08588,0.66045,1.0,0.295868
rts,420,5,0,warm,0.11179,0.67018,1.0,0.301138
rts,420,5,0,warm,0.14552,0.6587,1.0,0.30679
rts,420,5,0,warm,0.18944,0.64587,1.0,0.325662
rts,420,5,0,warm,0.2466,0.53839,1.0,0.442515
rts,420,5,0,warm,0.32102,0.18475,1.0,0.857514
rts,420,5,0,warm,0.41788,0.07758,1.0,0.979637
rts,420,5,0,warm,0.54399,0.13206,1.0,0.900709
rts,420,5,0,warm,0.70814,0.05883,1.0,1.0
rts,420,5,0,warm,0.92183,0.05883,1.0,1.0
rts,420,5,0,warm,1.2,0.09748,1.0,0.919728
rts,420,5,5,cold_w,0.008,0.74927,0.08879,0.002381
rts,420,5,5,cold_w,0.01041,0.74882,0.08813,0.002381
rts,420,5,5,cold_w,0.01356,0.74824,0.0882,0.002381
rts,420,5,5,cold_w,0.01765,0.74828,0.09832,0.002381
rts,420,5,5,cold_w,0.02297,0.74829,0.11243,0.002381
rts,420,5,5,cold_w,0.02991,0.74837,0.12371,0.002381
rts,420,5,5,cold_w,0.03893,0.74729,0.1215,0.002381
rts,420,5,5,cold_w,0.05068,0.74865,0.12814,0.002381
rts,420,5,5,cold_w,0.06597,0.75002,0.13777,0.002381
rts,420,5,5,cold_w,0.08588,0.74928,0.15761,0.002381
rts,420,5,5,cold_w,0.11179,0.74864,0.22159,0.002381
rts,420,5,5,cold_w,0.14552,0.75194,0.29118,0.002381
rts,420,5,5,cold_w,0.18944,0.75115,0.36724,0.002381
rts,420,5,5,cold_w,0.2466,0.75018,0.53487,0.002381
rts,420,5,5,cold_w,0.32102,0.74717,0.69606,0.002381
rts,420,5,5,cold_w,0.41788,0.74358,0.91473,0.002381
rts,420,5,5,cold_w,0.54399,0.72445,1.13372,0.002381
rts,420,5,5,cold_w,0.70814,0.69848,1.30865,0.002381
rts,420,5,5,cold_w,0.92183,0.6493,1.40488,0.002381
rts,420,5,5,cold_w,1.2,0.5365,1.41537,0.002381
rts,420,5,5,cold_nv,0.008,0.73739,1.75945,0.2
rts,420,5,5,cold_nv,0.01041,0.73466,1.76563,0.2
rts,420,5,5,cold_nv,0.01356,0.7381,1.76425,0.2
rts,420,5,5,cold_nv,0.01765,0.7335,1.77984,0.2
rts,420,5,5,cold_nv,0.02297,0.73095,1.78027,0.2
rts,420,5,5,cold_nv,0.02991,0.74032,1.78246,0.2
rts,420,5,5,cold_nv,0.03893,0.73339,1.76977,0.2
rts,420,5,5,cold_nv,0.05068,0.73137,1.78085,0.2
rts,420,5,5,cold_nv,0.06597,0.72901,1.80134,0.2
rts,420,5,5,cold_nv,0.08588,0.73283,1.76875,0.2
rts,420,5,5,cold_nv,0.11179,0.72846,1.7857,0.2
rts,420,5,5,cold_nv,0.14552,0.7207,1.79608,0.2
rts,420,5,5,cold_nv,0.18944,0.71541,1.80977,0.2
rts,420,5,5,cold_nv,0.2466,0.7165,1.81865,0.2
rts,420,5,5,cold_nv,0.32102,0.71155,1.84942,0.2
rts,420,5,5,cold_nv,0.41788,0.6888,1.84016,0.2
rts,420,5,5,cold_nv,0.54399,0.64997,1.84145,0.2
rts,420,5,5,cold_nv,0.70814,0.62806,1.86273,0.2
rts,420,5,5,cold_nv,0.92183,0.55498,1.83476,0.2
rts,420,5,5,cold_nv,1.2,0.51182,1.84982,0.2
rts,420,5,5,warm,0.008,0.75849,0.74595,0.02974
rts,420,5,5,warm,0.01041,0.75735,1.01822,0.050787
rts,420,5,5,warm,0.01356,0.76026,1.29775,0.080952
rts,420,5,5,warm,0.01765,0.75316,1.50711,0.121686
rts,420,5,5,warm,0.02297,0.73901,1.70695,0.177773
rts,420,5,5,warm,0.02991,0.72328,1.80537,0.21763
rts,420,5,5,warm,0.03893,0.71699,1.81122,0.240934
rts,420,5,5,warm,0.05068,0.7111,1.8243,0.240917
rts,420,5,5,warm,0.06597,0.70567,1.8223,0.260823
rts,420,5,5,warm,0.08588,0.70878,1.84144,0.25185
rts,420,5,5,warm,0.11179,0.70354,1.83637,0.26457
rts,420,5,5,warm,0.14552,0.69992,1.83028,0.280444
rts,420,5,5,warm,0.18944,0.65064,1.83847,0.326342
rts,420,5,5,warm,0.2466,0.62778,1.84434,0.36296
rts,420,5,5,warm,0.32102,0.2127,1.68741,0.847038
rts,420,5,5,warm,0.41788,0.10474,1.43739,0.97534
rts,420,5,5,warm,0.54399,0.14458,1.61754,0.928247
rts,420,5,5,warm,0.70814,0.08531,1.29341,1.0
rts,420,5,5,warm,0.92183,0.08584,1.27933,1.0
rts,420,5,5,warm,1.2,0.13988,1.56383,0.882936
rts,420,5,10,cold_w,0.008,0.71816,0.09382,0.002381
rts,420,5,10,cold_w,0.01041,0.72029,0.09251,0.002381
rts,420,5,10,cold_w,0.01356,0.71787,0.10037,0.002381
rts,420,5,10,cold_w,0.01765,0.71889,0.11298,0.002381
rts,420,5,10,cold_w,0.02297,0.71552,0.11306,0.002381
rts,420,5,10,cold_w,0.02991,0.7157,0.11486,0.002381
rts,420,5,10,cold_w,0.03893,0.71595,0.10958,0.002381
rts,420,5,10,cold_w,0.05068,0.71611,0.10993,0.002381
rts,420,5,10,cold_w,0.06597,0.71602,0.10026,0.002381
rts,420,5,10,cold_w,0.08588,0.71753,0.10826,0.002381
rts,420,5,10,cold_w,0.11179,0.71642,0.18374,0.002381
rts,420,5,10,cold_w,0.14552,0.71566,0.19895,0.002381
rts,420,5,10,cold_w,0.18944,0.71917,0.26912,0.002381
rts,420,5,10,cold_w,0.2466,0.71969,0.30424,0.002381
rts,420,5,10,cold_w,0.32102,0.71727,0.53912,0.002381
rts,420,5,10,cold_w,0.41788,0.72312,0.73854,0.002381
rts,420,5,10,cold_w,0.54399,0.70985,1.05798,0.002381
rts,420,5,10,cold_w,0.70814,0.69821,1.46309,0.002381
rts,420,5,10,cold_w,0.92183,0.68086,1.69957,0.002381
rts,420,5,10,cold_w,1.2,0.57564,1.82404,0.002381
rts,420,5,10,cold_nv,0.008,0.71594,2.58355,0.2
rts,420,5,10,cold_nv,0.01041,0.71302,2.57228,0.2
rts,420,5,10,cold_nv,0.01356,0.71571,2.54121,0.2
rts,420,5,10,cold_nv,0.01765,0.71932,2.5416,0.2
rts,420,5,10,cold_nv,0.02297,0.7184,2.52105,0.2
rts,420,5,10,cold_nv,0.02991,0.70993,2.51328,0.2
rts,420,5,10,cold_nv,0.03893,0.71533,2.53647,0.2
rts,420,5,10,cold_nv,0.05068,0.71856,2.56618,0.2
rts,420,5,10,cold_nv,0.06597,0.71306,2.52518,0.2
rts,420,5,10,cold_nv,0.08588,0.7147,2.55984,0.2
rts,420,5,10,cold_nv,0.11179,0.70908,2.5605,0.2
rts,420,5,10,cold_nv,0.14552,0.71115,2.61322,0.2
rts,420,5,10,cold_nv,0.18944,0.70739,2.5791,0.2
rts,420,5,10,cold_nv,0.2466,0.69791,2.60857,0.2
rts,420,5,10,cold_nv,0.32102,0.68422,2.64958,0.2
rts,420,5,10,cold_nv,0.41788,0.68236,2.68143,0.2
rts,420,5,10,cold_nv,0.54399,0.64615,2.69545,0.2
rts,420,5,10,cold_nv,0.70814,0.60993,2.7325,0.2
rts,420,5,10,cold_nv,0.92183,0.52901,2.68539,0.2
rts,420,5,10,cold_nv,1.2,0.53367,2.72239,0.2
rts,420,5,10,warm,0.008,0.72124,0.45008,0.012724
rts,420,5,10,warm,0.01041,0.72387,0.69509,0.020397
rts,420,5,10,warm,0.01356,0.72987,0.94937,0.034141
rts,420,5,10,warm,0.01765,0.7352,1.40139,0.061672
rts,420,5,10,warm,0.02297,0.73858,1.90153,0.100184
rts,420,5,10,warm,0.02991,0.72075,2.28262,0.152014
rts,420,5,10,warm,0.03893,0.71027,2.48188,0.194735
rts,420,5,10,warm,0.05068,0.69753,2.6148,0.233402
rts,420,5,10,warm,0.06597,0.69642,2.6126,0.236457
rts,420,5,10,warm,0.08588,0.69178,2.67475,0.253499
rts,420,5,10,warm,0.11179,0.68323,2.64224,0.261753
rts,420,5,10,warm,0.14552,0.68443,2.67952,0.268962
rts,420,5,10,warm,0.18944,0.67067,2.68342,0.281591
rts,420,5,10,warm,0.2466,0.56262,2.67964,0.412812
rts,420,5,10,warm,0.32102,0.30984,2.62193,0.706208
rts,420,5,10,warm,0.41788,0.17225,2.54092,0.897414
rts,420,5,10,warm,0.54399,0.15895,2.57028,0.882519
rts,420,5,10,warm,0.70814,0.08444,2.22744,1.0
rts,420,5,10,warm,0.92183,0.08337,2.23786,1.0
rts,420,5,10,warm,1.2,0.12703,2.43233,0.914764
rts,420,5,20,cold_w,0.008,0.63139,0.16317,0.002381
rts,420,5,20,cold_w,0.01041,0.63212,0.14501,0.002381
rts,420,5,20,cold_w,0.01356,0.63191,0.1526,0.002381
rts,420,5,20,cold_w,0.01765,0.63006,0.17422,0.002381
rts,420,5,20,cold_w,0.02297,0.63084,0.15938,0.002381
rts,420,5,20,cold_w,0.02991,0.63349,0.15057,0.002381
rts,420,5,20,cold_w,0.03893,0.63561,0.15858,0.002381
rts,420,5,20,cold_w,0.05068,0.63103,0.14086,0.002381
rts,420,5,20,cold_w,0.06597,0.62886,0.13401,0.002381
rts,420,5,20,cold_w,0.08588,0.63378,0.13759,0.002381
rts,420,5,20,cold_w,0.11179,0.62774,0.19597,0.002381
rts,420,5,20,cold_w,0.14552,0.62602,0.1866,0.002381
rts,420,5,20,cold_w,0.18944,0.62813,0.22965,0.002381
rts,420,5,20,cold_w,0.2466,0.63078,0.34844,0.002381
rts,420,5,20,cold_w,0.32102,0.62821,0.39148,0.002381
rts,420,5,20,cold_w,0.41788,0.64175,0.54778,0.002381
rts,420,5,20,cold_w,0.54399,0.63134,0.86299,0.002381
rts,420,5,20,cold_w,0.70814,0.64528,1.29858,0.002381
rts,420,5,20,cold_w,0.92183,0.63501,1.8756,0.002381
rts,420,5,20,cold_w,1.2,0.59043,2.32177,0.002381
rts,420,5,20,cold_nv,0.008,0.67828,4.3449,0.2
rts,420,5,20,cold_nv,0.01041,0.68148,4.35641,0.2
rts,420,5,20,cold_nv,0.01356,0.68386,4.33646,0.2
rts,420,5,20,cold_nv,0.01765,0.68139,4.30289,0.2
rts,420,5,20,cold_nv,0.02297,0.68425,4.27507,0.2
rts,420,5,20,cold_nv,0.02991,0.688,4.27498,0.2
rts,420,5,20,cold_nv,0.03893,0.68578,4.26273,0.2
rts,420,5,20,cold_nv,0.05068,0.69054,4.32894,0.2
rts,420,5,20,cold_nv,0.06597,0.68138,4.25396,0.2
rts,420,5,20,cold_nv,0.08588,0.6864,4.24937,0.2
rts,420,5,20,cold_nv,0.11179,0.6833,4.30441,0.2
rts,420,5,20,cold_nv,0.14552,0.69462,4.2604,0.2
rts,420,5,20,cold_nv,0.18944,0.67789,4.27141,0.2
rts,420,5,20,cold_nv,0.2466,0.68094,4.25006,0.2
rts,420,5,20,cold_nv,0.32102,0.66918,4.39328,0.2
rts,420,5,20,cold_nv,0.41788,0.65429,4.44566,0.2
rts,420,5,20,cold_nv,0.54399,0.64764,4.47076,0.2
rts,420,5,20,cold_nv,0.70814,0.59961,4.45046,0.2
rts,420,5,20,cold_nv,0.92183,0.52538,4.50621,0.2
rts,420,5,20,cold_nv,1.2,0.5198,4.50359,0.2
rts,420,5,20,warm,0.008,0.6322,0.35919,0.00654
rts,420,5,20,warm,0.01041,0.63556,0.51776,0.008845
rts,420,5,20,warm,0.01356,0.63606,0.66474,0.012853
rts,420,5,20,warm,0.01765,0.65334,1.25317,0.020828
rts,420,5,20,warm,0.02297,0.6544,1.68925,0.033877
rts,420,5,20,warm,0.02991,0.67721,2.56222,0.057363
rts,420,5,20,warm,0.03893,0.67724,3.15194,0.0968
rts,420,5,20,warm,0.05068,0.69496,3.74714,0.141664
rts,420,5,20,warm,0.06597,0.68835,4.11207,0.177734
rts,420,5,20,warm,0.08588,0.68351,4.24454,0.195076
rts,420,5,20,warm,0.11179,0.6679,4.20437,0.216327
rts,420,5,20,warm,0.14552,0.66726,4.36582,0.227057
rts,420,5,20,warm,0.18944,0.66721,4.34102,0.230022
rts,420,5,20,warm,0.2466,0.64711,4.38754,0.282171
rts,420,5,20,warm,0.32102,0.54264,4.3721,0.410692
rts,420,5,20,warm,0.41788,0.23175,4.24336,0.800295
rts,420,5,20,warm,0.54399,0.12681,4.32327,0.928717
rts,420,5,20,warm,0.70814,0.07764,3.96818,1.0
rts,420,5,20,warm,0.92183,0.07827,3.91508,1.0
rts,420,5,20,warm,1.2,0.10011,4.08235,0.937773
rts,420,20,0,cold_w,0.008,0.64167,1.0,0.002381
rts,420,20,0,cold_w,0.01041,0.65282,1.0,0.002381
rts,420,20,0,cold_w,0.01356,0.66245,1.0,0.002381
rts,420,20,0,cold_w,0.01765,0.67887,1.0,0.002381
rts,420,20,0,cold_w,0.02297,0.69046,1.0,0.002381
rts,420,20,0,cold_w,0.02991,0.70607,1.0,0.002381
rts,420,20,0,cold_w,0.03893,0.71076,1.0,0.002381
rts,420,20,0,cold_w,0.05068,0.7228,1.0,0.002381
rts,420,20,0,cold_w,0.06597,0.73387,1.0,0.002381
rts,420,20,0,cold_w,0.08588,0.7412,1.0,0.002381
rts,420,20,0,cold_w,0.11179,0.74785,1.0,0.002381
rts,420,20,0,cold_w,0.14552,0.74801,1.0,0.002381
rts,420,20,0,cold_w,0.18944,0.74209,1.0,0.002381
rts,420,20,0,cold_w,0.2466,0.74068,1.0,0.002381
rts,420,20,0,cold_w,0.32102,0.72667,1.0,0.002381
rts,420,20,0,cold_w,0.41788,0.7197,1.0,0.002381
rts,420,20,0,cold_w,0.54399,0.70562,1.0,0.002381
rts,420,20,0,cold_w,0.70814,0.69496,1.0,0.002381
rts,420,20,0,cold_w,0.92183,0.6459,1.0,0.002381
rts,420,20,0,cold_w,1.2,0.54623,1.0,0.002381
rts,420,20,0,cold_nv,0.008,0.725,1.0,0.05
rts,420,20,0,cold_nv,0.01041,0.72346,1.0,0.05
rts,420,20,0,cold_nv,0.01356,0.71891,1.0,0.05
rts,420,20,0,cold_nv,0.01765,0.72354,1.0,0.05
rts,420,20,0,cold_nv,0.02297,0.72321,1.0,0.05
rts,420,20,0,cold_nv,0.02991,0.72643,1.0,0.05
rts,420,20,0,cold_nv,0.03893,0.71981,1.0,0.05
rts,420,20,0,cold_nv,0.05068,0.72051,1.0,0.05
rts,420,20,0,cold_nv,0.06597,0.71472,1.0,0.05
rts,420,20,0,cold_nv,0.08588,0.70999,1.0,0.05
rts,420,20,0,cold_nv,0.11179,0.71895,1.0,0.05
rts,420,20,0,cold_nv,0.14552,0.70945,1.0,0.05
rts,420,20,0,cold_nv,0.18944,0.71236,1.0,0.05
rts,420,20,0,cold_nv,0.2466,0.70085,1.0,0.05
rts,420,20,0,cold_nv,0.32102,0.7059,1.0,0.05
rts,420,20,0,cold_nv,0.41788,0.69937,1.0,0.05
rts,420,20,0,cold_nv,0.54399,0.68128,1.0,0.05
rts,420,20,0,cold_nv,0.70814,0.67063,1.0,0.05
rts,420,20,0,cold_nv,0.92183,0.61874,1.0,0.05
rts,420,20,0,cold_nv,1.2,0.58712,1.0,0.05
rts,420,20,0,warm,0.008,0.74397,1.0,0.040161
rts,420,20,0,warm,0.01041,0.72437,1.0,0.04771
rts,420,20,0,warm,0.01356,0.71922,1.0,0.05384
rts,420,20,0,warm,0.01765,0.70509,1.0,0.0595
rts,420,20,0,warm,0.02297,0.70327,1.0,0.061557
rts,420,20,0,warm,0.02991,0.69788,1.0,0.061634
rts,420,20,0,warm,0.03893,0.69953,1.0,0.061798
rts,420,20,0,warm,0.05068,0.69681,1.0,0.061737
rts,420,20,0,warm,0.06597,0.6907,1.0,0.063799
rts,420,20,0,warm,0.08588,0.69553,1.0,0.063387
rts,420,20,0,warm,0.11179,0.69858,1.0,0.065819
rts,420,20,0,warm,0.14552,0.69354,1.0,0.065091
rts,420,20,0,warm,0.18944,0.68852,1.0,0.069031
rts,420,20,0,warm,0.2466,0.68797,1.0,0.067355
rts,420,20,0,warm,0.32102,0.68612,1.0,0.070627
rts,420,20,0,warm,0.41788,0.66034,1.0,0.084253
rts,420,20,0,warm,0.54399,0.35972,1.0,0.373687
rts,420,20,0,warm,0.70814,0.03867,1.0,0.927118
rts,420,20,0,warm,0.92183,0.02685,1.0,0.933791
rts,420,20,0,warm,1.2,0.06371,1.0,0.632696
rts,420,20,5,cold_w,0.008,0.7561,0.19491,0.002381
rts,420,20,5,cold_w,0.01041,0.75372,0.19218,0.002381
rts,420,20,5,cold_w,0.01356,0.75246,0.20032,0.002381
rts,420,20,5,cold_w,0.01765,0.75427,0.19915,0.002381
rts,420,20,5,cold_w,0.02297,0.75553,0.20581,0.002381
rts,420,20,5,cold_w,0.02991,0.74882,0.22039,0.002381
rts,420,20,5,cold_w,0.03893,0.75617,0.22266,0.002381
rts,420,20,5,cold_w,0.05068,0.75049,0.22471,0.002381
rts,420,20,5,cold_w,0.06597,0.74975,0.25736,0.002381
rts,420,20,5,cold_w,0.08588,0.75131,0.28858,0.002381
rts,420,20,5,cold_w,0.11179,0.75439,0.33777,0.002381
rts,420,20,5,cold_w,0.14552,0.75476,0.42917,0.002381
rts,420,20,5,cold_w,0.18944,0.75038,0.48454,0.002381
rts,420,20,5,cold_w,0.2466,0.74438,0.57262,0.002381
rts,420,20,5,cold_w,0.32102,0.7445,0.70588,0.002381
rts,420,20,5,cold_w,0.41788,0.74359,0.76582,0.002381
rts,420,20,5,cold_w,0.54399,0.73299,0.8631,0.002381
rts,420,20,5,cold_w,0.70814,0.71352,0.89208,0.002381
rts,420,20,5,cold_w,0.92183,0.6836,0.97115,0.002381
rts,420,20,5,cold_w,1.2,0.60348,0.98659,0.002381
rts,420,20,5,cold_nv,0.008,0.73348,1.08379,0.05
rts,420,20,5,cold_nv,0.01041,0.73021,1.08133,0.05
rts,420,20,5,cold_nv,0.01356,0.73575,1.08778,0.05
rts,420,20,5,cold_nv,0.01765,0.73422,1.07639,0.05
rts,420,20,5,cold_nv,0.02297,0.73094,1.09141,0.05
rts,420,20,5,cold_nv,0.02991,0.7318,1.09607,0.05
rts,420,20,5,cold_nv,0.03893,0.73451,1.11244,0.05
rts,420,20,5,cold_nv,0.05068,0.72162,1.09462,0.05
rts,420,20,5,cold_nv,0.06597,0.72747,1.09387,0.05
rts,420,20,5,cold_nv,0.08588,0.72185,1.09494,0.05
rts,420,20,5,cold_nv,0.11179,0.71599,1.10729,0.05
rts,420,20,5,cold_nv,0.14552,0.72398,1.10429,0.05
rts,420,20,5,cold_nv,0.18944,0.72095,1.10237,0.05
rts,420,20,5,cold_nv,0.2466,0.71458,1.10831,0.05
rts,420,20,5,cold_nv,0.32102,0.71313,1.12186,0.05
rts,420,20,5,cold_nv,0.41788,0.70639,1.11563,0.05
rts,420,20,5,cold_nv,0.54399,0.703,1.13589,0.05
rts,420,20,5,cold_nv,0.70814,0.68189,1.13148,0.05
rts,420,20,5,cold_nv,0.92183,0.63478,1.13658,0.05
rts,420,20,5,cold_nv,1.2,0.5999,1.13362,0.05
rts,420,20,5,warm,0.008,0.7558,0.73333,0.016462
rts,420,20,5,warm,0.01041,0.75587,0.81514,0.02281
rts,420,20,5,warm,0.01356,0.7446,0.95149,0.032343
rts,420,20,5,warm,0.01765,0.74338,1.04513,0.040566
rts,420,20,5,warm,0.02297,0.72942,1.07292,0.047944
rts,420,20,5,warm,0.02991,0.7235,1.10717,0.052813
rts,420,20,5,warm,0.03893,0.71677,1.09285,0.054027
rts,420,20,5,warm,0.05068,0.72459,1.11569,0.055682
rts,420,20,5,warm,0.06597,0.71416,1.13474,0.059272
rts,420,20,5,warm,0.08588,0.71207,1.12102,0.057964
rts,420,20,5,warm,0.11179,0.71955,1.1189,0.057624
rts,420,20,5,warm,0.14552,0.71281,1.10517,0.060376
rts,420,20,5,warm,0.18944,0.71903,1.10811,0.058061
rts,420,20,5,warm,0.2466,0.70651,1.11855,0.063635
rts,420,20,5,warm,0.32102,0.70348,1.12668,0.065204
rts,420,20,5,warm,0.41788,0.65778,1.13253,0.114658
rts,420,20,5,warm,0.54399,0.46121,1.12497,0.276719
rts,420,20,5,warm,0.70814,0.109,0.88912,0.879211
rts,420,20,5,warm,0.92183,0.05309,0.59171,0.900635
rts,420,20,5,warm,1.2,0.08132,0.85534,0.658784
rts,420,20,10,cold_w,0.008,0.72186,0.19186,0.002381
rts,420,20,10,cold_w,0.01041,0.7209,0.19364,0.002381
rts,420,20,10,cold_w,0.01356,0.7188,0.1933,0.002381
rts,420,20,10,cold_w,0.01765,0.71747,0.20025,0.002381
rts,420,20,10,cold_w,0.02297,0.71802,0.20037,0.002381
rts,420,20,10,cold_w,0.02991,0.72106,0.21651,0.002381
rts,420,20,10,cold_w,0.03893,0.7203,0.21023,0.002381
rts,420,20,10,cold_w,0.05068,0.72403,0.23186,0.002381
rts,420,20,10,cold_w,0.06597,0.72682,0.21877,0.002381
rts,420,20,10,cold_w,0.08588,0.7296,0.25273,0.002381
rts,420,20,10,cold_w,0.11179,0.72405,0.29388,0.002381
rts,420,20,10,cold_w,0.14552,0.71785,0.31279,0.002381
rts,420,20,10,cold_w,0.18944,0.72093,0.40653,0.002381
rts,420,20,10,cold_w,0.2466,0.72391,0.43588,0.002381
rts,420,20,10,cold_w,0.32102,0.71491,0.52723,0.002381
rts,420,20,10,cold_w,0.41788,0.70937,0.6861,0.002381
rts,420,20,10,cold_w,0.54399,0.71269,0.76064,0.002381
rts,420,20,10,cold_w,0.70814,0.69422,0.86628,0.002381
rts,420,20,10,cold_w,0.92183,0.67664,0.99094,0.002381
rts,420,20,10,cold_w,1.2,0.60893,1.02344,0.002381
rts,420,20,10,cold_nv,0.008,0.70409,1.23078,0.05
rts,420,20,10,cold_nv,0.01041,0.71178,1.22499,0.05
rts,420,20,10,cold_nv,0.01356,0.71223,1.22717,0.05
rts,420,20,10,cold_nv,0.01765,0.71361,1.21071,0.05
rts,420,20,10,cold_nv,0.02297,0.71103,1.2187,0.05
rts,420,20,10,cold_nv,0.02991,0.71311,1.23467,0.05
rts,420,20,10,cold_nv,0.03893,0.70907,1.22831,0.05
rts,420,20,10,cold_nv,0.05068,0.7091,1.24511,0.05
rts,420,20,10,cold_nv,0.06597,0.70722,1.2385,0.05
rts,420,20,10,cold_nv,0.08588,0.70734,1.2595,0.05
rts,420,20,10,cold_nv,0.11179,0.71039,1.23097,0.05
rts,420,20,10,cold_nv,0.14552,0.71232,1.25361,0.05
rts,420,20,10,cold_nv,0.18944,0.70703,1.26762,0.05
rts,420,20,10,cold_nv,0.2466,0.69908,1.24445,0.05
rts,420,20,10,cold_nv,0.32102,0.69083,1.25349,0.05
rts,420,20,10,cold_nv,0.41788,0.6882,1.269,0.05
rts,420,20,10,cold_nv,0.54399,0.68677,1.27491,0.05
rts,420,20,10,cold_nv,0.70814,0.67945,1.29809,0.05
rts,420,20,10,cold_nv,0.92183,0.65226,1.3032,0.05
rts,420,20,10,cold_nv,1.2,0.56237,1.31623,0.05
rts,420,20,10,warm,0.008,0.72886,0.55242,0.009701
rts,420,20,10,warm,0.01041,0.73263,0.69939,0.013593
rts,420,20,10,warm,0.01356,0.72824,0.86068,0.019438
rts,420,20,10,warm,0.01765,0.72971,0.99183,0.026209
rts,420,20,10,warm,0.02297,0.7215,1.09641,0.03493
rts,420,20,10,warm,0.02991,0.71747,1.17553,0.042953
rts,420,20,10,warm,0.03893,0.71352,1.23495,0.046556
rts,420,20,10,warm,0.05068,0.70598,1.23464,0.049411
rts,420,20,10,warm,0.06597,0.70901,1.22453,0.051685
rts,420,20,10,warm,0.08588,0.70034,1.23134,0.050993
rts,420,20,10,warm,0.11179,0.70671,1.26178,0.053503
rts,420,20,10,warm,0.14552,0.69546,1.23803,0.052212
rts,420,20,10,warm,0.18944,0.70361,1.24792,0.052346
rts,420,20,10,warm,0.2466,0.70063,1.25942,0.054997
rts,420,20,10,warm,0.32102,0.69363,1.23839,0.056121
rts,420,20,10,warm,0.41788,0.68662,1.26949,0.062908
rts,420,20,10,warm,0.54399,0.53549,1.27996,0.22863
rts,420,20,10,warm,0.70814,0.13024,1.1338,0.838387
rts,420,20,10,warm,0.92183,0.05322,0.78089,0.952513
rts,420,20,10,warm,1.2,0.09932,1.08511,0.594572
rts,420,20,20,cold_w,0.008,0.64278,0.2801,0.002381
rts,420,20,20,cold_w,0.01041,0.64223,0.28253,0.002381
rts,420,20,20,cold_w,0.01356,0.64223,0.28253,0.002381
rts,420,20,20,cold_w,0.01765,0.64307,0.27957,0.002381
rts,420,20,20,cold_w,0.02297,0.64121,0.29761,0.002381
rts,420,20,20,cold_w,0.02991,0.6372,0.29307,0.002381
rts,420,20,20,cold_w,0.03893,0.63761,0.26541,0.002381
rts,420,20,20,cold_w,0.05068,0.64251,0.27286,0.002381
rts,420,20,20,cold_w,0.06597,0.64044,0.28856,0.002381
rts,420,20,20,cold_w,0.08588,0.63389,0.27595,0.002381
rts,420,20,20,cold_w,0.11179,0.64576,0.29724,0.002381
rts,420,20,20,cold_w,0.14552,0.63671,0.34251,0.002381
rts,420,20,20,cold_w,0.18944,0.65661,0.4061,0.002381
rts,420,20,20,cold_w,0.2466,0.64217,0.45104,0.002381
rts,420,20,20,cold_w,0.32102,0.64622,0.52116,0.002381
rts,420,20,20,cold_w,0.41788,0.63843,0.61115,0.002381
rts,420,20,20,cold_w,0.54399,0.6536,0.72304,0.002381
rts,420,20,20,cold_w,0.70814,0.65191,0.8213,0.002381
rts,420,20,20,cold_w,0.92183,0.64658,1.03684,0.002381
rts,420,20,20,cold_w,1.2,0.61129,1.13688,0.002381
rts,420,20,20,cold_nv,0.008,0.68912,1.70142,0.05
rts,420,20,20,cold_nv,0.01041,0.68416,1.67441,0.05
rts,420,20,20,cold_nv,0.01356,0.68297,1.66408,0.05
rts,420,20,20,cold_nv,0.01765,0.68031,1.68017,0.05
rts,420,20,20,cold_nv,0.02297,0.68761,1.65919,0.05
rts,420,20,20,cold_nv,0.02991,0.68398,1.65642,0.05
rts,420,20,20,cold_nv,0.03893,0.6828,1.64848,0.05
rts,420,20,20,cold_nv,0.05068,0.68057,1.65709,0.05
rts,420,20,20,cold_nv,0.06597,0.6791,1.64384,0.05
rts,420,20,20,cold_nv,0.08588,0.67158,1.65288,0.05
rts,420,20,20,cold_nv,0.11179,0.6775,1.65299,0.05
rts,420,20,20,cold_nv,0.14552,0.66307,1.67503,0.05
rts,420,20,20,cold_nv,0.18944,0.66926,1.64397,0.05
rts,420,20,20,cold_nv,0.2466,0.65751,1.57946,0.05
rts,420,20,20,cold_nv,0.32102,0.67424,1.60793,0.05
rts,420,20,20,cold_nv,0.41788,0.65592,1.58812,0.05
rts,420,20,20,cold_nv,0.54399,0.65823,1.61561,0.05
rts,420,20,20,cold_nv,0.70814,0.64739,1.62291,0.05
rts,420,20,20,cold_nv,0.92183,0.62388,1.63865,0.05
rts,420,20,20,cold_nv,1.2,0.56107,1.66309,0.05
rts,420,20,20,warm,0.008,0.65272,0.52138,0.005752
rts,420,20,20,warm,0.01041,0.65904,0.62073,0.007183
rts,420,20,20,warm,0.01356,0.6602,0.74515,0.009851
rts,420,20,20,warm,0.01765,0.67609,0.91354,0.012609
rts,420,20,20,warm,0.02297,0.67631,1.07692,0.017574
rts,420,20,20,warm,0.02991,0.67669,1.21941,0.023952
rts,420,20,20,warm,0.03893,0.67758,1.38164,0.030133
rts,420,20,20,warm,0.05068,0.67676,1.46647,0.034749
rts,420,20,20,warm,0.06597,0.67007,1.4832,0.03607
rts,420,20,20,warm,0.08588,0.67859,1.51104,0.039398
rts,420,20,20,warm,0.11179,0.68541,1.54082,0.040164
rts,420,20,20,warm,0.14552,0.67438,1.57786,0.041114
rts,420,20,20,warm,0.18944,0.66906,1.51739,0.040947
rts,420,20,20,warm,0.2466,0.67175,1.57296,0.042837
rts,420,20,20,warm,0.32102,0.68016,1.54224,0.043737
rts,420,20,20,warm,0.41788,0.66268,1.58032,0.046281
rts,420,20,20,warm,0.54399,0.47206,1.58053,0.247217
rts,420,20,20,warm,0.70814,0.20238,1.49784,0.677143
rts,420,20,20,warm,0.92183,0.08373,1.44739,0.887174
rts,420,20,20,warm,1.2,0.07799,1.54001,0.705093
rts,420,50,0,cold_w,0.008,0.72063,1.0,0.002381
rts,420,50,0,cold_w,0.01041,0.72576,1.0,0.002381
rts,420,50,0,cold_w,0.01356,0.72667,1.0,0.002381
rts,420,50,0,cold_w,0.01765,0.73128,1.0,0.002381
rts,420,50,0,cold_w,0.02297,0.73034,1.0,0.002381
rts,420,50,0,cold_w,0.02991,0.73774,1.0,0.002381
rts,420,50,0,cold_w,0.03893,0.73892,1.0,0.002381
rts,420,50,0,cold_w,0.05068,0.74577,1.0,0.002381
rts,420,50,0,cold_w,0.06597,0.75104,1.0,0.002381
rts,420,50,0,cold_w,0.08588,0.75016,1.0,0.002381
rts,420,50,0,cold_w,0.11179,0.75026,1.0,0.002381
rts,420,50,0,cold_w,0.14552,0.7458,1.0,0.002381
rts,420,50,0,cold_w,0.18944,0.74241,1.0,0.002381
rts,420,50,0,cold_w,0.2466,0.73615,1.0,0.002381
rts,420,50,0,cold_w,0.32102,0.72905,1.0,0.002381
rts,420,50,0,cold_w,0.41788,0.71708,1.0,0.002381
rts,420,50,0,cold_w,0.54399,0.70539,1.0,0.002381
rts,420,50,0,cold_w,0.70814,0.69501,1.0,0.002381
rts,420,50,0,cold_w,0.92183,0.6635,1.0,0.002381
rts,420,50,0,cold_w,1.2,0.61709,1.0,0.002381
rts,420,50,0,cold_nv,0.008,0.72021,1.0,0.02
rts,420,50,0,cold_nv,0.01041,0.72206,1.0,0.02
rts,420,50,0,cold_nv,0.01356,0.72059,1.0,0.02
rts,420,50,0,cold_nv,0.01765,0.71922,1.0,0.02
rts,420,50,0,cold_nv,0.02297,0.7221,1.0,0.02
rts,420,50,0,cold_nv,0.02991,0.72072,1.0,0.02
rts,420,50,0,cold_nv,0.03893,0.72399,1.0,0.02
rts,420,50,0,cold_nv,0.05068,0.71932,1.0,0.02
rts,420,50,0,cold_nv,0.06597,0.71359,1.0,0.02
rts,420,50,0,cold_nv,0.08588,0.71498,1.0,0.02
rts,420,50,0,cold_nv,0.11179,0.71551,1.0,0.02
rts,420,50,0,cold_nv,0.14552,0.70987,1.0,0.02
rts,420,50,0,cold_nv,0.18944,0.70726,1.0,0.02
rts,420,50,0,cold_nv,0.2466,0.70801,1.0,0.02
rts,420,50,0,cold_nv,0.32102,0.70861,1.0,0.02
rts,420,50,0,cold_nv,0.41788,0.69485,1.0,0.02
rts,420,50,0,cold_nv,0.54399,0.6888,1.0,0.02
rts,420,50,0,cold_nv,0.70814,0.67501,1.0,0.02
rts,420,50,0,cold_nv,0.92183,0.65853,1.0,0.02
rts,420,50,0,cold_nv,1.2,0.62181,1.0,0.02
rts,420,50,0,warm,0.008,0.7278,1.0,0.017477
rts,420,50,0,warm,0.01041,0.71982,1.0,0.019529
rts,420,50,0,warm,0.01356,0.71687,1.0,0.022375
rts,420,50,0,warm,0.01765,0.70813,1.0,0.023184
rts,420,50,0,warm,0.02297,0.71084,1.0,0.023964
rts,420,50,0,warm,0.02991,0.70327,1.0,0.024467
rts,420,50,0,warm,0.03893,0.69361,1.0,0.024526
rts,420,50,0,warm,0.05068,0.69513,1.0,0.02477
rts,420,50,0,warm,0.06597,0.69986,1.0,0.024172
rts,420,50,0,warm,0.08588,0.70202,1.0,0.024998
rts,420,50,0,warm,0.11179,0.7005,1.0,0.02553
rts,420,50,0,warm,0.14552,0.70677,1.0,0.026117
rts,420,50,0,warm,0.18944,0.69133,1.0,0.025931
rts,420,50,0,warm,0.2466,0.68799,1.0,0.028007
rts,420,50,0,warm,0.32102,0.67503,1.0,0.030243
rts,420,50,0,warm,0.41788,0.6306,1.0,0.067149
rts,420,50,0,warm,0.54399,0.55848,1.0,0.110018
rts,420,50,0,warm,0.70814,0.31883,1.0,0.51531
rts,420,50,0,warm,0.92183,0.02011,1.0,0.930341
rts,420,50,0,warm,1.2,0.04442,1.0,0.570477
rts,420,50,5,cold_w,0.008,0.75839,0.35662,0.002381
rts,420,50,5,cold_w,0.01041,0.75857,0.35099,0.002381
rts,420,50,5,cold_w,0.01356,0.7521,0.34682,0.002381
rts,420,50,5,cold_w,0.01765,0.7583,0.35563,0.002381
rts,420,50,5,cold_w,0.02297,0.75679,0.35549,0.002381
rts,420,50,5,cold_w,0.02991,0.75848,0.36979,0.002381
rts,420,50,5,cold_w,0.03893,0.75514,0.37245,0.002381
rts,420,50,5,cold_w,0.05068,0.76115,0.39576,0.002381
rts,420,50,5,cold_w,0.06597,0.75487,0.40888,0.002381
rts,420,50,5,cold_w,0.08588,0.75951,0.46515,0.002381
rts,420,50,5,cold_w,0.11179,0.75992,0.53139,0.002381
rts,420,50,5,cold_w,0.14552,0.75621,0.59035,0.002381
rts,420,50,5,cold_w,0.18944,0.75468,0.62552,0.002381
rts,420,50,5,cold_w,0.2466,0.74917,0.68526,0.002381
rts,420,50,5,cold_w,0.32102,0.73738,0.71763,0.002381
rts,420,50,5,cold_w,0.41788,0.74004,0.78744,0.002381
rts,420,50,5,cold_w,0.54399,0.72562,0.81756,0.002381
rts,420,50,5,cold_w,0.70814,0.70643,0.87392,0.002381
rts,420,50,5,cold_w,0.92183,0.69455,0.87017,0.002381
rts,420,50,5,cold_w,1.2,0.6406,0.91496,0.002381
rts,420,50,5,cold_nv,0.008,0.72897,0.95434,0.02
rts,420,50,5,cold_nv,0.01041,0.72491,0.95565,0.02
rts,420,50,5,cold_nv,0.01356,0.72907,0.95438,0.02
rts,420,50,5,cold_nv,0.01765,0.72535,0.94981,0.02
rts,420,50,5,cold_nv,0.02297,0.72671,0.94851,0.02
rts,420,50,5,cold_nv,0.02991,0.72739,0.941,0.02
rts,420,50,5,cold_nv,0.03893,0.73103,0.93826,0.02
rts,420,50,5,cold_nv,0.05068,0.72443,0.94781,0.02
rts,420,50,5,cold_nv,0.06597,0.72692,0.95923,0.02
rts,420,50,5,cold_nv,0.08588,0.71959,0.94236,0.02
rts,420,50,5,cold_nv,0.11179,0.72278,0.97367,0.02
rts,420,50,5,cold_nv,0.14552,0.72474,0.94759,0.02
rts,420,50,5,cold_nv,0.18944,0.71772,0.9695,0.02
rts,420,50,5,cold_nv,0.2466,0.71617,0.97306,0.02
rts,420,50,5,cold_nv,0.32102,0.71641,0.96761,0.02
rts,420,50,5,cold_nv,0.41788,0.70244,0.96559,0.02
rts,420,50,5,cold_nv,0.54399,0.70424,0.97114,0.02
rts,420,50,5,cold_nv,0.70814,0.70146,0.97154,0.02
rts,420,50,5,cold_nv,0.92183,0.67911,0.98433,0.02
rts,420,50,5,cold_nv,1.2,0.62936,0.99428,0.02
rts,420,50,5,warm,0.008,0.75746,0.7862,0.010111
rts,420,50,5,warm,0.01041,0.74794,0.85471,0.012662
rts,420,50,5,warm,0.01356,0.74472,0.89176,0.015739
rts,420,50,5,warm,0.01765,0.72676,0.914,0.017744
rts,420,50,5,warm,0.02297,0.72487,0.95391,0.019963
rts,420,50,5,warm,0.02991,0.72688,0.96589,0.021286
rts,420,50,5,warm,0.03893,0.72118,0.9691,0.021598
rts,420,50,5,warm,0.05068,0.72271,0.9447,0.021565
rts,420,50,5,warm,0.06597,0.71404,0.96811,0.02207
rts,420,50,5,warm,0.08588,0.7139,0.97372,0.022792
rts,420,50,5,warm,0.11179,0.7153,0.96147,0.023149
rts,420,50,5,warm,0.14552,0.70341,0.96726,0.022249
rts,420,50,5,warm,0.18944,0.71018,0.97733,0.023756
rts,420,50,5,warm,0.2466,0.70734,0.96843,0.023589
rts,420,50,5,warm,0.32102,0.71011,0.96515,0.024478
rts,420,50,5,warm,0.41788,0.70483,0.98856,0.024956
rts,420,50,5,warm,0.54399,0.69067,0.97049,0.027069
rts,420,50,5,warm,0.70814,0.47179,0.99133,0.323329
rts,420,50,5,warm,0.92183,0.07437,0.76473,0.775527
rts,420,50,5,warm,1.2,0.07324,0.75732,0.535746
rts,420,50,10,cold_w,0.008,0.72348,0.30494,0.002381
rts,420,50,10,cold_w,0.01041,0.72434,0.29697,0.002381
rts,420,50,10,cold_w,0.01356,0.7237,0.29157,0.002381
rts,420,50,10,cold_w,0.01765,0.72065,0.3106,0.002381
rts,420,50,10,cold_w,0.02297,0.72106,0.32082,0.002381
rts,420,50,10,cold_w,0.02991,0.72335,0.34782,0.002381
rts,420,50,10,cold_w,0.03893,0.72244,0.35157,0.002381
rts,420,50,10,cold_w,0.05068,0.72465,0.37535,0.002381
rts,420,50,10,cold_w,0.06597,0.72563,0.39445,0.002381
rts,420,50,10,cold_w,0.08588,0.72591,0.39363,0.002381
rts,420,50,10,cold_w,0.11179,0.72712,0.43005,0.002381
rts,420,50,10,cold_w,0.14552,0.72218,0.44127,0.002381
rts,420,50,10,cold_w,0.18944,0.72663,0.48907,0.002381
rts,420,50,10,cold_w,0.2466,0.7226,0.56972,0.002381
rts,420,50,10,cold_w,0.32102,0.71976,0.62153,0.002381
rts,420,50,10,cold_w,0.41788,0.71815,0.70263,0.002381
rts,420,50,10,cold_w,0.54399,0.70582,0.72862,0.002381
rts,420,50,10,cold_w,0.70814,0.69951,0.80076,0.002381
rts,420,50,10,cold_w,0.92183,0.67981,0.84332,0.002381
rts,420,50,10,cold_w,1.2,0.64732,0.88077,0.002381
rts,420,50,10,cold_nv,0.008,0.70122,0.99734,0.02
rts,420,50,10,cold_nv,0.01041,0.7049,1.00887,0.02
rts,420,50,10,cold_nv,0.01356,0.70449,1.00537,0.02
rts,420,50,10,cold_nv,0.01765,0.7022,0.98686,0.02
rts,420,50,10,cold_nv,0.02297,0.70456,0.98028,0.02
rts,420,50,10,cold_nv,0.02991,0.70525,0.98937,0.02
rts,420,50,10,cold_nv,0.03893,0.70417,0.99239,0.02
rts,420,50,10,cold_nv,0.05068,0.70558,1.00305,0.02
rts,420,50,10,cold_nv,0.06597,0.70836,1.00646,0.02
rts,420,50,10,cold_nv,0.08588,0.69792,1.00114,0.02
rts,420,50,10,cold_nv,0.11179,0.70417,0.99358,0.02
rts,420,50,10,cold_nv,0.14552,0.70395,1.00635,0.02
rts,420,50,10,cold_nv,0.18944,0.6978,1.00589,0.02
rts,420,50,10,cold_nv,0.2466,0.69975,1.00731,0.02
rts,420,50,10,cold_nv,0.32102,0.69587,1.00528,0.02
rts,420,50,10,cold_nv,0.41788,0.69419,1.00402,0.02
rts,420,50,10,cold_nv,0.54399,0.6853,0.99437,0.02
rts,420,50,10,cold_nv,0.70814,0.6712,1.01332,0.02
rts,420,50,10,cold_nv,0.92183,0.66465,1.02368,0.02
rts,420,50,10,cold_nv,1.2,0.63309,1.04387,0.02
rts,420,50,10,warm,0.008,0.72776,0.6709,0.007139
rts,420,50,10,warm,0.01041,0.72392,0.74194,0.008961
rts,420,50,10,warm,0.01356,0.72648,0.80952,0.011042
rts,420,50,10,warm,0.01765,0.72396,0.87535,0.013225
rts,420,50,10,warm,0.02297,0.72136,0.91316,0.015804
rts,420,50,10,warm,0.02991,0.70565,0.94914,0.01743
rts,420,50,10,warm,0.03893,0.71241,0.96919,0.017954
rts,420,50,10,warm,0.05068,0.71428,0.98508,0.018049
rts,420,50,10,warm,0.06597,0.69369,0.99784,0.019168
rts,420,50,10,warm,0.08588,0.70681,0.98353,0.019696
rts,420,50,10,warm,0.11179,0.69429,0.98179,0.019293
rts,420,50,10,warm,0.14552,0.69934,0.98241,0.019711
rts,420,50,10,warm,0.18944,0.69652,1.00635,0.019659
rts,420,50,10,warm,0.2466,0.70195,1.00037,0.02041
rts,420,50,10,warm,0.32102,0.69181,0.99947,0.020927
rts,420,50,10,warm,0.41788,0.68998,0.99665,0.021333
rts,420,50,10,warm,0.54399,0.68128,0.98206,0.02352
rts,420,50,10,warm,0.70814,0.46717,1.02501,0.316259
rts,420,50,10,warm,0.92183,0.11609,0.90559,0.787779
rts,420,50,10,warm,1.2,0.08522,0.84489,0.458476
rts,420,50,20,cold_w,0.008,0.64992,0.35423,0.002381
rts,420,50,20,cold_w,0.01041,0.6497,0.35031,0.002381
rts,420,50,20,cold_w,0.01356,0.64969,0.35637,0.002381
rts,420,50,20,cold_w,0.01765,0.65208,0.3652,0.002381
rts,420,50,20,cold_w,0.02297,0.65062,0.37018,0.002381
rts,420,50,20,cold_w,0.02991,0.65702,0.37053,0.002381
rts,420,50,20,cold_w,0.03893,0.65631,0.36219,0.002381
rts,420,50,20,cold_w,0.05068,0.65899,0.36177,0.002381
rts,420,50,20,cold_w,0.06597,0.65893,0.38921,0.002381
rts,420,50,20,cold_w,0.08588,0.65683,0.40259,0.002381
rts,420,50,20,cold_w,0.11179,0.66066,0.42005,0.002381
rts,420,50,20,cold_w,0.14552,0.66206,0.48118,0.002381
rts,420,50,20,cold_w,0.18944,0.65339,0.49515,0.002381
rts,420,50,20,cold_w,0.2466,0.66407,0.51181,0.002381
rts,420,50,20,cold_w,0.32102,0.66073,0.5867,0.002381
rts,420,50,20,cold_w,0.41788,0.667,0.64382,0.002381
rts,420,50,20,cold_w,0.54399,0.66131,0.68662,0.002381
rts,420,50,20,cold_w,0.70814,0.65445,0.74589,0.002381
rts,420,50,20,cold_w,0.92183,0.64474,0.83395,0.002381
rts,420,50,20,cold_w,1.2,0.63066,0.87976,0.002381
rts,420,50,20,cold_nv,0.008,0.67165,1.11329,0.02
rts,420,50,20,cold_nv,0.01041,0.66957,1.127,0.02
rts,420,50,20,cold_nv,0.01356,0.67278,1.09352,0.02
rts,420,50,20,cold_nv,0.01765,0.677,1.12602,0.02
rts,420,50,20,cold_nv,0.02297,0.67915,1.16087,0.02
rts,420,50,20,cold_nv,0.02991,0.67607,1.15913,0.02
rts,420,50,20,cold_nv,0.03893,0.67166,1.1465,0.02
rts,420,50,20,cold_nv,0.05068,0.67261,1.13406,0.02
rts,420,50,20,cold_nv,0.06597,0.6788,1.16427,0.02
rts,420,50,20,cold_nv,0.08588,0.67851,1.13383,0.02
rts,420,50,20,cold_nv,0.11179,0.68051,1.12716,0.02
rts,420,50,20,cold_nv,0.14552,0.67133,1.12153,0.02
rts,420,50,20,cold_nv,0.18944,0.6832,1.12056,0.02
rts,420,50,20,cold_nv,0.2466,0.66882,1.11912,0.02
rts,420,50,20,cold_nv,0.32102,0.67432,1.11516,0.02
rts,420,50,20,cold_nv,0.41788,0.66876,1.115,0.02
rts,420,50,20,cold_nv,0.54399,0.66038,1.07817,0.02
rts,420,50,20,cold_nv,0.70814,0.65144,1.11066,0.02
rts,420,50,20,cold_nv,0.92183,0.63717,1.12188,0.02
rts,420,50,20,cold_nv,1.2,0.59718,1.09224,0.02
rts,420,50,20,warm,0.008,0.66766,0.58758,0.004748
rts,420,50,20,warm,0.01041,0.66592,0.64979,0.005542
rts,420,50,20,warm,0.01356,0.67218,0.74616,0.006599
rts,420,50,20,warm,0.01765,0.67579,0.86485,0.008516
rts,420,50,20,warm,0.02297,0.67364,0.90767,0.009729
rts,420,50,20,warm,0.02991,0.66919,0.96052,0.011657
rts,420,50,20,warm,0.03893,0.68162,1.04109,0.013383
rts,420,50,20,warm,0.05068,0.68513,1.00172,0.014002
rts,420,50,20,warm,0.06597,0.67485,1.06676,0.014869
rts,420,50,20,warm,0.08588,0.67449,1.07354,0.015062
rts,420,50,20,warm,0.11179,0.67981,1.05519,0.01516
rts,420,50,20,warm,0.14552,0.68169,1.06238,0.015593
rts,420,50,20,warm,0.18944,0.66697,1.04683,0.016062
rts,420,50,20,warm,0.2466,0.6696,1.06274,0.015401
rts,420,50,20,warm,0.32102,0.6688,1.05942,0.016437
rts,420,50,20,warm,0.41788,0.66488,1.06696,0.017112
rts,420,50,20,warm,0.54399,0.65546,1.08741,0.017922
rts,420,50,20,warm,0.70814,0.6094,1.06212,0.084815
rts,420,50,20,warm,0.92183,0.23921,1.06649,0.570323
rts,420,50,20,warm,1.2,0.07233,1.03152,0.498186
rts,1680,5,0,cold_w,0.008,0.60028,1.0,0.000595
rts,1680,5,0,cold_w,0.01041,0.63686,1.0,0.000595
rts,1680,5,0,cold_w,0.01356,0.67454,1.0,0.000595
rts,1680,5,0,cold_w,0.01765,0.70015,1.0,0.000595
rts,1680,5,0,cold_w,0.02297,0.7227,1.0,0.000595
rts,1680,5,0,cold_w,0.02991,0.74129,1.0,0.000595
rts,1680,5,0,cold_w,0.03893,0.75361,1.0,0.000595
rts,1680,5,0,cold_w,0.05068,0.75852,1.0,0.000595
rts,1680,5,0,cold_w,0.06597,0.75442,1.0,0.000595
rts,1680,5,0,cold_w,0.08588,0.75541,1.0,0.000595
rts,1680,5,0,cold_w,0.11179,0.74956,1.0,0.000595
rts,1680,5,0,cold_w,0.14552,0.73372,1.0,0.000595
rts,1680,5,0,cold_w,0.18944,0.72802,1.0,0.000595
rts,1680,5,0,cold_w,0.2466,0.70651,1.0,0.000595
rts,1680,5,0,cold_w,0.32102,0.67606,1.0,0.000595
rts,1680,5,0,cold_w,0.41788,0.60107,1.0,0.000595
rts,1680,5,0,cold_w,0.54399,0.4579,1.0,0.000595
rts,1680,5,0,cold_w,0.70814,0.41098,1.0,0.000595
rts,1680,5,0,cold_w,0.92183,0.28566,1.0,0.000595
rts,1680,5,0,cold_w,1.2,0.31148,1.0,0.000595
rts,1680,5,0,cold_nv,0.008,0.75688,1.0,0.2
rts,1680,5,0,cold_nv,0.01041,0.75472,1.0,0.2
rts,1680,5,0,cold_nv,0.01356,0.75276,1.0,0.2
rts,1680,5,0,cold_nv,0.01765,0.75282,1.0,0.2
rts,1680,5,0,cold_nv,0.02297,0.74782,1.0,0.2
rts,1680,5,0,cold_nv,0.02991,0.74965,1.0,0.2
rts,1680,5,0,cold_nv,0.03893,0.74052,1.0,0.2
rts,1680,5,0,cold_nv,0.05068,0.73748,1.0,0.2
rts,1680,5,0,cold_nv,0.06597,0.73709,1.0,0.2
rts,1680,5,0,cold_nv,0.08588,0.727,1.0,0.2
rts,1680,5,0,cold_nv,0.11179,0.72327,1.0,0.2
rts,1680,5,0,cold_nv,0.14552,0.71762,1.0,0.2
rts,1680,5,0,cold_nv,0.18944,0.70663,1.0,0.2
rts,1680,5,0,cold_nv,0.2466,0.69072,1.0,0.2
rts,1680,5,0,cold_nv,0.32102,0.65739,1.0,0.2
rts,1680,5,0,cold_nv,0.41788,0.57406,1.0,0.2
rts,1680,5,0,cold_nv,0.54399,0.40996,1.0,0.2
rts,1680,5,0,cold_nv,0.70814,0.39966,1.0,0.2
rts,1680,5,0,cold_nv,0.92183,0.18451,1.0,0.2
rts,1680,5,0,cold_nv,1.2,0.2315,1.0,0.2
rts,1680,5,0,warm,0.008,0.7218,1.0,0.265124
rts,1680,5,0,warm,0.01041,0.7225,1.0,0.267448
rts,1680,5,0,warm,0.01356,0.71452,1.0,0.269918
rts,1680,5,0,warm,0.01765,0.71734,1.0,0.269844
rts,1680,5,0,warm,0.02297,0.71508,1.0,0.272725
rts,1680,5,0,warm,0.02991,0.71971,1.0,0.27173
rts,1680,5,0,warm,0.03893,0.71338,1.0,0.27246
rts,1680,5,0,warm,0.05068,0.71178,1.0,0.274925
rts,1680,5,0,warm,0.06597,0.71144,1.0,0.274183
rts,1680,5,0,warm,0.08588,0.7074,1.0,0.280932
rts,1680,5,0,warm,0.11179,0.7068,1.0,0.282799
rts,1680,5,0,warm,0.14552,0.69846,1.0,0.29525
rts,1680,5,0,warm,0.18944,0.68444,1.0,0.305862
rts,1680,5,0,warm,0.2466,0.40205,1.0,0.572343
rts,1680,5,0,warm,0.32102,0.11098,1.0,0.898246
rts,1680,5,0,warm,0.41788,0.01555,1.0,1.0
rts,1680,5,0,warm,0.54399,0.01555,1.0,1.0
rts,1680,5,0,warm,0.70814,0.01555,1.0,1.0
rts,1680,5,0,warm,0.92183,0.0175,1.0,0.981561
rts,1680,5,0,warm,1.2,0.01561,1.0,1.0
rts,1680,5,5,cold_w,0.008,0.76057,0.03265,0.000595
rts,1680,5,5,cold_w,0.01041,0.76018,0.03502,0.000595
rts,1680,5,5,cold_w,0.01356,0.76068,0.04205,0.000595
rts,1680,5,5,cold_w,0.01765,0.76126,0.04478,0.000595
rts,1680,5,5,cold_w,0.02297,0.76039,0.05242,0.000595
rts,1680,5,5,cold_w,0.02991,0.76224,0.08485,0.000595
rts,1680,5,5,cold_w,0.03893,0.76303,0.12518,0.000595
rts,1680,5,5,cold_w,0.05068,0.76344,0.20648,0.000595
rts,1680,5,5,cold_w,0.06597,0.76557,0.30348,0.000595
rts,1680,5,5,cold_w,0.08588,0.76649,0.55641,0.000595
rts,1680,5,5,cold_w,0.11179,0.76464,0.77696,0.000595
rts,1680,5,5,cold_w,0.14552,0.76593,0.9746,0.000595
rts,1680,5,5,cold_w,0.18944,0.75214,1.20632,0.000595
rts,1680,5,5,cold_w,0.2466,0.73897,1.34265,0.000595
rts,1680,5,5,cold_w,0.32102,0.71426,1.46002,0.000595
rts,1680,5,5,cold_w,0.41788,0.65974,1.54642,0.000595
rts,1680,5,5,cold_w,0.54399,0.5825,1.61466,0.000595
rts,1680,5,5,cold_w,0.70814,0.45511,1.62858,0.000595
rts,1680,5,5,cold_w,0.92183,0.33911,1.61686,0.000595
rts,1680,5,5,cold_w,1.2,0.34702,1.7048,0.000595
rts,1680,5,5,cold_nv,0.008,0.74508,1.85414,0.2
rts,1680,5,5,cold_nv,0.01041,0.74418,1.86418,0.2
rts,1680,5,5,cold_nv,0.01356,0.74471,1.85778,0.2
rts,1680,5,5,cold_nv,0.01765,0.74463,1.86164,0.2
rts,1680,5,5,cold_nv,0.02297,0.74189,1.87536,0.2
rts,1680,5,5,cold_nv,0.02991,0.74,1.87147,0.2
rts,1680,5,5,cold_nv,0.03893,0.73768,1.89098,0.2
rts,1680,5,5,cold_nv,0.05068,0.73557,1.88071,0.2
rts,1680,5,5,cold_nv,0.06597,0.73124,1.88359,0.2
rts,1680,5,5,cold_nv,0.08588,0.72629,1.8901,0.2
rts,1680,5,5,cold_nv,0.11179,0.72598,1.88944,0.2
rts,1680,5,5,cold_nv,0.14552,0.71868,1.91314,0.2
rts,1680,5,5,cold_nv,0.18944,0.71195,1.9076,0.2
rts,1680,5,5,cold_nv,0.2466,0.69591,1.91536,0.2
rts,1680,5,5,cold_nv,0.32102,0.66234,1.92336,0.2
rts,1680,5,5,cold_nv,0.41788,0.58067,1.92923,0.2
rts,1680,5,5,cold_nv,0.54399,0.40573,1.9244,0.2
rts,1680,5,5,cold_nv,0.70814,0.40494,1.92862,0.2
rts,1680,5,5,cold_nv,0.92183,0.22159,1.9007,0.2
rts,1680,5,5,cold_nv,1.2,0.23569,1.90588,0.2
rts,1680,5,5,warm,0.008,0.74031,1.87038,0.213101
rts,1680,5,5,warm,0.01041,0.72467,1.88464,0.237227
rts,1680,5,5,warm,0.01356,0.72037,1.89946,0.247968
rts,1680,5,5,warm,0.01765,0.71941,1.90678,0.253254
rts,1680,5,5,warm,0.02297,0.71656,1.90337,0.253343
rts,1680,5,5,warm,0.02991,0.71972,1.91375,0.253973
rts,1680,5,5,warm,0.03893,0.71905,1.913,0.257026
rts,1680,5,5,warm,0.05068,0.71686,1.90979,0.256912
rts,1680,5,5,warm,0.06597,0.71552,1.90825,0.260472
rts,1680,5,5,warm,0.08588,0.71741,1.91627,0.261327
rts,1680,5,5,warm,0.11179,0.71301,1.91655,0.266173
rts,1680,5,5,warm,0.14552,0.70451,1.91617,0.275192
rts,1680,5,5,warm,0.18944,0.69912,1.92312,0.289593
rts,1680,5,5,warm,0.2466,0.52834,1.92323,0.454926
rts,1680,5,5,warm,0.32102,0.06637,1.7254,0.929759
rts,1680,5,5,warm,0.41788,0.02211,1.2723,1.0
rts,1680,5,5,warm,0.54399,0.02191,1.28934,1.0
rts,1680,5,5,warm,0.70814,0.02179,1.29783,1.0
rts,1680,5,5,warm,0.92183,0.02917,1.45604,0.986199
rts,1680,5,5,warm,1.2,0.02195,1.28107,1.0
rts,1680,5,10,cold_w,0.008,0.7362,0.02838,0.000595
rts,1680,5,10,cold_w,0.01041,0.73649,0.03911,0.000595
rts,1680,5,10,cold_w,0.01356,0.73506,0.03397,0.000595
rts,1680,5,10,cold_w,0.01765,0.73518,0.04153,0.000595
rts,1680,5,10,cold_w,0.02297,0.73727,0.04757,0.000595
rts,1680,5,10,cold_w,0.02991,0.73712,0.05166,0.000595
rts,1680,5,10,cold_w,0.03893,0.73825,0.0834,0.000595
rts,1680,5,10,cold_w,0.05068,0.7375,0.10718,0.000595
rts,1680,5,10,cold_w,0.06597,0.7406,0.18696,0.000595
rts,1680,5,10,cold_w,0.08588,0.73976,0.35237,0.000595
rts,1680,5,10,cold_w,0.11179,0.73905,0.6597,0.000595
rts,1680,5,10,cold_w,0.14552,0.74067,0.93841,0.000595
rts,1680,5,10,cold_w,0.18944,0.73867,1.33676,0.000595
rts,1680,5,10,cold_w,0.2466,0.7309,1.58666,0.000595
rts,1680,5,10,cold_w,0.32102,0.71653,1.86112,0.000595
rts,1680,5,10,cold_w,0.41788,0.67808,2.00869,0.000595
rts,1680,5,10,cold_w,0.54399,0.59559,2.12141,0.000595
rts,1680,5,10,cold_w,0.70814,0.49248,2.22662,0.000595
rts,1680,5,10,cold_w,0.92183,0.34978,2.17366,0.000595
rts,1680,5,10,cold_w,1.2,0.36228,2.37315,0.000595
rts,1680,5,10,cold_nv,0.008,0.73419,2.73085,0.2
rts,1680,5,10,cold_nv,0.01041,0.73248,2.72625,0.2
rts,1680,5,10,cold_nv,0.01356,0.73194,2.73754,0.2
rts,1680,5,10,cold_nv,0.01765,0.73029,2.7614,0.2
rts,1680,5,10,cold_nv,0.02297,0.72758,2.73707,0.2
rts,1680,5,10,cold_nv,0.02991,0.72881,2.7406,0.2
rts,1680,5,10,cold_nv,0.03893,0.72839,2.74299,0.2
rts,1680,5,10,cold_nv,0.05068,0.7313,2.75978,0.2
rts,1680,5,10,cold_nv,0.06597,0.7242,2.76342,0.2
rts,1680,5,10,cold_nv,0.08588,0.72412,2.77118,0.2
rts,1680,5,10,cold_nv,0.11179,0.71809,2.77092,0.2
rts,1680,5,10,cold_nv,0.14552,0.7137,2.7917,0.2
rts,1680,5,10,cold_nv,0.18944,0.70594,2.81067,0.2
rts,1680,5,10,cold_nv,0.2466,0.69411,2.80887,0.2
rts,1680,5,10,cold_nv,0.32102,0.65967,2.81853,0.2
rts,1680,5,10,cold_nv,0.41788,0.56421,2.8339,0.2
rts,1680,5,10,cold_nv,0.54399,0.43288,2.8458,0.2
rts,1680,5,10,cold_nv,0.70814,0.39692,2.85114,0.2
rts,1680,5,10,cold_nv,0.92183,0.2095,2.7949,0.2
rts,1680,5,10,cold_nv,1.2,0.24786,2.85237,0.2
rts,1680,5,10,warm,0.008,0.73968,2.54053,0.159481
rts,1680,5,10,warm,0.01041,0.72954,2.73274,0.20113
rts,1680,5,10,warm,0.01356,0.72313,2.76146,0.220383
rts,1680,5,10,warm,0.01765,0.72114,2.8014,0.231335
rts,1680,5,10,warm,0.02297,0.7167,2.79644,0.231765
rts,1680,5,10,warm,0.02991,0.71299,2.78551,0.233551
rts,1680,5,10,warm,0.03893,0.71401,2.80371,0.236106
rts,1680,5,10,warm,0.05068,0.71827,2.77016,0.230096
rts,1680,5,10,warm,0.06597,0.71425,2.80666,0.235151
rts,1680,5,10,warm,0.08588,0.71127,2.80501,0.240593
rts,1680,5,10,warm,0.11179,0.70843,2.81214,0.249769
rts,1680,5,10,warm,0.14552,0.71062,2.8163,0.249505
rts,1680,5,10,warm,0.18944,0.6992,2.82414,0.262105
rts,1680,5,10,warm,0.2466,0.59644,2.83299,0.364394
rts,1680,5,10,warm,0.32102,0.16613,2.77714,0.83188
rts,1680,5,10,warm,0.41788,0.0217,2.10764,1.0
rts,1680,5,10,warm,0.54399,0.0219,2.08879,1.0
rts,1680,5,10,warm,0.70814,0.0214,2.14777,1.0
rts,1680,5,10,warm,0.92183,0.03488,2.48692,0.965047
rts,1680,5,10,warm,1.2,0.02181,2.0971,1.0
rts,1680,5,20,cold_w,0.008,0.68353,0.0459,0.000595
rts,1680,5,20,cold_w,0.01041,0.68479,0.04815,0.000595
rts,1680,5,20,cold_w,0.01356,0.68368,0.05335,0.000595
rts,1680,5,20,cold_w,0.01765,0.68469,0.05926,0.000595
rts,1680,5,20,cold_w,0.02297,0.68553,0.056,0.000595
rts,1680,5,20,cold_w,0.02991,0.68479,0.06528,0.000595
rts,1680,5,20,cold_w,0.03893,0.68386,0.09399,0.000595
rts,1680,5,20,cold_w,0.05068,0.68386,0.11161,0.000595
rts,1680,5,20,cold_w,0.06597,0.68526,0.15644,0.000595
rts,1680,5,20,cold_w,0.08588,0.68587,0.27186,0.000595
rts,1680,5,20,cold_w,0.11179,0.68606,0.43872,0.000595
rts,1680,5,20,cold_w,0.14552,0.68813,0.8115,0.000595
rts,1680,5,20,cold_w,0.18944,0.69082,1.31282,0.000595
rts,1680,5,20,cold_w,0.2466,0.69002,1.93131,0.000595
rts,1680,5,20,cold_w,0.32102,0.68758,2.44484,0.000595
rts,1680,5,20,cold_w,0.41788,0.66756,2.84053,0.000595
rts,1680,5,20,cold_w,0.54399,0.61157,3.14282,0.000595
rts,1680,5,20,cold_w,0.70814,0.52053,3.33034,0.000595
rts,1680,5,20,cold_w,0.92183,0.38591,3.25014,0.000595
rts,1680,5,20,cold_w,1.2,0.40239,3.69956,0.000595
rts,1680,5,20,cold_nv,0.008,0.71123,4.53407,0.2
rts,1680,5,20,cold_nv,0.01041,0.71051,4.55462,0.2
rts,1680,5,20,cold_nv,0.01356,0.70882,4.54135,0.2
rts,1680,5,20,cold_nv,0.01765,0.71145,4.56576,0.2
rts,1680,5,20,cold_nv,0.02297,0.70912,4.54157,0.2
rts,1680,5,20,cold_nv,0.02991,0.71015,4.5478,0.2
rts,1680,5,20,cold_nv,0.03893,0.7102,4.5636,0.2
rts,1680,5,20,cold_nv,0.05068,0.70648,4.50695,0.2
rts,1680,5,20,cold_nv,0.06597,0.71212,4.56712,0.2
rts,1680,5,20,cold_nv,0.08588,0.70895,4.54549,0.2
rts,1680,5,20,cold_nv,0.11179,0.70203,4.57129,0.2
rts,1680,5,20,cold_nv,0.14552,0.69902,4.59441,0.2
rts,1680,5,20,cold_nv,0.18944,0.69946,4.55603,0.2
rts,1680,5,20,cold_nv,0.2466,0.68752,4.63104,0.2
rts,1680,5,20,cold_nv,0.32102,0.66167,4.6926,0.2
rts,1680,5,20,cold_nv,0.41788,0.58892,4.69072,0.2
rts,1680,5,20,cold_nv,0.54399,0.4063,4.68627,0.2
rts,1680,5,20,cold_nv,0.70814,0.42079,4.76866,0.2
rts,1680,5,20,cold_nv,0.92183,0.19773,4.63706,0.2
rts,1680,5,20,cold_nv,1.2,0.24588,4.73008,0.2
rts,1680,5,20,warm,0.008,0.71434,3.3471,0.090361
rts,1680,5,20,warm,0.01041,0.72027,4.0505,0.138713
rts,1680,5,20,warm,0.01356,0.71918,4.41822,0.174108
rts,1680,5,20,warm,0.01765,0.71242,4.54417,0.196504
rts,1680,5,20,warm,0.02297,0.71242,4.58303,0.204001
rts,1680,5,20,warm,0.02991,0.71047,4.53873,0.203507
rts,1680,5,20,warm,0.03893,0.70876,4.56038,0.20639
rts,1680,5,20,warm,0.05068,0.7093,4.55262,0.205061
rts,1680,5,20,warm,0.06597,0.70643,4.58825,0.211624
rts,1680,5,20,warm,0.08588,0.7016,4.58015,0.214954
rts,1680,5,20,warm,0.11179,0.70432,4.62422,0.223196
rts,1680,5,20,warm,0.14552,0.69864,4.57897,0.220956
rts,1680,5,20,warm,0.18944,0.69372,4.60092,0.239217
rts,1680,5,20,warm,0.2466,0.64168,4.65191,0.28653
rts,1680,5,20,warm,0.32102,0.17098,4.63482,0.798404
rts,1680,5,20,warm,0.41788,0.01974,3.72974,1.0
rts,1680,5,20,warm,0.54399,0.02013,3.63233,1.0
rts,1680,5,20,warm,0.70814,0.01935,3.7798,1.0
rts,1680,5,20,warm,0.92183,0.02174,3.73987,0.992037
rts,1680,5,20,warm,1.2,0.01955,3.74223,1.0
rts,1680,20,0,cold_w,0.008,0.67896,1.0,0.000595
rts,1680,20,0,cold_w,0.01041,0.69961,1.0,0.000595
rts,1680,20,0,cold_w,0.01356,0.72133,1.0,0.000595
rts,1680,20,0,cold_w,0.01765,0.73916,1.0,0.000595
rts,1680,20,0,cold_w,0.02297,0.74799,1.0,0.000595
rts,1680,20,0,cold_w,0.02991,0.75979,1.0,0.000595
rts,1680,20,0,cold_w,0.03893,0.76469,1.0,0.000595
rts,1680,20,0,cold_w,0.05068,0.76825,1.0,0.000595
rts,1680,20,0,cold_w,0.06597,0.76281,1.0,0.000595
rts,1680,20,0,cold_w,0.08588,0.75917,1.0,0.000595
rts,1680,20,0,cold_w,0.11179,0.74986,1.0,0.000595
rts,1680,20,0,cold_w,0.14552,0.74781,1.0,0.000595
rts,1680,20,0,cold_w,0.18944,0.74225,1.0,0.000595
rts,1680,20,0,cold_w,0.2466,0.73526,1.0,0.000595
rts,1680,20,0,cold_w,0.32102,0.72496,1.0,0.000595
rts,1680,20,0,cold_w,0.41788,0.72316,1.0,0.000595
rts,1680,20,0,cold_w,0.54399,0.69831,1.0,0.000595
rts,1680,20,0,cold_w,0.70814,0.63816,1.0,0.000595
rts,1680,20,0,cold_w,0.92183,0.44013,1.0,0.000595
rts,1680,20,0,cold_w,1.2,0.37124,1.0,0.000595
rts,1680,20,0,cold_nv,0.008,0.75379,1.0,0.05
rts,1680,20,0,cold_nv,0.01041,0.75128,1.0,0.05
rts,1680,20,0,cold_nv,0.01356,0.75198,1.0,0.05
rts,1680,20,0,cold_nv,0.01765,0.74896,1.0,0.05
rts,1680,20,0,cold_nv,0.02297,0.74957,1.0,0.05
rts,1680,20,0,cold_nv,0.02991,0.74841,1.0,0.05
rts,1680,20,0,cold_nv,0.03893,0.74252,1.0,0.05
rts,1680,20,0,cold_nv,0.05068,0.74364,1.0,0.05
rts,1680,20,0,cold_nv,0.06597,0.74391,1.0,0.05
rts,1680,20,0,cold_nv,0.08588,0.74082,1.0,0.05
rts,1680,20,0,cold_nv,0.11179,0.7381,1.0,0.05
rts,1680,20,0,cold_nv,0.14552,0.73501,1.0,0.05
rts,1680,20,0,cold_nv,0.18944,0.72945,1.0,0.05
rts,1680,20,0,cold_nv,0.2466,0.72928,1.0,0.05
rts,1680,20,0,cold_nv,0.32102,0.72204,1.0,0.05
rts,1680,20,0,cold_nv,0.41788,0.71546,1.0,0.05
rts,1680,20,0,cold_nv,0.54399,0.68556,1.0,0.05
rts,1680,20,0,cold_nv,0.70814,0.62454,1.0,0.05
rts,1680,20,0,cold_nv,0.92183,0.49667,1.0,0.05
rts,1680,20,0,cold_nv,1.2,0.27555,1.0,0.05
rts,1680,20,0,warm,0.008,0.73336,1.0,0.059983
rts,1680,20,0,warm,0.01041,0.73376,1.0,0.059906
rts,1680,20,0,warm,0.01356,0.7328,1.0,0.060109
rts,1680,20,0,warm,0.01765,0.73243,1.0,0.060612
rts,1680,20,0,warm,0.02297,0.73339,1.0,0.060723
rts,1680,20,0,warm,0.02991,0.73065,1.0,0.060942
rts,1680,20,0,warm,0.03893,0.73434,1.0,0.060226
rts,1680,20,0,warm,0.05068,0.73076,1.0,0.061282
rts,1680,20,0,warm,0.06597,0.73162,1.0,0.061195
rts,1680,20,0,warm,0.08588,0.72891,1.0,0.062377
rts,1680,20,0,warm,0.11179,0.728,1.0,0.06276
rts,1680,20,0,warm,0.14552,0.72627,1.0,0.065021
rts,1680,20,0,warm,0.18944,0.72514,1.0,0.066401
rts,1680,20,0,warm,0.2466,0.72114,1.0,0.070138
rts,1680,20,0,warm,0.32102,0.7163,1.0,0.070644
rts,1680,20,0,warm,0.41788,0.47988,1.0,0.372775
rts,1680,20,0,warm,0.54399,0.19011,1.0,0.695125
rts,1680,20,0,warm,0.70814,0.01406,1.0,0.948454
rts,1680,20,0,warm,0.92183,0.01982,1.0,0.822321
rts,1680,20,0,warm,1.2,0.00672,1.0,0.860857
rts,1680,20,5,cold_w,0.008,0.76163,0.07623,0.000595
rts,1680,20,5,cold_w,0.01041,0.76477,0.08004,0.000595
rts,1680,20,5,cold_w,0.01356,0.76268,0.09373,0.000595
rts,1680,20,5,cold_w,0.01765,0.76169,0.10151,0.000595
rts,1680,20,5,cold_w,0.02297,0.76315,0.1266,0.000595
rts,1680,20,5,cold_w,0.02991,0.76373,0.15454,0.000595
rts,1680,20,5,cold_w,0.03893,0.76554,0.2222,0.000595
rts,1680,20,5,cold_w,0.05068,0.76807,0.30184,0.000595
rts,1680,20,5,cold_w,0.06597,0.77044,0.39866,0.000595
rts,1680,20,5,cold_w,0.08588,0.77089,0.52964,0.000595
rts,1680,20,5,cold_w,0.11179,0.76235,0.6597,0.000595
rts,1680,20,5,cold_w,0.14552,0.7588,0.7615,0.000595
rts,1680,20,5,cold_w,0.18944,0.75201,0.84906,0.000595
rts,1680,20,5,cold_w,0.2466,0.74036,0.91559,0.000595
rts,1680,20,5,cold_w,0.32102,0.73167,0.96363,0.000595
rts,1680,20,5,cold_w,0.41788,0.72648,1.01599,0.000595
rts,1680,20,5,cold_w,0.54399,0.7087,1.05695,0.000595
rts,1680,20,5,cold_w,0.70814,0.67006,1.091,0.000595
rts,1680,20,5,cold_w,0.92183,0.48971,1.07983,0.000595
rts,1680,20,5,cold_w,1.2,0.38716,1.10551,0.000595
rts,1680,20,5,cold_nv,0.008,0.73864,1.14089,0.05
rts,1680,20,5,cold_nv,0.01041,0.74091,1.13768,0.05
rts,1680,20,5,cold_nv,0.01356,0.73778,1.14223,0.05
rts,1680,20,5,cold_nv,0.01765,0.73636,1.13521,0.05
rts,1680,20,5,cold_nv,0.02297,0.7392,1.14198,0.05
rts,1680,20,5,cold_nv,0.02991,0.73197,1.15039,0.05
rts,1680,20,5,cold_nv,0.03893,0.73719,1.15561,0.05
rts,1680,20,5,cold_nv,0.05068,0.73451,1.14696,0.05
rts,1680,20,5,cold_nv,0.06597,0.73353,1.15405,0.05
rts,1680,20,5,cold_nv,0.08588,0.73307,1.15419,0.05
rts,1680,20,5,cold_nv,0.11179,0.73088,1.15334,0.05
rts,1680,20,5,cold_nv,0.14552,0.72541,1.15288,0.05
rts,1680,20,5,cold_nv,0.18944,0.7272,1.158,0.05
rts,1680,20,5,cold_nv,0.2466,0.72475,1.15894,0.05
rts,1680,20,5,cold_nv,0.32102,0.71865,1.15984,0.05
rts,1680,20,5,cold_nv,0.41788,0.71755,1.16919,0.05
rts,1680,20,5,cold_nv,0.54399,0.69437,1.17629,0.05
rts,1680,20,5,cold_nv,0.70814,0.62491,1.17282,0.05
rts,1680,20,5,cold_nv,0.92183,0.51268,1.19001,0.05
rts,1680,20,5,cold_nv,1.2,0.32933,1.18098,0.05
rts,1680,20,5,warm,0.008,0.73627,1.14757,0.050763
rts,1680,20,5,warm,0.01041,0.7357,1.15068,0.05283
rts,1680,20,5,warm,0.01356,0.73414,1.15336,0.0529
rts,1680,20,5,warm,0.01765,0.73505,1.15472,0.053939
rts,1680,20,5,warm,0.02297,0.73127,1.15155,0.054012
rts,1680,20,5,warm,0.02991,0.73249,1.15839,0.054422
rts,1680,20,5,warm,0.03893,0.7324,1.16336,0.054889
rts,1680,20,5,warm,0.05068,0.72893,1.15734,0.055319
rts,1680,20,5,warm,0.06597,0.72857,1.15959,0.055353
rts,1680,20,5,warm,0.08588,0.73052,1.16373,0.054844
rts,1680,20,5,warm,0.11179,0.72873,1.16037,0.057315
rts,1680,20,5,warm,0.14552,0.72902,1.15495,0.056331
rts,1680,20,5,warm,0.18944,0.72384,1.15787,0.059105
rts,1680,20,5,warm,0.2466,0.71675,1.16408,0.063111
rts,1680,20,5,warm,0.32102,0.71633,1.16238,0.067077
rts,1680,20,5,warm,0.41788,0.6839,1.17159,0.095152
rts,1680,20,5,warm,0.54399,0.29292,1.15764,0.612162
rts,1680,20,5,warm,0.70814,0.01321,0.6284,0.96939
rts,1680,20,5,warm,0.92183,0.02509,0.89685,0.808598
rts,1680,20,5,warm,1.2,0.01326,0.61822,0.927513
rts,1680,20,10,cold_w,0.008,0.73816,0.06042,0.000595
rts,1680,20,10,cold_w,0.01041,0.74174,0.06195,0.000595
rts,1680,20,10,cold_w,0.01356,0.73877,0.06621,0.000595
rts,1680,20,10,cold_w,0.01765,0.73968,0.08732,0.000595
rts,1680,20,10,cold_w,0.02297,0.73738,0.09512,0.000595
rts,1680,20,10,cold_w,0.02991,0.74046,0.11327,0.000595
rts,1680,20,10,cold_w,0.03893,0.74281,0.14379,0.000595
rts,1680,20,10,cold_w,0.05068,0.7429,0.17909,0.000595
rts,1680,20,10,cold_w,0.06597,0.74252,0.27955,0.000595
rts,1680,20,10,cold_w,0.08588,0.74323,0.39507,0.000595
rts,1680,20,10,cold_w,0.11179,0.74147,0.53712,0.000595
rts,1680,20,10,cold_w,0.14552,0.74111,0.6617,0.000595
rts,1680,20,10,cold_w,0.18944,0.73793,0.81382,0.000595
rts,1680,20,10,cold_w,0.2466,0.73101,0.93194,0.000595
rts,1680,20,10,cold_w,0.32102,0.72261,1.00886,0.000595
rts,1680,20,10,cold_w,0.41788,0.72033,1.08218,0.000595
rts,1680,20,10,cold_w,0.54399,0.69961,1.13806,0.000595
rts,1680,20,10,cold_w,0.70814,0.65929,1.19395,0.000595
rts,1680,20,10,cold_w,0.92183,0.51678,1.22148,0.000595
rts,1680,20,10,cold_w,1.2,0.41085,1.23671,0.000595
rts,1680,20,10,cold_nv,0.008,0.7267,1.32044,0.05
rts,1680,20,10,cold_nv,0.01041,0.72466,1.32944,0.05
rts,1680,20,10,cold_nv,0.01356,0.72414,1.32489,0.05
rts,1680,20,10,cold_nv,0.01765,0.72301,1.33338,0.05
rts,1680,20,10,cold_nv,0.02297,0.72357,1.32838,0.05
rts,1680,20,10,cold_nv,0.02991,0.72621,1.33377,0.05
rts,1680,20,10,cold_nv,0.03893,0.72424,1.33356,0.05
rts,1680,20,10,cold_nv,0.05068,0.72414,1.32207,0.05
rts,1680,20,10,cold_nv,0.06597,0.7249,1.33493,0.05
rts,1680,20,10,cold_nv,0.08588,0.72029,1.32592,0.05
rts,1680,20,10,cold_nv,0.11179,0.71899,1.32355,0.05
rts,1680,20,10,cold_nv,0.14552,0.722,1.33015,0.05
rts,1680,20,10,cold_nv,0.18944,0.71976,1.33256,0.05
rts,1680,20,10,cold_nv,0.2466,0.71672,1.33671,0.05
rts,1680,20,10,cold_nv,0.32102,0.7114,1.3324,0.05
rts,1680,20,10,cold_nv,0.41788,0.7048,1.34059,0.05
rts,1680,20,10,cold_nv,0.54399,0.69413,1.34289,0.05
rts,1680,20,10,cold_nv,0.70814,0.62737,1.3579,0.05
rts,1680,20,10,cold_nv,0.92183,0.48667,1.3835,0.05
rts,1680,20,10,cold_nv,1.2,0.33635,1.37996,0.05
rts,1680,20,10,warm,0.008,0.73381,1.26318,0.041783
rts,1680,20,10,warm,0.01041,0.72827,1.2964,0.046762
rts,1680,20,10,warm,0.01356,0.72599,1.31743,0.048425
rts,1680,20,10,warm,0.01765,0.7236,1.32102,0.049064
rts,1680,20,10,warm,0.02297,0.72637,1.32152,0.049077
rts,1680,20,10,warm,0.02991,0.72687,1.3255,0.049412
rts,1680,20,10,warm,0.03893,0.72543,1.32494,0.049417
rts,1680,20,10,warm,0.05068,0.72143,1.32128,0.049756
rts,1680,20,10,warm,0.06597,0.7225,1.33095,0.050239
rts,1680,20,10,warm,0.08588,0.72457,1.32799,0.050826
rts,1680,20,10,warm,0.11179,0.72103,1.31851,0.050882
rts,1680,20,10,warm,0.14552,0.72142,1.32804,0.051584
rts,1680,20,10,warm,0.18944,0.71752,1.32486,0.052764
rts,1680,20,10,warm,0.2466,0.71203,1.33663,0.055581
rts,1680,20,10,warm,0.32102,0.71115,1.3309,0.05598
rts,1680,20,10,warm,0.41788,0.70521,1.33477,0.059772
rts,1680,20,10,warm,0.54399,0.32365,1.33085,0.563235
rts,1680,20,10,warm,0.70814,0.02312,0.97169,0.918485
rts,1680,20,10,warm,0.92183,0.01813,0.88699,0.876987
rts,1680,20,10,warm,1.2,0.01327,0.72995,0.930008
rts,1680,20,20,cold_w,0.008,0.6879,0.08062,0.000595
rts,1680,20,20,cold_w,0.01041,0.6856,0.0763,0.000595
rts,1680,20,20,cold_w,0.01356,0.68716,0.07608,0.000595
rts,1680,20,20,cold_w,0.01765,0.68516,0.0895,0.000595
rts,1680,20,20,cold_w,0.02297,0.68657,0.09581,0.000595
rts,1680,20,20,cold_w,0.02991,0.68771,0.11061,0.000595
rts,1680,20,20,cold_w,0.03893,0.68675,0.13619,0.000595
rts,1680,20,20,cold_w,0.05068,0.68788,0.16112,0.000595
rts,1680,20,20,cold_w,0.06597,0.68628,0.22111,0.000595
rts,1680,20,20,cold_w,0.08588,0.69178,0.30232,0.000595
rts,1680,20,20,cold_w,0.11179,0.69255,0.41787,0.000595
rts,1680,20,20,cold_w,0.14552,0.69822,0.61603,0.000595
rts,1680,20,20,cold_w,0.18944,0.69401,0.80107,0.000595
rts,1680,20,20,cold_w,0.2466,0.69393,0.9815,0.000595
rts,1680,20,20,cold_w,0.32102,0.68933,1.11306,0.000595
rts,1680,20,20,cold_w,0.41788,0.68595,1.2383,0.000595
rts,1680,20,20,cold_w,0.54399,0.68408,1.34559,0.000595
rts,1680,20,20,cold_w,0.70814,0.64672,1.45791,0.000595
rts,1680,20,20,cold_w,0.92183,0.51006,1.46874,0.000595
rts,1680,20,20,cold_w,1.2,0.42083,1.50795,0.000595
rts,1680,20,20,cold_nv,0.008,0.69956,1.76417,0.05
rts,1680,20,20,cold_nv,0.01041,0.70257,1.76431,0.05
rts,1680,20,20,cold_nv,0.01356,0.701,1.77524,0.05
rts,1680,20,20,cold_nv,0.01765,0.70201,1.77561,0.05
rts,1680,20,20,cold_nv,0.02297,0.70079,1.74809,0.05
rts,1680,20,20,cold_nv,0.02991,0.7,1.7638,0.05
rts,1680,20,20,cold_nv,0.03893,0.70339,1.74934,0.05
rts,1680,20,20,cold_nv,0.05068,0.70042,1.744,0.05
rts,1680,20,20,cold_nv,0.06597,0.70457,1.72616,0.05
rts,1680,20,20,cold_nv,0.08588,0.70571,1.72884,0.05
rts,1680,20,20,cold_nv,0.11179,0.70362,1.72968,0.05
rts,1680,20,20,cold_nv,0.14552,0.70355,1.71023,0.05
rts,1680,20,20,cold_nv,0.18944,0.70111,1.72357,0.05
rts,1680,20,20,cold_nv,0.2466,0.69708,1.70245,0.05
rts,1680,20,20,cold_nv,0.32102,0.69377,1.70795,0.05
rts,1680,20,20,cold_nv,0.41788,0.68998,1.72599,0.05
rts,1680,20,20,cold_nv,0.54399,0.68399,1.73094,0.05
rts,1680,20,20,cold_nv,0.70814,0.61606,1.73282,0.05
rts,1680,20,20,cold_nv,0.92183,0.50947,1.77728,0.05
rts,1680,20,20,cold_nv,1.2,0.31624,1.79681,0.05
rts,1680,20,20,warm,0.008,0.71517,1.47164,0.027493
rts,1680,20,20,warm,0.01041,0.71246,1.61892,0.034855
rts,1680,20,20,warm,0.01356,0.70993,1.66439,0.038487
rts,1680,20,20,warm,0.01765,0.71034,1.70528,0.040537
rts,1680,20,20,warm,0.02297,0.70725,1.67163,0.039949
rts,1680,20,20,warm,0.02991,0.70782,1.67151,0.040847
rts,1680,20,20,warm,0.03893,0.70512,1.68838,0.041662
rts,1680,20,20,warm,0.05068,0.70959,1.6952,0.041473
rts,1680,20,20,warm,0.06597,0.70831,1.6872,0.041445
rts,1680,20,20,warm,0.08588,0.7073,1.67239,0.041815
rts,1680,20,20,warm,0.11179,0.70254,1.68957,0.043082
rts,1680,20,20,warm,0.14552,0.70589,1.69985,0.044448
rts,1680,20,20,warm,0.18944,0.70392,1.70745,0.046677
rts,1680,20,20,warm,0.2466,0.70333,1.69192,0.04642
rts,1680,20,20,warm,0.32102,0.69842,1.711,0.04959
rts,1680,20,20,warm,0.41788,0.6878,1.7003,0.0514
rts,1680,20,20,warm,0.54399,0.5553,1.72417,0.207985
rts,1680,20,20,warm,0.70814,0.01154,1.01312,0.957713
rts,1680,20,20,warm,0.92183,0.0145,1.18118,0.848579
rts,1680,20,20,warm,1.2,0.01162,1.09456,0.91001
rts,1680,50,0,cold_w,0.008,0.72371,1.0,0.000595
rts,1680,50,0,cold_w,0.01041,0.73871,1.0,0.000595
rts,1680,50,0,cold_w,0.01356,0.74959,1.0,0.000595
rts,1680,50,0,cold_w,0.01765,0.75723,1.0,0.000595
rts,1680,50,0,cold_w,0.02297,0.76461,1.0,0.000595
rts,1680,50,0,cold_w,0.02991,0.77255,1.0,0.000595
rts,1680,50,0,cold_w,0.03893,0.77397,1.0,0.000595
rts,1680,50,0,cold_w,0.05068,0.77393,1.0,0.000595
rts,1680,50,0,cold_w,0.06597,0.76753,1.0,0.000595
rts,1680,50,0,cold_w,0.08588,0.75872,1.0,0.000595
rts,1680,50,0,cold_w,0.11179,0.75357,1.0,0.000595
rts,1680,50,0,cold_w,0.14552,0.74946,1.0,0.000595
rts,1680,50,0,cold_w,0.18944,0.74463,1.0,0.000595
rts,1680,50,0,cold_w,0.2466,0.73747,1.0,0.000595
rts,1680,50,0,cold_w,0.32102,0.73092,1.0,0.000595
rts,1680,50,0,cold_w,0.41788,0.72666,1.0,0.000595
rts,1680,50,0,cold_w,0.54399,0.71882,1.0,0.000595
rts,1680,50,0,cold_w,0.70814,0.69958,1.0,0.000595
rts,1680,50,0,cold_w,0.92183,0.61626,1.0,0.000595
rts,1680,50,0,cold_w,1.2,0.46146,1.0,0.000595
rts,1680,50,0,cold_nv,0.008,0.75061,1.0,0.02
rts,1680,50,0,cold_nv,0.01041,0.74611,1.0,0.02
rts,1680,50,0,cold_nv,0.01356,0.74857,1.0,0.02
rts,1680,50,0,cold_nv,0.01765,0.74461,1.0,0.02
rts,1680,50,0,cold_nv,0.02297,0.74392,1.0,0.02
rts,1680,50,0,cold_nv,0.02991,0.74271,1.0,0.02
rts,1680,50,0,cold_nv,0.03893,0.7389,1.0,0.02
rts,1680,50,0,cold_nv,0.05068,0.74079,1.0,0.02
rts,1680,50,0,cold_nv,0.06597,0.73637,1.0,0.02
rts,1680,50,0,cold_nv,0.08588,0.73425,1.0,0.02
rts,1680,50,0,cold_nv,0.11179,0.73292,1.0,0.02
rts,1680,50,0,cold_nv,0.14552,0.73213,1.0,0.02
rts,1680,50,0,cold_nv,0.18944,0.73196,1.0,0.02
rts,1680,50,0,cold_nv,0.2466,0.72962,1.0,0.02
rts,1680,50,0,cold_nv,0.32102,0.72027,1.0,0.02
rts,1680,50,0,cold_nv,0.41788,0.71983,1.0,0.02
rts,1680,50,0,cold_nv,0.54399,0.71313,1.0,0.02
rts,1680,50,0,cold_nv,0.70814,0.69539,1.0,0.02
rts,1680,50,0,cold_nv,0.92183,0.6143,1.0,0.02
rts,1680,50,0,cold_nv,1.2,0.48622,1.0,0.02
rts,1680,50,0,warm,0.008,0.73225,1.0,0.023325
rts,1680,50,0,warm,0.01041,0.73471,1.0,0.023667
rts,1680,50,0,warm,0.01356,0.73212,1.0,0.023714
rts,1680,50,0,warm,0.01765,0.73502,1.0,0.023598
rts,1680,50,0,warm,0.02297,0.73332,1.0,0.023736
rts,1680,50,0,warm,0.02991,0.73414,1.0,0.023982
rts,1680,50,0,warm,0.03893,0.73238,1.0,0.023975
rts,1680,50,0,warm,0.05068,0.73128,1.0,0.023975
rts,1680,50,0,warm,0.06597,0.7277,1.0,0.024153
rts,1680,50,0,warm,0.08588,0.72779,1.0,0.024377
rts,1680,50,0,warm,0.11179,0.72924,1.0,0.025156
rts,1680,50,0,warm,0.14552,0.72662,1.0,0.025335
rts,1680,50,0,warm,0.18944,0.72413,1.0,0.026329
rts,1680,50,0,warm,0.2466,0.726,1.0,0.027222
rts,1680,50,0,warm,0.32102,0.7169,1.0,0.028511
rts,1680,50,0,warm,0.41788,0.71456,1.0,0.029381
rts,1680,50,0,warm,0.54399,0.6514,1.0,0.102667
rts,1680,50,0,warm,0.70814,0.40767,1.0,0.403254
rts,1680,50,0,warm,0.92183,0.0139,1.0,0.786761
rts,1680,50,0,warm,1.2,0.00569,1.0,0.839433
rts,1680,50,5,cold_w,0.008,0.76332,0.15607,0.000595
rts,1680,50,5,cold_w,0.01041,0.76706,0.16039,0.000595
rts,1680,50,5,cold_w,0.01356,0.76631,0.17778,0.000595
rts,1680,50,5,cold_w,0.01765,0.76821,0.21032,0.000595
rts,1680,50,5,cold_w,0.02297,0.76758,0.2357,0.000595
rts,1680,50,5,cold_w,0.02991,0.76659,0.28031,0.000595
rts,1680,50,5,cold_w,0.03893,0.77007,0.34262,0.000595
rts,1680,50,5,cold_w,0.05068,0.77017,0.4296,0.000595
rts,1680,50,5,cold_w,0.06597,0.77217,0.49081,0.000595
rts,1680,50,5,cold_w,0.08588,0.76666,0.58368,0.000595
rts,1680,50,5,cold_w,0.11179,0.76482,0.68005,0.000595
rts,1680,50,5,cold_w,0.14552,0.75819,0.74723,0.000595
rts,1680,50,5,cold_w,0.18944,0.7482,0.79401,0.000595
rts,1680,50,5,cold_w,0.2466,0.74209,0.85383,0.000595
rts,1680,50,5,cold_w,0.32102,0.73857,0.89702,0.000595
rts,1680,50,5,cold_w,0.41788,0.72741,0.91784,0.000595
rts,1680,50,5,cold_w,0.54399,0.72162,0.94462,0.000595
rts,1680,50,5,cold_w,0.70814,0.70902,0.95895,0.000595
rts,1680,50,5,cold_w,0.92183,0.63895,0.96244,0.000595
rts,1680,50,5,cold_w,1.2,0.47336,0.98946,0.000595
rts,1680,50,5,cold_nv,0.008,0.74212,1.00727,0.02
rts,1680,50,5,cold_nv,0.01041,0.73965,1.00486,0.02
rts,1680,50,5,cold_nv,0.01356,0.74026,1.00669,0.02
rts,1680,50,5,cold_nv,0.01765,0.73928,0.99693,0.02
rts,1680,50,5,cold_nv,0.02297,0.73489,1.00745,0.02
rts,1680,50,5,cold_nv,0.02991,0.73844,1.00243,0.02
rts,1680,50,5,cold_nv,0.03893,0.73647,1.00817,0.02
rts,1680,50,5,cold_nv,0.05068,0.73422,1.01029,0.02
rts,1680,50,5,cold_nv,0.06597,0.73758,1.01249,0.02
rts,1680,50,5,cold_nv,0.08588,0.73536,1.00767,0.02
rts,1680,50,5,cold_nv,0.11179,0.73711,1.00713,0.02
rts,1680,50,5,cold_nv,0.14552,0.73397,1.01033,0.02
rts,1680,50,5,cold_nv,0.18944,0.73258,1.01173,0.02
rts,1680,50,5,cold_nv,0.2466,0.72812,1.01813,0.02
rts,1680,50,5,cold_nv,0.32102,0.72352,1.02035,0.02
rts,1680,50,5,cold_nv,0.41788,0.72041,1.01063,0.02
rts,1680,50,5,cold_nv,0.54399,0.71024,1.01414,0.02
rts,1680,50,5,cold_nv,0.70814,0.69978,1.01797,0.02
rts,1680,50,5,cold_nv,0.92183,0.63601,1.02489,0.02
rts,1680,50,5,cold_nv,1.2,0.47005,1.03416,0.02
rts,1680,50,5,warm,0.008,0.73836,1.00036,0.019984
rts,1680,50,5,warm,0.01041,0.73637,1.00774,0.020677
rts,1680,50,5,warm,0.01356,0.73304,1.0056,0.020626
rts,1680,50,5,warm,0.01765,0.73538,1.00637,0.020532
rts,1680,50,5,warm,0.02297,0.73384,1.01103,0.020861
rts,1680,50,5,warm,0.02991,0.73661,1.00896,0.020884
rts,1680,50,5,warm,0.03893,0.73464,1.00752,0.020869
rts,1680,50,5,warm,0.05068,0.73368,1.0104,0.021065
rts,1680,50,5,warm,0.06597,0.73416,1.01267,0.021097
rts,1680,50,5,warm,0.08588,0.73543,1.01469,0.021338
rts,1680,50,5,warm,0.11179,0.73192,1.01564,0.02148
rts,1680,50,5,warm,0.14552,0.73286,1.01304,0.021751
rts,1680,50,5,warm,0.18944,0.73337,1.01574,0.022162
rts,1680,50,5,warm,0.2466,0.728,1.0075,0.023349
rts,1680,50,5,warm,0.32102,0.72067,1.01861,0.02478
rts,1680,50,5,warm,0.41788,0.71744,1.018,0.026062
rts,1680,50,5,warm,0.54399,0.62167,1.0218,0.148304
rts,1680,50,5,warm,0.70814,0.37796,1.01304,0.401556
rts,1680,50,5,warm,0.92183,0.04183,0.91991,0.673644
rts,1680,50,5,warm,1.2,0.01183,0.5447,0.805021
rts,1680,50,10,cold_w,0.008,0.74015,0.12451,0.000595
rts,1680,50,10,cold_w,0.01041,0.74227,0.1209,0.000595
rts,1680,50,10,cold_w,0.01356,0.74105,0.14412,0.000595
rts,1680,50,10,cold_w,0.01765,0.73945,0.15037,0.000595
rts,1680,50,10,cold_w,0.02297,0.74062,0.17077,0.000595
rts,1680,50,10,cold_w,0.02991,0.74373,0.20149,0.000595
rts,1680,50,10,cold_w,0.03893,0.74317,0.22828,0.000595
rts,1680,50,10,cold_w,0.05068,0.7468,0.29389,0.000595
rts,1680,50,10,cold_w,0.06597,0.7446,0.37448,0.000595
rts,1680,50,10,cold_w,0.08588,0.74387,0.47625,0.000595
rts,1680,50,10,cold_w,0.11179,0.74159,0.56707,0.000595
rts,1680,50,10,cold_w,0.14552,0.74131,0.64965,0.000595
rts,1680,50,10,cold_w,0.18944,0.73887,0.73434,0.000595
rts,1680,50,10,cold_w,0.2466,0.73276,0.81165,0.000595
rts,1680,50,10,cold_w,0.32102,0.72569,0.87221,0.000595
rts,1680,50,10,cold_w,0.41788,0.72323,0.90756,0.000595
rts,1680,50,10,cold_w,0.54399,0.71507,0.9487,0.000595
rts,1680,50,10,cold_w,0.70814,0.69429,0.98589,0.000595
rts,1680,50,10,cold_w,0.92183,0.64965,1.0038,0.000595
rts,1680,50,10,cold_w,1.2,0.52514,1.01931,0.000595
rts,1680,50,10,cold_nv,0.008,0.72031,1.05173,0.02
rts,1680,50,10,cold_nv,0.01041,0.72052,1.05372,0.02
rts,1680,50,10,cold_nv,0.01356,0.72313,1.05374,0.02
rts,1680,50,10,cold_nv,0.01765,0.72322,1.05969,0.02
rts,1680,50,10,cold_nv,0.02297,0.72361,1.05222,0.02
rts,1680,50,10,cold_nv,0.02991,0.72193,1.05419,0.02
rts,1680,50,10,cold_nv,0.03893,0.72405,1.06068,0.02
rts,1680,50,10,cold_nv,0.05068,0.72525,1.05768,0.02
rts,1680,50,10,cold_nv,0.06597,0.72321,1.06107,0.02
rts,1680,50,10,cold_nv,0.08588,0.72372,1.05729,0.02
rts,1680,50,10,cold_nv,0.11179,0.72553,1.05004,0.02
rts,1680,50,10,cold_nv,0.14552,0.72407,1.04813,0.02
rts,1680,50,10,cold_nv,0.18944,0.72263,1.04887,0.02
rts,1680,50,10,cold_nv,0.2466,0.72178,1.05158,0.02
rts,1680,50,10,cold_nv,0.32102,0.71452,1.05126,0.02
rts,1680,50,10,cold_nv,0.41788,0.71071,1.06229,0.02
rts,1680,50,10,cold_nv,0.54399,0.70197,1.06906,0.02
rts,1680,50,10,cold_nv,0.70814,0.68707,1.06887,0.02
rts,1680,50,10,cold_nv,0.92183,0.63568,1.07502,0.02
rts,1680,50,10,cold_nv,1.2,0.46969,1.08212,0.02
rts,1680,50,10,warm,0.008,0.73345,1.03269,0.01724
rts,1680,50,10,warm,0.01041,0.73255,1.04039,0.01813
rts,1680,50,10,warm,0.01356,0.72765,1.05116,0.018685
rts,1680,50,10,warm,0.01765,0.72453,1.04495,0.018852
rts,1680,50,10,warm,0.02297,0.72621,1.04149,0.018756
rts,1680,50,10,warm,0.02991,0.72539,1.04424,0.018702
rts,1680,50,10,warm,0.03893,0.72566,1.05449,0.019206
rts,1680,50,10,warm,0.05068,0.7222,1.03952,0.019064
rts,1680,50,10,warm,0.06597,0.72353,1.04107,0.019227
rts,1680,50,10,warm,0.08588,0.72497,1.05061,0.019705
rts,1680,50,10,warm,0.11179,0.71998,1.04474,0.019316
rts,1680,50,10,warm,0.14552,0.71904,1.04754,0.019968
rts,1680,50,10,warm,0.18944,0.7216,1.04409,0.020473
rts,1680,50,10,warm,0.2466,0.7167,1.05813,0.020874
rts,1680,50,10,warm,0.32102,0.7146,1.05725,0.022235
rts,1680,50,10,warm,0.41788,0.70907,1.05918,0.023418
rts,1680,50,10,warm,0.54399,0.70549,1.06836,0.024445
rts,1680,50,10,warm,0.70814,0.45941,1.06639,0.353353
rts,1680,50,10,warm,0.92183,0.03806,1.01895,0.662867
rts,1680,50,10,warm,1.2,0.01051,0.63681,0.83885
rts,1680,50,20,cold_w,0.008,0.6892,0.12613,0.000595
rts,1680,50,20,cold_w,0.01041,0.68813,0.12483,0.000595
rts,1680,50,20,cold_w,0.01356,0.69005,0.12895,0.000595
rts,1680,50,20,cold_w,0.01765,0.6883,0.14628,0.000595
rts,1680,50,20,cold_w,0.02297,0.69232,0.15847,0.000595
rts,1680,50,20,cold_w,0.02991,0.69007,0.1761,0.000595
rts,1680,50,20,cold_w,0.03893,0.68913,0.21408,0.000595
rts,1680,50,20,cold_w,0.05068,0.68835,0.24183,0.000595
rts,1680,50,20,cold_w,0.06597,0.69131,0.29134,0.000595
rts,1680,50,20,cold_w,0.08588,0.69523,0.37933,0.000595
rts,1680,50,20,cold_w,0.11179,0.6961,0.48647,0.000595
rts,1680,50,20,cold_w,0.14552,0.69618,0.58599,0.000595
rts,1680,50,20,cold_w,0.18944,0.69634,0.70402,0.000595
rts,1680,50,20,cold_w,0.2466,0.69697,0.79057,0.000595
rts,1680,50,20,cold_w,0.32102,0.69815,0.87112,0.000595
rts,1680,50,20,cold_w,0.41788,0.69327,0.93353,0.000595
rts,1680,50,20,cold_w,0.54399,0.68282,0.98815,0.000595
rts,1680,50,20,cold_w,0.70814,0.6815,1.03601,0.000595
rts,1680,50,20,cold_w,0.92183,0.63692,1.06416,0.000595
rts,1680,50,20,cold_w,1.2,0.52621,1.08565,0.000595
rts,1680,50,20,cold_nv,0.008,0.70236,1.23551,0.02
rts,1680,50,20,cold_nv,0.01041,0.7005,1.23098,0.02
rts,1680,50,20,cold_nv,0.01356,0.70421,1.23191,0.02
rts,1680,50,20,cold_nv,0.01765,0.7035,1.23894,0.02
rts,1680,50,20,cold_nv,0.02297,0.70017,1.22865,0.02
rts,1680,50,20,cold_nv,0.02991,0.70496,1.21788,0.02
rts,1680,50,20,cold_nv,0.03893,0.70494,1.22323,0.02
rts,1680,50,20,cold_nv,0.05068,0.70836,1.21249,0.02
rts,1680,50,20,cold_nv,0.06597,0.71047,1.2131,0.02
rts,1680,50,20,cold_nv,0.08588,0.70962,1.21765,0.02
rts,1680,50,20,cold_nv,0.11179,0.70877,1.21883,0.02
rts,1680,50,20,cold_nv,0.14552,0.70735,1.19142,0.02
rts,1680,50,20,cold_nv,0.18944,0.70156,1.1953,0.02
rts,1680,50,20,cold_nv,0.2466,0.70421,1.18972,0.02
rts,1680,50,20,cold_nv,0.32102,0.7004,1.19777,0.02
rts,1680,50,20,cold_nv,0.41788,0.69203,1.17999,0.02
rts,1680,50,20,cold_nv,0.54399,0.68434,1.17745,0.02
rts,1680,50,20,cold_nv,0.70814,0.67919,1.20143,0.02
rts,1680,50,20,cold_nv,0.92183,0.63131,1.19225,0.02
rts,1680,50,20,cold_nv,1.2,0.48949,1.21725,0.02
rts,1680,50,20,warm,0.008,0.7143,1.07995,0.012606
rts,1680,50,20,warm,0.01041,0.71089,1.14023,0.014275
rts,1680,50,20,warm,0.01356,0.71215,1.16326,0.015359
rts,1680,50,20,warm,0.01765,0.71133,1.17443,0.015606
rts,1680,50,20,warm,0.02297,0.71393,1.17326,0.01565
rts,1680,50,20,warm,0.02991,0.70909,1.17683,0.015838
rts,1680,50,20,warm,0.03893,0.71082,1.16702,0.015948
rts,1680,50,20,warm,0.05068,0.70895,1.16505,0.016045
rts,1680,50,20,warm,0.06597,0.7065,1.15911,0.016305
rts,1680,50,20,warm,0.08588,0.70574,1.16678,0.016242
rts,1680,50,20,warm,0.11179,0.70645,1.17381,0.016625
rts,1680,50,20,warm,0.14552,0.70855,1.17159,0.016991
rts,1680,50,20,warm,0.18944,0.70402,1.17219,0.017464
rts,1680,50,20,warm,0.2466,0.70146,1.18153,0.017811
rts,1680,50,20,warm,0.32102,0.69796,1.17878,0.019067
rts,1680,50,20,warm,0.41788,0.69825,1.18453,0.019929
rts,1680,50,20,warm,0.54399,0.68736,1.17798,0.02108
rts,1680,50,20,warm,0.70814,0.58828,1.19253,0.154904
rts,1680,50,20,warm,0.92183,0.04123,1.20093,0.714806
rts,1680,50,20,warm,1.2,0.01037,0.84134,0.80727
basic,210,5,0,cold_w,0.008,0.53718,1.0,0.004762
basic,210,5,0,cold_w,0.01041,0.55562,1.0,0.004762
basic,210,5,0,cold_w,0.01356,0.5779,1.0,0.004762
basic,210,5,0,cold_w,0.01765,0.58663,1.0,0.004762
basic,210,5,0,cold_w,0.02297,0.60859,1.0,0.004762
basic,210,5,0,cold_w,0.02991,0.65208,1.0,0.004762
basic,210,5,0,cold_w,0.03893,0.65589,1.0,0.004762
basic,210,5,0,cold_w,0.05068,0.68877,1.0,0.004762
basic,210,5,0,cold_w,0.06597,0.69891,1.0,0.004762
basic,210,5,0,cold_w,0.08588,0.71772,1.0,0.004762
basic,210,5,0,cold_w,0.11179,0.69893,1.0,0.004762
basic,210,5,0,cold_w,0.14552,0.70766,1.0,0.004762
basic,210,5,0,cold_w,0.18944,0.6925,1.0,0.004762
basic,210,5,0,cold_w,0.2466,0.6897,1.0,0.004762
basic,210,5,0,cold_w,0.32102,0.6545,1.0,0.004762
basic,210,5,0,cold_w,0.41788,0.63633,1.0,0.004762
basic,210,5,0,cold_w,0.54399,0.61615,1.0,0.004762
basic,210,5,0,cold_w,0.70814,0.57159,1.0,0.004762
basic,210,5,0,cold_w,0.92183,0.51044,1.0,0.004762
basic,210,5,0,cold_w,1.2,0.45845,1.0,0.004762
basic,210,5,0,cold_nv,0.008,0.5394,1.0,0.2
basic,210,5,0,cold_nv,0.01041,0.54677,1.0,0.2
basic,210,5,0,cold_nv,0.01356,0.53022,1.0,0.2
basic,210,5,0,cold_nv,0.01765,0.532,1.0,0.2
basic,210,5,0,cold_nv,0.02297,0.51427,1.0,0.2
basic,210,5,0,cold_nv,0.02991,0.55129,1.0,0.2
basic,210,5,0,cold_nv,0.03893,0.52075,1.0,0.2
basic,210,5,0,cold_nv,0.05068,0.53435,1.0,0.2
basic,210,5,0,cold_nv,0.06597,0.54284,1.0,0.2
basic,210,5,0,cold_nv,0.08588,0.47808,1.0,0.2
basic,210,5,0,cold_nv,0.11179,0.50782,1.0,0.2
basic,210,5,0,cold_nv,0.14552,0.4994,1.0,0.2
basic,210,5,0,cold_nv,0.18944,0.48212,1.0,0.2
basic,210,5,0,cold_nv,0.2466,0.47508,1.0,0.2
basic,210,5,0,cold_nv,0.32102,0.45712,1.0,0.2
basic,210,5,0,cold_nv,0.41788,0.43552,1.0,0.2
basic,210,5,0,cold_nv,0.54399,0.43931,1.0,0.2
basic,210,5,0,cold_nv,0.70814,0.40004,1.0,0.2
basic,210,5,0,cold_nv,0.92183,0.36647,1.0,0.2
basic,210,5,0,cold_nv,1.2,0.32687,1.0,0.2
basic,210,5,0,warm,0.008,0.67052,1.0,0.094526
basic,210,5,0,warm,0.01041,0.68155,1.0,0.118834
basic,210,5,0,warm,0.01356,0.63653,1.0,0.135439
basic,210,5,0,warm,0.01765,0.59833,1.0,0.169193
basic,210,5,0,warm,0.02297,0.555,1.0,0.201447
basic,210,5,0,warm,0.02991,0.51716,1.0,0.231709
basic,210,5,0,warm,0.03893,0.46597,1.0,0.247437
basic,210,5,0,warm,0.05068,0.42571,1.0,0.27407
basic,210,5,0,warm,0.06597,0.44294,1.0,0.282089
basic,210,5,0,warm,0.08588,0.36867,1.0,0.316942
basic,210,5,0,warm,0.11179,0.35397,1.0,0.32477
basic,210,5,0,warm,0.14552,0.3304,1.0,0.360406
basic,210,5,0,warm,0.18944,0.32762,1.0,0.385773
basic,210,5,0,warm,0.2466,0.23569,1.0,0.49186
basic,210,5,0,warm,0.32102,0.1431,1.0,0.71777
basic,210,5,0,warm,0.41788,0.0719,1.0,0.845546
basic,210,5,0,warm,0.54399,0.04198,1.0,0.807678
basic,210,5,0,warm,0.70814,0.0372,1.0,0.916964
basic,210,5,0,warm,0.92183,0.02915,1.0,0.931763
basic,210,5,0,warm,1.2,0.02905,1.0,0.854994
basic,210,5,5,cold_w,0.008,0.7824,0.16382,0.004762
basic,210,5,5,cold_w,0.01041,0.78353,0.16784,0.004762
basic,210,5,5,cold_w,0.01356,0.78887,0.182,0.004762
basic,210,5,5,cold_w,0.01765,0.78899,0.18463,0.004762
basic,210,5,5,cold_w,0.02297,0.79204,0.18452,0.004762
basic,210,5,5,cold_w,0.02991,0.79881,0.18554,0.004762
basic,210,5,5,cold_w,0.03893,0.80135,0.18614,0.004762
basic,210,5,5,cold_w,0.05068,0.80306,0.19489,0.004762
basic,210,5,5,cold_w,0.06597,0.80665,0.18645,0.004762
basic,210,5,5,cold_w,0.08588,0.79516,0.17602,0.004762
basic,210,5,5,cold_w,0.11179,0.78883,0.21118,0.004762
basic,210,5,5,cold_w,0.14552,0.78734,0.21461,0.004762
basic,210,5,5,cold_w,0.18944,0.76742,0.28109,0.004762
basic,210,5,5,cold_w,0.2466,0.74675,0.43326,0.004762
basic,210,5,5,cold_w,0.32102,0.75395,0.40159,0.004762
basic,210,5,5,cold_w,0.41788,0.72935,0.58984,0.004762
basic,210,5,5,cold_w,0.54399,0.71085,0.71644,0.004762
basic,210,5,5,cold_w,0.70814,0.67722,0.86072,0.004762
basic,210,5,5,cold_w,0.92183,0.58669,0.88491,0.004762
basic,210,5,5,cold_w,1.2,0.56931,0.9863,0.004762
basic,210,5,5,cold_nv,0.008,0.50911,1.54308,0.2
basic,210,5,5,cold_nv,0.01041,0.51637,1.54513,0.2
basic,210,5,5,cold_nv,0.01356,0.53274,1.56968,0.2
basic,210,5,5,cold_nv,0.01765,0.53274,1.56968,0.2
basic,210,5,5,cold_nv,0.02297,0.53065,1.5754,0.2
basic,210,5,5,cold_nv,0.02991,0.53544,1.57059,0.2
basic,210,5,5,cold_nv,0.03893,0.53258,1.56039,0.2
basic,210,5,5,cold_nv,0.05068,0.5074,1.57963,0.2
basic,210,5,5,cold_nv,0.06597,0.51145,1.58832,0.2
basic,210,5,5,cold_nv,0.08588,0.51839,1.56466,0.2
basic,210,5,5,cold_nv,0.11179,0.52232,1.56862,0.2
basic,210,5,5,cold_nv,0.14552,0.52851,1.58929,0.2
basic,210,5,5,cold_nv,0.18944,0.48964,1.64632,0.2
basic,210,5,5,cold_nv,0.2466,0.48917,1.61361,0.2
basic,210,5,5,cold_nv,0.32102,0.5074,1.60638,0.2
basic,210,5,5,cold_nv,0.41788,0.48012,1.60517,0.2
basic,210,5,5,cold_nv,0.54399,0.47643,1.59012,0.2
basic,210,5,5,cold_nv,0.70814,0.43472,1.5833,0.2
basic,210,5,5,cold_nv,0.92183,0.37593,1.50008,0.2
basic,210,5,5,cold_nv,1.2,0.38319,1.60203,0.2
basic,210,5,5,warm,0.008,0.74232,0.36335,0.016013
basic,210,5,5,warm,0.01041,0.7497,0.51317,0.021213
basic,210,5,5,warm,0.01356,0.72482,0.64876,0.030892
basic,210,5,5,warm,0.01765,0.72395,0.90838,0.045192
basic,210,5,5,warm,0.02297,0.7,1.12358,0.07059
basic,210,5,5,warm,0.02991,0.65556,1.30648,0.09861
basic,210,5,5,warm,0.03893,0.60952,1.43503,0.134171
basic,210,5,5,warm,0.05068,0.51796,1.51465,0.179961
basic,210,5,5,warm,0.06597,0.51877,1.53194,0.214359
basic,210,5,5,warm,0.08588,0.46907,1.52904,0.219247
basic,210,5,5,warm,0.11179,0.41236,1.5735,0.269069
basic,210,5,5,warm,0.14552,0.43185,1.58934,0.276078
basic,210,5,5,warm,0.18944,0.3697,1.60436,0.334879
basic,210,5,5,warm,0.2466,0.33216,1.53718,0.405036
basic,210,5,5,warm,0.32102,0.25478,1.44039,0.50247
basic,210,5,5,warm,0.41788,0.12183,1.07264,0.76337
basic,210,5,5,warm,0.54399,0.10448,0.8234,0.80074
basic,210,5,5,warm,0.70814,0.10071,0.88101,0.803521
basic,210,5,5,warm,0.92183,0.07863,0.47287,0.939177
basic,210,5,5,warm,1.2,0.07831,0.53256,0.916738
basic,210,5,10,cold_w,0.008,0.68159,0.17597,0.004762
basic,210,5,10,cold_w,0.01041,0.68159,0.17597,0.004762
basic,210,5,10,cold_w,0.01356,0.68159,0.17597,0.004762
basic,210,5,10,cold_w,0.01765,0.68159,0.17597,0.004762
basic,210,5,10,cold_w,0.02297,0.67861,0.17078,0.004762
basic,210,5,10,cold_w,0.02991,0.68649,0.16154,0.004762
basic,210,5,10,cold_w,0.03893,0.68232,0.15572,0.004762
basic,210,5,10,cold_w,0.05068,0.67613,0.16366,0.004762
basic,210,5,10,cold_w,0.06597,0.66899,0.17991,0.004762
basic,210,5,10,cold_w,0.08588,0.66728,0.17644,0.004762
basic,210,5,10,cold_w,0.11179,0.66286,0.16056,0.004762
basic,210,5,10,cold_w,0.14552,0.66812,0.18095,0.004762
basic,210,5,10,cold_w,0.18944,0.66573,0.20609,0.004762
basic,210,5,10,cold_w,0.2466,0.6531,0.26941,0.004762
basic,210,5,10,cold_w,0.32102,0.64438,0.28968,0.004762
basic,210,5,10,cold_w,0.41788,0.63137,0.37749,0.004762
basic,210,5,10,cold_w,0.54399,0.63919,0.45268,0.004762
basic,210,5,10,cold_w,0.70814,0.6196,0.69476,0.004762
basic,210,5,10,cold_w,0.92183,0.60111,0.76634,0.004762
basic,210,5,10,cold_w,1.2,0.53595,0.94236,0.004762
basic,210,5,10,cold_nv,0.008,0.49028,2.24569,0.2
basic,210,5,10,cold_nv,0.01041,0.49028,2.24569,0.2
basic,210,5,10,cold_nv,0.01356,0.4875,2.23284,0.2
basic,210,5,10,cold_nv,0.01765,0.4901,2.20582,0.2
basic,210,5,10,cold_nv,0.02297,0.48173,2.23588,0.2
basic,210,5,10,cold_nv,0.02991,0.46734,2.21287,0.2
basic,210,5,10,cold_nv,0.03893,0.45647,2.16609,0.2
basic,210,5,10,cold_nv,0.05068,0.4602,2.14555,0.2
basic,210,5,10,cold_nv,0.06597,0.45389,2.17433,0.2
basic,210,5,10,cold_nv,0.08588,0.46351,2.23475,0.2
basic,210,5,10,cold_nv,0.11179,0.45804,2.24574,0.2
basic,210,5,10,cold_nv,0.14552,0.47323,2.24091,0.2
basic,210,5,10,cold_nv,0.18944,0.47859,2.28361,0.2
basic,210,5,10,cold_nv,0.2466,0.46413,2.25282,0.2
basic,210,5,10,cold_nv,0.32102,0.437,2.2578,0.2
basic,210,5,10,cold_nv,0.41788,0.46518,2.25042,0.2
basic,210,5,10,cold_nv,0.54399,0.42683,2.23117,0.2
basic,210,5,10,cold_nv,0.70814,0.4423,2.35739,0.2
basic,210,5,10,cold_nv,0.92183,0.39419,2.30493,0.2
basic,210,5,10,cold_nv,1.2,0.39137,2.30144,0.2
basic,210,5,10,warm,0.008,0.67464,0.29857,0.009294
basic,210,5,10,warm,0.01041,0.67115,0.33267,0.01148
basic,210,5,10,warm,0.01356,0.67996,0.38894,0.014687
basic,210,5,10,warm,0.01765,0.66565,0.53546,0.020326
basic,210,5,10,warm,0.02297,0.65246,0.80319,0.029333
basic,210,5,10,warm,0.02991,0.62631,0.98527,0.045064
basic,210,5,10,warm,0.03893,0.5995,1.44832,0.070961
basic,210,5,10,warm,0.05068,0.57899,1.76406,0.099426
basic,210,5,10,warm,0.06597,0.53385,1.9392,0.132346
basic,210,5,10,warm,0.08588,0.52137,2.04635,0.161852
basic,210,5,10,warm,0.11179,0.50062,2.18398,0.18408
basic,210,5,10,warm,0.14552,0.43913,2.15891,0.220969
basic,210,5,10,warm,0.18944,0.42401,2.21891,0.257357
basic,210,5,10,warm,0.2466,0.39704,2.28849,0.287937
basic,210,5,10,warm,0.32102,0.30752,2.21705,0.422439
basic,210,5,10,warm,0.41788,0.15454,1.87919,0.651817
basic,210,5,10,warm,0.54399,0.10319,1.34916,0.852879
basic,210,5,10,warm,0.70814,0.08996,1.33524,0.837607
basic,210,5,10,warm,0.92183,0.06853,0.8121,0.958341
basic,210,5,10,warm,1.2,0.07478,0.94163,0.912571
basic,210,5,20,cold_w,0.008,0.48067,0.21382,0.004762
basic,210,5,20,cold_w,0.01041,0.48067,0.21382,0.004762
basic,210,5,20,cold_w,0.01356,0.48067,0.21382,0.004762
basic,210,5,20,cold_w,0.01765,0.48067,0.21382,0.004762
basic,210,5,20,cold_w,0.02297,0.48794,0.22772,0.004762
basic,210,5,20,cold_w,0.02991,0.48794,0.22772,0.004762
basic,210,5,20,cold_w,0.03893,0.48794,0.22772,0.004762
basic,210,5,20,cold_w,0.05068,0.48804,0.21588,0.004762
basic,210,5,20,cold_w,0.06597,0.48804,0.21588,0.004762
basic,210,5,20,cold_w,0.08588,0.48645,0.23555,0.004762
basic,210,5,20,cold_w,0.11179,0.48393,0.24621,0.004762
basic,210,5,20,cold_w,0.14552,0.47887,0.25047,0.004762
basic,210,5,20,cold_w,0.18944,0.47486,0.23378,0.004762
basic,210,5,20,cold_w,0.2466,0.47474,0.25348,0.004762
basic,210,5,20,cold_w,0.32102,0.49702,0.25948,0.004762
basic,210,5,20,cold_w,0.41788,0.47968,0.26121,0.004762
basic,210,5,20,cold_w,0.54399,0.48312,0.31192,0.004762
basic,210,5,20,cold_w,0.70814,0.45794,0.4688,0.004762
basic,210,5,20,cold_w,0.92183,0.44091,0.4815,0.004762
basic,210,5,20,cold_w,1.2,0.4348,0.77713,0.004762
basic,210,5,20,cold_nv,0.008,0.40308,3.76052,0.2
basic,210,5,20,cold_nv,0.01041,0.40554,3.72572,0.2
basic,210,5,20,cold_nv,0.01356,0.39843,3.70051,0.2
basic,210,5,20,cold_nv,0.01765,0.41425,3.71994,0.2
basic,210,5,20,cold_nv,0.02297,0.40308,3.74895,0.2
basic,210,5,20,cold_nv,0.02991,0.40712,3.75847,0.2
basic,210,5,20,cold_nv,0.03893,0.40607,3.65142,0.2
basic,210,5,20,cold_nv,0.05068,0.40589,3.65083,0.2
basic,210,5,20,cold_nv,0.06597,0.38123,3.55002,0.2
basic,210,5,20,cold_nv,0.08588,0.38002,3.5313,0.2
basic,210,5,20,cold_nv,0.11179,0.38127,3.62719,0.2
basic,210,5,20,cold_nv,0.14552,0.37095,3.46705,0.2
basic,210,5,20,cold_nv,0.18944,0.36554,3.44488,0.2
basic,210,5,20,cold_nv,0.2466,0.3822,3.52333,0.2
basic,210,5,20,cold_nv,0.32102,0.38629,3.64888,0.2
basic,210,5,20,cold_nv,0.41788,0.36762,3.64988,0.2
basic,210,5,20,cold_nv,0.54399,0.36304,3.7692,0.2
basic,210,5,20,cold_nv,0.70814,0.34857,3.68881,0.2
basic,210,5,20,cold_nv,0.92183,0.31413,3.45566,0.2
basic,210,5,20,cold_nv,1.2,0.32873,3.62174,0.2
basic,210,5,20,warm,0.008,0.47915,0.27641,0.006265
basic,210,5,20,warm,0.01041,0.47246,0.30993,0.006782
basic,210,5,20,warm,0.01356,0.48095,0.2731,0.007476
basic,210,5,20,warm,0.01765,0.47688,0.31059,0.008639
basic,210,5,20,warm,0.02297,0.47579,0.47248,0.010041
basic,210,5,20,warm,0.02991,0.46897,0.59782,0.012546
basic,210,5,20,warm,0.03893,0.46968,0.78722,0.016628
basic,210,5,20,warm,0.05068,0.47798,1.00602,0.023948
basic,210,5,20,warm,0.06597,0.47014,1.43807,0.040996
basic,210,5,20,warm,0.08588,0.46978,1.78654,0.051518
basic,210,5,20,warm,0.11179,0.49185,2.56444,0.073463
basic,210,5,20,warm,0.14552,0.43881,2.69601,0.10249
basic,210,5,20,warm,0.18944,0.4221,3.04738,0.15253
basic,210,5,20,warm,0.2466,0.3827,3.10089,0.176119
basic,210,5,20,warm,0.32102,0.36038,3.36563,0.250984
basic,210,5,20,warm,0.41788,0.24454,3.35213,0.39933
basic,210,5,20,warm,0.54399,0.15462,3.17208,0.604032
basic,210,5,20,warm,0.70814,0.08764,2.2436,0.789199
basic,210,5,20,warm,0.92183,0.05125,2.08672,0.93584
basic,210,5,20,warm,1.2,0.0578,2.37556,0.897299
basic,210,20,0,cold_w,0.008,0.7181,1.0,0.004762
basic,210,20,0,cold_w,0.01041,0.72637,1.0,0.004762
basic,210,20,0,cold_w,0.01356,0.72988,1.0,0.004762
basic,210,20,0,cold_w,0.01765,0.73665,1.0,0.004762
basic,210,20,0,cold_w,0.02297,0.71323,1.0,0.004762
basic,210,20,0,cold_w,0.02991,0.74405,1.0,0.004762
basic,210,20,0,cold_w,0.03893,0.74649,1.0,0.004762
basic,210,20,0,cold_w,0.05068,0.75065,1.0,0.004762
basic,210,20,0,cold_w,0.06597,0.72974,1.0,0.004762
basic,210,20,0,cold_w,0.08588,0.74312,1.0,0.004762
basic,210,20,0,cold_w,0.11179,0.73276,1.0,0.004762
basic,210,20,0,cold_w,0.14552,0.71575,1.0,0.004762
basic,210,20,0,cold_w,0.18944,0.71881,1.0,0.004762
basic,210,20,0,cold_w,0.2466,0.66573,1.0,0.004762
basic,210,20,0,cold_w,0.32102,0.65014,1.0,0.004762
basic,210,20,0,cold_w,0.41788,0.61849,1.0,0.004762
basic,210,20,0,cold_w,0.54399,0.55746,1.0,0.004762
basic,210,20,0,cold_w,0.70814,0.54091,1.0,0.004762
basic,210,20,0,cold_w,0.92183,0.44252,1.0,0.004762
basic,210,20,0,cold_w,1.2,0.43625,1.0,0.004762
basic,210,20,0,cold_nv,0.008,0.53421,1.0,0.05
basic,210,20,0,cold_nv,0.01041,0.5301,1.0,0.05
basic,210,20,0,cold_nv,0.01356,0.52685,1.0,0.05
basic,210,20,0,cold_nv,0.01765,0.52175,1.0,0.05
basic,210,20,0,cold_nv,0.02297,0.54125,1.0,0.05
basic,210,20,0,cold_nv,0.02991,0.53044,1.0,0.05
basic,210,20,0,cold_nv,0.03893,0.5298,1.0,0.05
basic,210,20,0,cold_nv,0.05068,0.52911,1.0,0.05
basic,210,20,0,cold_nv,0.06597,0.53369,1.0,0.05
basic,210,20,0,cold_nv,0.08588,0.53438,1.0,0.05
basic,210,20,0,cold_nv,0.11179,0.50567,1.0,0.05
basic,210,20,0,cold_nv,0.14552,0.50952,1.0,0.05
basic,210,20,0,cold_nv,0.18944,0.5053,1.0,0.05
basic,210,20,0,cold_nv,0.2466,0.51363,1.0,0.05
basic,210,20,0,cold_nv,0.32102,0.44633,1.0,0.05
basic,210,20,0,cold_nv,0.41788,0.48006,1.0,0.05
basic,210,20,0,cold_nv,0.54399,0.4495,1.0,0.05
basic,210,20,0,cold_nv,0.70814,0.4122,1.0,0.05
basic,210,20,0,cold_nv,0.92183,0.38593,1.0,0.05
basic,210,20,0,cold_nv,1.2,0.34484,1.0,0.05
basic,210,20,0,warm,0.008,0.68083,1.0,0.027583
basic,210,20,0,warm,0.01041,0.64034,1.0,0.033093
basic,210,20,0,warm,0.01356,0.6172,1.0,0.037237
basic,210,20,0,warm,0.01765,0.54929,1.0,0.043644
basic,210,20,0,warm,0.02297,0.53615,1.0,0.049734
basic,210,20,0,warm,0.02991,0.49815,1.0,0.058049
basic,210,20,0,warm,0.03893,0.46472,1.0,0.061933
basic,210,20,0,warm,0.05068,0.45109,1.0,0.065423
basic,210,20,0,warm,0.06597,0.47335,1.0,0.062545
basic,210,20,0,warm,0.08588,0.40345,1.0,0.073423
basic,210,20,0,warm,0.11179,0.39673,1.0,0.071119
basic,210,20,0,warm,0.14552,0.39764,1.0,0.077692
basic,210,20,0,warm,0.18944,0.38135,1.0,0.089135
basic,210,20,0,warm,0.2466,0.34296,1.0,0.095208
basic,210,20,0,warm,0.32102,0.28478,1.0,0.191084
basic,210,20,0,warm,0.41788,0.28048,1.0,0.253083
basic,210,20,0,warm,0.54399,0.10802,1.0,0.48591
basic,210,20,0,warm,0.70814,0.0905,1.0,0.455268
basic,210,20,0,warm,0.92183,0.01171,1.0,0.740279
basic,210,20,0,warm,1.2,0.01008,1.0,0.737979
basic,210,20,5,cold_w,0.008,0.75754,0.27809,0.004762
basic,210,20,5,cold_w,0.01041,0.75766,0.27978,0.004762
basic,210,20,5,cold_w,0.01356,0.76179,0.28631,0.004762
basic,210,20,5,cold_w,0.01765,0.75925,0.28403,0.004762
basic,210,20,5,cold_w,0.02297,0.7698,0.3006,0.004762
basic,210,20,5,cold_w,0.02991,0.75827,0.31619,0.004762
basic,210,20,5,cold_w,0.03893,0.77107,0.31239,0.004762
basic,210,20,5,cold_w,0.05068,0.77129,0.30403,0.004762
basic,210,20,5,cold_w,0.06597,0.76427,0.31783,0.004762
basic,210,20,5,cold_w,0.08588,0.75869,0.32173,0.004762
basic,210,20,5,cold_w,0.11179,0.71994,0.3497,0.004762
basic,210,20,5,cold_w,0.14552,0.71542,0.35811,0.004762
basic,210,20,5,cold_w,0.18944,0.72895,0.47732,0.004762
basic,210,20,5,cold_w,0.2466,0.71256,0.46021,0.004762
basic,210,20,5,cold_w,0.32102,0.68708,0.54589,0.004762
basic,210,20,5,cold_w,0.41788,0.69165,0.58794,0.004762
basic,210,20,5,cold_w,0.54399,0.66812,0.63359,0.004762
basic,210,20,5,cold_w,0.70814,0.61119,0.67763,0.004762
basic,210,20,5,cold_w,0.92183,0.50901,0.70569,0.004762
basic,210,20,5,cold_w,1.2,0.48393,0.76748,0.004762
basic,210,20,5,cold_nv,0.008,0.53157,0.936,0.05
basic,210,20,5,cold_nv,0.01041,0.5273,0.9343,0.05
basic,210,20,5,cold_nv,0.01356,0.52565,0.95101,0.05
basic,210,20,5,cold_nv,0.01765,0.51813,0.94887,0.05
basic,210,20,5,cold_nv,0.02297,0.50748,0.94367,0.05
basic,210,20,5,cold_nv,0.02991,0.51577,0.9572,0.05
basic,210,20,5,cold_nv,0.03893,0.50716,0.95629,0.05
basic,210,20,5,cold_nv,0.05068,0.51276,0.93299,0.05
basic,210,20,5,cold_nv,0.06597,0.5152,0.91499,0.05
basic,210,20,5,cold_nv,0.08588,0.50226,0.92869,0.05
basic,210,20,5,cold_nv,0.11179,0.48605,0.95726,0.05
basic,210,20,5,cold_nv,0.14552,0.4828,0.97794,0.05
basic,210,20,5,cold_nv,0.18944,0.5126,0.98669,0.05
basic,210,20,5,cold_nv,0.2466,0.49472,0.98069,0.05
basic,210,20,5,cold_nv,0.32102,0.44982,0.9768,0.05
basic,210,20,5,cold_nv,0.41788,0.46042,0.94376,0.05
basic,210,20,5,cold_nv,0.54399,0.4631,0.96974,0.05
basic,210,20,5,cold_nv,0.70814,0.43415,1.00864,0.05
basic,210,20,5,cold_nv,0.92183,0.37079,0.97148,0.05
basic,210,20,5,cold_nv,1.2,0.37133,0.98791,0.05
basic,210,20,5,warm,0.008,0.72075,0.51189,0.011481
basic,210,20,5,warm,0.01041,0.71155,0.60151,0.014137
basic,210,20,5,warm,0.01356,0.69365,0.72225,0.018215
basic,210,20,5,warm,0.01765,0.64899,0.73634,0.022938
basic,210,20,5,warm,0.02297,0.59913,0.82316,0.030068
basic,210,20,5,warm,0.02991,0.56849,0.86892,0.037542
basic,210,20,5,warm,0.03893,0.52331,0.88867,0.041195
basic,210,20,5,warm,0.05068,0.50621,0.98371,0.04841
basic,210,20,5,warm,0.06597,0.46871,0.94362,0.05283
basic,210,20,5,warm,0.08588,0.46317,0.97648,0.056295
basic,210,20,5,warm,0.11179,0.47621,0.94095,0.060437
basic,210,20,5,warm,0.14552,0.44468,0.97693,0.062234
basic,210,20,5,warm,0.18944,0.44188,0.96684,0.062491
basic,210,20,5,warm,0.2466,0.43425,0.98236,0.067555
basic,210,20,5,warm,0.32102,0.37607,0.94512,0.071344
basic,210,20,5,warm,0.41788,0.38423,0.96521,0.092003
basic,210,20,5,warm,0.54399,0.28216,0.93805,0.271891
basic,210,20,5,warm,0.70814,0.22389,0.90704,0.408187
basic,210,20,5,warm,0.92183,0.07772,0.50326,0.633255
basic,210,20,5,warm,1.2,0.0671,0.33006,0.639778
basic,210,20,10,cold_w,0.008,0.66889,0.20187,0.004762
basic,210,20,10,cold_w,0.01041,0.67335,0.20752,0.004762
basic,210,20,10,cold_w,0.01356,0.67653,0.21737,0.004762
basic,210,20,10,cold_w,0.01765,0.67536,0.21831,0.004762
basic,210,20,10,cold_w,0.02297,0.67655,0.21054,0.004762
basic,210,20,10,cold_w,0.02991,0.68591,0.21409,0.004762
basic,210,20,10,cold_w,0.03893,0.67681,0.21648,0.004762
basic,210,20,10,cold_w,0.05068,0.65933,0.24209,0.004762
basic,210,20,10,cold_w,0.06597,0.64427,0.23721,0.004762
basic,210,20,10,cold_w,0.08588,0.64694,0.25247,0.004762
basic,210,20,10,cold_w,0.11179,0.64877,0.26933,0.004762
basic,210,20,10,cold_w,0.14552,0.64692,0.28243,0.004762
basic,210,20,10,cold_w,0.18944,0.63278,0.25069,0.004762
basic,210,20,10,cold_w,0.2466,0.6549,0.32798,0.004762
basic,210,20,10,cold_w,0.32102,0.63571,0.38862,0.004762
basic,210,20,10,cold_w,0.41788,0.62282,0.4586,0.004762
basic,210,20,10,cold_w,0.54399,0.59861,0.50191,0.004762
basic,210,20,10,cold_w,0.70814,0.57966,0.53387,0.004762
basic,210,20,10,cold_w,0.92183,0.53671,0.64664,0.004762
basic,210,20,10,cold_w,1.2,0.51577,0.66953,0.004762
basic,210,20,10,cold_nv,0.008,0.48635,1.10419,0.05
basic,210,20,10,cold_nv,0.01041,0.48536,1.09891,0.05
basic,210,20,10,cold_nv,0.01356,0.48296,1.08878,0.05
basic,210,20,10,cold_nv,0.01765,0.47562,1.09295,0.05
basic,210,20,10,cold_nv,0.02297,0.47216,1.11462,0.05
basic,210,20,10,cold_nv,0.02991,0.4624,1.08015,0.05
basic,210,20,10,cold_nv,0.03893,0.45859,1.07556,0.05
basic,210,20,10,cold_nv,0.05068,0.45444,1.05571,0.05
basic,210,20,10,cold_nv,0.06597,0.46419,1.08081,0.05
basic,210,20,10,cold_nv,0.08588,0.46208,1.08322,0.05
basic,210,20,10,cold_nv,0.11179,0.46764,1.10993,0.05
basic,210,20,10,cold_nv,0.14552,0.47121,1.10657,0.05
basic,210,20,10,cold_nv,0.18944,0.4781,1.07178,0.05
basic,210,20,10,cold_nv,0.2466,0.46194,1.05075,0.05
basic,210,20,10,cold_nv,0.32102,0.44214,1.0902,0.05
basic,210,20,10,cold_nv,0.41788,0.43339,1.05617,0.05
basic,210,20,10,cold_nv,0.54399,0.41706,1.08675,0.05
basic,210,20,10,cold_nv,0.70814,0.39038,1.0739,0.05
basic,210,20,10,cold_nv,0.92183,0.39623,1.12639,0.05
basic,210,20,10,cold_nv,1.2,0.36421,1.12737,0.05
basic,210,20,10,warm,0.008,0.65236,0.33153,0.008284
basic,210,20,10,warm,0.01041,0.64155,0.41863,0.009554
basic,210,20,10,warm,0.01356,0.62111,0.47428,0.011252
basic,210,20,10,warm,0.01765,0.61482,0.55344,0.013719
basic,210,20,10,warm,0.02297,0.60685,0.6078,0.016665
basic,210,20,10,warm,0.02991,0.59942,0.7035,0.020843
basic,210,20,10,warm,0.03893,0.53784,0.87913,0.028634
basic,210,20,10,warm,0.05068,0.54849,0.95641,0.035953
basic,210,20,10,warm,0.06597,0.52433,1.02655,0.037725
basic,210,20,10,warm,0.08588,0.50179,1.02847,0.042635
basic,210,20,10,warm,0.11179,0.48131,1.06165,0.046113
basic,210,20,10,warm,0.14552,0.45661,1.00873,0.047629
basic,210,20,10,warm,0.18944,0.46266,1.03928,0.052497
basic,210,20,10,warm,0.2466,0.44667,1.0707,0.05085
basic,210,20,10,warm,0.32102,0.42226,1.05441,0.059555
basic,210,20,10,warm,0.41788,0.40544,1.00223,0.075912
basic,210,20,10,warm,0.54399,0.32224,1.1192,0.17766
basic,210,20,10,warm,0.70814,0.24833,0.99269,0.292809
basic,210,20,10,warm,0.92183,0.0544,0.3605,0.76242
basic,210,20,10,warm,1.2,0.05446,0.38579,0.809149
basic,210,20,20,cold_w,0.008,0.48976,0.32272,0.004762
basic,210,20,20,cold_w,0.01041,0.48976,0.32272,0.004762
basic,210,20,20,cold_w,0.01356,0.48976,0.32272,0.004762
basic,210,20,20,cold_w,0.01765,0.48976,0.32272,0.004762
basic,210,20,20,cold_w,0.02297,0.48877,0.32337,0.004762
basic,210,20,20,cold_w,0.02991,0.48877,0.32337,0.004762
basic,210,20,20,cold_w,0.03893,0.46762,0.30754,0.004762
basic,210,20,20,cold_w,0.05068,0.46641,0.30655,0.004762
basic,210,20,20,cold_w,0.06597,0.46121,0.30845,0.004762
basic,210,20,20,cold_w,0.08588,0.4702,0.29277,0.004762
basic,210,20,20,cold_w,0.11179,0.47512,0.28322,0.004762
basic,210,20,20,cold_w,0.14552,0.46938,0.28127,0.004762
basic,210,20,20,cold_w,0.18944,0.47117,0.29107,0.004762
basic,210,20,20,cold_w,0.2466,0.47034,0.32845,0.004762
basic,210,20,20,cold_w,0.32102,0.47792,0.3675,0.004762
basic,210,20,20,cold_w,0.41788,0.46252,0.40178,0.004762
basic,210,20,20,cold_w,0.54399,0.44899,0.41911,0.004762
basic,210,20,20,cold_w,0.70814,0.45544,0.49952,0.004762
basic,210,20,20,cold_w,0.92183,0.42308,0.50631,0.004762
basic,210,20,20,cold_w,1.2,0.42367,0.58933,0.004762
basic,210,20,20,cold_nv,0.008,0.36371,1.34199,0.05
basic,210,20,20,cold_nv,0.01041,0.36605,1.3462,0.05
basic,210,20,20,cold_nv,0.01356,0.35397,1.35841,0.05
basic,210,20,20,cold_nv,0.01765,0.36679,1.34567,0.05
basic,210,20,20,cold_nv,0.02297,0.35784,1.31511,0.05
basic,210,20,20,cold_nv,0.02991,0.36645,1.34593,0.05
basic,210,20,20,cold_nv,0.03893,0.375,1.3091,0.05
basic,210,20,20,cold_nv,0.05068,0.38113,1.30512,0.05
basic,210,20,20,cold_nv,0.06597,0.38141,1.30573,0.05
basic,210,20,20,cold_nv,0.08588,0.36938,1.34426,0.05
basic,210,20,20,cold_nv,0.11179,0.38423,1.37609,0.05
basic,210,20,20,cold_nv,0.14552,0.37079,1.36858,0.05
basic,210,20,20,cold_nv,0.18944,0.36024,1.37971,0.05
basic,210,20,20,cold_nv,0.2466,0.37282,1.31825,0.05
basic,210,20,20,cold_nv,0.32102,0.34464,1.29499,0.05
basic,210,20,20,cold_nv,0.41788,0.33998,1.37625,0.05
basic,210,20,20,cold_nv,0.54399,0.34175,1.28309,0.05
basic,210,20,20,cold_nv,0.70814,0.33597,1.27621,0.05
basic,210,20,20,cold_nv,0.92183,0.30083,1.27978,0.05
basic,210,20,20,cold_nv,1.2,0.29921,1.30756,0.05
basic,210,20,20,warm,0.008,0.48093,0.36792,0.006019
basic,210,20,20,warm,0.01041,0.46542,0.41941,0.006446
basic,210,20,20,warm,0.01356,0.45359,0.42203,0.006965
basic,210,20,20,warm,0.01765,0.44937,0.44128,0.007599
basic,210,20,20,warm,0.02297,0.46712,0.45789,0.008756
basic,210,20,20,warm,0.02991,0.48204,0.66812,0.010195
basic,210,20,20,warm,0.03893,0.43593,0.74835,0.012352
basic,210,20,20,warm,0.05068,0.45212,0.66468,0.014081
basic,210,20,20,warm,0.06597,0.46137,0.8134,0.015925
basic,210,20,20,warm,0.08588,0.4579,0.91975,0.019444
basic,210,20,20,warm,0.11179,0.44911,0.94553,0.024813
basic,210,20,20,warm,0.14552,0.42462,1.05593,0.027639
basic,210,20,20,warm,0.18944,0.43359,1.02704,0.02945
basic,210,20,20,warm,0.2466,0.40744,1.14273,0.030723
basic,210,20,20,warm,0.32102,0.37972,1.14035,0.031107
basic,210,20,20,warm,0.41788,0.41276,1.17445,0.033301
basic,210,20,20,warm,0.54399,0.35718,1.22675,0.046418
basic,210,20,20,warm,0.70814,0.26546,1.17333,0.243135
basic,210,20,20,warm,0.92183,0.12127,1.11878,0.721024
basic,210,20,20,warm,1.2,0.07514,0.80486,0.624432
basic,210,50,0,cold_w,0.008,0.74917,1.0,0.004762
basic,210,50,0,cold_w,0.01041,0.75496,1.0,0.004762
basic,210,50,0,cold_w,0.01356,0.73004,1.0,0.004762
basic,210,50,0,cold_w,0.01765,0.72335,1.0,0.004762
basic,210,50,0,cold_w,0.02297,0.72938,1.0,0.004762
basic,210,50,0,cold_w,0.02991,0.73292,1.0,0.004762
basic,210,50,0,cold_w,0.03893,0.72413,1.0,0.004762
basic,210,50,0,cold_w,0.05068,0.74817,1.0,0.004762
basic,210,50,0,cold_w,0.06597,0.73573,1.0,0.004762
basic,210,50,0,cold_w,0.08588,0.72337,1.0,0.004762
basic,210,50,0,cold_w,0.11179,0.71784,1.0,0.004762
basic,210,50,0,cold_w,0.14552,0.68948,1.0,0.004762
basic,210,50,0,cold_w,0.18944,0.68617,1.0,0.004762
basic,210,50,0,cold_w,0.2466,0.63649,1.0,0.004762
basic,210,50,0,cold_w,0.32102,0.63113,1.0,0.004762
basic,210,50,0,cold_w,0.41788,0.60012,1.0,0.004762
basic,210,50,0,cold_w,0.54399,0.54577,1.0,0.004762
basic,210,50,0,cold_w,0.70814,0.52006,1.0,0.004762
basic,210,50,0,cold_w,0.92183,0.44085,1.0,0.004762
basic,210,50,0,cold_w,1.2,0.42353,1.0,0.004762
basic,210,50,0,cold_nv,0.008,0.51877,1.0,0.02
basic,210,50,0,cold_nv,0.01041,0.51329,1.0,0.02
basic,210,50,0,cold_nv,0.01356,0.52202,1.0,0.02
basic,210,50,0,cold_nv,0.01765,0.51407,1.0,0.02
basic,210,50,0,cold_nv,0.02297,0.53401,1.0,0.02
basic,210,50,0,cold_nv,0.02991,0.51448,1.0,0.02
basic,210,50,0,cold_nv,0.03893,0.53321,1.0,0.02
basic,210,50,0,cold_nv,0.05068,0.52718,1.0,0.02
basic,210,50,0,cold_nv,0.06597,0.4948,1.0,0.02
basic,210,50,0,cold_nv,0.08588,0.52931,1.0,0.02
basic,210,50,0,cold_nv,0.11179,0.49107,1.0,0.02
basic,210,50,0,cold_nv,0.14552,0.48236,1.0,0.02
basic,210,50,0,cold_nv,0.18944,0.47998,1.0,0.02
basic,210,50,0,cold_nv,0.2466,0.45472,1.0,0.02
basic,210,50,0,cold_nv,0.32102,0.45742,1.0,0.02
basic,210,50,0,cold_nv,0.41788,0.43357,1.0,0.02
basic,210,50,0,cold_nv,0.54399,0.40788,1.0,0.02
basic,210,50,0,cold_nv,0.70814,0.42161,1.0,0.02
basic,210,50,0,cold_nv,0.92183,0.40607,1.0,0.02
basic,210,50,0,cold_nv,1.2,0.3753,1.0,0.02
basic,210,50,0,warm,0.008,0.65573,1.0,0.012787
basic,210,50,0,warm,0.01041,0.60857,1.0,0.014912
basic,210,50,0,warm,0.01356,0.57788,1.0,0.017047
basic,210,50,0,warm,0.01765,0.53335,1.0,0.019045
basic,210,50,0,warm,0.02297,0.5051,1.0,0.02129
basic,210,50,0,warm,0.02991,0.43766,1.0,0.024167
basic,210,50,0,warm,0.03893,0.4681,1.0,0.024602
basic,210,50,0,warm,0.05068,0.41556,1.0,0.027176
basic,210,50,0,warm,0.06597,0.42754,1.0,0.028289
basic,210,50,0,warm,0.08588,0.40504,1.0,0.028926
basic,210,50,0,warm,0.11179,0.40103,1.0,0.030007
basic,210,50,0,warm,0.14552,0.36891,1.0,0.031441
basic,210,50,0,warm,0.18944,0.3744,1.0,0.03088
basic,210,50,0,warm,0.2466,0.40897,1.0,0.032394
basic,210,50,0,warm,0.32102,0.35764,1.0,0.039989
basic,210,50,0,warm,0.41788,0.36379,1.0,0.038312
basic,210,50,0,warm,0.54399,0.27871,1.0,0.173852
basic,210,50,0,warm,0.70814,0.14976,1.0,0.375885
basic,210,50,0,warm,0.92183,0.07694,1.0,0.469592
basic,210,50,0,warm,1.2,0.0394,1.0,0.550132
basic,210,50,5,cold_w,0.008,0.6796,0.4921,0.004762
basic,210,50,5,cold_w,0.01041,0.67851,0.51309,0.004762
basic,210,50,5,cold_w,0.01356,0.6854,0.5216,0.004762
basic,210,50,5,cold_w,0.01765,0.68923,0.50815,0.004762
basic,210,50,5,cold_w,0.02297,0.70198,0.51568,0.004762
basic,210,50,5,cold_w,0.02991,0.71641,0.5258,0.004762
basic,210,50,5,cold_w,0.03893,0.71853,0.52005,0.004762
basic,210,50,5,cold_w,0.05068,0.70657,0.51539,0.004762
basic,210,50,5,cold_w,0.06597,0.70006,0.50684,0.004762
basic,210,50,5,cold_w,0.08588,0.72875,0.51135,0.004762
basic,210,50,5,cold_w,0.11179,0.69998,0.51503,0.004762
basic,210,50,5,cold_w,0.14552,0.68435,0.55426,0.004762
basic,210,50,5,cold_w,0.18944,0.69188,0.60733,0.004762
basic,210,50,5,cold_w,0.2466,0.68165,0.65017,0.004762
basic,210,50,5,cold_w,0.32102,0.61702,0.64515,0.004762
basic,210,50,5,cold_w,0.41788,0.62317,0.68575,0.004762
basic,210,50,5,cold_w,0.54399,0.5645,0.72567,0.004762
basic,210,50,5,cold_w,0.70814,0.54206,0.752,0.004762
basic,210,50,5,cold_w,0.92183,0.50062,0.74473,0.004762
basic,210,50,5,cold_w,1.2,0.4551,0.76396,0.004762
basic,210,50,5,cold_nv,0.008,0.50224,0.84387,0.02
basic,210,50,5,cold_nv,0.01041,0.49536,0.83868,0.02
basic,210,50,5,cold_nv,0.01356,0.4876,0.82741,0.02
basic,210,50,5,cold_nv,0.01765,0.5003,0.82194,0.02
basic,210,50,5,cold_nv,0.02297,0.50238,0.83899,0.02
basic,210,50,5,cold_nv,0.02991,0.48063,0.84439,0.02
basic,210,50,5,cold_nv,0.03893,0.50621,0.85403,0.02
basic,210,50,5,cold_nv,0.05068,0.49351,0.86066,0.02
basic,210,50,5,cold_nv,0.06597,0.50869,0.83021,0.02
basic,210,50,5,cold_nv,0.08588,0.47698,0.83983,0.02
basic,210,50,5,cold_nv,0.11179,0.49244,0.83297,0.02
basic,210,50,5,cold_nv,0.14552,0.48206,0.86602,0.02
basic,210,50,5,cold_nv,0.18944,0.50627,0.86151,0.02
basic,210,50,5,cold_nv,0.2466,0.48655,0.85979,0.02
basic,210,50,5,cold_nv,0.32102,0.48238,0.86323,0.02
basic,210,50,5,cold_nv,0.41788,0.47806,0.87835,0.02
basic,210,50,5,cold_nv,0.54399,0.47095,0.91671,0.02
basic,210,50,5,cold_nv,0.70814,0.44071,0.88017,0.02
basic,210,50,5,cold_nv,0.92183,0.39837,0.86119,0.02
basic,210,50,5,cold_nv,1.2,0.37909,0.85865,0.02
basic,210,50,5,warm,0.008,0.6648,0.65338,0.008134
basic,210,50,5,warm,0.01041,0.67843,0.68368,0.009427
basic,210,50,5,warm,0.01356,0.623,0.70259,0.010724
basic,210,50,5,warm,0.01765,0.60218,0.74796,0.01307
basic,210,50,5,warm,0.02297,0.57393,0.74189,0.014136
basic,210,50,5,warm,0.02991,0.56542,0.80343,0.016785
basic,210,50,5,warm,0.03893,0.54361,0.84939,0.018321
basic,210,50,5,warm,0.05068,0.47655,0.86427,0.020784
basic,210,50,5,warm,0.06597,0.48367,0.86215,0.021861
basic,210,50,5,warm,0.08588,0.4595,0.82385,0.021501
basic,210,50,5,warm,0.11179,0.45607,0.84216,0.021257
basic,210,50,5,warm,0.14552,0.43825,0.83526,0.022676
basic,210,50,5,warm,0.18944,0.42393,0.7945,0.024236
basic,210,50,5,warm,0.2466,0.46,0.86666,0.02383
basic,210,50,5,warm,0.32102,0.43605,0.85965,0.02406
basic,210,50,5,warm,0.41788,0.39774,0.84846,0.026776
basic,210,50,5,warm,0.54399,0.37206,0.88519,0.071139
basic,210,50,5,warm,0.70814,0.28468,0.84371,0.124488
basic,210,50,5,warm,0.92183,0.15238,0.65112,0.413572
basic,210,50,5,warm,1.2,0.06343,0.42424,0.725059
basic,210,50,10,cold_w,0.008,0.63595,0.41411,0.004762
basic,210,50,10,cold_w,0.01041,0.63595,0.41411,0.004762
basic,210,50,10,cold_w,0.01356,0.62756,0.41692,0.004762
basic,210,50,10,cold_w,0.01765,0.62661,0.41471,0.004762
basic,210,50,10,cold_w,0.02297,0.62083,0.39267,0.004762
basic,210,50,10,cold_w,0.02991,0.63036,0.415,0.004762
basic,210,50,10,cold_w,0.03893,0.61484,0.40157,0.004762
basic,210,50,10,cold_w,0.05068,0.63151,0.42977,0.004762
basic,210,50,10,cold_w,0.06597,0.61161,0.48397,0.004762
basic,210,50,10,cold_w,0.08588,0.59032,0.45472,0.004762
basic,210,50,10,cold_w,0.11179,0.59169,0.50292,0.004762
basic,210,50,10,cold_w,0.14552,0.59675,0.47344,0.004762
basic,210,50,10,cold_w,0.18944,0.58639,0.5058,0.004762
basic,210,50,10,cold_w,0.2466,0.59415,0.5109,0.004762
basic,210,50,10,cold_w,0.32102,0.55538,0.58875,0.004762
basic,210,50,10,cold_w,0.41788,0.56603,0.6061,0.004762
basic,210,50,10,cold_w,0.54399,0.53742,0.61223,0.004762
basic,210,50,10,cold_w,0.70814,0.5181,0.60804,0.004762
basic,210,50,10,cold_w,0.92183,0.47109,0.66795,0.004762
basic,210,50,10,cold_w,1.2,0.45103,0.62998,0.004762
basic,210,50,10,cold_nv,0.008,0.44829,0.7869,0.02
basic,210,50,10,cold_nv,0.01041,0.44268,0.7815,0.02
basic,210,50,10,cold_nv,0.01356,0.44268,0.7815,0.02
basic,210,50,10,cold_nv,0.01765,0.44458,0.76165,0.02
basic,210,50,10,cold_nv,0.02297,0.45925,0.75175,0.02
basic,210,50,10,cold_nv,0.02991,0.46095,0.75289,0.02
basic,210,50,10,cold_nv,0.03893,0.45508,0.74095,0.02
basic,210,50,10,cold_nv,0.05068,0.45843,0.775,0.02
basic,210,50,10,cold_nv,0.06597,0.46288,0.79271,0.02
basic,210,50,10,cold_nv,0.08588,0.47472,0.80739,0.02
basic,210,50,10,cold_nv,0.11179,0.47399,0.80357,0.02
basic,210,50,10,cold_nv,0.14552,0.46389,0.82958,0.02
basic,210,50,10,cold_nv,0.18944,0.47065,0.85226,0.02
basic,210,50,10,cold_nv,0.2466,0.41833,0.8144,0.02
basic,210,50,10,cold_nv,0.32102,0.41899,0.8096,0.02
basic,210,50,10,cold_nv,0.41788,0.445,0.86784,0.02
basic,210,50,10,cold_nv,0.54399,0.42331,0.85881,0.02
basic,210,50,10,cold_nv,0.70814,0.38976,0.87587,0.02
basic,210,50,10,cold_nv,0.92183,0.35716,0.82155,0.02
basic,210,50,10,cold_nv,1.2,0.37339,0.85331,0.02
basic,210,50,10,warm,0.008,0.58677,0.48742,0.006785
basic,210,50,10,warm,0.01041,0.57294,0.50396,0.007429
basic,210,50,10,warm,0.01356,0.57867,0.59438,0.008145
basic,210,50,10,warm,0.01765,0.54562,0.6228,0.008903
basic,210,50,10,warm,0.02297,0.56571,0.64806,0.010473
basic,210,50,10,warm,0.02991,0.54329,0.71131,0.012147
basic,210,50,10,warm,0.03893,0.50079,0.73745,0.01394
basic,210,50,10,warm,0.05068,0.48504,0.77755,0.015216
basic,210,50,10,warm,0.06597,0.4755,0.77874,0.016304
basic,210,50,10,warm,0.08588,0.47827,0.76839,0.017025
basic,210,50,10,warm,0.11179,0.47409,0.81605,0.019298
basic,210,50,10,warm,0.14552,0.46286,0.84835,0.020089
basic,210,50,10,warm,0.18944,0.46333,0.80483,0.020112
basic,210,50,10,warm,0.2466,0.46605,0.81347,0.018839
basic,210,50,10,warm,0.32102,0.40002,0.78704,0.021249
basic,210,50,10,warm,0.41788,0.38389,0.80498,0.021626
basic,210,50,10,warm,0.54399,0.42782,0.81861,0.021493
basic,210,50,10,warm,0.70814,0.36573,0.83016,0.088266
basic,210,50,10,warm,0.92183,0.18897,0.82566,0.383738
basic,210,50,10,warm,1.2,0.06073,0.3591,0.692502
basic,210,50,20,cold_w,0.008,0.44891,0.50827,0.004762
basic,210,50,20,cold_w,0.01041,0.44891,0.50827,0.004762
basic,210,50,20,cold_w,0.01356,0.4455,0.51834,0.004762
basic,210,50,20,cold_w,0.01765,0.4455,0.51834,0.004762
basic,210,50,20,cold_w,0.02297,0.45145,0.49778,0.004762
basic,210,50,20,cold_w,0.02991,0.44766,0.49405,0.004762
basic,210,50,20,cold_w,0.03893,0.453,0.48608,0.004762
basic,210,50,20,cold_w,0.05068,0.45361,0.50618,0.004762
basic,210,50,20,cold_w,0.06597,0.45665,0.51511,0.004762
basic,210,50,20,cold_w,0.08588,0.44917,0.53315,0.004762
basic,210,50,20,cold_w,0.11179,0.45391,0.5288,0.004762
basic,210,50,20,cold_w,0.14552,0.44611,0.5368,0.004762
basic,210,50,20,cold_w,0.18944,0.45835,0.5561,0.004762
basic,210,50,20,cold_w,0.2466,0.43286,0.52025,0.004762
basic,210,50,20,cold_w,0.32102,0.45147,0.49253,0.004762
basic,210,50,20,cold_w,0.41788,0.44843,0.49859,0.004762
basic,210,50,20,cold_w,0.54399,0.44153,0.51154,0.004762
basic,210,50,20,cold_w,0.70814,0.43925,0.56852,0.004762
basic,210,50,20,cold_w,0.92183,0.40395,0.56037,0.004762
basic,210,50,20,cold_w,1.2,0.39167,0.54433,0.004762
basic,210,50,20,cold_nv,0.008,0.36516,0.96921,0.02
basic,210,50,20,cold_nv,0.01041,0.36516,0.96921,0.02
basic,210,50,20,cold_nv,0.01356,0.36931,0.97232,0.02
basic,210,50,20,cold_nv,0.01765,0.37169,0.9711,0.02
basic,210,50,20,cold_nv,0.02297,0.37915,0.94276,0.02
basic,210,50,20,cold_nv,0.02991,0.37944,0.93799,0.02
basic,210,50,20,cold_nv,0.03893,0.38238,0.9475,0.02
basic,210,50,20,cold_nv,0.05068,0.3795,0.95029,0.02
basic,210,50,20,cold_nv,0.06597,0.37375,0.91252,0.02
basic,210,50,20,cold_nv,0.08588,0.3623,0.96137,0.02
basic,210,50,20,cold_nv,0.11179,0.37194,0.98738,0.02
basic,210,50,20,cold_nv,0.14552,0.36065,0.93541,0.02
basic,210,50,20,cold_nv,0.18944,0.37504,0.92442,0.02
basic,210,50,20,cold_nv,0.2466,0.37567,0.92552,0.02
basic,210,50,20,cold_nv,0.32102,0.33796,0.92953,0.02
basic,210,50,20,cold_nv,0.41788,0.31897,0.95821,0.02
basic,210,50,20,cold_nv,0.54399,0.33306,0.89174,0.02
basic,210,50,20,cold_nv,0.70814,0.33413,0.87733,0.02
basic,210,50,20,cold_nv,0.92183,0.32907,0.93944,0.02
basic,210,50,20,cold_nv,1.2,0.32353,0.85652,0.02
basic,210,50,20,warm,0.008,0.45607,0.54189,0.005427
basic,210,50,20,warm,0.01041,0.46764,0.56204,0.005632
basic,210,50,20,warm,0.01356,0.45052,0.56065,0.005891
basic,210,50,20,warm,0.01765,0.43885,0.54726,0.006272
basic,210,50,20,warm,0.02297,0.4373,0.60243,0.006697
basic,210,50,20,warm,0.02991,0.49448,0.66635,0.0073
basic,210,50,20,warm,0.03893,0.43863,0.70491,0.007771
basic,210,50,20,warm,0.05068,0.46425,0.71765,0.008683
basic,210,50,20,warm,0.06597,0.46788,0.71161,0.009036
basic,210,50,20,warm,0.08588,0.41583,0.68163,0.008968
basic,210,50,20,warm,0.11179,0.43732,0.69838,0.009587
basic,210,50,20,warm,0.14552,0.45996,0.82966,0.010844
basic,210,50,20,warm,0.18944,0.41524,0.69933,0.011497
basic,210,50,20,warm,0.2466,0.39621,0.70221,0.01096
basic,210,50,20,warm,0.32102,0.42181,0.74468,0.013216
basic,210,50,20,warm,0.41788,0.3972,0.72766,0.01143
basic,210,50,20,warm,0.54399,0.39474,0.75513,0.013391
basic,210,50,20,warm,0.70814,0.36399,0.8342,0.030509
basic,210,50,20,warm,0.92183,0.29181,0.8357,0.072855
basic,210,50,20,warm,1.2,0.07683,0.54344,0.540591
basic,420,5,0,cold_w,0.008,0.55277,1.0,0.002381
basic,420,5,0,cold_w,0.01041,0.5738,1.0,0.002381
basic,420,5,0,cold_w,0.01356,0.60938,1.0,0.002381
basic,420,5,0,cold_w,0.01765,0.6501,1.0,0.002381
basic,420,5,0,cold_w,0.02297,0.68068,1.0,0.002381
basic,420,5,0,cold_w,0.02991,0.69725,1.0,0.002381
basic,420,5,0,cold_w,0.03893,0.73203,1.0,0.002381
basic,420,5,0,cold_w,0.05068,0.74566,1.0,0.002381
basic,420,5,0,cold_w,0.06597,0.74769,1.0,0.002381
basic,420,5,0,cold_w,0.08588,0.758,1.0,0.002381
basic,420,5,0,cold_w,0.11179,0.73831,1.0,0.002381
basic,420,5,0,cold_w,0.14552,0.72115,1.0,0.002381
basic,420,5,0,cold_w,0.18944,0.7177,1.0,0.002381
basic,420,5,0,cold_w,0.2466,0.66389,1.0,0.002381
basic,420,5,0,cold_w,0.32102,0.6355,1.0,0.002381
basic,420,5,0,cold_w,0.41788,0.56959,1.0,0.002381
basic,420,5,0,cold_w,0.54399,0.50252,1.0,0.002381
basic,420,5,0,cold_w,0.70814,0.46592,1.0,0.002381
basic,420,5,0,cold_w,0.92183,0.39468,1.0,0.002381
basic,420,5,0,cold_w,1.2,0.30897,1.0,0.002381
basic,420,5,0,cold_nv,0.008,0.56422,1.0,0.2
basic,420,5,0,cold_nv,0.01041,0.5703,1.0,0.2
basic,420,5,0,cold_nv,0.01356,0.57747,1.0,0.2
basic,420,5,0,cold_nv,0.01765,0.56324,1.0,0.2
basic,420,5,0,cold_nv,0.02297,0.55605,1.0,0.2
basic,420,5,0,cold_nv,0.02991,0.55051,1.0,0.2
basic,420,5,0,cold_nv,0.03893,0.55532,1.0,0.2
basic,420,5,0,cold_nv,0.05068,0.54848,1.0,0.2
basic,420,5,0,cold_nv,0.06597,0.5308,1.0,0.2
basic,420,5,0,cold_nv,0.08588,0.5116,1.0,0.2
basic,420,5,0,cold_nv,0.11179,0.53032,1.0,0.2
basic,420,5,0,cold_nv,0.14552,0.48672,1.0,0.2
basic,420,5,0,cold_nv,0.18944,0.48237,1.0,0.2
basic,420,5,0,cold_nv,0.2466,0.46533,1.0,0.2
basic,420,5,0,cold_nv,0.32102,0.45954,1.0,0.2
basic,420,5,0,cold_nv,0.41788,0.43685,1.0,0.2
basic,420,5,0,cold_nv,0.54399,0.39242,1.0,0.2
basic,420,5,0,cold_nv,0.70814,0.37731,1.0,0.2
basic,420,5,0,cold_nv,0.92183,0.32409,1.0,0.2
basic,420,5,0,cold_nv,1.2,0.28823,1.0,0.2
basic,420,5,0,warm,0.008,0.62427,1.0,0.1551
basic,420,5,0,warm,0.01041,0.5692,1.0,0.18474
basic,420,5,0,warm,0.01356,0.51365,1.0,0.211794
basic,420,5,0,warm,0.01765,0.48443,1.0,0.240186
basic,420,5,0,warm,0.02297,0.44665,1.0,0.263924
basic,420,5,0,warm,0.02991,0.44903,1.0,0.273433
basic,420,5,0,warm,0.03893,0.42132,1.0,0.284629
basic,420,5,0,warm,0.05068,0.43345,1.0,0.286701
basic,420,5,0,warm,0.06597,0.40245,1.0,0.305701
basic,420,5,0,warm,0.08588,0.39037,1.0,0.305968
basic,420,5,0,warm,0.11179,0.40486,1.0,0.306854
basic,420,5,0,warm,0.14552,0.35795,1.0,0.345779
basic,420,5,0,warm,0.18944,0.32492,1.0,0.378289
basic,420,5,0,warm,0.2466,0.31208,1.0,0.401165
basic,420,5,0,warm,0.32102,0.18416,1.0,0.603986
basic,420,5,0,warm,0.41788,0.06905,1.0,0.820734
basic,420,5,0,warm,0.54399,0.04824,1.0,0.720558
basic,420,5,0,warm,0.70814,0.01573,1.0,0.956628
basic,420,5,0,warm,0.92183,0.01597,1.0,0.941676
basic,420,5,0,warm,1.2,0.03704,1.0,0.735721
basic,420,5,5,cold_w,0.008,0.76439,0.07655,0.002381
basic,420,5,5,cold_w,0.01041,0.76463,0.07678,0.002381
basic,420,5,5,cold_w,0.01356,0.761,0.07918,0.002381
basic,420,5,5,cold_w,0.01765,0.76287,0.08156,0.002381
basic,420,5,5,cold_w,0.02297,0.76842,0.08394,0.002381
basic,420,5,5,cold_w,0.02991,0.76719,0.09985,0.002381
basic,420,5,5,cold_w,0.03893,0.76368,0.10091,0.002381
basic,420,5,5,cold_w,0.05068,0.75174,0.1197,0.002381
basic,420,5,5,cold_w,0.06597,0.75893,0.11582,0.002381
basic,420,5,5,cold_w,0.08588,0.77161,0.16413,0.002381
basic,420,5,5,cold_w,0.11179,0.7797,0.20658,0.002381
basic,420,5,5,cold_w,0.14552,0.74683,0.25021,0.002381
basic,420,5,5,cold_w,0.18944,0.72626,0.32756,0.002381
basic,420,5,5,cold_w,0.2466,0.73719,0.427,0.002381
basic,420,5,5,cold_w,0.32102,0.70496,0.63138,0.002381
basic,420,5,5,cold_w,0.41788,0.66584,0.84837,0.002381
basic,420,5,5,cold_w,0.54399,0.64195,1.00385,0.002381
basic,420,5,5,cold_w,0.70814,0.55806,1.06954,0.002381
basic,420,5,5,cold_w,0.92183,0.50159,1.26384,0.002381
basic,420,5,5,cold_w,1.2,0.44367,1.27812,0.002381
basic,420,5,5,cold_nv,0.008,0.51754,1.72876,0.2
basic,420,5,5,cold_nv,0.01041,0.52002,1.72887,0.2
basic,420,5,5,cold_nv,0.01356,0.54539,1.71529,0.2
basic,420,5,5,cold_nv,0.01765,0.52997,1.69716,0.2
basic,420,5,5,cold_nv,0.02297,0.5222,1.70535,0.2
basic,420,5,5,cold_nv,0.02991,0.53556,1.70473,0.2
basic,420,5,5,cold_nv,0.03893,0.53111,1.70921,0.2
basic,420,5,5,cold_nv,0.05068,0.50837,1.73851,0.2
basic,420,5,5,cold_nv,0.06597,0.48823,1.72833,0.2
basic,420,5,5,cold_nv,0.08588,0.51092,1.7108,0.2
basic,420,5,5,cold_nv,0.11179,0.48782,1.74884,0.2
basic,420,5,5,cold_nv,0.14552,0.49164,1.75789,0.2
basic,420,5,5,cold_nv,0.18944,0.49681,1.76137,0.2
basic,420,5,5,cold_nv,0.2466,0.46968,1.77281,0.2
basic,420,5,5,cold_nv,0.32102,0.4622,1.7393,0.2
basic,420,5,5,cold_nv,0.41788,0.42614,1.77083,0.2
basic,420,5,5,cold_nv,0.54399,0.41325,1.78442,0.2
basic,420,5,5,cold_nv,0.70814,0.38031,1.76371,0.2
basic,420,5,5,cold_nv,0.92183,0.36577,1.74559,0.2
basic,420,5,5,cold_nv,1.2,0.29928,1.7374,0.2
basic,420,5,5,warm,0.008,0.74049,0.63576,0.026853
basic,420,5,5,warm,0.01041,0.6978,0.95743,0.046809
basic,420,5,5,warm,0.01356,0.66253,1.24088,0.073702
basic,420,5,5,warm,0.01765,0.62471,1.45753,0.110945
basic,420,5,5,warm,0.02297,0.57706,1.60824,0.157686
basic,420,5,5,warm,0.02991,0.51206,1.72237,0.19935
basic,420,5,5,warm,0.03893,0.49252,1.73162,0.225813
basic,420,5,5,warm,0.05068,0.44142,1.7646,0.258068
basic,420,5,5,warm,0.06597,0.45067,1.73673,0.25852
basic,420,5,5,warm,0.08588,0.43868,1.76255,0.271366
basic,420,5,5,warm,0.11179,0.4381,1.77464,0.282423
basic,420,5,5,warm,0.14552,0.39817,1.77198,0.290561
basic,420,5,5,warm,0.18944,0.39363,1.77786,0.313117
basic,420,5,5,warm,0.2466,0.34187,1.75223,0.385186
basic,420,5,5,warm,0.32102,0.24311,1.70586,0.522804
basic,420,5,5,warm,0.41788,0.17356,1.56662,0.575323
basic,420,5,5,warm,0.54399,0.06574,1.07711,0.758696
basic,420,5,5,warm,0.70814,0.0447,0.84288,0.96917
basic,420,5,5,warm,0.92183,0.0481,0.81106,0.938363
basic,420,5,5,warm,1.2,0.06589,1.02891,0.693332
basic,420,5,10,cold_w,0.008,0.63349,0.07935,0.002381
basic,420,5,10,cold_w,0.01041,0.63408,0.082,0.002381
basic,420,5,10,cold_w,0.01356,0.63261,0.09085,0.002381
basic,420,5,10,cold_w,0.01765,0.63261,0.09085,0.002381
basic,420,5,10,cold_w,0.02297,0.62752,0.09035,0.002381
basic,420,5,10,cold_w,0.02991,0.62284,0.08276,0.002381
basic,420,5,10,cold_w,0.03893,0.62075,0.10931,0.002381
basic,420,5,10,cold_w,0.05068,0.6132,0.11813,0.002381
basic,420,5,10,cold_w,0.06597,0.61587,0.12492,0.002381
basic,420,5,10,cold_w,0.08588,0.62702,0.11107,0.002381
basic,420,5,10,cold_w,0.11179,0.64507,0.13274,0.002381
basic,420,5,10,cold_w,0.14552,0.63702,0.15446,0.002381
basic,420,5,10,cold_w,0.18944,0.64895,0.20285,0.002381
basic,420,5,10,cold_w,0.2466,0.63328,0.2699,0.002381
basic,420,5,10,cold_w,0.32102,0.64489,0.41355,0.002381
basic,420,5,10,cold_w,0.41788,0.59883,0.62563,0.002381
basic,420,5,10,cold_w,0.54399,0.58967,0.90158,0.002381
basic,420,5,10,cold_w,0.70814,0.55136,1.1259,0.002381
basic,420,5,10,cold_w,0.92183,0.49959,1.19979,0.002381
basic,420,5,10,cold_w,1.2,0.47061,1.43445,0.002381
basic,420,5,10,cold_nv,0.008,0.48221,2.49779,0.2
basic,420,5,10,cold_nv,0.01041,0.48085,2.51624,0.2
basic,420,5,10,cold_nv,0.01356,0.4798,2.50215,0.2
basic,420,5,10,cold_nv,0.01765,0.48311,2.52447,0.2
basic,420,5,10,cold_nv,0.02297,0.47913,2.5058,0.2
basic,420,5,10,cold_nv,0.02991,0.46443,2.52015,0.2
basic,420,5,10,cold_nv,0.03893,0.4702,2.50578,0.2
basic,420,5,10,cold_nv,0.05068,0.48388,2.50026,0.2
basic,420,5,10,cold_nv,0.06597,0.47766,2.49867,0.2
basic,420,5,10,cold_nv,0.08588,0.46992,2.53709,0.2
basic,420,5,10,cold_nv,0.11179,0.48754,2.58788,0.2
basic,420,5,10,cold_nv,0.14552,0.47079,2.54908,0.2
basic,420,5,10,cold_nv,0.18944,0.45755,2.55066,0.2
basic,420,5,10,cold_nv,0.2466,0.45433,2.53182,0.2
basic,420,5,10,cold_nv,0.32102,0.42197,2.5017,0.2
basic,420,5,10,cold_nv,0.41788,0.43453,2.53576,0.2
basic,420,5,10,cold_nv,0.54399,0.40523,2.62888,0.2
basic,420,5,10,cold_nv,0.70814,0.36825,2.54208,0.2
basic,420,5,10,cold_nv,0.92183,0.35384,2.6485,0.2
basic,420,5,10,cold_nv,1.2,0.2954,2.53997,0.2
basic,420,5,10,warm,0.008,0.6279,0.3681,0.010144
basic,420,5,10,warm,0.01041,0.63118,0.50227,0.015148
basic,420,5,10,warm,0.01356,0.63285,0.8087,0.025304
basic,420,5,10,warm,0.01765,0.62006,1.24071,0.04694
basic,420,5,10,warm,0.02297,0.6035,1.61404,0.0763
basic,420,5,10,warm,0.02991,0.55975,2.07564,0.122555
basic,420,5,10,warm,0.03893,0.51584,2.34487,0.163104
basic,420,5,10,warm,0.05068,0.47701,2.46923,0.198023
basic,420,5,10,warm,0.06597,0.42917,2.5043,0.220414
basic,420,5,10,warm,0.08588,0.42538,2.52094,0.238342
basic,420,5,10,warm,0.11179,0.41654,2.56415,0.248423
basic,420,5,10,warm,0.14552,0.39911,2.52752,0.254915
basic,420,5,10,warm,0.18944,0.37314,2.56643,0.274838
basic,420,5,10,warm,0.2466,0.33795,2.53871,0.335167
basic,420,5,10,warm,0.32102,0.18628,2.4464,0.618583
basic,420,5,10,warm,0.41788,0.13823,2.35883,0.656381
basic,420,5,10,warm,0.54399,0.07254,1.89551,0.707526
basic,420,5,10,warm,0.70814,0.03297,0.86488,0.930008
basic,420,5,10,warm,0.92183,0.0321,0.95766,0.960837
basic,420,5,10,warm,1.2,0.06788,1.7622,0.685719
basic,420,5,20,cold_w,0.008,0.44505,0.13196,0.002381
basic,420,5,20,cold_w,0.01041,0.44505,0.13196,0.002381
basic,420,5,20,cold_w,0.01356,0.44505,0.13196,0.002381
basic,420,5,20,cold_w,0.01765,0.44505,0.13196,0.002381
basic,420,5,20,cold_w,0.02297,0.4471,0.14367,0.002381
basic,420,5,20,cold_w,0.02991,0.4471,0.14367,0.002381
basic,420,5,20,cold_w,0.03893,0.4471,0.14367,0.002381
basic,420,5,20,cold_w,0.05068,0.44406,0.14745,0.002381
basic,420,5,20,cold_w,0.06597,0.44838,0.1499,0.002381
basic,420,5,20,cold_w,0.08588,0.45041,0.13975,0.002381
basic,420,5,20,cold_w,0.11179,0.44762,0.12932,0.002381
basic,420,5,20,cold_w,0.14552,0.44615,0.09239,0.002381
basic,420,5,20,cold_w,0.18944,0.45508,0.13429,0.002381
basic,420,5,20,cold_w,0.2466,0.45009,0.23055,0.002381
basic,420,5,20,cold_w,0.32102,0.4633,0.26231,0.002381
basic,420,5,20,cold_w,0.41788,0.45291,0.36011,0.002381
basic,420,5,20,cold_w,0.54399,0.45587,0.42903,0.002381
basic,420,5,20,cold_w,0.70814,0.45385,0.77752,0.002381
basic,420,5,20,cold_w,0.92183,0.43983,1.12575,0.002381
basic,420,5,20,cold_w,1.2,0.41364,1.50102,0.002381
basic,420,5,20,cold_nv,0.008,0.3843,4.11958,0.2
basic,420,5,20,cold_nv,0.01041,0.38365,4.24364,0.2
basic,420,5,20,cold_nv,0.01356,0.38774,4.23447,0.2
basic,420,5,20,cold_nv,0.01765,0.39568,4.18779,0.2
basic,420,5,20,cold_nv,0.02297,0.3954,4.16951,0.2
basic,420,5,20,cold_nv,0.02991,0.3962,4.14678,0.2
basic,420,5,20,cold_nv,0.03893,0.40532,4.16769,0.2
basic,420,5,20,cold_nv,0.05068,0.41474,4.139,0.2
basic,420,5,20,cold_nv,0.06597,0.41506,4.19188,0.2
basic,420,5,20,cold_nv,0.08588,0.40064,4.16826,0.2
basic,420,5,20,cold_nv,0.11179,0.41908,4.28391,0.2
basic,420,5,20,cold_nv,0.14552,0.41956,4.29372,0.2
basic,420,5,20,cold_nv,0.18944,0.401,4.19596,0.2
basic,420,5,20,cold_nv,0.2466,0.41899,4.15577,0.2
basic,420,5,20,cold_nv,0.32102,0.38698,4.2067,0.2
basic,420,5,20,cold_nv,0.41788,0.38737,4.22376,0.2
basic,420,5,20,cold_nv,0.54399,0.36866,4.27276,0.2
basic,420,5,20,cold_nv,0.70814,0.3299,4.10357,0.2
basic,420,5,20,cold_nv,0.92183,0.32034,4.20207,0.2
basic,420,5,20,cold_nv,1.2,0.27845,4.19428,0.2
basic,420,5,20,warm,0.008,0.45057,0.24539,0.004766
basic,420,5,20,warm,0.01041,0.4459,0.30514,0.005901
basic,420,5,20,warm,0.01356,0.45229,0.46358,0.007748
basic,420,5,20,warm,0.01765,0.44898,0.55505,0.010738
basic,420,5,20,warm,0.02297,0.46908,0.96102,0.016885
basic,420,5,20,warm,0.02991,0.46091,1.40433,0.027926
basic,420,5,20,warm,0.03893,0.47078,2.04636,0.046423
basic,420,5,20,warm,0.05068,0.45987,2.88157,0.083738
basic,420,5,20,warm,0.06597,0.45177,3.35599,0.120055
basic,420,5,20,warm,0.08588,0.45513,3.86076,0.15649
basic,420,5,20,warm,0.11179,0.43864,4.07384,0.18902
basic,420,5,20,warm,0.14552,0.39593,4.05588,0.204982
basic,420,5,20,warm,0.18944,0.37372,4.07847,0.210675
basic,420,5,20,warm,0.2466,0.37513,4.08867,0.2352
basic,420,5,20,warm,0.32102,0.23542,3.96481,0.47621
basic,420,5,20,warm,0.41788,0.183,4.04098,0.53929
basic,420,5,20,warm,0.54399,0.08218,3.70232,0.6655
basic,420,5,20,warm,0.70814,0.03114,2.2985,0.955635
basic,420,5,20,warm,0.92183,0.03341,2.22387,0.913343
basic,420,5,20,warm,1.2,0.04935,3.14938,0.65874
basic,420,20,0,cold_w,0.008,0.72037,1.0,0.002381
basic,420,20,0,cold_w,0.01041,0.73222,1.0,0.002381
basic,420,20,0,cold_w,0.01356,0.74023,1.0,0.002381
basic,420,20,0,cold_w,0.01765,0.74633,1.0,0.002381
basic,420,20,0,cold_w,0.02297,0.77083,1.0,0.002381
basic,420,20,0,cold_w,0.02991,0.76702,1.0,0.002381
basic,420,20,0,cold_w,0.03893,0.7728,1.0,0.002381
basic,420,20,0,cold_w,0.05068,0.78706,1.0,0.002381
basic,420,20,0,cold_w,0.06597,0.77687,1.0,0.002381
basic,420,20,0,cold_w,0.08588,0.75929,1.0,0.002381
basic,420,20,0,cold_w,0.11179,0.7269,1.0,0.002381
basic,420,20,0,cold_w,0.14552,0.70873,1.0,0.002381
basic,420,20,0,cold_w,0.18944,0.67126,1.0,0.002381
basic,420,20,0,cold_w,0.2466,0.6581,1.0,0.002381
basic,420,20,0,cold_w,0.32102,0.61673,1.0,0.002381
basic,420,20,0,cold_w,0.41788,0.56556,1.0,0.002381
basic,420,20,0,cold_w,0.54399,0.52337,1.0,0.002381
basic,420,20,0,cold_w,0.70814,0.47789,1.0,0.002381
basic,420,20,0,cold_w,0.92183,0.43447,1.0,0.002381
basic,420,20,0,cold_w,1.2,0.37578,1.0,0.002381
basic,420,20,0,cold_nv,0.008,0.53231,1.0,0.05
basic,420,20,0,cold_nv,0.01041,0.53123,1.0,0.05
basic,420,20,0,cold_nv,0.01356,0.53074,1.0,0.05
basic,420,20,0,cold_nv,0.01765,0.50701,1.0,0.05
basic,420,20,0,cold_nv,0.02297,0.50567,1.0,0.05
basic,420,20,0,cold_nv,0.02991,0.51774,1.0,0.05
basic,420,20,0,cold_nv,0.03893,0.52235,1.0,0.05
basic,420,20,0,cold_nv,0.05068,0.52633,1.0,0.05
basic,420,20,0,cold_nv,0.06597,0.49535,1.0,0.05
basic,420,20,0,cold_nv,0.08588,0.50094,1.0,0.05
basic,420,20,0,cold_nv,0.11179,0.51488,1.0,0.05
basic,420,20,0,cold_nv,0.14552,0.52002,1.0,0.05
basic,420,20,0,cold_nv,0.18944,0.46634,1.0,0.05
basic,420,20,0,cold_nv,0.2466,0.46687,1.0,0.05
basic,420,20,0,cold_nv,0.32102,0.45204,1.0,0.05
basic,420,20,0,cold_nv,0.41788,0.44995,1.0,0.05
basic,420,20,0,cold_nv,0.54399,0.41711,1.0,0.05
basic,420,20,0,cold_nv,0.70814,0.40375,1.0,0.05
basic,420,20,0,cold_nv,0.92183,0.37538,1.0,0.05
basic,420,20,0,cold_nv,1.2,0.34886,1.0,0.05
basic,420,20,0,warm,0.008,0.59513,1.0,0.03907
basic,420,20,0,warm,0.01041,0.58295,1.0,0.046079
basic,420,20,0,warm,0.01356,0.52021,1.0,0.052788
basic,420,20,0,warm,0.01765,0.5057,1.0,0.056615
basic,420,20,0,warm,0.02297,0.4805,1.0,0.059948
basic,420,20,0,warm,0.02991,0.45466,1.0,0.063117
basic,420,20,0,warm,0.03893,0.45641,1.0,0.064915
basic,420,20,0,warm,0.05068,0.44,1.0,0.067667
basic,420,20,0,warm,0.06597,0.45521,1.0,0.065246
basic,420,20,0,warm,0.08588,0.4341,1.0,0.066507
basic,420,20,0,warm,0.11179,0.41511,1.0,0.069944
basic,420,20,0,warm,0.14552,0.43183,1.0,0.067246
basic,420,20,0,warm,0.18944,0.41811,1.0,0.07141
basic,420,20,0,warm,0.2466,0.39951,1.0,0.072074
basic,420,20,0,warm,0.32102,0.38351,1.0,0.095736
basic,420,20,0,warm,0.41788,0.31375,1.0,0.176523
basic,420,20,0,warm,0.54399,0.26557,1.0,0.173907
basic,420,20,0,warm,0.70814,0.03274,1.0,0.729787
basic,420,20,0,warm,0.92183,0.00841,1.0,0.793546
basic,420,20,0,warm,1.2,0.02255,1.0,0.385941
basic,420,20,5,cold_w,0.008,0.7665,0.18075,0.002381
basic,420,20,5,cold_w,0.01041,0.7665,0.18355,0.002381
basic,420,20,5,cold_w,0.01356,0.77141,0.18736,0.002381
basic,420,20,5,cold_w,0.01765,0.7559,0.18728,0.002381
basic,420,20,5,cold_w,0.02297,0.75926,0.19846,0.002381
basic,420,20,5,cold_w,0.02991,0.76632,0.22568,0.002381
basic,420,20,5,cold_w,0.03893,0.75301,0.23146,0.002381
basic,420,20,5,cold_w,0.05068,0.75734,0.2334,0.002381
basic,420,20,5,cold_w,0.06597,0.74836,0.25703,0.002381
basic,420,20,5,cold_w,0.08588,0.74052,0.28681,0.002381
basic,420,20,5,cold_w,0.11179,0.72566,0.32694,0.002381
basic,420,20,5,cold_w,0.14552,0.71742,0.38728,0.002381
basic,420,20,5,cold_w,0.18944,0.72166,0.46384,0.002381
basic,420,20,5,cold_w,0.2466,0.67236,0.54839,0.002381
basic,420,20,5,cold_w,0.32102,0.65785,0.63875,0.002381
basic,420,20,5,cold_w,0.41788,0.6243,0.71032,0.002381
basic,420,20,5,cold_w,0.54399,0.55439,0.77116,0.002381
basic,420,20,5,cold_w,0.70814,0.51397,0.83773,0.002381
basic,420,20,5,cold_w,0.92183,0.49893,0.87094,0.002381
basic,420,20,5,cold_w,1.2,0.40958,0.93228,0.002381
basic,420,20,5,cold_nv,0.008,0.51007,1.05988,0.05
basic,420,20,5,cold_nv,0.01041,0.50081,1.05664,0.05
basic,420,20,5,cold_nv,0.01356,0.511,1.06853,0.05
basic,420,20,5,cold_nv,0.01765,0.50555,1.05548,0.05
basic,420,20,5,cold_nv,0.02297,0.49885,1.06043,0.05
basic,420,20,5,cold_nv,0.02991,0.50305,1.07564,0.05
basic,420,20,5,cold_nv,0.03893,0.4946,1.05674,0.05
basic,420,20,5,cold_nv,0.05068,0.48529,1.0629,0.05
basic,420,20,5,cold_nv,0.06597,0.48028,1.0666,0.05
basic,420,20,5,cold_nv,0.08588,0.48702,1.053,0.05
basic,420,20,5,cold_nv,0.11179,0.49825,1.08653,0.05
basic,420,20,5,cold_nv,0.14552,0.48797,1.08725,0.05
basic,420,20,5,cold_nv,0.18944,0.4673,1.07616,0.05
basic,420,20,5,cold_nv,0.2466,0.47709,1.07889,0.05
basic,420,20,5,cold_nv,0.32102,0.45984,1.09674,0.05
basic,420,20,5,cold_nv,0.41788,0.43191,1.07857,0.05
basic,420,20,5,cold_nv,0.54399,0.41616,1.05005,0.05
basic,420,20,5,cold_nv,0.70814,0.38265,1.06466,0.05
basic,420,20,5,cold_nv,0.92183,0.37557,1.0817,0.05
basic,420,20,5,cold_nv,1.2,0.33192,1.09316,0.05
basic,420,20,5,warm,0.008,0.69973,0.7128,0.014957
basic,420,20,5,warm,0.01041,0.65777,0.81848,0.020862
basic,420,20,5,warm,0.01356,0.61235,0.90958,0.027389
basic,420,20,5,warm,0.01765,0.56706,0.98294,0.036236
basic,420,20,5,warm,0.02297,0.53726,1.01402,0.042759
basic,420,20,5,warm,0.02991,0.49186,1.04137,0.048362
basic,420,20,5,warm,0.03893,0.47343,1.04391,0.051186
basic,420,20,5,warm,0.05068,0.46434,1.06647,0.055118
basic,420,20,5,warm,0.06597,0.46562,1.04756,0.055361
basic,420,20,5,warm,0.08588,0.47937,1.06662,0.055042
basic,420,20,5,warm,0.11179,0.46088,1.05253,0.056006
basic,420,20,5,warm,0.14552,0.44405,1.07417,0.057253
basic,420,20,5,warm,0.18944,0.4734,1.06868,0.058007
basic,420,20,5,warm,0.2466,0.45966,1.07907,0.060441
basic,420,20,5,warm,0.32102,0.42812,1.0776,0.064998
basic,420,20,5,warm,0.41788,0.35763,1.08751,0.156976
basic,420,20,5,warm,0.54399,0.30471,1.06267,0.150283
basic,420,20,5,warm,0.70814,0.17002,1.02061,0.456757
basic,420,20,5,warm,0.92183,0.05338,0.78726,0.737589
basic,420,20,5,warm,1.2,0.04248,0.59814,0.4344
basic,420,20,10,cold_w,0.008,0.63589,0.18082,0.002381
basic,420,20,10,cold_w,0.01041,0.64493,0.18556,0.002381
basic,420,20,10,cold_w,0.01356,0.63953,0.19315,0.002381
basic,420,20,10,cold_w,0.01765,0.63144,0.1923,0.002381
basic,420,20,10,cold_w,0.02297,0.62708,0.19972,0.002381
basic,420,20,10,cold_w,0.02991,0.64935,0.20242,0.002381
basic,420,20,10,cold_w,0.03893,0.64157,0.20502,0.002381
basic,420,20,10,cold_w,0.05068,0.62895,0.22576,0.002381
basic,420,20,10,cold_w,0.06597,0.62509,0.21554,0.002381
basic,420,20,10,cold_w,0.08588,0.61336,0.25668,0.002381
basic,420,20,10,cold_w,0.11179,0.63504,0.25273,0.002381
basic,420,20,10,cold_w,0.14552,0.60716,0.30619,0.002381
basic,420,20,10,cold_w,0.18944,0.6195,0.34744,0.002381
basic,420,20,10,cold_w,0.2466,0.59851,0.38354,0.002381
basic,420,20,10,cold_w,0.32102,0.59844,0.44503,0.002381
basic,420,20,10,cold_w,0.41788,0.56835,0.57651,0.002381
basic,420,20,10,cold_w,0.54399,0.56148,0.66075,0.002381
basic,420,20,10,cold_w,0.70814,0.51432,0.76616,0.002381
basic,420,20,10,cold_w,0.92183,0.46189,0.86387,0.002381
basic,420,20,10,cold_w,1.2,0.43194,0.8978,0.002381
basic,420,20,10,cold_nv,0.008,0.45291,1.21845,0.05
basic,420,20,10,cold_nv,0.01041,0.45077,1.21326,0.05
basic,420,20,10,cold_nv,0.01356,0.44105,1.21615,0.05
basic,420,20,10,cold_nv,0.01765,0.44057,1.21948,0.05
basic,420,20,10,cold_nv,0.02297,0.45509,1.22951,0.05
basic,420,20,10,cold_nv,0.02991,0.47572,1.2211,0.05
basic,420,20,10,cold_nv,0.03893,0.47615,1.21901,0.05
basic,420,20,10,cold_nv,0.05068,0.46265,1.22126,0.05
basic,420,20,10,cold_nv,0.06597,0.45882,1.20492,0.05
basic,420,20,10,cold_nv,0.08588,0.458,1.22262,0.05
basic,420,20,10,cold_nv,0.11179,0.46373,1.20866,0.05
basic,420,20,10,cold_nv,0.14552,0.42307,1.20711,0.05
basic,420,20,10,cold_nv,0.18944,0.4177,1.21442,0.05
basic,420,20,10,cold_nv,0.2466,0.43064,1.23016,0.05
basic,420,20,10,cold_nv,0.32102,0.42842,1.2256,0.05
basic,420,20,10,cold_nv,0.41788,0.41855,1.21358,0.05
basic,420,20,10,cold_nv,0.54399,0.41401,1.22212,0.05
basic,420,20,10,cold_nv,0.70814,0.37764,1.21136,0.05
basic,420,20,10,cold_nv,0.92183,0.36427,1.22993,0.05
basic,420,20,10,cold_nv,1.2,0.34399,1.25926,0.05
basic,420,20,10,warm,0.008,0.60403,0.50122,0.008353
basic,420,20,10,warm,0.01041,0.61158,0.63536,0.011452
basic,420,20,10,warm,0.01356,0.58518,0.75285,0.015437
basic,420,20,10,warm,0.01765,0.57891,0.90536,0.021925
basic,420,20,10,warm,0.02297,0.54438,1.00077,0.028068
basic,420,20,10,warm,0.02991,0.51388,1.10742,0.035437
basic,420,20,10,warm,0.03893,0.4841,1.15055,0.041559
basic,420,20,10,warm,0.05068,0.45891,1.16198,0.045293
basic,420,20,10,warm,0.06597,0.45843,1.19633,0.046846
basic,420,20,10,warm,0.08588,0.44436,1.18671,0.049103
basic,420,20,10,warm,0.11179,0.44945,1.1903,0.049988
basic,420,20,10,warm,0.14552,0.45814,1.21017,0.04941
basic,420,20,10,warm,0.18944,0.4519,1.22487,0.052869
basic,420,20,10,warm,0.2466,0.40967,1.20044,0.054251
basic,420,20,10,warm,0.32102,0.4114,1.21471,0.066511
basic,420,20,10,warm,0.41788,0.39415,1.21997,0.058458
basic,420,20,10,warm,0.54399,0.34544,1.24657,0.104712
basic,420,20,10,warm,0.70814,0.17514,1.20551,0.386926
basic,420,20,10,warm,0.92183,0.08326,1.06035,0.70216
basic,420,20,10,warm,1.2,0.04172,0.65993,0.408449
basic,420,20,20,cold_w,0.008,0.46567,0.21278,0.002381
basic,420,20,20,cold_w,0.01041,0.46751,0.21381,0.002381
basic,420,20,20,cold_w,0.01356,0.46775,0.21014,0.002381
basic,420,20,20,cold_w,0.01765,0.47795,0.22388,0.002381
basic,420,20,20,cold_w,0.02297,0.47454,0.20768,0.002381
basic,420,20,20,cold_w,0.02991,0.47579,0.21614,0.002381
basic,420,20,20,cold_w,0.03893,0.47776,0.24303,0.002381
basic,420,20,20,cold_w,0.05068,0.45609,0.2531,0.002381
basic,420,20,20,cold_w,0.06597,0.45086,0.24521,0.002381
basic,420,20,20,cold_w,0.08588,0.43266,0.27314,0.002381
basic,420,20,20,cold_w,0.11179,0.44213,0.27132,0.002381
basic,420,20,20,cold_w,0.14552,0.44146,0.28252,0.002381
basic,420,20,20,cold_w,0.18944,0.44594,0.29454,0.002381
basic,420,20,20,cold_w,0.2466,0.44302,0.33836,0.002381
basic,420,20,20,cold_w,0.32102,0.47017,0.40242,0.002381
basic,420,20,20,cold_w,0.41788,0.46598,0.42754,0.002381
basic,420,20,20,cold_w,0.54399,0.42588,0.49365,0.002381
basic,420,20,20,cold_w,0.70814,0.42851,0.64754,0.002381
basic,420,20,20,cold_w,0.92183,0.42312,0.71864,0.002381
basic,420,20,20,cold_w,1.2,0.38272,0.80688,0.002381
basic,420,20,20,cold_nv,0.008,0.41311,1.62849,0.05
basic,420,20,20,cold_nv,0.01041,0.40798,1.61789,0.05
basic,420,20,20,cold_nv,0.01356,0.40307,1.62347,0.05
basic,420,20,20,cold_nv,0.01765,0.40054,1.61128,0.05
basic,420,20,20,cold_nv,0.02297,0.39704,1.61206,0.05
basic,420,20,20,cold_nv,0.02991,0.40665,1.6202,0.05
basic,420,20,20,cold_nv,0.03893,0.41122,1.61193,0.05
basic,420,20,20,cold_nv,0.05068,0.41394,1.58318,0.05
basic,420,20,20,cold_nv,0.06597,0.42398,1.62356,0.05
basic,420,20,20,cold_nv,0.08588,0.40406,1.61349,0.05
basic,420,20,20,cold_nv,0.11179,0.40971,1.55273,0.05
basic,420,20,20,cold_nv,0.14552,0.41433,1.61479,0.05
basic,420,20,20,cold_nv,0.18944,0.39091,1.58344,0.05
basic,420,20,20,cold_nv,0.2466,0.41437,1.56632,0.05
basic,420,20,20,cold_nv,0.32102,0.3776,1.60465,0.05
basic,420,20,20,cold_nv,0.41788,0.39397,1.58798,0.05
basic,420,20,20,cold_nv,0.54399,0.37274,1.57703,0.05
basic,420,20,20,cold_nv,0.70814,0.36702,1.6045,0.05
basic,420,20,20,cold_nv,0.92183,0.35427,1.58773,0.05
basic,420,20,20,cold_nv,1.2,0.30742,1.62405,0.05
basic,420,20,20,warm,0.008,0.44311,0.38778,0.004355
basic,420,20,20,warm,0.01041,0.43991,0.41594,0.005104
basic,420,20,20,warm,0.01356,0.47037,0.48793,0.006468
basic,420,20,20,warm,0.01765,0.48993,0.62614,0.008536
basic,420,20,20,warm,0.02297,0.44964,0.73767,0.010859
basic,420,20,20,warm,0.02991,0.46109,0.90886,0.01493
basic,420,20,20,warm,0.03893,0.4529,1.06331,0.020148
basic,420,20,20,warm,0.05068,0.45881,1.20304,0.02593
basic,420,20,20,warm,0.06597,0.42751,1.31529,0.028913
basic,420,20,20,warm,0.08588,0.43401,1.43216,0.035603
basic,420,20,20,warm,0.11179,0.42832,1.39984,0.033597
basic,420,20,20,warm,0.14552,0.41937,1.43291,0.037967
basic,420,20,20,warm,0.18944,0.43269,1.41433,0.037802
basic,420,20,20,warm,0.2466,0.42067,1.47755,0.037504
basic,420,20,20,warm,0.32102,0.39176,1.41194,0.040229
basic,420,20,20,warm,0.41788,0.38517,1.46962,0.040513
basic,420,20,20,warm,0.54399,0.31873,1.44497,0.09648
basic,420,20,20,warm,0.70814,0.23187,1.47332,0.329462
basic,420,20,20,warm,0.92183,0.05629,1.42651,0.614991
basic,420,20,20,warm,1.2,0.03209,1.05286,0.47363
basic,420,50,0,cold_w,0.008,0.78121,1.0,0.002381
basic,420,50,0,cold_w,0.01041,0.8023,1.0,0.002381
basic,420,50,0,cold_w,0.01356,0.79732,1.0,0.002381
basic,420,50,0,cold_w,0.01765,0.7822,1.0,0.002381
basic,420,50,0,cold_w,0.02297,0.79899,1.0,0.002381
basic,420,50,0,cold_w,0.02991,0.78935,1.0,0.002381
basic,420,50,0,cold_w,0.03893,0.78005,1.0,0.002381
basic,420,50,0,cold_w,0.05068,0.7441,1.0,0.002381
basic,420,50,0,cold_w,0.06597,0.75242,1.0,0.002381
basic,420,50,0,cold_w,0.08588,0.75318,1.0,0.002381
basic,420,50,0,cold_w,0.11179,0.7189,1.0,0.002381
basic,420,50,0,cold_w,0.14552,0.71159,1.0,0.002381
basic,420,50,0,cold_w,0.18944,0.66235,1.0,0.002381
basic,420,50,0,cold_w,0.2466,0.63745,1.0,0.002381
basic,420,50,0,cold_w,0.32102,0.5743,1.0,0.002381
basic,420,50,0,cold_w,0.41788,0.54012,1.0,0.002381
basic,420,50,0,cold_w,0.54399,0.5113,1.0,0.002381
basic,420,50,0,cold_w,0.70814,0.46046,1.0,0.002381
basic,420,50,0,cold_w,0.92183,0.45903,1.0,0.002381
basic,420,50,0,cold_w,1.2,0.37968,1.0,0.002381
basic,420,50,0,cold_nv,0.008,0.50875,1.0,0.02
basic,420,50,0,cold_nv,0.01041,0.52051,1.0,0.02
basic,420,50,0,cold_nv,0.01356,0.5374,1.0,0.02
basic,420,50,0,cold_nv,0.01765,0.5268,1.0,0.02
basic,420,50,0,cold_nv,0.02297,0.51856,1.0,0.02
basic,420,50,0,cold_nv,0.02991,0.51099,1.0,0.02
basic,420,50,0,cold_nv,0.03893,0.51169,1.0,0.02
basic,420,50,0,cold_nv,0.05068,0.51206,1.0,0.02
basic,420,50,0,cold_nv,0.06597,0.52174,1.0,0.02
basic,420,50,0,cold_nv,0.08588,0.49761,1.0,0.02
basic,420,50,0,cold_nv,0.11179,0.51745,1.0,0.02
basic,420,50,0,cold_nv,0.14552,0.5066,1.0,0.02
basic,420,50,0,cold_nv,0.18944,0.49047,1.0,0.02
basic,420,50,0,cold_nv,0.2466,0.48801,1.0,0.02
basic,420,50,0,cold_nv,0.32102,0.4708,1.0,0.02
basic,420,50,0,cold_nv,0.41788,0.46182,1.0,0.02
basic,420,50,0,cold_nv,0.54399,0.43234,1.0,0.02
basic,420,50,0,cold_nv,0.70814,0.39766,1.0,0.02
basic,420,50,0,cold_nv,0.92183,0.37448,1.0,0.02
basic,420,50,0,cold_nv,1.2,0.36345,1.0,0.02
basic,420,50,0,warm,0.008,0.58491,1.0,0.016458
basic,420,50,0,warm,0.01041,0.52637,1.0,0.01901
basic,420,50,0,warm,0.01356,0.51791,1.0,0.020697
basic,420,50,0,warm,0.01765,0.48841,1.0,0.022162
basic,420,50,0,warm,0.02297,0.45714,1.0,0.023366
basic,420,50,0,warm,0.02991,0.46546,1.0,0.024537
basic,420,50,0,warm,0.03893,0.46553,1.0,0.024712
basic,420,50,0,warm,0.05068,0.45644,1.0,0.025246
basic,420,50,0,warm,0.06597,0.47919,1.0,0.025192
basic,420,50,0,warm,0.08588,0.44981,1.0,0.025188
basic,420,50,0,warm,0.11179,0.42114,1.0,0.025798
basic,420,50,0,warm,0.14552,0.44784,1.0,0.026822
basic,420,50,0,warm,0.18944,0.42694,1.0,0.025398
basic,420,50,0,warm,0.2466,0.42423,1.0,0.026877
basic,420,50,0,warm,0.32102,0.3988,1.0,0.028483
basic,420,50,0,warm,0.41788,0.37866,1.0,0.043099
basic,420,50,0,warm,0.54399,0.22994,1.0,0.1601
basic,420,50,0,warm,0.70814,0.15852,1.0,0.398744
basic,420,50,0,warm,0.92183,0.0348,1.0,0.636685
basic,420,50,0,warm,1.2,0.0156,1.0,0.327114
basic,420,50,5,cold_w,0.008,0.72125,0.36013,0.002381
basic,420,50,5,cold_w,0.01041,0.7416,0.37432,0.002381
basic,420,50,5,cold_w,0.01356,0.74316,0.37085,0.002381
basic,420,50,5,cold_w,0.01765,0.73653,0.37426,0.002381
basic,420,50,5,cold_w,0.02297,0.73522,0.38683,0.002381
basic,420,50,5,cold_w,0.02991,0.73579,0.38558,0.002381
basic,420,50,5,cold_w,0.03893,0.71931,0.42534,0.002381
basic,420,50,5,cold_w,0.05068,0.7173,0.45698,0.002381
basic,420,50,5,cold_w,0.06597,0.71705,0.45351,0.002381
basic,420,50,5,cold_w,0.08588,0.71,0.49261,0.002381
basic,420,50,5,cold_w,0.11179,0.70766,0.50702,0.002381
basic,420,50,5,cold_w,0.14552,0.69755,0.51981,0.002381
basic,420,50,5,cold_w,0.18944,0.66405,0.60908,0.002381
basic,420,50,5,cold_w,0.2466,0.64746,0.6533,0.002381
basic,420,50,5,cold_w,0.32102,0.61346,0.6909,0.002381
basic,420,50,5,cold_w,0.41788,0.58771,0.75777,0.002381
basic,420,50,5,cold_w,0.54399,0.54795,0.81081,0.002381
basic,420,50,5,cold_w,0.70814,0.51731,0.80305,0.002381
basic,420,50,5,cold_w,0.92183,0.46947,0.84182,0.002381
basic,420,50,5,cold_w,1.2,0.4171,0.82848,0.002381
basic,420,50,5,cold_nv,0.008,0.49973,0.92779,0.02
basic,420,50,5,cold_nv,0.01041,0.50857,0.91291,0.02
basic,420,50,5,cold_nv,0.01356,0.49988,0.90892,0.02
basic,420,50,5,cold_nv,0.01765,0.49777,0.91201,0.02
basic,420,50,5,cold_nv,0.02297,0.48142,0.90327,0.02
basic,420,50,5,cold_nv,0.02991,0.48196,0.92602,0.02
basic,420,50,5,cold_nv,0.03893,0.48608,0.92271,0.02
basic,420,50,5,cold_nv,0.05068,0.4861,0.93307,0.02
basic,420,50,5,cold_nv,0.06597,0.48766,0.93044,0.02
basic,420,50,5,cold_nv,0.08588,0.49703,0.93279,0.02
basic,420,50,5,cold_nv,0.11179,0.49837,0.94243,0.02
basic,420,50,5,cold_nv,0.14552,0.47327,0.93836,0.02
basic,420,50,5,cold_nv,0.18944,0.48304,0.94656,0.02
basic,420,50,5,cold_nv,0.2466,0.49623,0.95382,0.02
basic,420,50,5,cold_nv,0.32102,0.43893,0.94367,0.02
basic,420,50,5,cold_nv,0.41788,0.45036,0.95246,0.02
basic,420,50,5,cold_nv,0.54399,0.43062,0.95786,0.02
basic,420,50,5,cold_nv,0.70814,0.45372,0.9605,0.02
basic,420,50,5,cold_nv,0.92183,0.39894,0.95141,0.02
basic,420,50,5,cold_nv,1.2,0.35713,0.97072,0.02
basic,420,50,5,warm,0.008,0.65267,0.75306,0.008868
basic,420,50,5,warm,0.01041,0.61504,0.8318,0.011006
basic,420,50,5,warm,0.01356,0.56311,0.86485,0.013409
basic,420,50,5,warm,0.01765,0.55191,0.89998,0.016172
basic,420,50,5,warm,0.02297,0.50899,0.90972,0.018349
basic,420,50,5,warm,0.02991,0.52646,0.93457,0.020047
basic,420,50,5,warm,0.03893,0.49288,0.92197,0.020625
basic,420,50,5,warm,0.05068,0.49066,0.95114,0.021473
basic,420,50,5,warm,0.06597,0.4734,0.93421,0.022008
basic,420,50,5,warm,0.08588,0.46022,0.93786,0.022984
basic,420,50,5,warm,0.11179,0.47065,0.93134,0.02263
basic,420,50,5,warm,0.14552,0.44686,0.9209,0.022076
basic,420,50,5,warm,0.18944,0.45787,0.93741,0.021952
basic,420,50,5,warm,0.2466,0.43614,0.94772,0.022651
basic,420,50,5,warm,0.32102,0.44024,0.9359,0.023714
basic,420,50,5,warm,0.41788,0.40977,0.92855,0.024696
basic,420,50,5,warm,0.54399,0.37123,0.95793,0.058753
basic,420,50,5,warm,0.70814,0.25819,0.9093,0.193139
basic,420,50,5,warm,0.92183,0.08274,0.69653,0.741993
basic,420,50,5,warm,1.2,0.04898,0.55791,0.223743
basic,420,50,10,cold_w,0.008,0.62997,0.33344,0.002381
basic,420,50,10,cold_w,0.01041,0.6243,0.33611,0.002381
basic,420,50,10,cold_w,0.01356,0.62171,0.31599,0.002381
basic,420,50,10,cold_w,0.01765,0.6137,0.32529,0.002381
basic,420,50,10,cold_w,0.02297,0.6108,0.34024,0.002381
basic,420,50,10,cold_w,0.02991,0.61193,0.32796,0.002381
basic,420,50,10,cold_w,0.03893,0.61831,0.36139,0.002381
basic,420,50,10,cold_w,0.05068,0.59636,0.37172,0.002381
basic,420,50,10,cold_w,0.06597,0.62701,0.39484,0.002381
basic,420,50,10,cold_w,0.08588,0.6065,0.39552,0.002381
basic,420,50,10,cold_w,0.11179,0.62035,0.43346,0.002381
basic,420,50,10,cold_w,0.14552,0.61305,0.46747,0.002381
basic,420,50,10,cold_w,0.18944,0.58912,0.48022,0.002381
basic,420,50,10,cold_w,0.2466,0.59703,0.5308,0.002381
basic,420,50,10,cold_w,0.32102,0.55323,0.54829,0.002381
basic,420,50,10,cold_w,0.41788,0.55282,0.66101,0.002381
basic,420,50,10,cold_w,0.54399,0.53725,0.67861,0.002381
basic,420,50,10,cold_w,0.70814,0.49149,0.68235,0.002381
basic,420,50,10,cold_w,0.92183,0.46068,0.79734,0.002381
basic,420,50,10,cold_w,1.2,0.42744,0.76513,0.002381
basic,420,50,10,cold_nv,0.008,0.46096,0.96661,0.02
basic,420,50,10,cold_nv,0.01041,0.47914,0.97571,0.02
basic,420,50,10,cold_nv,0.01356,0.46168,0.96465,0.02
basic,420,50,10,cold_nv,0.01765,0.45639,0.9698,0.02
basic,420,50,10,cold_nv,0.02297,0.44666,0.96735,0.02
basic,420,50,10,cold_nv,0.02991,0.45328,0.95273,0.02
basic,420,50,10,cold_nv,0.03893,0.45362,0.96832,0.02
basic,420,50,10,cold_nv,0.05068,0.4518,0.97226,0.02
basic,420,50,10,cold_nv,0.06597,0.45136,0.95996,0.02
basic,420,50,10,cold_nv,0.08588,0.43779,0.97405,0.02
basic,420,50,10,cold_nv,0.11179,0.44523,0.95106,0.02
basic,420,50,10,cold_nv,0.14552,0.45821,0.99306,0.02
basic,420,50,10,cold_nv,0.18944,0.45003,0.99538,0.02
basic,420,50,10,cold_nv,0.2466,0.42802,0.97924,0.02
basic,420,50,10,cold_nv,0.32102,0.423,0.94896,0.02
basic,420,50,10,cold_nv,0.41788,0.42502,0.96418,0.02
basic,420,50,10,cold_nv,0.54399,0.42774,0.9808,0.02
basic,420,50,10,cold_nv,0.70814,0.42613,0.98634,0.02
basic,420,50,10,cold_nv,0.92183,0.36861,0.95736,0.02
basic,420,50,10,cold_nv,1.2,0.35978,0.97996,0.02
basic,420,50,10,warm,0.008,0.59605,0.59359,0.006221
basic,420,50,10,warm,0.01041,0.59786,0.67258,0.007546
basic,420,50,10,warm,0.01356,0.57428,0.71848,0.008985
basic,420,50,10,warm,0.01765,0.54288,0.81234,0.011309
basic,420,50,10,warm,0.02297,0.52056,0.85957,0.013405
basic,420,50,10,warm,0.02991,0.485,0.90668,0.015406
basic,420,50,10,warm,0.03893,0.49492,0.93808,0.016708
basic,420,50,10,warm,0.05068,0.47155,0.93696,0.017811
basic,420,50,10,warm,0.06597,0.44852,0.92585,0.018064
basic,420,50,10,warm,0.08588,0.46345,0.94688,0.017684
basic,420,50,10,warm,0.11179,0.46849,0.96243,0.019241
basic,420,50,10,warm,0.14552,0.46426,0.94893,0.018351
basic,420,50,10,warm,0.18944,0.45551,0.94766,0.019475
basic,420,50,10,warm,0.2466,0.44757,0.98096,0.019629
basic,420,50,10,warm,0.32102,0.44242,0.95059,0.018792
basic,420,50,10,warm,0.41788,0.43136,0.95965,0.020334
basic,420,50,10,warm,0.54399,0.37991,0.94916,0.050351
basic,420,50,10,warm,0.70814,0.39208,0.95701,0.048794
basic,420,50,10,warm,0.92183,0.12886,0.87406,0.604607
basic,420,50,10,warm,1.2,0.03467,0.52086,0.233376
basic,420,50,20,cold_w,0.008,0.46754,0.36554,0.002381
basic,420,50,20,cold_w,0.01041,0.46932,0.36945,0.002381
basic,420,50,20,cold_w,0.01356,0.46299,0.3505,0.002381
basic,420,50,20,cold_w,0.01765,0.45405,0.36083,0.002381
basic,420,50,20,cold_w,0.02297,0.45255,0.35724,0.002381
basic,420,50,20,cold_w,0.02991,0.46053,0.36914,0.002381
basic,420,50,20,cold_w,0.03893,0.45736,0.36298,0.002381
basic,420,50,20,cold_w,0.05068,0.46498,0.35315,0.002381
basic,420,50,20,cold_w,0.06597,0.45918,0.36624,0.002381
basic,420,50,20,cold_w,0.08588,0.47559,0.40777,0.002381
basic,420,50,20,cold_w,0.11179,0.45856,0.38369,0.002381
basic,420,50,20,cold_w,0.14552,0.46752,0.43744,0.002381
basic,420,50,20,cold_w,0.18944,0.46497,0.43494,0.002381
basic,420,50,20,cold_w,0.2466,0.45509,0.44402,0.002381
basic,420,50,20,cold_w,0.32102,0.45065,0.51231,0.002381
basic,420,50,20,cold_w,0.41788,0.43516,0.54562,0.002381
basic,420,50,20,cold_w,0.54399,0.45184,0.58016,0.002381
basic,420,50,20,cold_w,0.70814,0.41223,0.62337,0.002381
basic,420,50,20,cold_w,0.92183,0.41696,0.68744,0.002381
basic,420,50,20,cold_w,1.2,0.3661,0.76053,0.002381
basic,420,50,20,cold_nv,0.008,0.37889,1.11719,0.02
basic,420,50,20,cold_nv,0.01041,0.38242,1.10702,0.02
basic,420,50,20,cold_nv,0.01356,0.39846,1.13028,0.02
basic,420,50,20,cold_nv,0.01765,0.4034,1.12663,0.02
basic,420,50,20,cold_nv,0.02297,0.40933,1.11233,0.02
basic,420,50,20,cold_nv,0.02991,0.40054,1.11365,0.02
basic,420,50,20,cold_nv,0.03893,0.38559,1.12542,0.02
basic,420,50,20,cold_nv,0.05068,0.40639,1.12283,0.02
basic,420,50,20,cold_nv,0.06597,0.40036,1.1191,0.02
basic,420,50,20,cold_nv,0.08588,0.38259,1.12352,0.02
basic,420,50,20,cold_nv,0.11179,0.3994,1.12452,0.02
basic,420,50,20,cold_nv,0.14552,0.39166,1.0951,0.02
basic,420,50,20,cold_nv,0.18944,0.40522,1.14414,0.02
basic,420,50,20,cold_nv,0.2466,0.39526,1.11724,0.02
basic,420,50,20,cold_nv,0.32102,0.41184,1.12343,0.02
basic,420,50,20,cold_nv,0.41788,0.39829,1.08585,0.02
basic,420,50,20,cold_nv,0.54399,0.37494,1.09599,0.02
basic,420,50,20,cold_nv,0.70814,0.3618,1.11942,0.02
basic,420,50,20,cold_nv,0.92183,0.34761,1.06797,0.02
basic,420,50,20,cold_nv,1.2,0.30938,1.08022,0.02
basic,420,50,20,warm,0.008,0.44945,0.51155,0.003898
basic,420,50,20,warm,0.01041,0.47442,0.59654,0.004419
basic,420,50,20,warm,0.01356,0.45552,0.61298,0.005085
basic,420,50,20,warm,0.01765,0.45654,0.66564,0.006045
basic,420,50,20,warm,0.02297,0.4595,0.71853,0.007255
basic,420,50,20,warm,0.02991,0.46582,0.84173,0.008801
basic,420,50,20,warm,0.03893,0.46379,0.86486,0.010023
basic,420,50,20,warm,0.05068,0.4483,0.94873,0.011519
basic,420,50,20,warm,0.06597,0.44473,0.98099,0.012658
basic,420,50,20,warm,0.08588,0.43279,0.96689,0.012811
basic,420,50,20,warm,0.11179,0.44329,0.97753,0.013216
basic,420,50,20,warm,0.14552,0.45036,1.0113,0.013281
basic,420,50,20,warm,0.18944,0.43595,0.98013,0.013748
basic,420,50,20,warm,0.2466,0.4182,0.99573,0.013728
basic,420,50,20,warm,0.32102,0.41509,0.99446,0.014405
basic,420,50,20,warm,0.41788,0.41427,1.01374,0.015507
basic,420,50,20,warm,0.54399,0.37453,0.99513,0.018404
basic,420,50,20,warm,0.70814,0.36831,1.01883,0.016657
basic,420,50,20,warm,0.92183,0.20717,1.02364,0.367419
basic,420,50,20,warm,1.2,0.04668,0.8647,0.301958
basic,1680,5,0,cold_w,0.008,0.66937,1.0,0.000595
basic,1680,5,0,cold_w,0.01041,0.70951,1.0,0.000595
basic,1680,5,0,cold_w,0.01356,0.73832,1.0,0.000595
basic,1680,5,0,cold_w,0.01765,0.75614,1.0,0.000595
basic,1680,5,0,cold_w,0.02297,0.76065,1.0,0.000595
basic,1680,5,0,cold_w,0.02991,0.75102,1.0,0.000595
basic,1680,5,0,cold_w,0.03893,0.73496,1.0,0.000595
basic,1680,5,0,cold_w,0.05068,0.72007,1.0,0.000595
basic,1680,5,0,cold_w,0.06597,0.69299,1.0,0.000595
basic,1680,5,0,cold_w,0.08588,0.64727,1.0,0.000595
basic,1680,5,0,cold_w,0.11179,0.60921,1.0,0.000595
basic,1680,5,0,cold_w,0.14552,0.57296,1.0,0.000595
basic,1680,5,0,cold_w,0.18944,0.52076,1.0,0.000595
basic,1680,5,0,cold_w,0.2466,0.47959,1.0,0.000595
basic,1680,5,0,cold_w,0.32102,0.43865,1.0,0.000595
basic,1680,5,0,cold_w,0.41788,0.38331,1.0,0.000595
basic,1680,5,0,cold_w,0.54399,0.3275,1.0,0.000595
basic,1680,5,0,cold_w,0.70814,0.26824,1.0,0.000595
basic,1680,5,0,cold_w,0.92183,0.17378,1.0,0.000595
basic,1680,5,0,cold_w,1.2,0.162,1.0,0.000595
basic,1680,5,0,cold_nv,0.008,0.55142,1.0,0.2
basic,1680,5,0,cold_nv,0.01041,0.54271,1.0,0.2
basic,1680,5,0,cold_nv,0.01356,0.53878,1.0,0.2
basic,1680,5,0,cold_nv,0.01765,0.53223,1.0,0.2
basic,1680,5,0,cold_nv,0.02297,0.52981,1.0,0.2
basic,1680,5,0,cold_nv,0.02991,0.51759,1.0,0.2
basic,1680,5,0,cold_nv,0.03893,0.5171,1.0,0.2
basic,1680,5,0,cold_nv,0.05068,0.50471,1.0,0.2
basic,1680,5,0,cold_nv,0.06597,0.48932,1.0,0.2
basic,1680,5,0,cold_nv,0.08588,0.48189,1.0,0.2
basic,1680,5,0,cold_nv,0.11179,0.4571,1.0,0.2
basic,1680,5,0,cold_nv,0.14552,0.4469,1.0,0.2
basic,1680,5,0,cold_nv,0.18944,0.42773,1.0,0.2
basic,1680,5,0,cold_nv,0.2466,0.41461,1.0,0.2
basic,1680,5,0,cold_nv,0.32102,0.37887,1.0,0.2
basic,1680,5,0,cold_nv,0.41788,0.33023,1.0,0.2
basic,1680,5,0,cold_nv,0.54399,0.28277,1.0,0.2
basic,1680,5,0,cold_nv,0.70814,0.24111,1.0,0.2
basic,1680,5,0,cold_nv,0.92183,0.15772,1.0,0.2
basic,1680,5,0,cold_nv,1.2,0.17196,1.0,0.2
basic,1680,5,0,warm,0.008,0.45112,1.0,0.260145
basic,1680,5,0,warm,0.01041,0.4352,1.0,0.268995
basic,1680,5,0,warm,0.01356,0.43252,1.0,0.272058
basic,1680,5,0,warm,0.01765,0.43059,1.0,0.274058
basic,1680,5,0,warm,0.02297,0.41745,1.0,0.275973
basic,1680,5,0,warm,0.02991,0.42127,1.0,0.274771
basic,1680,5,0,warm,0.03893,0.41918,1.0,0.276441
basic,1680,5,0,warm,0.05068,0.42957,1.0,0.278128
basic,1680,5,0,warm,0.06597,0.41449,1.0,0.276236
basic,1680,5,0,warm,0.08588,0.42345,1.0,0.279756
basic,1680,5,0,warm,0.11179,0.4079,1.0,0.290734
basic,1680,5,0,warm,0.14552,0.37972,1.0,0.298989
basic,1680,5,0,warm,0.18944,0.34143,1.0,0.351499
basic,1680,5,0,warm,0.2466,0.17034,1.0,0.549038
basic,1680,5,0,warm,0.32102,0.0926,1.0,0.662956
basic,1680,5,0,warm,0.41788,0.00318,1.0,0.964189
basic,1680,5,0,warm,0.54399,0.00303,1.0,0.965004
basic,1680,5,0,warm,0.70814,0.0029,1.0,0.925461
basic,1680,5,0,warm,0.92183,0.0158,1.0,0.771325
basic,1680,5,0,warm,1.2,0.00333,1.0,0.90798
basic,1680,5,5,cold_w,0.008,0.78939,0.02465,0.000595
basic,1680,5,5,cold_w,0.01041,0.79053,0.02966,0.000595
basic,1680,5,5,cold_w,0.01356,0.78931,0.02969,0.000595
basic,1680,5,5,cold_w,0.01765,0.78806,0.03814,0.000595
basic,1680,5,5,cold_w,0.02297,0.78638,0.04884,0.000595
basic,1680,5,5,cold_w,0.02991,0.78776,0.06663,0.000595
basic,1680,5,5,cold_w,0.03893,0.78219,0.11019,0.000595
basic,1680,5,5,cold_w,0.05068,0.77645,0.19601,0.000595
basic,1680,5,5,cold_w,0.06597,0.76515,0.32247,0.000595
basic,1680,5,5,cold_w,0.08588,0.75538,0.49956,0.000595
basic,1680,5,5,cold_w,0.11179,0.7271,0.71908,0.000595
basic,1680,5,5,cold_w,0.14552,0.68879,0.89909,0.000595
basic,1680,5,5,cold_w,0.18944,0.64395,1.04688,0.000595
basic,1680,5,5,cold_w,0.2466,0.59314,1.16527,0.000595
basic,1680,5,5,cold_w,0.32102,0.53354,1.29908,0.000595
basic,1680,5,5,cold_w,0.41788,0.48816,1.37034,0.000595
basic,1680,5,5,cold_w,0.54399,0.41584,1.44288,0.000595
basic,1680,5,5,cold_w,0.70814,0.33065,1.47548,0.000595
basic,1680,5,5,cold_w,0.92183,0.22341,1.39137,0.000595
basic,1680,5,5,cold_w,1.2,0.21638,1.51267,0.000595
basic,1680,5,5,cold_nv,0.008,0.50697,1.84577,0.2
basic,1680,5,5,cold_nv,0.01041,0.50521,1.85065,0.2
basic,1680,5,5,cold_nv,0.01356,0.50641,1.8473,0.2
basic,1680,5,5,cold_nv,0.01765,0.5061,1.84915,0.2
basic,1680,5,5,cold_nv,0.02297,0.49392,1.85835,0.2
basic,1680,5,5,cold_nv,0.02991,0.49575,1.86542,0.2
basic,1680,5,5,cold_nv,0.03893,0.4929,1.8513,0.2
basic,1680,5,5,cold_nv,0.05068,0.47664,1.86145,0.2
basic,1680,5,5,cold_nv,0.06597,0.48075,1.8687,0.2
basic,1680,5,5,cold_nv,0.08588,0.47232,1.86793,0.2
basic,1680,5,5,cold_nv,0.11179,0.44939,1.87197,0.2
basic,1680,5,5,cold_nv,0.14552,0.45136,1.88381,0.2
basic,1680,5,5,cold_nv,0.18944,0.43186,1.88905,0.2
basic,1680,5,5,cold_nv,0.2466,0.41166,1.89443,0.2
basic,1680,5,5,cold_nv,0.32102,0.37654,1.89485,0.2
basic,1680,5,5,cold_nv,0.41788,0.35021,1.90999,0.2
basic,1680,5,5,cold_nv,0.54399,0.28503,1.90742,0.2
basic,1680,5,5,cold_nv,0.70814,0.2401,1.89371,0.2
basic,1680,5,5,cold_nv,0.92183,0.17314,1.89738,0.2
basic,1680,5,5,cold_nv,1.2,0.16931,1.87302,0.2
basic,1680,5,5,warm,0.008,0.51609,1.83362,0.195236
basic,1680,5,5,warm,0.01041,0.47737,1.85275,0.222994
basic,1680,5,5,warm,0.01356,0.45892,1.89586,0.241925
basic,1680,5,5,warm,0.01765,0.44292,1.89682,0.251855
basic,1680,5,5,warm,0.02297,0.44593,1.88775,0.25163
basic,1680,5,5,warm,0.02991,0.43891,1.89719,0.254339
basic,1680,5,5,warm,0.03893,0.43102,1.88616,0.257229
basic,1680,5,5,warm,0.05068,0.42937,1.89614,0.257466
basic,1680,5,5,warm,0.06597,0.42123,1.90436,0.257526
basic,1680,5,5,warm,0.08588,0.42505,1.89771,0.262692
basic,1680,5,5,warm,0.11179,0.40743,1.88568,0.268556
basic,1680,5,5,warm,0.14552,0.39644,1.90587,0.273295
basic,1680,5,5,warm,0.18944,0.35685,1.90378,0.326412
basic,1680,5,5,warm,0.2466,0.25909,1.90791,0.458563
basic,1680,5,5,warm,0.32102,0.07917,1.80214,0.710768
basic,1680,5,5,warm,0.41788,0.01234,1.1548,0.944832
basic,1680,5,5,warm,0.54399,0.00716,0.70983,0.999167
basic,1680,5,5,warm,0.70814,0.00796,0.77158,0.957505
basic,1680,5,5,warm,0.92183,0.02355,1.4453,0.800555
basic,1680,5,5,warm,1.2,0.00759,0.62288,0.929174
basic,1680,5,10,cold_w,0.008,0.67134,0.03778,0.000595
basic,1680,5,10,cold_w,0.01041,0.67748,0.0446,0.000595
basic,1680,5,10,cold_w,0.01356,0.67668,0.04131,0.000595
basic,1680,5,10,cold_w,0.01765,0.67645,0.04024,0.000595
basic,1680,5,10,cold_w,0.02297,0.68109,0.04711,0.000595
basic,1680,5,10,cold_w,0.02991,0.67306,0.05804,0.000595
basic,1680,5,10,cold_w,0.03893,0.66551,0.05511,0.000595
basic,1680,5,10,cold_w,0.05068,0.67385,0.09335,0.000595
basic,1680,5,10,cold_w,0.06597,0.66351,0.14365,0.000595
basic,1680,5,10,cold_w,0.08588,0.66442,0.26215,0.000595
basic,1680,5,10,cold_w,0.11179,0.65789,0.4637,0.000595
basic,1680,5,10,cold_w,0.14552,0.64781,0.72081,0.000595
basic,1680,5,10,cold_w,0.18944,0.62007,1.01044,0.000595
basic,1680,5,10,cold_w,0.2466,0.57867,1.27896,0.000595
basic,1680,5,10,cold_w,0.32102,0.55144,1.58526,0.000595
basic,1680,5,10,cold_w,0.41788,0.49907,1.64477,0.000595
basic,1680,5,10,cold_w,0.54399,0.42509,1.80704,0.000595
basic,1680,5,10,cold_w,0.70814,0.36138,1.89976,0.000595
basic,1680,5,10,cold_w,0.92183,0.24657,1.84617,0.000595
basic,1680,5,10,cold_w,1.2,0.22126,2.01113,0.000595
basic,1680,5,10,cold_nv,0.008,0.4802,2.70776,0.2
basic,1680,5,10,cold_nv,0.01041,0.46972,2.70354,0.2
basic,1680,5,10,cold_nv,0.01356,0.46817,2.71504,0.2
basic,1680,5,10,cold_nv,0.01765,0.47134,2.7202,0.2
basic,1680,5,10,cold_nv,0.02297,0.4801,2.70427,0.2
basic,1680,5,10,cold_nv,0.02991,0.4624,2.71078,0.2
basic,1680,5,10,cold_nv,0.03893,0.46198,2.7324,0.2
basic,1680,5,10,cold_nv,0.05068,0.46446,2.72828,0.2
basic,1680,5,10,cold_nv,0.06597,0.454,2.71297,0.2
basic,1680,5,10,cold_nv,0.08588,0.45076,2.7442,0.2
basic,1680,5,10,cold_nv,0.11179,0.44664,2.7587,0.2
basic,1680,5,10,cold_nv,0.14552,0.43238,2.76671,0.2
basic,1680,5,10,cold_nv,0.18944,0.41449,2.78551,0.2
basic,1680,5,10,cold_nv,0.2466,0.40818,2.77949,0.2
basic,1680,5,10,cold_nv,0.32102,0.36793,2.77977,0.2
basic,1680,5,10,cold_nv,0.41788,0.34493,2.8,0.2
basic,1680,5,10,cold_nv,0.54399,0.29963,2.81599,0.2
basic,1680,5,10,cold_nv,0.70814,0.22968,2.78991,0.2
basic,1680,5,10,cold_nv,0.92183,0.16244,2.77574,0.2
basic,1680,5,10,cold_nv,1.2,0.17126,2.80184,0.2
basic,1680,5,10,warm,0.008,0.56163,2.3201,0.124019
basic,1680,5,10,warm,0.01041,0.50959,2.58304,0.165303
basic,1680,5,10,warm,0.01356,0.47625,2.7213,0.200311
basic,1680,5,10,warm,0.01765,0.43636,2.76331,0.224706
basic,1680,5,10,warm,0.02297,0.4439,2.76482,0.230157
basic,1680,5,10,warm,0.02991,0.43274,2.78356,0.235548
basic,1680,5,10,warm,0.03893,0.43443,2.78419,0.240805
basic,1680,5,10,warm,0.05068,0.442,2.76135,0.236086
basic,1680,5,10,warm,0.06597,0.41866,2.7742,0.241519
basic,1680,5,10,warm,0.08588,0.41373,2.79833,0.255145
basic,1680,5,10,warm,0.11179,0.41006,2.77542,0.258192
basic,1680,5,10,warm,0.14552,0.40439,2.81093,0.262989
basic,1680,5,10,warm,0.18944,0.40301,2.79182,0.266516
basic,1680,5,10,warm,0.2466,0.26574,2.79513,0.420034
basic,1680,5,10,warm,0.32102,0.14886,2.78098,0.547145
basic,1680,5,10,warm,0.41788,0.02138,2.31682,0.950472
basic,1680,5,10,warm,0.54399,0.00706,1.34552,0.981668
basic,1680,5,10,warm,0.70814,0.00731,1.4165,0.962504
basic,1680,5,10,warm,0.92183,0.02451,2.22633,0.782704
basic,1680,5,10,warm,1.2,0.00787,1.56049,0.96417
basic,1680,5,20,cold_w,0.008,0.5017,0.05393,0.000595
basic,1680,5,20,cold_w,0.01041,0.49798,0.05361,0.000595
basic,1680,5,20,cold_w,0.01356,0.49585,0.05249,0.000595
basic,1680,5,20,cold_w,0.01765,0.49591,0.05199,0.000595
basic,1680,5,20,cold_w,0.02297,0.49548,0.05446,0.000595
basic,1680,5,20,cold_w,0.02991,0.49424,0.04845,0.000595
basic,1680,5,20,cold_w,0.03893,0.49055,0.07581,0.000595
basic,1680,5,20,cold_w,0.05068,0.49363,0.09373,0.000595
basic,1680,5,20,cold_w,0.06597,0.48979,0.10082,0.000595
basic,1680,5,20,cold_w,0.08588,0.49305,0.13551,0.000595
basic,1680,5,20,cold_w,0.11179,0.50112,0.21272,0.000595
basic,1680,5,20,cold_w,0.14552,0.4974,0.3358,0.000595
basic,1680,5,20,cold_w,0.18944,0.49584,0.56039,0.000595
basic,1680,5,20,cold_w,0.2466,0.49253,0.97146,0.000595
basic,1680,5,20,cold_w,0.32102,0.48175,1.61774,0.000595
basic,1680,5,20,cold_w,0.41788,0.44883,1.96666,0.000595
basic,1680,5,20,cold_w,0.54399,0.41179,2.38864,0.000595
basic,1680,5,20,cold_w,0.70814,0.37448,2.67662,0.000595
basic,1680,5,20,cold_w,0.92183,0.28889,2.58237,0.000595
basic,1680,5,20,cold_w,1.2,0.24592,2.92605,0.000595
basic,1680,5,20,cold_nv,0.008,0.42151,4.53257,0.2
basic,1680,5,20,cold_nv,0.01041,0.42137,4.48672,0.2
basic,1680,5,20,cold_nv,0.01356,0.43896,4.54319,0.2
basic,1680,5,20,cold_nv,0.01765,0.42302,4.52891,0.2
basic,1680,5,20,cold_nv,0.02297,0.42138,4.55036,0.2
basic,1680,5,20,cold_nv,0.02991,0.41828,4.58322,0.2
basic,1680,5,20,cold_nv,0.03893,0.42524,4.51915,0.2
basic,1680,5,20,cold_nv,0.05068,0.42683,4.57614,0.2
basic,1680,5,20,cold_nv,0.06597,0.42089,4.56603,0.2
basic,1680,5,20,cold_nv,0.08588,0.41276,4.52712,0.2
basic,1680,5,20,cold_nv,0.11179,0.42139,4.53118,0.2
basic,1680,5,20,cold_nv,0.14552,0.41397,4.52074,0.2
basic,1680,5,20,cold_nv,0.18944,0.41574,4.57271,0.2
basic,1680,5,20,cold_nv,0.2466,0.38134,4.59446,0.2
basic,1680,5,20,cold_nv,0.32102,0.37767,4.57682,0.2
basic,1680,5,20,cold_nv,0.41788,0.33541,4.60281,0.2
basic,1680,5,20,cold_nv,0.54399,0.28589,4.64605,0.2
basic,1680,5,20,cold_nv,0.70814,0.22748,4.65018,0.2
basic,1680,5,20,cold_nv,0.92183,0.17999,4.63484,0.2
basic,1680,5,20,cold_nv,1.2,0.15714,4.65901,0.2
basic,1680,5,20,warm,0.008,0.50062,1.76125,0.03082
basic,1680,5,20,warm,0.01041,0.48194,2.80433,0.063878
basic,1680,5,20,warm,0.01356,0.47825,3.61642,0.103044
basic,1680,5,20,warm,0.01765,0.44853,4.08686,0.148422
basic,1680,5,20,warm,0.02297,0.43736,4.34239,0.169501
basic,1680,5,20,warm,0.02991,0.42802,4.48255,0.193608
basic,1680,5,20,warm,0.03893,0.41147,4.51249,0.20416
basic,1680,5,20,warm,0.05068,0.42278,4.52239,0.201058
basic,1680,5,20,warm,0.06597,0.41124,4.56906,0.215272
basic,1680,5,20,warm,0.08588,0.40567,4.50396,0.207999
basic,1680,5,20,warm,0.11179,0.40789,4.52275,0.211328
basic,1680,5,20,warm,0.14552,0.40495,4.54209,0.217731
basic,1680,5,20,warm,0.18944,0.38823,4.60485,0.231435
basic,1680,5,20,warm,0.2466,0.36084,4.61409,0.266634
basic,1680,5,20,warm,0.32102,0.11983,4.59713,0.618324
basic,1680,5,20,warm,0.41788,0.00662,2.72761,0.93834
basic,1680,5,20,warm,0.54399,0.00692,2.54122,0.980002
basic,1680,5,20,warm,0.70814,0.00658,2.51697,0.998333
basic,1680,5,20,warm,0.92183,0.02323,4.06757,0.774213
basic,1680,5,20,warm,1.2,0.00736,2.41658,0.955838
basic,1680,20,0,cold_w,0.008,0.74502,1.0,0.000595
basic,1680,20,0,cold_w,0.01041,0.75937,1.0,0.000595
basic,1680,20,0,cold_w,0.01356,0.76998,1.0,0.000595
basic,1680,20,0,cold_w,0.01765,0.77588,1.0,0.000595
basic,1680,20,0,cold_w,0.02297,0.77029,1.0,0.000595
basic,1680,20,0,cold_w,0.02991,0.76637,1.0,0.000595
basic,1680,20,0,cold_w,0.03893,0.73895,1.0,0.000595
basic,1680,20,0,cold_w,0.05068,0.69879,1.0,0.000595
basic,1680,20,0,cold_w,0.06597,0.66868,1.0,0.000595
basic,1680,20,0,cold_w,0.08588,0.62161,1.0,0.000595
basic,1680,20,0,cold_w,0.11179,0.60153,1.0,0.000595
basic,1680,20,0,cold_w,0.14552,0.57289,1.0,0.000595
basic,1680,20,0,cold_w,0.18944,0.52574,1.0,0.000595
basic,1680,20,0,cold_w,0.2466,0.50758,1.0,0.000595
basic,1680,20,0,cold_w,0.32102,0.47517,1.0,0.000595
basic,1680,20,0,cold_w,0.41788,0.45286,1.0,0.000595
basic,1680,20,0,cold_w,0.54399,0.43398,1.0,0.000595
basic,1680,20,0,cold_w,0.70814,0.37372,1.0,0.000595
basic,1680,20,0,cold_w,0.92183,0.30519,1.0,0.000595
basic,1680,20,0,cold_w,1.2,0.21828,1.0,0.000595
basic,1680,20,0,cold_nv,0.008,0.53359,1.0,0.05
basic,1680,20,0,cold_nv,0.01041,0.53505,1.0,0.05
basic,1680,20,0,cold_nv,0.01356,0.52765,1.0,0.05
basic,1680,20,0,cold_nv,0.01765,0.52783,1.0,0.05
basic,1680,20,0,cold_nv,0.02297,0.51854,1.0,0.05
basic,1680,20,0,cold_nv,0.02991,0.51787,1.0,0.05
basic,1680,20,0,cold_nv,0.03893,0.5081,1.0,0.05
basic,1680,20,0,cold_nv,0.05068,0.50447,1.0,0.05
basic,1680,20,0,cold_nv,0.06597,0.48814,1.0,0.05
basic,1680,20,0,cold_nv,0.08588,0.49772,1.0,0.05
basic,1680,20,0,cold_nv,0.11179,0.47316,1.0,0.05
basic,1680,20,0,cold_nv,0.14552,0.46025,1.0,0.05
basic,1680,20,0,cold_nv,0.18944,0.46314,1.0,0.05
basic,1680,20,0,cold_nv,0.2466,0.43938,1.0,0.05
basic,1680,20,0,cold_nv,0.32102,0.43415,1.0,0.05
basic,1680,20,0,cold_nv,0.41788,0.422,1.0,0.05
basic,1680,20,0,cold_nv,0.54399,0.40039,1.0,0.05
basic,1680,20,0,cold_nv,0.70814,0.35621,1.0,0.05
basic,1680,20,0,cold_nv,0.92183,0.27693,1.0,0.05
basic,1680,20,0,cold_nv,1.2,0.21351,1.0,0.05
basic,1680,20,0,warm,0.008,0.4708,1.0,0.060191
basic,1680,20,0,warm,0.01041,0.46585,1.0,0.06091
basic,1680,20,0,warm,0.01356,0.46057,1.0,0.060624
basic,1680,20,0,warm,0.01765,0.46646,1.0,0.061474
basic,1680,20,0,warm,0.02297,0.46789,1.0,0.061111
basic,1680,20,0,warm,0.02991,0.46138,1.0,0.061114
basic,1680,20,0,warm,0.03893,0.46602,1.0,0.062059
basic,1680,20,0,warm,0.05068,0.46215,1.0,0.062298
basic,1680,20,0,warm,0.06597,0.45541,1.0,0.062695
basic,1680,20,0,warm,0.08588,0.4526,1.0,0.061958
basic,1680,20,0,warm,0.11179,0.44791,1.0,0.063016
basic,1680,20,0,warm,0.14552,0.44851,1.0,0.063085
basic,1680,20,0,warm,0.18944,0.44665,1.0,0.066084
basic,1680,20,0,warm,0.2466,0.40545,1.0,0.084615
basic,1680,20,0,warm,0.32102,0.38686,1.0,0.102887
basic,1680,20,0,warm,0.41788,0.30376,1.0,0.275172
basic,1680,20,0,warm,0.54399,0.12622,1.0,0.650048
basic,1680,20,0,warm,0.70814,0.00892,1.0,0.893271
basic,1680,20,0,warm,0.92183,0.00891,1.0,0.552676
basic,1680,20,0,warm,1.2,0.00088,1.0,0.826633
basic,1680,20,5,cold_w,0.008,0.77785,0.06715,0.000595
basic,1680,20,5,cold_w,0.01041,0.78054,0.07768,0.000595
basic,1680,20,5,cold_w,0.01356,0.77798,0.08726,0.000595
basic,1680,20,5,cold_w,0.01765,0.78617,0.102,0.000595
basic,1680,20,5,cold_w,0.02297,0.7714,0.12362,0.000595
basic,1680,20,5,cold_w,0.02991,0.77312,0.15811,0.000595
basic,1680,20,5,cold_w,0.03893,0.76585,0.21428,0.000595
basic,1680,20,5,cold_w,0.05068,0.7668,0.27918,0.000595
basic,1680,20,5,cold_w,0.06597,0.74603,0.38273,0.000595
basic,1680,20,5,cold_w,0.08588,0.71208,0.49079,0.000595
basic,1680,20,5,cold_w,0.11179,0.68437,0.59118,0.000595
basic,1680,20,5,cold_w,0.14552,0.65741,0.66663,0.000595
basic,1680,20,5,cold_w,0.18944,0.60618,0.76792,0.000595
basic,1680,20,5,cold_w,0.2466,0.56773,0.81958,0.000595
basic,1680,20,5,cold_w,0.32102,0.53463,0.88518,0.000595
basic,1680,20,5,cold_w,0.41788,0.49678,0.94514,0.000595
basic,1680,20,5,cold_w,0.54399,0.47592,0.97058,0.000595
basic,1680,20,5,cold_w,0.70814,0.40239,0.99165,0.000595
basic,1680,20,5,cold_w,0.92183,0.33418,1.02523,0.000595
basic,1680,20,5,cold_w,1.2,0.24243,1.01354,0.000595
basic,1680,20,5,cold_nv,0.008,0.48464,1.12835,0.05
basic,1680,20,5,cold_nv,0.01041,0.4884,1.1365,0.05
basic,1680,20,5,cold_nv,0.01356,0.48843,1.13641,0.05
basic,1680,20,5,cold_nv,0.01765,0.49164,1.12987,0.05
basic,1680,20,5,cold_nv,0.02297,0.49505,1.12763,0.05
basic,1680,20,5,cold_nv,0.02991,0.49114,1.12486,0.05
basic,1680,20,5,cold_nv,0.03893,0.4774,1.13358,0.05
basic,1680,20,5,cold_nv,0.05068,0.48568,1.13166,0.05
basic,1680,20,5,cold_nv,0.06597,0.47492,1.13707,0.05
basic,1680,20,5,cold_nv,0.08588,0.46866,1.14182,0.05
basic,1680,20,5,cold_nv,0.11179,0.46257,1.14661,0.05
basic,1680,20,5,cold_nv,0.14552,0.45306,1.13848,0.05
basic,1680,20,5,cold_nv,0.18944,0.45328,1.1383,0.05
basic,1680,20,5,cold_nv,0.2466,0.45313,1.14711,0.05
basic,1680,20,5,cold_nv,0.32102,0.42851,1.14717,0.05
basic,1680,20,5,cold_nv,0.41788,0.40502,1.15205,0.05
basic,1680,20,5,cold_nv,0.54399,0.40823,1.15226,0.05
basic,1680,20,5,cold_nv,0.70814,0.35761,1.15381,0.05
basic,1680,20,5,cold_nv,0.92183,0.28508,1.16526,0.05
basic,1680,20,5,cold_nv,1.2,0.21992,1.17595,0.05
basic,1680,20,5,warm,0.008,0.49671,1.11732,0.048599
basic,1680,20,5,warm,0.01041,0.48168,1.13397,0.052267
basic,1680,20,5,warm,0.01356,0.48128,1.14437,0.054249
basic,1680,20,5,warm,0.01765,0.46786,1.14389,0.054801
basic,1680,20,5,warm,0.02297,0.46235,1.14035,0.055244
basic,1680,20,5,warm,0.02991,0.45896,1.13783,0.054554
basic,1680,20,5,warm,0.03893,0.45405,1.13322,0.055501
basic,1680,20,5,warm,0.05068,0.46578,1.13588,0.054764
basic,1680,20,5,warm,0.06597,0.45636,1.14292,0.054896
basic,1680,20,5,warm,0.08588,0.46181,1.14031,0.054575
basic,1680,20,5,warm,0.11179,0.45238,1.14582,0.055627
basic,1680,20,5,warm,0.14552,0.45285,1.14877,0.054779
basic,1680,20,5,warm,0.18944,0.43732,1.14495,0.056212
basic,1680,20,5,warm,0.2466,0.43931,1.14441,0.057823
basic,1680,20,5,warm,0.32102,0.42909,1.14542,0.058266
basic,1680,20,5,warm,0.41788,0.40747,1.15238,0.06257
basic,1680,20,5,warm,0.54399,0.28808,1.15291,0.274044
basic,1680,20,5,warm,0.70814,0.02522,1.06146,0.86571
basic,1680,20,5,warm,0.92183,0.01378,0.86317,0.460644
basic,1680,20,5,warm,1.2,0.00394,0.52267,0.78581
basic,1680,20,10,cold_w,0.008,0.66825,0.05903,0.000595
basic,1680,20,10,cold_w,0.01041,0.67007,0.05893,0.000595
basic,1680,20,10,cold_w,0.01356,0.67584,0.06432,0.000595
basic,1680,20,10,cold_w,0.01765,0.67383,0.07648,0.000595
basic,1680,20,10,cold_w,0.02297,0.67245,0.09137,0.000595
basic,1680,20,10,cold_w,0.02991,0.66836,0.10033,0.000595
basic,1680,20,10,cold_w,0.03893,0.67117,0.11581,0.000595
basic,1680,20,10,cold_w,0.05068,0.66852,0.16273,0.000595
basic,1680,20,10,cold_w,0.06597,0.65888,0.221,0.000595
basic,1680,20,10,cold_w,0.08588,0.65099,0.31937,0.000595
basic,1680,20,10,cold_w,0.11179,0.6411,0.42252,0.000595
basic,1680,20,10,cold_w,0.14552,0.60885,0.54762,0.000595
basic,1680,20,10,cold_w,0.18944,0.59253,0.65978,0.000595
basic,1680,20,10,cold_w,0.2466,0.56735,0.78212,0.000595
basic,1680,20,10,cold_w,0.32102,0.5163,0.8595,0.000595
basic,1680,20,10,cold_w,0.41788,0.50034,0.93218,0.000595
basic,1680,20,10,cold_w,0.54399,0.45657,1.01085,0.000595
basic,1680,20,10,cold_w,0.70814,0.42044,1.06912,0.000595
basic,1680,20,10,cold_w,0.92183,0.33571,1.09639,0.000595
basic,1680,20,10,cold_w,1.2,0.24277,1.10541,0.000595
basic,1680,20,10,cold_nv,0.008,0.45597,1.31273,0.05
basic,1680,20,10,cold_nv,0.01041,0.44902,1.31415,0.05
basic,1680,20,10,cold_nv,0.01356,0.44804,1.31598,0.05
basic,1680,20,10,cold_nv,0.01765,0.46117,1.32494,0.05
basic,1680,20,10,cold_nv,0.02297,0.45531,1.31268,0.05
basic,1680,20,10,cold_nv,0.02991,0.45901,1.33511,0.05
basic,1680,20,10,cold_nv,0.03893,0.46233,1.3246,0.05
basic,1680,20,10,cold_nv,0.05068,0.4542,1.32713,0.05
basic,1680,20,10,cold_nv,0.06597,0.45522,1.3161,0.05
basic,1680,20,10,cold_nv,0.08588,0.4493,1.3231,0.05
basic,1680,20,10,cold_nv,0.11179,0.44668,1.32121,0.05
basic,1680,20,10,cold_nv,0.14552,0.45731,1.32134,0.05
basic,1680,20,10,cold_nv,0.18944,0.44006,1.32142,0.05
basic,1680,20,10,cold_nv,0.2466,0.43527,1.3193,0.05
basic,1680,20,10,cold_nv,0.32102,0.43229,1.32613,0.05
basic,1680,20,10,cold_nv,0.41788,0.42619,1.32671,0.05
basic,1680,20,10,cold_nv,0.54399,0.3938,1.33447,0.05
basic,1680,20,10,cold_nv,0.70814,0.35622,1.3514,0.05
basic,1680,20,10,cold_nv,0.92183,0.30099,1.36457,0.05
basic,1680,20,10,cold_nv,1.2,0.2157,1.36126,0.05
basic,1680,20,10,warm,0.008,0.52495,1.19509,0.034716
basic,1680,20,10,warm,0.01041,0.48932,1.25707,0.041519
basic,1680,20,10,warm,0.01356,0.46558,1.29585,0.045488
basic,1680,20,10,warm,0.01765,0.46408,1.30927,0.047089
basic,1680,20,10,warm,0.02297,0.45714,1.30481,0.047975
basic,1680,20,10,warm,0.02991,0.45633,1.31884,0.04819
basic,1680,20,10,warm,0.03893,0.46044,1.29162,0.048489
basic,1680,20,10,warm,0.05068,0.45575,1.30154,0.048206
basic,1680,20,10,warm,0.06597,0.4578,1.29622,0.048112
basic,1680,20,10,warm,0.08588,0.45373,1.30184,0.049003
basic,1680,20,10,warm,0.11179,0.45432,1.29212,0.048623
basic,1680,20,10,warm,0.14552,0.45041,1.30864,0.048758
basic,1680,20,10,warm,0.18944,0.43093,1.31377,0.049821
basic,1680,20,10,warm,0.2466,0.4407,1.33484,0.051323
basic,1680,20,10,warm,0.32102,0.42086,1.31702,0.053694
basic,1680,20,10,warm,0.41788,0.40227,1.33674,0.055469
basic,1680,20,10,warm,0.54399,0.27875,1.31964,0.291322
basic,1680,20,10,warm,0.70814,0.04586,1.29995,0.858171
basic,1680,20,10,warm,0.92183,0.0176,1.13789,0.431816
basic,1680,20,10,warm,1.2,0.00728,1.06953,0.764401
basic,1680,20,20,cold_w,0.008,0.49861,0.0757,0.000595
basic,1680,20,20,cold_w,0.01041,0.49861,0.079,0.000595
basic,1680,20,20,cold_w,0.01356,0.4975,0.09612,0.000595
basic,1680,20,20,cold_w,0.01765,0.49463,0.09775,0.000595
basic,1680,20,20,cold_w,0.02297,0.49189,0.09191,0.000595
basic,1680,20,20,cold_w,0.02991,0.49556,0.10002,0.000595
basic,1680,20,20,cold_w,0.03893,0.49965,0.11529,0.000595
basic,1680,20,20,cold_w,0.05068,0.49308,0.1263,0.000595
basic,1680,20,20,cold_w,0.06597,0.48797,0.14679,0.000595
basic,1680,20,20,cold_w,0.08588,0.49305,0.18519,0.000595
basic,1680,20,20,cold_w,0.11179,0.49761,0.25047,0.000595
basic,1680,20,20,cold_w,0.14552,0.49714,0.35874,0.000595
basic,1680,20,20,cold_w,0.18944,0.47896,0.50559,0.000595
basic,1680,20,20,cold_w,0.2466,0.47319,0.67305,0.000595
basic,1680,20,20,cold_w,0.32102,0.46476,0.84053,0.000595
basic,1680,20,20,cold_w,0.41788,0.43846,0.98329,0.000595
basic,1680,20,20,cold_w,0.54399,0.42445,1.08018,0.000595
basic,1680,20,20,cold_w,0.70814,0.40134,1.19421,0.000595
basic,1680,20,20,cold_w,0.92183,0.35241,1.24302,0.000595
basic,1680,20,20,cold_w,1.2,0.28138,1.32914,0.000595
basic,1680,20,20,cold_nv,0.008,0.38885,1.76113,0.05
basic,1680,20,20,cold_nv,0.01041,0.38878,1.75539,0.05
basic,1680,20,20,cold_nv,0.01356,0.39286,1.7597,0.05
basic,1680,20,20,cold_nv,0.01765,0.3981,1.76002,0.05
basic,1680,20,20,cold_nv,0.02297,0.38644,1.76856,0.05
basic,1680,20,20,cold_nv,0.02991,0.39341,1.74964,0.05
basic,1680,20,20,cold_nv,0.03893,0.40229,1.75792,0.05
basic,1680,20,20,cold_nv,0.05068,0.40375,1.74822,0.05
basic,1680,20,20,cold_nv,0.06597,0.39978,1.74201,0.05
basic,1680,20,20,cold_nv,0.08588,0.40782,1.73794,0.05
basic,1680,20,20,cold_nv,0.11179,0.40664,1.73833,0.05
basic,1680,20,20,cold_nv,0.14552,0.41548,1.71944,0.05
basic,1680,20,20,cold_nv,0.18944,0.40629,1.73154,0.05
basic,1680,20,20,cold_nv,0.2466,0.40555,1.71725,0.05
basic,1680,20,20,cold_nv,0.32102,0.39295,1.71945,0.05
basic,1680,20,20,cold_nv,0.41788,0.37207,1.70636,0.05
basic,1680,20,20,cold_nv,0.54399,0.37732,1.69776,0.05
basic,1680,20,20,cold_nv,0.70814,0.33926,1.72141,0.05
basic,1680,20,20,cold_nv,0.92183,0.28296,1.74807,0.05
basic,1680,20,20,cold_nv,1.2,0.21659,1.74856,0.05
basic,1680,20,20,warm,0.008,0.49227,1.09567,0.015255
basic,1680,20,20,warm,0.01041,0.47015,1.35815,0.022357
basic,1680,20,20,warm,0.01356,0.44911,1.51591,0.028708
basic,1680,20,20,warm,0.01765,0.44688,1.59686,0.033703
basic,1680,20,20,warm,0.02297,0.44242,1.63903,0.036565
basic,1680,20,20,warm,0.02991,0.43628,1.64787,0.03688
basic,1680,20,20,warm,0.03893,0.4329,1.64239,0.038111
basic,1680,20,20,warm,0.05068,0.43617,1.65249,0.037361
basic,1680,20,20,warm,0.06597,0.42553,1.63869,0.037797
basic,1680,20,20,warm,0.08588,0.42198,1.65153,0.037973
basic,1680,20,20,warm,0.11179,0.42887,1.65939,0.037752
basic,1680,20,20,warm,0.14552,0.42933,1.65617,0.038074
basic,1680,20,20,warm,0.18944,0.41874,1.64863,0.039078
basic,1680,20,20,warm,0.2466,0.41149,1.67628,0.03904
basic,1680,20,20,warm,0.32102,0.38938,1.63402,0.041723
basic,1680,20,20,warm,0.41788,0.39358,1.6608,0.04128
basic,1680,20,20,warm,0.54399,0.35274,1.67938,0.066239
basic,1680,20,20,warm,0.70814,0.05414,1.68027,0.760953
basic,1680,20,20,warm,0.92183,0.02013,1.58669,0.541888
basic,1680,20,20,warm,1.2,0.0039,1.22441,0.785904
basic,1680,50,0,cold_w,0.008,0.78718,1.0,0.000595
basic,1680,50,0,cold_w,0.01041,0.789,1.0,0.000595
basic,1680,50,0,cold_w,0.01356,0.79657,1.0,0.000595
basic,1680,50,0,cold_w,0.01765,0.79325,1.0,0.000595
basic,1680,50,0,cold_w,0.02297,0.78143,1.0,0.000595
basic,1680,50,0,cold_w,0.02991,0.75388,1.0,0.000595
basic,1680,50,0,cold_w,0.03893,0.72777,1.0,0.000595
basic,1680,50,0,cold_w,0.05068,0.70536,1.0,0.000595
basic,1680,50,0,cold_w,0.06597,0.66612,1.0,0.000595
basic,1680,50,0,cold_w,0.08588,0.62765,1.0,0.000595
basic,1680,50,0,cold_w,0.11179,0.59231,1.0,0.000595
basic,1680,50,0,cold_w,0.14552,0.57458,1.0,0.000595
basic,1680,50,0,cold_w,0.18944,0.52046,1.0,0.000595
basic,1680,50,0,cold_w,0.2466,0.50685,1.0,0.000595
basic,1680,50,0,cold_w,0.32102,0.47509,1.0,0.000595
basic,1680,50,0,cold_w,0.41788,0.45599,1.0,0.000595
basic,1680,50,0,cold_w,0.54399,0.43446,1.0,0.000595
basic,1680,50,0,cold_w,0.70814,0.40225,1.0,0.000595
basic,1680,50,0,cold_w,0.92183,0.36944,1.0,0.000595
basic,1680,50,0,cold_w,1.2,0.29317,1.0,0.000595
basic,1680,50,0,cold_nv,0.008,0.51535,1.0,0.02
basic,1680,50,0,cold_nv,0.01041,0.52476,1.0,0.02
basic,1680,50,0,cold_nv,0.01356,0.51626,1.0,0.02
basic,1680,50,0,cold_nv,0.01765,0.51556,1.0,0.02
basic,1680,50,0,cold_nv,0.02297,0.51195,1.0,0.02
basic,1680,50,0,cold_nv,0.02991,0.50841,1.0,0.02
basic,1680,50,0,cold_nv,0.03893,0.49508,1.0,0.02
basic,1680,50,0,cold_nv,0.05068,0.48532,1.0,0.02
basic,1680,50,0,cold_nv,0.06597,0.49052,1.0,0.02
basic,1680,50,0,cold_nv,0.08588,0.48107,1.0,0.02
basic,1680,50,0,cold_nv,0.11179,0.47637,1.0,0.02
basic,1680,50,0,cold_nv,0.14552,0.46947,1.0,0.02
basic,1680,50,0,cold_nv,0.18944,0.4492,1.0,0.02
basic,1680,50,0,cold_nv,0.2466,0.4551,1.0,0.02
basic,1680,50,0,cold_nv,0.32102,0.44737,1.0,0.02
basic,1680,50,0,cold_nv,0.41788,0.42351,1.0,0.02
basic,1680,50,0,cold_nv,0.54399,0.41029,1.0,0.02
basic,1680,50,0,cold_nv,0.70814,0.39809,1.0,0.02
basic,1680,50,0,cold_nv,0.92183,0.34042,1.0,0.02
basic,1680,50,0,cold_nv,1.2,0.27384,1.0,0.02
basic,1680,50,0,warm,0.008,0.45331,1.0,0.02379
basic,1680,50,0,warm,0.01041,0.44815,1.0,0.023979
basic,1680,50,0,warm,0.01356,0.45266,1.0,0.02425
basic,1680,50,0,warm,0.01765,0.46148,1.0,0.024084
basic,1680,50,0,warm,0.02297,0.46847,1.0,0.02451
basic,1680,50,0,warm,0.02991,0.45026,1.0,0.024418
basic,1680,50,0,warm,0.03893,0.44658,1.0,0.024775
basic,1680,50,0,warm,0.05068,0.44927,1.0,0.025113
basic,1680,50,0,warm,0.06597,0.44869,1.0,0.024743
basic,1680,50,0,warm,0.08588,0.44166,1.0,0.024635
basic,1680,50,0,warm,0.11179,0.44754,1.0,0.025234
basic,1680,50,0,warm,0.14552,0.42956,1.0,0.024823
basic,1680,50,0,warm,0.18944,0.43479,1.0,0.025481
basic,1680,50,0,warm,0.2466,0.44129,1.0,0.026529
basic,1680,50,0,warm,0.32102,0.43159,1.0,0.027144
basic,1680,50,0,warm,0.41788,0.36438,1.0,0.125447
basic,1680,50,0,warm,0.54399,0.26376,1.0,0.341187
basic,1680,50,0,warm,0.70814,0.10295,1.0,0.561522
basic,1680,50,0,warm,0.92183,0.01782,1.0,0.389577
basic,1680,50,0,warm,1.2,0.00014,1.0,0.78891
basic,1680,50,5,cold_w,0.008,0.77429,0.14804,0.000595
basic,1680,50,5,cold_w,0.01041,0.777,0.15234,0.000595
basic,1680,50,5,cold_w,0.01356,0.77005,0.17557,0.000595
basic,1680,50,5,cold_w,0.01765,0.77436,0.19417,0.000595
basic,1680,50,5,cold_w,0.02297,0.76781,0.23284,0.000595
basic,1680,50,5,cold_w,0.02991,0.76523,0.27443,0.000595
basic,1680,50,5,cold_w,0.03893,0.75169,0.33249,0.000595
basic,1680,50,5,cold_w,0.05068,0.73855,0.39243,0.000595
basic,1680,50,5,cold_w,0.06597,0.71622,0.46115,0.000595
basic,1680,50,5,cold_w,0.08588,0.67971,0.55094,0.000595
basic,1680,50,5,cold_w,0.11179,0.6471,0.60209,0.000595
basic,1680,50,5,cold_w,0.14552,0.61681,0.67653,0.000595
basic,1680,50,5,cold_w,0.18944,0.58687,0.72882,0.000595
basic,1680,50,5,cold_w,0.2466,0.54517,0.77295,0.000595
basic,1680,50,5,cold_w,0.32102,0.5156,0.82175,0.000595
basic,1680,50,5,cold_w,0.41788,0.49093,0.86125,0.000595
basic,1680,50,5,cold_w,0.54399,0.4521,0.8887,0.000595
basic,1680,50,5,cold_w,0.70814,0.43266,0.90665,0.000595
basic,1680,50,5,cold_w,0.92183,0.38445,0.92919,0.000595
basic,1680,50,5,cold_w,1.2,0.29878,0.94169,0.000595
basic,1680,50,5,cold_nv,0.008,0.4828,0.98978,0.02
basic,1680,50,5,cold_nv,0.01041,0.4788,0.9853,0.02
basic,1680,50,5,cold_nv,0.01356,0.47473,0.99074,0.02
basic,1680,50,5,cold_nv,0.01765,0.47634,0.99066,0.02
basic,1680,50,5,cold_nv,0.02297,0.48807,0.98629,0.02
basic,1680,50,5,cold_nv,0.02991,0.48251,0.99252,0.02
basic,1680,50,5,cold_nv,0.03893,0.49342,0.99198,0.02
basic,1680,50,5,cold_nv,0.05068,0.46781,1.00128,0.02
basic,1680,50,5,cold_nv,0.06597,0.4807,0.99678,0.02
basic,1680,50,5,cold_nv,0.08588,0.47029,0.9854,0.02
basic,1680,50,5,cold_nv,0.11179,0.46094,1.00414,0.02
basic,1680,50,5,cold_nv,0.14552,0.46992,0.99974,0.02
basic,1680,50,5,cold_nv,0.18944,0.45764,1.00624,0.02
basic,1680,50,5,cold_nv,0.2466,0.45092,0.9983,0.02
basic,1680,50,5,cold_nv,0.32102,0.44093,0.99739,0.02
basic,1680,50,5,cold_nv,0.41788,0.42869,1.00086,0.02
basic,1680,50,5,cold_nv,0.54399,0.41875,1.00501,0.02
basic,1680,50,5,cold_nv,0.70814,0.38791,1.0156,0.02
basic,1680,50,5,cold_nv,0.92183,0.35446,1.01095,0.02
basic,1680,50,5,cold_nv,1.2,0.29501,1.0287,0.02
basic,1680,50,5,warm,0.008,0.49673,0.96722,0.019276
basic,1680,50,5,warm,0.01041,0.47894,0.98754,0.020311
basic,1680,50,5,warm,0.01356,0.48408,0.98163,0.02065
basic,1680,50,5,warm,0.01765,0.46267,0.99642,0.020741
basic,1680,50,5,warm,0.02297,0.47569,0.98741,0.020638
basic,1680,50,5,warm,0.02991,0.47105,0.99922,0.021269
basic,1680,50,5,warm,0.03893,0.46603,0.98995,0.020934
basic,1680,50,5,warm,0.05068,0.46933,0.9931,0.020898
basic,1680,50,5,warm,0.06597,0.45889,0.98402,0.021108
basic,1680,50,5,warm,0.08588,0.45947,0.9963,0.020879
basic,1680,50,5,warm,0.11179,0.45125,0.99175,0.021408
basic,1680,50,5,warm,0.14552,0.45507,0.99781,0.021326
basic,1680,50,5,warm,0.18944,0.46266,0.99817,0.021509
basic,1680,50,5,warm,0.2466,0.44369,0.98552,0.022392
basic,1680,50,5,warm,0.32102,0.44377,0.9972,0.02182
basic,1680,50,5,warm,0.41788,0.42426,1.00319,0.021805
basic,1680,50,5,warm,0.54399,0.40679,0.99978,0.024265
basic,1680,50,5,warm,0.70814,0.25379,1.00619,0.313677
basic,1680,50,5,warm,0.92183,0.0119,0.79485,0.426353
basic,1680,50,5,warm,1.2,0.00768,0.78297,0.515288
basic,1680,50,10,cold_w,0.008,0.66882,0.10743,0.000595
basic,1680,50,10,cold_w,0.01041,0.66622,0.11082,0.000595
basic,1680,50,10,cold_w,0.01356,0.66957,0.1272,0.000595
basic,1680,50,10,cold_w,0.01765,0.66701,0.13075,0.000595
basic,1680,50,10,cold_w,0.02297,0.66037,0.15014,0.000595
basic,1680,50,10,cold_w,0.02991,0.6602,0.17626,0.000595
basic,1680,50,10,cold_w,0.03893,0.66289,0.19944,0.000595
basic,1680,50,10,cold_w,0.05068,0.64516,0.25946,0.000595
basic,1680,50,10,cold_w,0.06597,0.63546,0.3145,0.000595
basic,1680,50,10,cold_w,0.08588,0.63462,0.38534,0.000595
basic,1680,50,10,cold_w,0.11179,0.61424,0.49155,0.000595
basic,1680,50,10,cold_w,0.14552,0.60253,0.57023,0.000595
basic,1680,50,10,cold_w,0.18944,0.57012,0.64882,0.000595
basic,1680,50,10,cold_w,0.2466,0.53191,0.71346,0.000595
basic,1680,50,10,cold_w,0.32102,0.5079,0.7728,0.000595
basic,1680,50,10,cold_w,0.41788,0.47961,0.82638,0.000595
basic,1680,50,10,cold_w,0.54399,0.45554,0.86315,0.000595
basic,1680,50,10,cold_w,0.70814,0.43284,0.87857,0.000595
basic,1680,50,10,cold_w,0.92183,0.37505,0.91572,0.000595
basic,1680,50,10,cold_w,1.2,0.30829,0.93205,0.000595
basic,1680,50,10,cold_nv,0.008,0.44871,1.05542,0.02
basic,1680,50,10,cold_nv,0.01041,0.45045,1.04227,0.02
basic,1680,50,10,cold_nv,0.01356,0.46302,1.05109,0.02
basic,1680,50,10,cold_nv,0.01765,0.46343,1.04981,0.02
basic,1680,50,10,cold_nv,0.02297,0.44983,1.0518,0.02
basic,1680,50,10,cold_nv,0.02991,0.46046,1.04855,0.02
basic,1680,50,10,cold_nv,0.03893,0.44599,1.04611,0.02
basic,1680,50,10,cold_nv,0.05068,0.4491,1.04563,0.02
basic,1680,50,10,cold_nv,0.06597,0.4433,1.05327,0.02
basic,1680,50,10,cold_nv,0.08588,0.45171,1.04472,0.02
basic,1680,50,10,cold_nv,0.11179,0.45702,1.04971,0.02
basic,1680,50,10,cold_nv,0.14552,0.4497,1.04267,0.02
basic,1680,50,10,cold_nv,0.18944,0.44166,1.03906,0.02
basic,1680,50,10,cold_nv,0.2466,0.44652,1.03757,0.02
basic,1680,50,10,cold_nv,0.32102,0.44025,1.03782,0.02
basic,1680,50,10,cold_nv,0.41788,0.42018,1.0457,0.02
basic,1680,50,10,cold_nv,0.54399,0.40709,1.0563,0.02
basic,1680,50,10,cold_nv,0.70814,0.38564,1.06037,0.02
basic,1680,50,10,cold_nv,0.92183,0.343,1.04253,0.02
basic,1680,50,10,cold_nv,1.2,0.28317,1.05674,0.02
basic,1680,50,10,warm,0.008,0.50331,0.97667,0.015047
basic,1680,50,10,warm,0.01041,0.47677,1.01306,0.016731
basic,1680,50,10,warm,0.01356,0.47394,1.02584,0.01781
basic,1680,50,10,warm,0.01765,0.46452,1.0328,0.018372
basic,1680,50,10,warm,0.02297,0.46475,1.01563,0.018213
basic,1680,50,10,warm,0.02991,0.46735,1.04176,0.018567
basic,1680,50,10,warm,0.03893,0.45209,1.03568,0.018677
basic,1680,50,10,warm,0.05068,0.46927,1.02093,0.018357
basic,1680,50,10,warm,0.06597,0.45743,1.03574,0.018513
basic,1680,50,10,warm,0.08588,0.46772,1.02759,0.01841
basic,1680,50,10,warm,0.11179,0.45424,1.02862,0.018754
basic,1680,50,10,warm,0.14552,0.45225,1.03414,0.018343
basic,1680,50,10,warm,0.18944,0.45303,1.0315,0.018643
basic,1680,50,10,warm,0.2466,0.44358,1.03345,0.018752
basic,1680,50,10,warm,0.32102,0.42644,1.0348,0.018638
basic,1680,50,10,warm,0.41788,0.42569,1.03363,0.01864
basic,1680,50,10,warm,0.54399,0.42456,1.03807,0.018743
basic,1680,50,10,warm,0.70814,0.34666,1.05222,0.104709
basic,1680,50,10,warm,0.92183,0.02788,0.96224,0.348739
basic,1680,50,10,warm,1.2,0.00361,0.79175,0.727746
basic,1680,50,20,cold_w,0.008,0.50146,0.13567,0.000595
basic,1680,50,20,cold_w,0.01041,0.49285,0.14428,0.000595
basic,1680,50,20,cold_w,0.01356,0.49924,0.14717,0.000595
basic,1680,50,20,cold_w,0.01765,0.48999,0.14736,0.000595
basic,1680,50,20,cold_w,0.02297,0.49722,0.13614,0.000595
basic,1680,50,20,cold_w,0.02991,0.4947,0.16181,0.000595
basic,1680,50,20,cold_w,0.03893,0.49427,0.18313,0.000595
basic,1680,50,20,cold_w,0.05068,0.48999,0.19625,0.000595
basic,1680,50,20,cold_w,0.06597,0.49389,0.22961,0.000595
basic,1680,50,20,cold_w,0.08588,0.49644,0.27822,0.000595
basic,1680,50,20,cold_w,0.11179,0.48525,0.34309,0.000595
basic,1680,50,20,cold_w,0.14552,0.49058,0.43752,0.000595
basic,1680,50,20,cold_w,0.18944,0.48448,0.50621,0.000595
basic,1680,50,20,cold_w,0.2466,0.46774,0.61768,0.000595
basic,1680,50,20,cold_w,0.32102,0.45246,0.70315,0.000595
basic,1680,50,20,cold_w,0.41788,0.43439,0.77318,0.000595
basic,1680,50,20,cold_w,0.54399,0.4192,0.83509,0.000595
basic,1680,50,20,cold_w,0.70814,0.39031,0.88241,0.000595
basic,1680,50,20,cold_w,0.92183,0.36091,0.93922,0.000595
basic,1680,50,20,cold_w,1.2,0.30953,0.96595,0.000595
basic,1680,50,20,cold_nv,0.008,0.41156,1.22609,0.02
basic,1680,50,20,cold_nv,0.01041,0.39899,1.2253,0.02
basic,1680,50,20,cold_nv,0.01356,0.40915,1.22702,0.02
basic,1680,50,20,cold_nv,0.01765,0.41086,1.2225,0.02
basic,1680,50,20,cold_nv,0.02297,0.40063,1.22069,0.02
basic,1680,50,20,cold_nv,0.02991,0.40398,1.22283,0.02
basic,1680,50,20,cold_nv,0.03893,0.40329,1.20947,0.02
basic,1680,50,20,cold_nv,0.05068,0.40466,1.21379,0.02
basic,1680,50,20,cold_nv,0.06597,0.40264,1.20922,0.02
basic,1680,50,20,cold_nv,0.08588,0.40827,1.20056,0.02
basic,1680,50,20,cold_nv,0.11179,0.41287,1.19519,0.02
basic,1680,50,20,cold_nv,0.14552,0.40181,1.19246,0.02
basic,1680,50,20,cold_nv,0.18944,0.40194,1.17727,0.02
basic,1680,50,20,cold_nv,0.2466,0.40638,1.17721,0.02
basic,1680,50,20,cold_nv,0.32102,0.40259,1.16944,0.02
basic,1680,50,20,cold_nv,0.41788,0.38583,1.1677,0.02
basic,1680,50,20,cold_nv,0.54399,0.37164,1.14123,0.02
basic,1680,50,20,cold_nv,0.70814,0.36224,1.15983,0.02
basic,1680,50,20,cold_nv,0.92183,0.3284,1.16683,0.02
basic,1680,50,20,cold_nv,1.2,0.26724,1.16909,0.02
basic,1680,50,20,warm,0.008,0.47942,0.88126,0.008283
basic,1680,50,20,warm,0.01041,0.45824,1.00222,0.010538
basic,1680,50,20,warm,0.01356,0.44301,1.07218,0.012222
basic,1680,50,20,warm,0.01765,0.44149,1.10755,0.013258
basic,1680,50,20,warm,0.02297,0.43969,1.13108,0.014069
basic,1680,50,20,warm,0.02991,0.43551,1.11838,0.014372
basic,1680,50,20,warm,0.03893,0.42943,1.13535,0.014149
basic,1680,50,20,warm,0.05068,0.43082,1.11846,0.014383
basic,1680,50,20,warm,0.06597,0.4325,1.13846,0.014736
basic,1680,50,20,warm,0.08588,0.42847,1.1214,0.014145
basic,1680,50,20,warm,0.11179,0.42838,1.14016,0.014736
basic,1680,50,20,warm,0.14552,0.42144,1.13263,0.014463
basic,1680,50,20,warm,0.18944,0.42321,1.13078,0.014758
basic,1680,50,20,warm,0.2466,0.40873,1.13791,0.014827
basic,1680,50,20,warm,0.32102,0.40638,1.12591,0.015425
basic,1680,50,20,warm,0.41788,0.3924,1.12191,0.014422
basic,1680,50,20,warm,0.54399,0.37615,1.13899,0.018683
basic,1680,50,20,warm,0.70814,0.3001,1.1211,0.170616
basic,1680,50,20,warm,0.92183,0.06463,1.13727,0.343496
basic,1680,50,20,warm,1.2,0.00159,0.45358,0.653865
