access,w_eff,n_vis,eps_idle,eps_coll,c_idle,c_coll,T,tau_cv,x_sd
rts,105,5,0.08,0.02,1.08329,1.0202,0.53611,0.00012,0.00012
rts,105,5,0.08,0.03448,1.08329,1.03508,0.53611,0.00021,0.00021
rts,105,5,0.08,0.05945,1.08329,1.06125,0.53611,0.00036,0.00036
rts,105,5,0.08,0.10249,1.08329,1.10793,0.53668,0.00065,0.00065
rts,105,5,0.08,0.1767,1.08329,1.19327,0.53668,0.00111,0.00111
rts,105,5,0.08,0.30464,1.08329,1.35613,0.53668,0.00191,0.00192
rts,105,5,0.08,0.52521,1.08329,1.69082,0.53668,0.00326,0.00331
rts,105,5,0.08,0.9055,1.08329,2.47316,0.53487,0.00644,0.00665
rts,105,5,0.08,1.56112,1.08329,4.76417,0.53487,0.01004,0.01147
rts,105,5,0.08,2.69146,1.08329,14.75322,0.53487,0.0136,0.01977
rts,105,5,0.08,4.64023,1.08329,103.56769,0.53487,0.01541,0.03342
rts,105,5,0.08,8.0,1.08329,2980.95799,0.53487,0.01553,0.03718
rts,105,5,0.11476,0.02,1.1216,1.0202,0.55287,0.00015,0.00015
rts,105,5,0.11476,0.03448,1.1216,1.03508,0.55287,0.00027,0.00027
rts,105,5,0.11476,0.05945,1.1216,1.06125,0.55286,0.00047,0.00047
rts,105,5,0.11476,0.10249,1.1216,1.10793,0.55286,0.00081,0.0008
rts,105,5,0.11476,0.1767,1.1216,1.19327,0.55286,0.00139,0.00139
rts,105,5,0.11476,0.30464,1.1216,1.35613,0.55351,0.00234,0.00234
rts,105,5,0.11476,0.52521,1.1216,1.69082,0.55227,0.00455,0.00455
rts,105,5,0.11476,0.9055,1.1216,2.47316,0.55613,0.00907,0.00955
rts,105,5,0.11476,1.56112,1.1216,4.76417,0.55749,0.01426,0.01671
rts,105,5,0.11476,2.69146,1.1216,14.75322,0.55784,0.02301,0.03383
rts,105,5,0.11476,4.64023,1.1216,103.56769,0.55759,0.02866,0.06433
rts,105,5,0.11476,8.0,1.1216,2980.95799,0.55759,0.02903,0.07909
rts,105,5,0.16462,0.02,1.17895,1.0202,0.558,0.0003,0.0003
rts,105,5,0.16462,0.03448,1.17895,1.03508,0.55808,0.00052,0.00052
rts,105,5,0.16462,0.05945,1.17895,1.06125,0.5577,0.0009,0.0009
rts,105,5,0.16462,0.10249,1.17895,1.10793,0.55722,0.00171,0.00171
rts,105,5,0.16462,0.1767,1.17895,1.19327,0.55659,0.00301,0.00301
rts,105,5,0.16462,0.30464,1.17895,1.35613,0.55722,0.00541,0.00543
rts,105,5,0.16462,0.52521,1.17895,1.69082,0.5576,0.00933,0.00944
rts,105,5,0.16462,0.9055,1.17895,2.47316,0.56216,0.01606,0.01679
rts,105,5,0.16462,1.56112,1.17895,4.76417,0.55941,0.02721,0.03104
rts,105,5,0.16462,2.69146,1.17895,14.75322,0.55981,0.04125,0.05949
rts,105,5,0.16462,4.64023,1.17895,103.56769,0.55981,0.04708,0.10161
rts,105,5,0.16462,8.0,1.17895,2980.95799,0.55787,0.04882,0.12886
rts,105,5,0.23615,0.02,1.26637,1.0202,0.58733,0.0003,0.0003
rts,105,5,0.23615,0.03448,1.26637,1.03508,0.58733,0.00052,0.00052
rts,105,5,0.23615,0.05945,1.26637,1.06125,0.58733,0.0009,0.0009
rts,105,5,0.23615,0.10249,1.26637,1.10793,0.58889,0.00154,0.00154
rts,105,5,0.23615,0.1767,1.26637,1.19327,0.58889,0.00273,0.00271
rts,105,5,0.23615,0.30464,1.26637,1.35613,0.58865,0.00493,0.00491
rts,105,5,0.23615,0.52521,1.26637,1.69082,0.58468,0.00921,0.00922
rts,105,5,0.23615,0.9055,1.26637,2.47316,0.58754,0.01631,0.01669
rts,105,5,0.23615,1.56112,1.26637,4.76417,0.58749,0.02658,0.02914
rts,105,5,0.23615,2.69146,1.26637,14.75322,0.59054,0.03909,0.05199
rts,105,5,0.23615,4.64023,1.26637,103.56769,0.58802,0.04715,0.09322
rts,105,5,0.23615,8.0,1.26637,2980.95799,0.58802,0.04808,0.12895
rts,105,5,0.33876,0.02,1.40321,1.0202,0.60798,0.00054,0.00054
rts,105,5,0.33876,0.03448,1.40321,1.03508,0.60798,0.00092,0.00092
rts,105,5,0.33876,0.05945,1.40321,1.06125,0.6076,0.00161,0.0016
rts,105,5,0.33876,0.10249,1.40321,1.10793,0.60713,0.00278,0.00277
rts,105,5,0.33876,0.1767,1.40321,1.19327,0.60708,0.0047,0.00469
rts,105,5,0.33876,0.30464,1.40321,1.35613,0.6071,0.00796,0.00793
rts,105,5,0.33876,0.52521,1.40321,1.69082,0.6053,0.01373,0.01373
rts,105,5,0.33876,0.9055,1.40321,2.47316,0.59603,0.02852,0.02957
rts,105,5,0.33876,1.56112,1.40321,4.76417,0.6011,0.04499,0.05119
rts,105,5,0.33876,2.69146,1.40321,14.75322,0.60159,0.0691,0.10291
rts,105,5,0.33876,4.64023,1.40321,103.56769,0.60184,0.07472,0.16529
rts,105,5,0.33876,8.0,1.40321,2980.95799,0.6019,0.0788,0.23327
rts,105,5,0.48596,0.02,1.62573,1.0202,0.59806,0.00076,0.00076
rts,105,5,0.48596,0.03448,1.62573,1.03508,0.59794,0.0013,0.0013
rts,105,5,0.48596,0.05945,1.62573,1.06125,0.59681,0.00225,0.00225
rts,105,5,0.48596,0.10249,1.62573,1.10793,0.59775,0.00395,0.00394
rts,105,5,0.48596,0.1767,1.62573,1.19327,0.59651,0.00689,0.00687
rts,105,5,0.48596,0.30464,1.62573,1.35613,0.60194,0.01223,0.0122
rts,105,5,0.48596,0.52521,1.62573,1.69082,0.59813,0.02222,0.02258
rts,105,5,0.48596,0.9055,1.62573,2.47316,0.59995,0.0364,0.03798
rts,105,5,0.48596,1.56112,1.62573,4.76417,0.60192,0.06135,0.0718
rts,105,5,0.48596,2.69146,1.62573,14.75322,0.59641,0.08182,0.12435
rts,105,5,0.48596,4.64023,1.62573,103.56769,0.59606,0.0943,0.21125
rts,105,5,0.48596,8.0,1.62573,2980.95799,0.60141,0.09669,0.30492
rts,105,5,0.69711,0.02,2.00793,1.0202,0.57692,0.00126,0.00126
rts,105,5,0.69711,0.03448,2.00793,1.03508,0.57573,0.00224,0.00224
rts,105,5,0.69711,0.05945,2.00793,1.06125,0.57825,0.00381,0.00381
rts,105,5,0.69711,0.10249,2.00793,1.10793,0.58073,0.00658,0.00659
rts,105,5,0.69711,0.1767,2.00793,1.19327,0.58597,0.01108,0.01115
rts,105,5,0.69711,0.30464,2.00793,1.35613,0.58165,0.02013,0.02044
rts,105,5,0.69711,0.52521,2.00793,1.69082,0.59178,0.03296,0.03426
rts,105,5,0.69711,0.9055,2.00793,2.47316,0.58968,0.0538,0.0586
rts,105,5,0.69711,1.56112,2.00793,4.76417,0.59079,0.0825,0.10314
rts,105,5,0.69711,2.69146,2.00793,14.75322,0.59317,0.11025,0.1731
rts,105,5,0.69711,4.64023,2.00793,103.56769,0.59848,0.12426,0.28468
rts,105,5,0.69711,8.0,2.00793,2980.95799,0.59665,0.1258,0.41256
rts,105,5,1.0,0.02,2.71828,1.0202,0.57035,0.00137,0.00137
rts,105,5,1.0,0.03448,2.71828,1.03508,0.56965,0.00235,0.00235
rts,105,5,1.0,0.05945,2.71828,1.06125,0.57468,0.00401,0.00401
rts,105,5,1.0,0.10249,2.71828,1.10793,0.56754,0.00665,0.00667
rts,105,5,1.0,0.1767,2.71828,1.19327,0.55865,0.01176,0.01186
rts,105,5,1.0,0.30464,2.71828,1.35613,0.56295,0.02154,0.02191
rts,105,5,1.0,0.52521,2.71828,1.69082,0.56567,0.04071,0.04178
rts,105,5,1.0,0.9055,2.71828,2.47316,0.58106,0.06639,0.07277
rts,105,5,1.0,1.56112,2.71828,4.76417,0.58165,0.10173,0.13151
rts,105,5,1.0,2.69146,2.71828,14.75322,0.57571,0.14429,0.2505
rts,105,5,1.0,4.64023,2.71828,103.56769,0.58317,0.14969,0.38182
rts,105,5,1.0,8.0,2.71828,2980.95799,0.58276,0.14463,0.51744
rts,105,10,0.08,0.02,1.08329,1.0202,0.57333,0.00038,0.00038
rts,105,10,0.08,0.03448,1.08329,1.03508,0.57333,0.00066,0.00065
rts,105,10,0.08,0.05945,1.08329,1.06125,0.57333,0.00114,0.00112
rts,105,10,0.08,0.10249,1.08329,1.10793,0.57333,0.00199,0.00194
rts,105,10,0.08,0.1767,1.08329,1.19327,0.5687,0.00345,0.0033
rts,105,10,0.08,0.30464,1.08329,1.35613,0.56756,0.00646,0.006
rts,105,10,0.08,0.52521,1.08329,1.69082,0.56695,0.01137,0.01004
rts,105,10,0.08,0.9055,1.08329,2.47316,0.56776,0.02221,0.01828
rts,105,10,0.08,1.56112,1.08329,4.76417,0.56657,0.04866,0.03881
rts,105,10,0.08,2.69146,1.08329,14.75322,0.5693,0.10378,0.08864
rts,105,10,0.08,4.64023,1.08329,103.56769,0.56871,0.13807,0.14639
rts,105,10,0.08,8.0,1.08329,2980.95799,0.56946,0.14181,0.16616
rts,105,10,0.11476,0.02,1.1216,1.0202,0.58437,0.00039,0.00039
rts,105,10,0.11476,0.03448,1.1216,1.03508,0.58367,0.00069,0.00069
rts,105,10,0.11476,0.05945,1.1216,1.06125,0.5826,0.00118,0.00117
rts,105,10,0.11476,0.10249,1.1216,1.10793,0.58256,0.002,0.00196
rts,105,10,0.11476,0.1767,1.1216,1.19327,0.58527,0.00355,0.00342
rts,105,10,0.11476,0.30464,1.1216,1.35613,0.58665,0.00548,0.00516
rts,105,10,0.11476,0.52521,1.1216,1.69082,0.58675,0.01214,0.01092
rts,105,10,0.11476,0.9055,1.1216,2.47316,0.58554,0.02352,0.01978
rts,105,10,0.11476,1.56112,1.1216,4.76417,0.58544,0.0479,0.03897
rts,105,10,0.11476,2.69146,1.1216,14.75322,0.5854,0.09794,0.07801
rts,105,10,0.11476,4.64023,1.1216,103.56769,0.58378,0.14501,0.15468
rts,105,10,0.11476,8.0,1.1216,2980.95799,0.58362,0.14096,0.17211
rts,105,10,0.16462,0.02,1.17895,1.0202,0.60062,0.00058,0.00058
rts,105,10,0.16462,0.03448,1.17895,1.03508,0.6007,0.00099,0.00099
rts,105,10,0.16462,0.05945,1.17895,1.06125,0.60137,0.00183,0.00182
rts,105,10,0.16462,0.10249,1.17895,1.10793,0.60186,0.00323,0.00317
rts,105,10,0.16462,0.1767,1.17895,1.19327,0.60048,0.00569,0.00552
rts,105,10,0.16462,0.30464,1.17895,1.35613,0.60216,0.00987,0.00935
rts,105,10,0.16462,0.52521,1.17895,1.69082,0.60235,0.01975,0.01814
rts,105,10,0.16462,0.9055,1.17895,2.47316,0.60065,0.03771,0.03292
rts,105,10,0.16462,1.56112,1.17895,4.76417,0.59895,0.07234,0.06063
rts,105,10,0.16462,2.69146,1.17895,14.75322,0.59359,0.13678,0.12224
rts,105,10,0.16462,4.64023,1.17895,103.56769,0.59175,0.18934,0.2138
rts,105,10,0.16462,8.0,1.17895,2980.95799,0.59108,0.19636,0.25886
rts,105,10,0.23615,0.02,1.26637,1.0202,0.61187,0.00064,0.00064
rts,105,10,0.23615,0.03448,1.26637,1.03508,0.61206,0.00111,0.0011
rts,105,10,0.23615,0.05945,1.26637,1.06125,0.61206,0.00192,0.0019
rts,105,10,0.23615,0.10249,1.26637,1.10793,0.61165,0.00355,0.00348
rts,105,10,0.23615,0.1767,1.26637,1.19327,0.61156,0.00648,0.00628
rts,105,10,0.23615,0.30464,1.26637,1.35613,0.61346,0.01085,0.01027
rts,105,10,0.23615,0.52521,1.26637,1.69082,0.61221,0.02057,0.01883
rts,105,10,0.23615,0.9055,1.26637,2.47316,0.61238,0.03696,0.03225
rts,105,10,0.23615,1.56112,1.26637,4.76417,0.614,0.07463,0.06389
rts,105,10,0.23615,2.69146,1.26637,14.75322,0.60983,0.13109,0.11516
rts,105,10,0.23615,4.64023,1.26637,103.56769,0.60843,0.18972,0.22125
rts,105,10,0.23615,8.0,1.26637,2980.95799,0.60921,0.20315,0.29237
rts,105,10,0.33876,0.02,1.40321,1.0202,0.6146,0.00061,0.00061
rts,105,10,0.33876,0.03448,1.40321,1.03508,0.6136,0.00107,0.00107
rts,105,10,0.33876,0.05945,1.40321,1.06125,0.61375,0.00187,0.00185
rts,105,10,0.33876,0.10249,1.40321,1.10793,0.613,0.00344,0.00338
rts,105,10,0.33876,0.1767,1.40321,1.19327,0.61637,0.00643,0.00626
rts,105,10,0.33876,0.30464,1.40321,1.35613,0.61317,0.01292,0.01225
rts,105,10,0.33876,0.52521,1.40321,1.69082,0.6181,0.02181,0.02011
rts,105,10,0.33876,0.9055,1.40321,2.47316,0.61706,0.04608,0.04011
rts,105,10,0.33876,1.56112,1.40321,4.76417,0.6234,0.07169,0.06095
rts,105,10,0.33876,2.69146,1.40321,14.75322,0.62746,0.12295,0.10858
rts,105,10,0.33876,4.64023,1.40321,103.56769,0.62111,0.17458,0.21267
rts,105,10,0.33876,8.0,1.40321,2980.95799,0.61784,0.17444,0.28164
rts,105,10,0.48596,0.02,1.62573,1.0202,0.61694,0.00107,0.00107
rts,105,10,0.48596,0.03448,1.62573,1.03508,0.61508,0.00194,0.00193
rts,105,10,0.48596,0.05945,1.62573,1.06125,0.61638,0.00337,0.00335
rts,105,10,0.48596,0.10249,1.62573,1.10793,0.61508,0.00593,0.00585
rts,105,10,0.48596,0.1767,1.62573,1.19327,0.62025,0.00997,0.00971
rts,105,10,0.48596,0.30464,1.62573,1.35613,0.62063,0.01638,0.01562
rts,105,10,0.48596,0.52521,1.62573,1.69082,0.61611,0.03293,0.03058
rts,105,10,0.48596,0.9055,1.62573,2.47316,0.61462,0.07037,0.06245
rts,105,10,0.48596,1.56112,1.62573,4.76417,0.62213,0.12446,0.10661
rts,105,10,0.48596,2.69146,1.62573,14.75322,0.62657,0.19933,0.18892
rts,105,10,0.48596,4.64023,1.62573,103.56769,0.62208,0.24847,0.3154
rts,105,10,0.48596,8.0,1.62573,2980.95799,0.62032,0.25673,0.41946
rts,105,10,0.69711,0.02,2.00793,1.0202,0.59843,0.00164,0.00164
rts,105,10,0.69711,0.03448,2.00793,1.03508,0.59735,0.00279,0.00278
rts,105,10,0.69711,0.05945,2.00793,1.06125,0.59706,0.0049,0.00487
rts,105,10,0.69711,0.10249,2.00793,1.10793,0.59779,0.00793,0.00785
rts,105,10,0.69711,0.1767,2.00793,1.19327,0.60122,0.01423,0.01394
rts,105,10,0.69711,0.30464,2.00793,1.35613,0.61046,0.02728,0.02632
rts,105,10,0.69711,0.52521,2.00793,1.69082,0.61827,0.04314,0.0409
rts,105,10,0.69711,0.9055,2.00793,2.47316,0.60889,0.09497,0.08779
rts,105,10,0.69711,1.56112,2.00793,4.76417,0.61883,0.14931,0.13053
rts,105,10,0.69711,2.69146,2.00793,14.75322,0.61586,0.24086,0.24093
rts,105,10,0.69711,4.64023,2.00793,103.56769,0.61411,0.28229,0.36187
rts,105,10,0.69711,8.0,2.00793,2980.95799,0.61327,0.29059,0.51702
rts,105,10,1.0,0.02,2.71828,1.0202,0.56456,0.00249,0.00249
rts,105,10,1.0,0.03448,2.71828,1.03508,0.57187,0.00408,0.00407
rts,105,10,1.0,0.05945,2.71828,1.06125,0.57667,0.00694,0.0069
rts,105,10,1.0,0.10249,2.71828,1.10793,0.57679,0.01192,0.01179
rts,105,10,1.0,0.1767,2.71828,1.19327,0.56568,0.02153,0.0212
rts,105,10,1.0,0.30464,2.71828,1.35613,0.57887,0.03916,0.03821
rts,105,10,1.0,0.52521,2.71828,1.69082,0.57243,0.07781,0.07506
rts,105,10,1.0,0.9055,2.71828,2.47316,0.58029,0.12437,0.12051
rts,105,10,1.0,1.56112,2.71828,4.76417,0.59984,0.18765,0.18769
rts,105,10,1.0,2.69146,2.71828,14.75322,0.58548,0.29818,0.35649
rts,105,10,1.0,4.64023,2.71828,103.56769,0.60311,0.31926,0.50355
rts,105,10,1.0,8.0,2.71828,2980.95799,0.60343,0.32616,0.67364
rts,105,20,0.08,0.02,1.08329,1.0202,0.60079,0.00063,0.00062
rts,105,20,0.08,0.03448,1.08329,1.03508,0.60181,0.00111,0.0011
rts,105,20,0.08,0.05945,1.08329,1.06125,0.6024,0.0019,0.00186
rts,105,20,0.08,0.10249,1.08329,1.10793,0.60095,0.0033,0.00319
rts,105,20,0.08,0.1767,1.08329,1.19327,0.59744,0.00638,0.00604
rts,105,20,0.08,0.30464,1.08329,1.35613,0.59995,0.01148,0.0104
rts,105,20,0.08,0.52521,1.08329,1.69082,0.59462,0.02156,0.01814
rts,105,20,0.08,0.9055,1.08329,2.47316,0.60529,0.05836,0.04384
rts,105,20,0.08,1.56112,1.08329,4.76417,0.60421,0.14374,0.08994
rts,105,20,0.08,2.69146,1.08329,14.75322,0.59303,0.30901,0.17537
rts,105,20,0.08,4.64023,1.08329,103.56769,0.5893,0.47548,0.29939
rts,105,20,0.08,8.0,1.08329,2980.95799,0.59035,0.48123,0.31646
rts,105,20,0.11476,0.02,1.1216,1.0202,0.61202,0.00053,0.00053
rts,105,20,0.11476,0.03448,1.1216,1.03508,0.61395,0.00096,0.00095
rts,105,20,0.11476,0.05945,1.1216,1.06125,0.61395,0.00165,0.00162
rts,105,20,0.11476,0.10249,1.1216,1.10793,0.61363,0.00307,0.00296
rts,105,20,0.11476,0.1767,1.1216,1.19327,0.61143,0.00517,0.00488
rts,105,20,0.11476,0.30464,1.1216,1.35613,0.61195,0.01025,0.0093
rts,105,20,0.11476,0.52521,1.1216,1.69082,0.61273,0.02177,0.0183
rts,105,20,0.11476,0.9055,1.1216,2.47316,0.61298,0.04463,0.03334
rts,105,20,0.11476,1.56112,1.1216,4.76417,0.60748,0.11102,0.07145
rts,105,20,0.11476,2.69146,1.1216,14.75322,0.60814,0.29102,0.16042
rts,105,20,0.11476,4.64023,1.1216,103.56769,0.60692,0.41935,0.25884
rts,105,20,0.11476,8.0,1.1216,2980.95799,0.60476,0.43315,0.28907
rts,105,20,0.16462,0.02,1.17895,1.0202,0.63367,0.00061,0.0006
rts,105,20,0.16462,0.03448,1.17895,1.03508,0.63249,0.001,0.00099
rts,105,20,0.16462,0.05945,1.17895,1.06125,0.63211,0.00175,0.00172
rts,105,20,0.16462,0.10249,1.17895,1.10793,0.63249,0.00314,0.00304
rts,105,20,0.16462,0.1767,1.17895,1.19327,0.6319,0.00557,0.00526
rts,105,20,0.16462,0.30464,1.17895,1.35613,0.62551,0.01064,0.00957
rts,105,20,0.16462,0.52521,1.17895,1.69082,0.6286,0.01979,0.01662
rts,105,20,0.16462,0.9055,1.17895,2.47316,0.62254,0.0429,0.03201
rts,105,20,0.16462,1.56112,1.17895,4.76417,0.62862,0.09421,0.05929
rts,105,20,0.16462,2.69146,1.17895,14.75322,0.62606,0.22505,0.12482
rts,105,20,0.16462,4.64023,1.17895,103.56769,0.62702,0.33133,0.20911
rts,105,20,0.16462,8.0,1.17895,2980.95799,0.62319,0.3426,0.24027
rts,105,20,0.23615,0.02,1.26637,1.0202,0.63397,0.00075,0.00075
rts,105,20,0.23615,0.03448,1.26637,1.03508,0.63413,0.0013,0.00129
rts,105,20,0.23615,0.05945,1.26637,1.06125,0.63351,0.00228,0.00223
rts,105,20,0.23615,0.10249,1.26637,1.10793,0.63308,0.00394,0.00382
rts,105,20,0.23615,0.1767,1.26637,1.19327,0.63138,0.00725,0.00685
rts,105,20,0.23615,0.30464,1.26637,1.35613,0.63143,0.01349,0.01226
rts,105,20,0.23615,0.52521,1.26637,1.69082,0.63838,0.02729,0.02279
rts,105,20,0.23615,0.9055,1.26637,2.47316,0.63732,0.05887,0.04348
rts,105,20,0.23615,1.56112,1.26637,4.76417,0.63459,0.11294,0.07197
rts,105,20,0.23615,2.69146,1.26637,14.75322,0.62548,0.29179,0.1685
rts,105,20,0.23615,4.64023,1.26637,103.56769,0.63168,0.46827,0.2825
rts,105,20,0.23615,8.0,1.26637,2980.95799,0.63056,0.49286,0.34526
rts,105,20,0.33876,0.02,1.40321,1.0202,0.62643,0.00102,0.00102
rts,105,20,0.33876,0.03448,1.40321,1.03508,0.62349,0.00186,0.00184
rts,105,20,0.33876,0.05945,1.40321,1.06125,0.62724,0.00312,0.00307
rts,105,20,0.33876,0.10249,1.40321,1.10793,0.62984,0.00555,0.00538
rts,105,20,0.33876,0.1767,1.40321,1.19327,0.63833,0.00902,0.00855
rts,105,20,0.33876,0.30464,1.40321,1.35613,0.63633,0.0162,0.01475
rts,105,20,0.33876,0.52521,1.40321,1.69082,0.63951,0.03203,0.02689
rts,105,20,0.33876,0.9055,1.40321,2.47316,0.63454,0.06946,0.05217
rts,105,20,0.33876,1.56112,1.40321,4.76417,0.64076,0.15082,0.09652
rts,105,20,0.33876,2.69146,1.40321,14.75322,0.6373,0.30622,0.17081
rts,105,20,0.33876,4.64023,1.40321,103.56769,0.63824,0.4458,0.27146
rts,105,20,0.33876,8.0,1.40321,2980.95799,0.63952,0.47012,0.33256
rts,105,20,0.48596,0.02,1.62573,1.0202,0.62906,0.0014,0.00139
rts,105,20,0.48596,0.03448,1.62573,1.03508,0.6281,0.00245,0.00243
rts,105,20,0.48596,0.05945,1.62573,1.06125,0.62502,0.00438,0.00432
rts,105,20,0.48596,0.10249,1.62573,1.10793,0.63102,0.00721,0.00702
rts,105,20,0.48596,0.1767,1.62573,1.19327,0.63027,0.01376,0.01313
rts,105,20,0.48596,0.30464,1.62573,1.35613,0.62848,0.02432,0.02239
rts,105,20,0.48596,0.52521,1.62573,1.69082,0.62756,0.04076,0.03505
rts,105,20,0.48596,0.9055,1.62573,2.47316,0.62243,0.0902,0.07024
rts,105,20,0.48596,1.56112,1.62573,4.76417,0.63089,0.1929,0.12643
rts,105,20,0.48596,2.69146,1.62573,14.75322,0.63256,0.34555,0.20784
rts,105,20,0.48596,4.64023,1.62573,103.56769,0.62787,0.57012,0.38273
rts,105,20,0.48596,8.0,1.62573,2980.95799,0.62721,0.58157,0.46336
rts,105,20,0.69711,0.02,2.00793,1.0202,0.60656,0.00188,0.00187
rts,105,20,0.69711,0.03448,2.00793,1.03508,0.61057,0.00323,0.0032
rts,105,20,0.69711,0.05945,2.00793,1.06125,0.61086,0.0058,0.00571
rts,105,20,0.69711,0.10249,2.00793,1.10793,0.60929,0.01017,0.0099
rts,105,20,0.69711,0.1767,2.00793,1.19327,0.61151,0.01645,0.0157
rts,105,20,0.69711,0.30464,2.00793,1.35613,0.61629,0.03047,0.0282
rts,105,20,0.69711,0.52521,2.00793,1.69082,0.6146,0.0539,0.04679
rts,105,20,0.69711,0.9055,2.00793,2.47316,0.6194,0.10658,0.08368
rts,105,20,0.69711,1.56112,2.00793,4.76417,0.62076,0.21023,0.14506
rts,105,20,0.69711,2.69146,2.00793,14.75322,0.62949,0.37026,0.22917
rts,105,20,0.69711,4.64023,2.00793,103.56769,0.62802,0.59568,0.42724
rts,105,20,0.69711,8.0,2.00793,2980.95799,0.6217,0.60195,0.53174
rts,105,20,1.0,0.02,2.71828,1.0202,0.56284,0.00299,0.00298
rts,105,20,1.0,0.03448,2.71828,1.03508,0.56381,0.00507,0.00503
rts,105,20,1.0,0.05945,2.71828,1.06125,0.56905,0.00879,0.00868
rts,105,20,1.0,0.10249,2.71828,1.10793,0.57635,0.01507,0.0147
rts,105,20,1.0,0.1767,2.71828,1.19327,0.59133,0.02316,0.02223
rts,105,20,1.0,0.30464,2.71828,1.35613,0.59189,0.04693,0.04354
rts,105,20,1.0,0.52521,2.71828,1.69082,0.60206,0.07862,0.06932
rts,105,20,1.0,0.9055,2.71828,2.47316,0.59676,0.16692,0.1326
rts,105,20,1.0,1.56112,2.71828,4.76417,0.59876,0.29364,0.2115
rts,105,20,1.0,2.69146,2.71828,14.75322,0.60697,0.49031,0.33458
rts,105,20,1.0,4.64023,2.71828,103.56769,0.61273,0.62728,0.51579
rts,105,20,1.0,8.0,2.71828,2980.95799,0.60792,0.65353,0.67214
rts,105,50,0.08,0.02,1.08329,1.0202,0.62238,0.00085,0.00084
rts,105,50,0.08,0.03448,1.08329,1.03508,0.62521,0.00167,0.00165
rts,105,50,0.08,0.05945,1.08329,1.06125,0.62662,0.00281,0.00274
rts,105,50,0.08,0.10249,1.08329,1.10793,0.62559,0.00475,0.00455
rts,105,50,0.08,0.1767,1.08329,1.19327,0.62767,0.00792,0.00733
rts,105,50,0.08,0.30464,1.08329,1.35613,0.61921,0.01298,0.01131
rts,105,50,0.08,0.52521,1.08329,1.69082,0.62084,0.02802,0.02227
rts,105,50,0.08,0.9055,1.08329,2.47316,0.62959,0.06709,0.04545
rts,105,50,0.08,1.56112,1.08329,4.76417,0.63129,0.1957,0.10018
rts,105,50,0.08,2.69146,1.08329,14.75322,0.60284,0.63888,0.22037
rts,105,50,0.08,4.64023,1.08329,103.56769,0.60675,1.40106,0.39554
rts,105,50,0.08,8.0,1.08329,2980.95799,0.60616,1.42373,0.40531
rts,105,50,0.11476,0.02,1.1216,1.0202,0.63152,0.00082,0.00082
rts,105,50,0.11476,0.03448,1.1216,1.03508,0.63086,0.0015,0.00148
rts,105,50,0.11476,0.05945,1.1216,1.06125,0.62862,0.00264,0.00258
rts,105,50,0.11476,0.10249,1.1216,1.10793,0.62906,0.00488,0.00467
rts,105,50,0.11476,0.1767,1.1216,1.19327,0.6289,0.00886,0.00823
rts,105,50,0.11476,0.30464,1.1216,1.35613,0.63484,0.01706,0.01498
rts,105,50,0.11476,0.52521,1.1216,1.69082,0.62963,0.03136,0.02524
rts,105,50,0.11476,0.9055,1.1216,2.47316,0.61998,0.08062,0.05439
rts,105,50,0.11476,1.56112,1.1216,4.76417,0.62467,0.19483,0.10191
rts,105,50,0.11476,2.69146,1.1216,14.75322,0.62165,0.58917,0.20617
rts,105,50,0.11476,4.64023,1.1216,103.56769,0.60771,1.35456,0.37842
rts,105,50,0.11476,8.0,1.1216,2980.95799,0.61478,1.41946,0.39869
rts,105,50,0.16462,0.02,1.17895,1.0202,0.62987,0.00094,0.00093
rts,105,50,0.16462,0.03448,1.17895,1.03508,0.62959,0.00165,0.00163
rts,105,50,0.16462,0.05945,1.17895,1.06125,0.63357,0.00286,0.00279
rts,105,50,0.16462,0.10249,1.17895,1.10793,0.62978,0.00505,0.00484
rts,105,50,0.16462,0.1767,1.17895,1.19327,0.62543,0.00931,0.00863
rts,105,50,0.16462,0.30464,1.17895,1.35613,0.63622,0.01977,0.01727
rts,105,50,0.16462,0.52521,1.17895,1.69082,0.63119,0.03543,0.02813
rts,105,50,0.16462,0.9055,1.17895,2.47316,0.62859,0.07494,0.05077
rts,105,50,0.16462,1.56112,1.17895,4.76417,0.63725,0.19523,0.09876
rts,105,50,0.16462,2.69146,1.17895,14.75322,0.61141,0.63975,0.22902
rts,105,50,0.16462,4.64023,1.17895,103.56769,0.62162,1.29058,0.37431
rts,105,50,0.16462,8.0,1.17895,2980.95799,0.61911,1.41129,0.41168
rts,105,50,0.23615,0.02,1.26637,1.0202,0.62763,0.00092,0.00092
rts,105,50,0.23615,0.03448,1.26637,1.03508,0.63035,0.00167,0.00164
rts,105,50,0.23615,0.05945,1.26637,1.06125,0.63108,0.00307,0.00299
rts,105,50,0.23615,0.10249,1.26637,1.10793,0.6283,0.0052,0.00498
rts,105,50,0.23615,0.1767,1.26637,1.19327,0.63038,0.00894,0.00829
rts,105,50,0.23615,0.30464,1.26637,1.35613,0.6299,0.01656,0.0146
rts,105,50,0.23615,0.52521,1.26637,1.69082,0.63727,0.03293,0.02659
rts,105,50,0.23615,0.9055,1.26637,2.47316,0.62619,0.08436,0.05573
rts,105,50,0.23615,1.56112,1.26637,4.76417,0.62311,0.21947,0.10871
rts,105,50,0.23615,2.69146,1.26637,14.75322,0.63841,0.57762,0.2073
rts,105,50,0.23615,4.64023,1.26637,103.56769,0.62349,1.40562,0.42674
rts,105,50,0.23615,8.0,1.26637,2980.95799,0.62648,1.48631,0.45507
rts,105,50,0.33876,0.02,1.40321,1.0202,0.62814,0.00113,0.00112
rts,105,50,0.33876,0.03448,1.40321,1.03508,0.62668,0.00195,0.00192
rts,105,50,0.33876,0.05945,1.40321,1.06125,0.62722,0.00344,0.00336
rts,105,50,0.33876,0.10249,1.40321,1.10793,0.62619,0.00592,0.00567
rts,105,50,0.33876,0.1767,1.40321,1.19327,0.62983,0.01025,0.00953
rts,105,50,0.33876,0.30464,1.40321,1.35613,0.63168,0.01936,0.01697
rts,105,50,0.33876,0.52521,1.40321,1.69082,0.63317,0.03707,0.02968
rts,105,50,0.33876,0.9055,1.40321,2.47316,0.63379,0.0941,0.06323
rts,105,50,0.33876,1.56112,1.40321,4.76417,0.62925,0.20548,0.10556
rts,105,50,0.33876,2.69146,1.40321,14.75322,0.63019,0.64495,0.23344
rts,105,50,0.33876,4.64023,1.40321,103.56769,0.62383,1.28398,0.37984
rts,105,50,0.33876,8.0,1.40321,2980.95799,0.62184,1.40421,0.43806
rts,105,50,0.48596,0.02,1.62573,1.0202,0.62244,0.00149,0.00148
rts,105,50,0.48596,0.03448,1.62573,1.03508,0.62343,0.00249,0.00246
rts,105,50,0.48596,0.05945,1.62573,1.06125,0.62311,0.0045,0.00439
rts,105,50,0.48596,0.10249,1.62573,1.10793,0.61392,0.00818,0.00786
rts,105,50,0.48596,0.1767,1.62573,1.19327,0.62043,0.01479,0.0138
rts,105,50,0.48596,0.30464,1.62573,1.35613,0.6223,0.02325,0.02054
rts,105,50,0.48596,0.52521,1.62573,1.69082,0.62824,0.04599,0.03681
rts,105,50,0.48596,0.9055,1.62573,2.47316,0.63365,0.09743,0.0655
rts,105,50,0.48596,1.56112,1.62573,4.76417,0.61773,0.28424,0.14548
rts,105,50,0.48596,2.69146,1.62573,14.75322,0.62332,0.66065,0.24784
rts,105,50,0.48596,4.64023,1.62573,103.56769,0.62756,1.37199,0.42098
rts,105,50,0.48596,8.0,1.62573,2980.95799,0.62614,1.4142,0.48421
rts,105,50,0.69711,0.02,2.00793,1.0202,0.59917,0.00217,0.00215
rts,105,50,0.69711,0.03448,2.00793,1.03508,0.59033,0.00404,0.004
rts,105,50,0.69711,0.05945,2.00793,1.06125,0.59305,0.00688,0.00673
rts,105,50,0.69711,0.10249,2.00793,1.10793,0.60362,0.01052,0.01015
rts,105,50,0.69711,0.1767,2.00793,1.19327,0.60425,0.01845,0.01728
rts,105,50,0.69711,0.30464,2.00793,1.35613,0.60616,0.03572,0.03153
rts,105,50,0.69711,0.52521,2.00793,1.69082,0.60879,0.0674,0.05465
rts,105,50,0.69711,0.9055,2.00793,2.47316,0.61403,0.11934,0.08033
rts,105,50,0.69711,1.56112,2.00793,4.76417,0.62779,0.26576,0.1418
rts,105,50,0.69711,2.69146,2.00793,14.75322,0.62425,0.72971,0.26894
rts,105,50,0.69711,4.64023,2.00793,103.56769,0.61383,1.35333,0.44633
rts,105,50,0.69711,8.0,2.00793,2980.95799,0.60884,1.35972,0.49758
rts,105,50,1.0,0.02,2.71828,1.0202,0.56362,0.00292,0.00289
rts,105,50,1.0,0.03448,2.71828,1.03508,0.56667,0.00502,0.00495
rts,105,50,1.0,0.05945,2.71828,1.06125,0.56378,0.00864,0.00845
rts,105,50,1.0,0.10249,2.71828,1.10793,0.55937,0.01528,0.01471
rts,105,50,1.0,0.1767,2.71828,1.19327,0.56344,0.02697,0.02523
rts,105,50,1.0,0.30464,2.71828,1.35613,0.57468,0.04992,0.04439
rts,105,50,1.0,0.52521,2.71828,1.69082,0.58437,0.07931,0.06412
rts,105,50,1.0,0.9055,2.71828,2.47316,0.58148,0.1775,0.12283
rts,105,50,1.0,1.56112,2.71828,4.76417,0.59416,0.39037,0.2044
rts,105,50,1.0,2.69146,2.71828,14.75322,0.59767,0.85018,0.33574
rts,105,50,1.0,4.64023,2.71828,103.56769,0.6061,1.30294,0.44993
rts,105,50,1.0,8.0,2.71828,2980.95799,0.60684,1.36944,0.54032
rts,210,5,0.08,0.02,1.08329,1.0202,0.6326,0.00022,0.00022
rts,210,5,0.08,0.03448,1.08329,1.03508,0.63237,0.00038,0.00038
rts,210,5,0.08,0.05945,1.08329,1.06125,0.63287,0.00065,0.00065
rts,210,5,0.08,0.10249,1.08329,1.10793,0.63207,0.00119,0.00118
rts,210,5,0.08,0.1767,1.08329,1.19327,0.63271,0.00208,0.00206
rts,210,5,0.08,0.30464,1.08329,1.35613,0.63255,0.00353,0.00346
rts,210,5,0.08,0.52521,1.08329,1.69082,0.63185,0.00697,0.00679
rts,210,5,0.08,0.9055,1.08329,2.47316,0.63257,0.01219,0.01194
rts,210,5,0.08,1.56112,1.08329,4.76417,0.63102,0.02238,0.02363
rts,210,5,0.08,2.69146,1.08329,14.75322,0.63145,0.03438,0.04467
rts,210,5,0.08,4.64023,1.08329,103.56769,0.63137,0.03707,0.07133
rts,210,5,0.08,8.0,1.08329,2980.95799,0.63068,0.03717,0.08664
rts,210,5,0.11476,0.02,1.1216,1.0202,0.65629,0.00033,0.00033
rts,210,5,0.11476,0.03448,1.1216,1.03508,0.65594,0.00054,0.00054
rts,210,5,0.11476,0.05945,1.1216,1.06125,0.65666,0.00095,0.00095
rts,210,5,0.11476,0.10249,1.1216,1.10793,0.65578,0.00179,0.00179
rts,210,5,0.11476,0.1767,1.1216,1.19327,0.6559,0.00312,0.0031
rts,210,5,0.11476,0.30464,1.1216,1.35613,0.65343,0.00553,0.00548
rts,210,5,0.11476,0.52521,1.1216,1.69082,0.6529,0.00926,0.00914
rts,210,5,0.11476,0.9055,1.1216,2.47316,0.65411,0.01733,0.01727
rts,210,5,0.11476,1.56112,1.1216,4.76417,0.65078,0.03053,0.03306
rts,210,5,0.11476,2.69146,1.1216,14.75322,0.65462,0.04528,0.06034
rts,210,5,0.11476,4.64023,1.1216,103.56769,0.65321,0.05184,0.10338
rts,210,5,0.11476,8.0,1.1216,2980.95799,0.65263,0.05297,0.13427
rts,210,5,0.16462,0.02,1.17895,1.0202,0.66975,0.00041,0.00041
rts,210,5,0.16462,0.03448,1.17895,1.03508,0.6704,0.00072,0.00071
rts,210,5,0.16462,0.05945,1.17895,1.06125,0.6699,0.00131,0.00131
rts,210,5,0.16462,0.10249,1.17895,1.10793,0.66948,0.00233,0.00232
rts,210,5,0.16462,0.1767,1.17895,1.19327,0.66945,0.0041,0.00408
rts,210,5,0.16462,0.30464,1.17895,1.35613,0.67011,0.00789,0.00781
rts,210,5,0.16462,0.52521,1.17895,1.69082,0.67219,0.01281,0.01267
rts,210,5,0.16462,0.9055,1.17895,2.47316,0.67169,0.0248,0.02511
rts,210,5,0.16462,1.56112,1.17895,4.76417,0.67345,0.0366,0.03989
rts,210,5,0.16462,2.69146,1.17895,14.75322,0.66972,0.05235,0.07018
rts,210,5,0.16462,4.64023,1.17895,103.56769,0.66841,0.06066,0.11948
rts,210,5,0.16462,8.0,1.17895,2980.95799,0.66841,0.06178,0.16289
rts,210,5,0.23615,0.02,1.26637,1.0202,0.68401,0.00053,0.00053
rts,210,5,0.23615,0.03448,1.26637,1.03508,0.68398,0.0009,0.0009
rts,210,5,0.23615,0.05945,1.26637,1.06125,0.68561,0.00157,0.00156
rts,210,5,0.23615,0.10249,1.26637,1.10793,0.68767,0.00278,0.00276
rts,210,5,0.23615,0.1767,1.26637,1.19327,0.68479,0.00521,0.00517
rts,210,5,0.23615,0.30464,1.26637,1.35613,0.6844,0.00946,0.00934
rts,210,5,0.23615,0.52521,1.26637,1.69082,0.68216,0.01796,0.0177
rts,210,5,0.23615,0.9055,1.26637,2.47316,0.68079,0.03305,0.03335
rts,210,5,0.23615,1.56112,1.26637,4.76417,0.67827,0.05632,0.06161
rts,210,5,0.23615,2.69146,1.26637,14.75322,0.67883,0.08198,0.11358
rts,210,5,0.23615,4.64023,1.26637,103.56769,0.6797,0.0963,0.19311
rts,210,5,0.23615,8.0,1.26637,2980.95799,0.67931,0.09916,0.2673
rts,210,5,0.33876,0.02,1.40321,1.0202,0.68149,0.00102,0.00102
rts,210,5,0.33876,0.03448,1.40321,1.03508,0.68402,0.00169,0.00169
rts,210,5,0.33876,0.05945,1.40321,1.06125,0.68267,0.00307,0.00306
rts,210,5,0.33876,0.10249,1.40321,1.10793,0.67716,0.00569,0.00569
rts,210,5,0.33876,0.1767,1.40321,1.19327,0.68292,0.00932,0.0093
rts,210,5,0.33876,0.30464,1.40321,1.35613,0.67694,0.01549,0.0154
rts,210,5,0.33876,0.52521,1.40321,1.69082,0.68004,0.02737,0.0271
rts,210,5,0.33876,0.9055,1.40321,2.47316,0.68133,0.05022,0.05212
rts,210,5,0.33876,1.56112,1.40321,4.76417,0.67999,0.0837,0.09936
rts,210,5,0.33876,2.69146,1.40321,14.75322,0.68398,0.10568,0.15232
rts,210,5,0.33876,4.64023,1.40321,103.56769,0.68448,0.11737,0.24627
rts,210,5,0.33876,8.0,1.40321,2980.95799,0.68478,0.11844,0.3397
rts,210,5,0.48596,0.02,1.62573,1.0202,0.66403,0.00179,0.00179
rts,210,5,0.48596,0.03448,1.62573,1.03508,0.66384,0.00312,0.00312
rts,210,5,0.48596,0.05945,1.62573,1.06125,0.66736,0.00512,0.00512
rts,210,5,0.48596,0.10249,1.62573,1.10793,0.66902,0.00827,0.00827
rts,210,5,0.48596,0.1767,1.62573,1.19327,0.67307,0.01445,0.01447
rts,210,5,0.48596,0.30464,1.62573,1.35613,0.67446,0.02652,0.02689
rts,210,5,0.48596,0.52521,1.62573,1.69082,0.67702,0.04575,0.04691
rts,210,5,0.48596,0.9055,1.62573,2.47316,0.68433,0.07258,0.07928
rts,210,5,0.48596,1.56112,1.62573,4.76417,0.67689,0.11833,0.1571
rts,210,5,0.48596,2.69146,1.62573,14.75322,0.67349,0.16498,0.28875
rts,210,5,0.48596,4.64023,1.62573,103.56769,0.67595,0.16952,0.41176
rts,210,5,0.48596,8.0,1.62573,2980.95799,0.67475,0.17619,0.57345
rts,210,5,0.69711,0.02,2.00793,1.0202,0.62772,0.00316,0.00316
rts,210,5,0.69711,0.03448,2.00793,1.03508,0.62551,0.00557,0.00558
rts,210,5,0.69711,0.05945,2.00793,1.06125,0.63146,0.00932,0.00934
rts,210,5,0.69711,0.10249,2.00793,1.10793,0.6337,0.01542,0.01552
rts,210,5,0.69711,0.1767,2.00793,1.19327,0.64009,0.02555,0.02592
rts,210,5,0.69711,0.30464,2.00793,1.35613,0.64707,0.04266,0.04403
rts,210,5,0.69711,0.52521,2.00793,1.69082,0.64263,0.07975,0.08546
rts,210,5,0.69711,0.9055,2.00793,2.47316,0.6553,0.11907,0.15019
rts,210,5,0.69711,1.56112,2.00793,4.76417,0.64732,0.17531,0.26379
rts,210,5,0.69711,2.69146,2.00793,14.75322,0.65418,0.21036,0.42788
rts,210,5,0.69711,4.64023,2.00793,103.56769,0.65632,0.22663,0.61358
rts,210,5,0.69711,8.0,2.00793,2980.95799,0.6544,0.22627,0.79124
rts,210,5,1.0,0.02,2.71828,1.0202,0.57153,0.0051,0.0051
rts,210,5,1.0,0.03448,2.71828,1.03508,0.5806,0.00861,0.00863
rts,210,5,1.0,0.05945,2.71828,1.06125,0.57863,0.01553,0.01559
rts,210,5,1.0,0.10249,2.71828,1.10793,0.5817,0.0275,0.02778
rts,210,5,1.0,0.1767,2.71828,1.19327,0.5989,0.04104,0.04176
rts,210,5,1.0,0.30464,2.71828,1.35613,0.59089,0.07562,0.07972
rts,210,5,1.0,0.52521,2.71828,1.69082,0.61467,0.11021,0.12769
rts,210,5,1.0,0.9055,2.71828,2.47316,0.62294,0.16926,0.24476
rts,210,5,1.0,1.56112,2.71828,4.76417,0.62346,0.22535,0.39498
rts,210,5,1.0,2.69146,2.71828,14.75322,0.62257,0.28326,0.64931
rts,210,5,1.0,4.64023,2.71828,103.56769,0.62378,0.29832,0.89757
rts,210,5,1.0,8.0,2.71828,2980.95799,0.62705,0.29949,1.10716
rts,210,10,0.08,0.02,1.08329,1.0202,0.66566,0.00031,0.00031
rts,210,10,0.08,0.03448,1.08329,1.03508,0.66534,0.00055,0.00055
rts,210,10,0.08,0.05945,1.08329,1.06125,0.66361,0.00093,0.00091
rts,210,10,0.08,0.10249,1.08329,1.10793,0.66466,0.00155,0.00151
rts,210,10,0.08,0.1767,1.08329,1.19327,0.66423,0.00282,0.00269
rts,210,10,0.08,0.30464,1.08329,1.35613,0.66478,0.00575,0.00535
rts,210,10,0.08,0.52521,1.08329,1.69082,0.6659,0.01088,0.00963
rts,210,10,0.08,0.9055,1.08329,2.47316,0.6645,0.02263,0.01862
rts,210,10,0.08,1.56112,1.08329,4.76417,0.65762,0.04782,0.0375
rts,210,10,0.08,2.69146,1.08329,14.75322,0.65933,0.08164,0.06778
rts,210,10,0.08,4.64023,1.08329,103.56769,0.66141,0.11926,0.12692
rts,210,10,0.08,8.0,1.08329,2980.95799,0.66141,0.12124,0.14342
rts,210,10,0.11476,0.02,1.1216,1.0202,0.67978,0.0004,0.0004
rts,210,10,0.11476,0.03448,1.1216,1.03508,0.6803,0.00071,0.0007
rts,210,10,0.11476,0.05945,1.1216,1.06125,0.67975,0.00121,0.00119
rts,210,10,0.11476,0.10249,1.1216,1.10793,0.67844,0.00233,0.00227
rts,210,10,0.11476,0.1767,1.1216,1.19327,0.67578,0.00461,0.00442
rts,210,10,0.11476,0.30464,1.1216,1.35613,0.67399,0.00842,0.00785
rts,210,10,0.11476,0.52521,1.1216,1.69082,0.67371,0.01452,0.01297
rts,210,10,0.11476,0.9055,1.1216,2.47316,0.67506,0.03472,0.02907
rts,210,10,0.11476,1.56112,1.1216,4.76417,0.67363,0.06997,0.05353
rts,210,10,0.11476,2.69146,1.1216,14.75322,0.67746,0.11306,0.08883
rts,210,10,0.11476,4.64023,1.1216,103.56769,0.67806,0.15626,0.16387
rts,210,10,0.11476,8.0,1.1216,2980.95799,0.67763,0.167,0.2049
rts,210,10,0.16462,0.02,1.17895,1.0202,0.69042,0.00053,0.00053
rts,210,10,0.16462,0.03448,1.17895,1.03508,0.68976,0.0009,0.0009
rts,210,10,0.16462,0.05945,1.17895,1.06125,0.69,0.00158,0.00156
rts,210,10,0.16462,0.10249,1.17895,1.10793,0.68779,0.00288,0.00281
rts,210,10,0.16462,0.1767,1.17895,1.19327,0.69287,0.00474,0.00455
rts,210,10,0.16462,0.30464,1.17895,1.35613,0.69404,0.00869,0.0081
rts,210,10,0.16462,0.52521,1.17895,1.69082,0.69022,0.01794,0.01588
rts,210,10,0.16462,0.9055,1.17895,2.47316,0.69187,0.03454,0.02876
rts,210,10,0.16462,1.56112,1.17895,4.76417,0.68742,0.07539,0.05933
rts,210,10,0.16462,2.69146,1.17895,14.75322,0.68814,0.14647,0.1192
rts,210,10,0.16462,4.64023,1.17895,103.56769,0.68807,0.17926,0.19339
rts,210,10,0.16462,8.0,1.17895,2980.95799,0.69056,0.19159,0.25331
rts,210,10,0.23615,0.02,1.26637,1.0202,0.68914,0.00087,0.00087
rts,210,10,0.23615,0.03448,1.26637,1.03508,0.68946,0.00143,0.00142
rts,210,10,0.23615,0.05945,1.26637,1.06125,0.68889,0.00248,0.00245
rts,210,10,0.23615,0.10249,1.26637,1.10793,0.68945,0.00444,0.00434
rts,210,10,0.23615,0.1767,1.26637,1.19327,0.69537,0.00786,0.00754
rts,210,10,0.23615,0.30464,1.26637,1.35613,0.69533,0.01366,0.01282
rts,210,10,0.23615,0.52521,1.26637,1.69082,0.69399,0.02564,0.02287
rts,210,10,0.23615,0.9055,1.26637,2.47316,0.6901,0.05189,0.04369
rts,210,10,0.23615,1.56112,1.26637,4.76417,0.69444,0.1057,0.08297
rts,210,10,0.23615,2.69146,1.26637,14.75322,0.69626,0.16901,0.13886
rts,210,10,0.23615,4.64023,1.26637,103.56769,0.69393,0.22531,0.25033
rts,210,10,0.23615,8.0,1.26637,2980.95799,0.69354,0.23634,0.33474
rts,210,10,0.33876,0.02,1.40321,1.0202,0.69531,0.00113,0.00113
rts,210,10,0.33876,0.03448,1.40321,1.03508,0.69196,0.00197,0.00195
rts,210,10,0.33876,0.05945,1.40321,1.06125,0.6918,0.00366,0.00362
rts,210,10,0.33876,0.10249,1.40321,1.10793,0.69691,0.00613,0.006
rts,210,10,0.33876,0.1767,1.40321,1.19327,0.69802,0.01029,0.00989
rts,210,10,0.33876,0.30464,1.40321,1.35613,0.69894,0.01976,0.0186
rts,210,10,0.33876,0.52521,1.40321,1.69082,0.69723,0.03749,0.03351
rts,210,10,0.33876,0.9055,1.40321,2.47316,0.70002,0.07465,0.06222
rts,210,10,0.33876,1.56112,1.40321,4.76417,0.69784,0.13149,0.10596
rts,210,10,0.33876,2.69146,1.40321,14.75322,0.69959,0.22205,0.19535
rts,210,10,0.33876,4.64023,1.40321,103.56769,0.69506,0.26919,0.32215
rts,210,10,0.33876,8.0,1.40321,2980.95799,0.69298,0.28435,0.43976
rts,210,10,0.48596,0.02,1.62573,1.0202,0.66652,0.00233,0.00232
rts,210,10,0.48596,0.03448,1.62573,1.03508,0.66964,0.00389,0.00386
rts,210,10,0.48596,0.05945,1.62573,1.06125,0.67596,0.00589,0.00582
rts,210,10,0.48596,0.10249,1.62573,1.10793,0.67737,0.01057,0.01037
rts,210,10,0.48596,0.1767,1.62573,1.19327,0.67883,0.01839,0.0178
rts,210,10,0.48596,0.30464,1.62573,1.35613,0.67928,0.03471,0.03234
rts,210,10,0.48596,0.52521,1.62573,1.69082,0.69232,0.05383,0.04792
rts,210,10,0.48596,0.9055,1.62573,2.47316,0.68963,0.09569,0.08139
rts,210,10,0.48596,1.56112,1.62573,4.76417,0.69025,0.18521,0.15622
rts,210,10,0.48596,2.69146,1.62573,14.75322,0.69214,0.27523,0.26292
rts,210,10,0.48596,4.64023,1.62573,103.56769,0.68449,0.3573,0.4688
rts,210,10,0.48596,8.0,1.62573,2980.95799,0.68356,0.36198,0.61274
rts,210,10,0.69711,0.02,2.00793,1.0202,0.63302,0.00372,0.00371
rts,210,10,0.69711,0.03448,2.00793,1.03508,0.63482,0.00612,0.00609
rts,210,10,0.69711,0.05945,2.00793,1.06125,0.63792,0.01092,0.01082
rts,210,10,0.69711,0.10249,2.00793,1.10793,0.64371,0.01843,0.01813
rts,210,10,0.69711,0.1767,2.00793,1.19327,0.64882,0.03102,0.03016
rts,210,10,0.69711,0.30464,2.00793,1.35613,0.6572,0.05281,0.04943
rts,210,10,0.69711,0.52521,2.00793,1.69082,0.66713,0.08427,0.07682
rts,210,10,0.69711,0.9055,2.00793,2.47316,0.66189,0.15327,0.1387
rts,210,10,0.69711,1.56112,2.00793,4.76417,0.66673,0.24457,0.23964
rts,210,10,0.69711,2.69146,2.00793,14.75322,0.6654,0.36931,0.41636
rts,210,10,0.69711,4.64023,2.00793,103.56769,0.65778,0.45973,0.6767
rts,210,10,0.69711,8.0,2.00793,2980.95799,0.65723,0.48002,0.88052
rts,210,10,1.0,0.02,2.71828,1.0202,0.57252,0.0062,0.00619
rts,210,10,1.0,0.03448,2.71828,1.03508,0.57315,0.01082,0.01078
rts,210,10,1.0,0.05945,2.71828,1.06125,0.57098,0.01913,0.01902
rts,210,10,1.0,0.10249,2.71828,1.10793,0.57461,0.03199,0.03168
rts,210,10,1.0,0.1767,2.71828,1.19327,0.58784,0.05458,0.05368
rts,210,10,1.0,0.30464,2.71828,1.35613,0.59582,0.09009,0.08579
rts,210,10,1.0,0.52521,2.71828,1.69082,0.61225,0.16274,0.1522
rts,210,10,1.0,0.9055,2.71828,2.47316,0.63214,0.24129,0.23858
rts,210,10,1.0,1.56112,2.71828,4.76417,0.62542,0.36445,0.40494
rts,210,10,1.0,2.69146,2.71828,14.75322,0.63694,0.47893,0.64372
rts,210,10,1.0,4.64023,2.71828,103.56769,0.62764,0.55767,0.93514
rts,210,10,1.0,8.0,2.71828,2980.95799,0.62591,0.56525,1.16628
rts,210,20,0.08,0.02,1.08329,1.0202,0.69033,0.00043,0.00043
rts,210,20,0.08,0.03448,1.08329,1.03508,0.69017,0.00082,0.00081
rts,210,20,0.08,0.05945,1.08329,1.06125,0.6908,0.00138,0.00135
rts,210,20,0.08,0.10249,1.08329,1.10793,0.69006,0.00252,0.00243
rts,210,20,0.08,0.1767,1.08329,1.19327,0.68752,0.00461,0.00431
rts,210,20,0.08,0.30464,1.08329,1.35613,0.68859,0.00817,0.00732
rts,210,20,0.08,0.52521,1.08329,1.69082,0.68798,0.01634,0.01349
rts,210,20,0.08,0.9055,1.08329,2.47316,0.68639,0.03632,0.0266
rts,210,20,0.08,1.56112,1.08329,4.76417,0.68196,0.09695,0.05896
rts,210,20,0.08,2.69146,1.08329,14.75322,0.67815,0.23099,0.11679
rts,210,20,0.08,4.64023,1.08329,103.56769,0.68135,0.40773,0.21793
rts,210,20,0.08,8.0,1.08329,2980.95799,0.67939,0.42005,0.23419
rts,210,20,0.11476,0.02,1.1216,1.0202,0.69694,0.0005,0.0005
rts,210,20,0.11476,0.03448,1.1216,1.03508,0.69813,0.00089,0.00088
rts,210,20,0.11476,0.05945,1.1216,1.06125,0.69978,0.00161,0.00158
rts,210,20,0.11476,0.10249,1.1216,1.10793,0.70037,0.00284,0.00275
rts,210,20,0.11476,0.1767,1.1216,1.19327,0.69779,0.00505,0.00476
rts,210,20,0.11476,0.30464,1.1216,1.35613,0.69441,0.00998,0.00902
rts,210,20,0.11476,0.52521,1.1216,1.69082,0.691,0.02247,0.01869
rts,210,20,0.11476,0.9055,1.1216,2.47316,0.69243,0.04569,0.03313
rts,210,20,0.11476,1.56112,1.1216,4.76417,0.69479,0.10251,0.05969
rts,210,20,0.11476,2.69146,1.1216,14.75322,0.68576,0.28057,0.14301
rts,210,20,0.11476,4.64023,1.1216,103.56769,0.69041,0.48095,0.26617
rts,210,20,0.11476,8.0,1.1216,2980.95799,0.68756,0.49233,0.29427
rts,210,20,0.16462,0.02,1.17895,1.0202,0.70298,0.00065,0.00064
rts,210,20,0.16462,0.03448,1.17895,1.03508,0.70516,0.00105,0.00104
rts,210,20,0.16462,0.05945,1.17895,1.06125,0.70672,0.00178,0.00174
rts,210,20,0.16462,0.10249,1.17895,1.10793,0.70291,0.00338,0.00325
rts,210,20,0.16462,0.1767,1.17895,1.19327,0.7061,0.00626,0.00588
rts,210,20,0.16462,0.30464,1.17895,1.35613,0.70533,0.01186,0.01065
rts,210,20,0.16462,0.52521,1.17895,1.69082,0.70251,0.02376,0.01982
rts,210,20,0.16462,0.9055,1.17895,2.47316,0.70223,0.04483,0.03286
rts,210,20,0.16462,1.56112,1.17895,4.76417,0.69367,0.14345,0.08919
rts,210,20,0.16462,2.69146,1.17895,14.75322,0.6956,0.28387,0.15004
rts,210,20,0.16462,4.64023,1.17895,103.56769,0.69237,0.48643,0.2921
rts,210,20,0.16462,8.0,1.17895,2980.95799,0.69161,0.52346,0.34139
rts,210,20,0.23615,0.02,1.26637,1.0202,0.70313,0.00091,0.0009
rts,210,20,0.23615,0.03448,1.26637,1.03508,0.70353,0.00157,0.00155
rts,210,20,0.23615,0.05945,1.26637,1.06125,0.70452,0.00272,0.00267
rts,210,20,0.23615,0.10249,1.26637,1.10793,0.7083,0.00497,0.0048
rts,210,20,0.23615,0.1767,1.26637,1.19327,0.70832,0.00859,0.00808
rts,210,20,0.23615,0.30464,1.26637,1.35613,0.70809,0.01554,0.01398
rts,210,20,0.23615,0.52521,1.26637,1.69082,0.70867,0.02941,0.02456
rts,210,20,0.23615,0.9055,1.26637,2.47316,0.70725,0.06368,0.04641
rts,210,20,0.23615,1.56112,1.26637,4.76417,0.7061,0.14621,0.08861
rts,210,20,0.23615,2.69146,1.26637,14.75322,0.7067,0.36019,0.193
rts,210,20,0.23615,4.64023,1.26637,103.56769,0.6997,0.53305,0.32481
rts,210,20,0.23615,8.0,1.26637,2980.95799,0.70346,0.55359,0.40197
rts,210,20,0.33876,0.02,1.40321,1.0202,0.69135,0.00145,0.00144
rts,210,20,0.33876,0.03448,1.40321,1.03508,0.6936,0.00245,0.00243
rts,210,20,0.33876,0.05945,1.40321,1.06125,0.69629,0.00421,0.00413
rts,210,20,0.33876,0.10249,1.40321,1.10793,0.70312,0.00669,0.00648
rts,210,20,0.33876,0.1767,1.40321,1.19327,0.69801,0.01202,0.01129
rts,210,20,0.33876,0.30464,1.40321,1.35613,0.70652,0.01929,0.01736
rts,210,20,0.33876,0.52521,1.40321,1.69082,0.7109,0.03916,0.0326
rts,210,20,0.33876,0.9055,1.40321,2.47316,0.71012,0.07923,0.05777
rts,210,20,0.33876,1.56112,1.40321,4.76417,0.70518,0.1856,0.1149
rts,210,20,0.33876,2.69146,1.40321,14.75322,0.69987,0.40507,0.22715
rts,210,20,0.33876,4.64023,1.40321,103.56769,0.69925,0.62184,0.39884
rts,210,20,0.33876,8.0,1.40321,2980.95799,0.69737,0.65667,0.51048
rts,210,20,0.48596,0.02,1.62573,1.0202,0.67109,0.00229,0.00228
rts,210,20,0.48596,0.03448,1.62573,1.03508,0.66906,0.00396,0.00392
rts,210,20,0.48596,0.05945,1.62573,1.06125,0.67356,0.00703,0.0069
rts,210,20,0.48596,0.10249,1.62573,1.10793,0.6789,0.01147,0.01109
rts,210,20,0.48596,0.1767,1.62573,1.19327,0.686,0.01855,0.01751
rts,210,20,0.48596,0.30464,1.62573,1.35613,0.69018,0.03309,0.02952
rts,210,20,0.48596,0.52521,1.62573,1.69082,0.69161,0.05995,0.04913
rts,210,20,0.48596,0.9055,1.62573,2.47316,0.68917,0.11281,0.08164
rts,210,20,0.48596,1.56112,1.62573,4.76417,0.68766,0.26246,0.16308
rts,210,20,0.48596,2.69146,1.62573,14.75322,0.69603,0.44401,0.2665
rts,210,20,0.48596,4.64023,1.62573,103.56769,0.68935,0.71394,0.50511
rts,210,20,0.48596,8.0,1.62573,2980.95799,0.68644,0.74641,0.62678
rts,210,20,0.69711,0.02,2.00793,1.0202,0.62373,0.00407,0.00405
rts,210,20,0.69711,0.03448,2.00793,1.03508,0.63033,0.00657,0.00651
rts,210,20,0.69711,0.05945,2.00793,1.06125,0.62653,0.01171,0.01152
rts,210,20,0.69711,0.10249,2.00793,1.10793,0.63381,0.01937,0.01877
rts,210,20,0.69711,0.1767,2.00793,1.19327,0.649,0.02906,0.02751
rts,210,20,0.69711,0.30464,2.00793,1.35613,0.65837,0.04984,0.0446
rts,210,20,0.69711,0.52521,2.00793,1.69082,0.66375,0.08948,0.07387
rts,210,20,0.69711,0.9055,2.00793,2.47316,0.66685,0.17879,0.1271
rts,210,20,0.69711,1.56112,2.00793,4.76417,0.67159,0.33969,0.22282
rts,210,20,0.69711,2.69146,2.00793,14.75322,0.66621,0.60123,0.40914
rts,210,20,0.69711,4.64023,2.00793,103.56769,0.65438,0.86343,0.69144
rts,210,20,0.69711,8.0,2.00793,2980.95799,0.65582,0.84004,0.87322
rts,210,20,1.0,0.02,2.71828,1.0202,0.57211,0.00625,0.00622
rts,210,20,1.0,0.03448,2.71828,1.03508,0.56829,0.01056,0.01047
rts,210,20,1.0,0.05945,2.71828,1.06125,0.58795,0.0168,0.01654
rts,210,20,1.0,0.10249,2.71828,1.10793,0.58943,0.02871,0.02791
rts,210,20,1.0,0.1767,2.71828,1.19327,0.59206,0.04999,0.04732
rts,210,20,1.0,0.30464,2.71828,1.35613,0.61449,0.08499,0.07577
rts,210,20,1.0,0.52521,2.71828,1.69082,0.62618,0.15371,0.12365
rts,210,20,1.0,0.9055,2.71828,2.47316,0.64756,0.24773,0.18186
rts,210,20,1.0,1.56112,2.71828,4.76417,0.64347,0.4491,0.30806
rts,210,20,1.0,2.69146,2.71828,14.75322,0.63671,0.70437,0.5783
rts,210,20,1.0,4.64023,2.71828,103.56769,0.62618,0.93018,0.90274
rts,210,20,1.0,8.0,2.71828,2980.95799,0.62266,0.97047,1.10705
rts,210,50,0.08,0.02,1.08329,1.0202,0.71021,0.00056,0.00055
rts,210,50,0.08,0.03448,1.08329,1.03508,0.7098,0.00098,0.00096
rts,210,50,0.08,0.05945,1.08329,1.06125,0.70752,0.00182,0.00177
rts,210,50,0.08,0.10249,1.08329,1.10793,0.70824,0.00317,0.00303
rts,210,50,0.08,0.1767,1.08329,1.19327,0.70915,0.00595,0.00551
rts,210,50,0.08,0.30464,1.08329,1.35613,0.70118,0.01176,0.01028
rts,210,50,0.08,0.52521,1.08329,1.69082,0.70417,0.02141,0.01697
rts,210,50,0.08,0.9055,1.08329,2.47316,0.7034,0.05255,0.03509
rts,210,50,0.08,1.56112,1.08329,4.76417,0.70369,0.15634,0.07854
rts,210,50,0.08,2.69146,1.08329,14.75322,0.6937,0.52115,0.16359
rts,210,50,0.08,4.64023,1.08329,103.56769,0.68633,1.19943,0.31339
rts,210,50,0.08,8.0,1.08329,2980.95799,0.68655,1.19594,0.31425
rts,210,50,0.11476,0.02,1.1216,1.0202,0.7129,0.00064,0.00063
rts,210,50,0.11476,0.03448,1.1216,1.03508,0.71356,0.00105,0.00104
rts,210,50,0.11476,0.05945,1.1216,1.06125,0.71477,0.00183,0.00178
rts,210,50,0.11476,0.10249,1.1216,1.10793,0.71399,0.00324,0.00309
rts,210,50,0.11476,0.1767,1.1216,1.19327,0.71404,0.00617,0.0057
rts,210,50,0.11476,0.30464,1.1216,1.35613,0.71011,0.01116,0.00974
rts,210,50,0.11476,0.52521,1.1216,1.69082,0.70864,0.02551,0.02019
rts,210,50,0.11476,0.9055,1.1216,2.47316,0.70852,0.06251,0.04071
rts,210,50,0.11476,1.56112,1.1216,4.76417,0.70009,0.17285,0.08083
rts,210,50,0.11476,2.69146,1.1216,14.75322,0.70091,0.49848,0.16075
rts,210,50,0.11476,4.64023,1.1216,103.56769,0.68606,1.24069,0.33912
rts,210,50,0.11476,8.0,1.1216,2980.95799,0.68479,1.23375,0.34571
rts,210,50,0.16462,0.02,1.17895,1.0202,0.71223,0.00071,0.00071
rts,210,50,0.16462,0.03448,1.17895,1.03508,0.71295,0.00122,0.0012
rts,210,50,0.16462,0.05945,1.17895,1.06125,0.71349,0.00206,0.00201
rts,210,50,0.16462,0.10249,1.17895,1.10793,0.71621,0.00357,0.00342
rts,210,50,0.16462,0.1767,1.17895,1.19327,0.71263,0.00704,0.00653
rts,210,50,0.16462,0.30464,1.17895,1.35613,0.71324,0.01307,0.01142
rts,210,50,0.16462,0.52521,1.17895,1.69082,0.71418,0.02562,0.02019
rts,210,50,0.16462,0.9055,1.17895,2.47316,0.71313,0.05957,0.03993
rts,210,50,0.16462,1.56112,1.17895,4.76417,0.70572,0.16955,0.08268
rts,210,50,0.16462,2.69146,1.17895,14.75322,0.69663,0.58134,0.18423
rts,210,50,0.16462,4.64023,1.17895,103.56769,0.69198,1.29087,0.35058
rts,210,50,0.16462,8.0,1.17895,2980.95799,0.69753,1.30485,0.3725
rts,210,50,0.23615,0.02,1.26637,1.0202,0.70465,0.00101,0.001
rts,210,50,0.23615,0.03448,1.26637,1.03508,0.70125,0.00167,0.00164
rts,210,50,0.23615,0.05945,1.26637,1.06125,0.69852,0.00278,0.00271
rts,210,50,0.23615,0.10249,1.26637,1.10793,0.70471,0.00489,0.00468
rts,210,50,0.23615,0.1767,1.26637,1.19327,0.70729,0.00914,0.00849
rts,210,50,0.23615,0.30464,1.26637,1.35613,0.70238,0.01722,0.01514
rts,210,50,0.23615,0.52521,1.26637,1.69082,0.71108,0.03552,0.02824
rts,210,50,0.23615,0.9055,1.26637,2.47316,0.70557,0.07515,0.04943
rts,210,50,0.23615,1.56112,1.26637,4.76417,0.71441,0.18252,0.08788
rts,210,50,0.23615,2.69146,1.26637,14.75322,0.69628,0.60139,0.19947
rts,210,50,0.23615,4.64023,1.26637,103.56769,0.69259,1.36362,0.40088
rts,210,50,0.23615,8.0,1.26637,2980.95799,0.69226,1.42844,0.44805
rts,210,50,0.33876,0.02,1.40321,1.0202,0.69122,0.00142,0.00141
rts,210,50,0.33876,0.03448,1.40321,1.03508,0.69319,0.00239,0.00236
rts,210,50,0.33876,0.05945,1.40321,1.06125,0.69309,0.00399,0.00389
rts,210,50,0.33876,0.10249,1.40321,1.10793,0.69237,0.00708,0.00678
rts,210,50,0.33876,0.1767,1.40321,1.19327,0.69927,0.01245,0.01154
rts,210,50,0.33876,0.30464,1.40321,1.35613,0.70555,0.02028,0.01775
rts,210,50,0.33876,0.52521,1.40321,1.69082,0.69983,0.04049,0.03191
rts,210,50,0.33876,0.9055,1.40321,2.47316,0.71156,0.08711,0.05629
rts,210,50,0.33876,1.56112,1.40321,4.76417,0.707,0.23621,0.11068
rts,210,50,0.33876,2.69146,1.40321,14.75322,0.70243,0.64472,0.22458
rts,210,50,0.33876,4.64023,1.40321,103.56769,0.68557,1.37769,0.43832
rts,210,50,0.33876,8.0,1.40321,2980.95799,0.68479,1.50887,0.52093
rts,210,50,0.48596,0.02,1.62573,1.0202,0.66491,0.00215,0.00213
rts,210,50,0.48596,0.03448,1.62573,1.03508,0.66591,0.00345,0.0034
rts,210,50,0.48596,0.05945,1.62573,1.06125,0.6744,0.00613,0.00599
rts,210,50,0.48596,0.10249,1.62573,1.10793,0.6738,0.01027,0.00984
rts,210,50,0.48596,0.1767,1.62573,1.19327,0.68493,0.01643,0.01527
rts,210,50,0.48596,0.30464,1.62573,1.35613,0.69204,0.02677,0.02345
rts,210,50,0.48596,0.52521,1.62573,1.69082,0.69213,0.05727,0.04504
rts,210,50,0.48596,0.9055,1.62573,2.47316,0.69999,0.11132,0.07046
rts,210,50,0.48596,1.56112,1.62573,4.76417,0.70183,0.26488,0.12946
rts,210,50,0.48596,2.69146,1.62573,14.75322,0.69161,0.75071,0.27501
rts,210,50,0.48596,4.64023,1.62573,103.56769,0.67224,1.43224,0.51758
rts,210,50,0.48596,8.0,1.62573,2980.95799,0.67118,1.55973,0.61285
rts,210,50,0.69711,0.02,2.00793,1.0202,0.62823,0.00315,0.00312
rts,210,50,0.69711,0.03448,2.00793,1.03508,0.62887,0.00528,0.00521
rts,210,50,0.69711,0.05945,2.00793,1.06125,0.63996,0.00893,0.00872
rts,210,50,0.69711,0.10249,2.00793,1.10793,0.64436,0.0151,0.01445
rts,210,50,0.69711,0.1767,2.00793,1.19327,0.65503,0.02391,0.02216
rts,210,50,0.69711,0.30464,2.00793,1.35613,0.65344,0.0454,0.03971
rts,210,50,0.69711,0.52521,2.00793,1.69082,0.66984,0.07661,0.05961
rts,210,50,0.69711,0.9055,2.00793,2.47316,0.67844,0.15925,0.09751
rts,210,50,0.69711,1.56112,2.00793,4.76417,0.68732,0.34719,0.16211
rts,210,50,0.69711,2.69146,2.00793,14.75322,0.66789,0.90103,0.33421
rts,210,50,0.69711,4.64023,2.00793,103.56769,0.65304,1.50883,0.60578
rts,210,50,0.69711,8.0,2.00793,2980.95799,0.64853,1.66014,0.74492
rts,210,50,1.0,0.02,2.71828,1.0202,0.55669,0.00515,0.00511
rts,210,50,1.0,0.03448,2.71828,1.03508,0.55729,0.00902,0.0089
rts,210,50,1.0,0.05945,2.71828,1.06125,0.57401,0.0143,0.01399
rts,210,50,1.0,0.10249,2.71828,1.10793,0.59141,0.02249,0.02158
rts,210,50,1.0,0.1767,2.71828,1.19327,0.59959,0.0378,0.03509
rts,210,50,1.0,0.30464,2.71828,1.35613,0.62475,0.0608,0.05334
rts,210,50,1.0,0.52521,2.71828,1.69082,0.62563,0.11716,0.08935
rts,210,50,1.0,0.9055,2.71828,2.47316,0.64891,0.22311,0.13399
rts,210,50,1.0,1.56112,2.71828,4.76417,0.64744,0.48879,0.23508
rts,210,50,1.0,2.69146,2.71828,14.75322,0.63767,1.00048,0.44746
rts,210,50,1.0,4.64023,2.71828,103.56769,0.60962,1.61382,0.79284
rts,210,50,1.0,8.0,2.71828,2980.95799,0.61424,1.76618,0.93093
rts,420,5,0.08,0.02,1.08329,1.0202,0.70267,0.0004,0.0004
rts,420,5,0.08,0.03448,1.08329,1.03508,0.70335,0.00069,0.00068
rts,420,5,0.08,0.05945,1.08329,1.06125,0.70323,0.00123,0.00123
rts,420,5,0.08,0.10249,1.08329,1.10793,0.70367,0.00212,0.0021
rts,420,5,0.08,0.1767,1.08329,1.19327,0.7049,0.00337,0.00333
rts,420,5,0.08,0.30464,1.08329,1.35613,0.70604,0.00595,0.00587
rts,420,5,0.08,0.52521,1.08329,1.69082,0.70624,0.01088,0.01063
rts,420,5,0.08,0.9055,1.08329,2.47316,0.70352,0.02288,0.02272
rts,420,5,0.08,1.56112,1.08329,4.76417,0.70208,0.03984,0.04275
rts,420,5,0.08,2.69146,1.08329,14.75322,0.70166,0.06433,0.08576
rts,420,5,0.08,4.64023,1.08329,103.56769,0.70502,0.06687,0.1306
rts,420,5,0.08,8.0,1.08329,2980.95799,0.7062,0.06574,0.16507
rts,420,5,0.11476,0.02,1.1216,1.0202,0.71996,0.00055,0.00055
rts,420,5,0.11476,0.03448,1.1216,1.03508,0.72126,0.00093,0.00093
rts,420,5,0.11476,0.05945,1.1216,1.06125,0.72105,0.00152,0.00151
rts,420,5,0.11476,0.10249,1.1216,1.10793,0.72247,0.00271,0.00269
rts,420,5,0.11476,0.1767,1.1216,1.19327,0.72381,0.0046,0.00455
rts,420,5,0.11476,0.30464,1.1216,1.35613,0.72365,0.0083,0.00816
rts,420,5,0.11476,0.52521,1.1216,1.69082,0.72244,0.01514,0.01486
rts,420,5,0.11476,0.9055,1.1216,2.47316,0.72451,0.02771,0.02759
rts,420,5,0.11476,1.56112,1.1216,4.76417,0.72446,0.0454,0.04907
rts,420,5,0.11476,2.69146,1.1216,14.75322,0.72311,0.07312,0.09949
rts,420,5,0.11476,4.64023,1.1216,103.56769,0.71974,0.08576,0.1737
rts,420,5,0.11476,8.0,1.1216,2980.95799,0.71977,0.08562,0.23214
rts,420,5,0.16462,0.02,1.17895,1.0202,0.7252,0.0009,0.00089
rts,420,5,0.16462,0.03448,1.17895,1.03508,0.72532,0.00153,0.00153
rts,420,5,0.16462,0.05945,1.17895,1.06125,0.72795,0.00267,0.00266
rts,420,5,0.16462,0.10249,1.17895,1.10793,0.72394,0.00482,0.0048
rts,420,5,0.16462,0.1767,1.17895,1.19327,0.72715,0.00756,0.00749
rts,420,5,0.16462,0.30464,1.17895,1.35613,0.73065,0.01409,0.0139
rts,420,5,0.16462,0.52521,1.17895,1.69082,0.72941,0.02515,0.02481
rts,420,5,0.16462,0.9055,1.17895,2.47316,0.72748,0.04581,0.04676
rts,420,5,0.16462,1.56112,1.17895,4.76417,0.73196,0.06889,0.07598
rts,420,5,0.16462,2.69146,1.17895,14.75322,0.73186,0.10759,0.15107
rts,420,5,0.16462,4.64023,1.17895,103.56769,0.73062,0.12601,0.26138
rts,420,5,0.16462,8.0,1.17895,2980.95799,0.73001,0.12661,0.36107
rts,420,5,0.23615,0.02,1.26637,1.0202,0.72198,0.00148,0.00147
rts,420,5,0.23615,0.03448,1.26637,1.03508,0.71957,0.00265,0.00265
rts,420,5,0.23615,0.05945,1.26637,1.06125,0.72342,0.00463,0.00461
rts,420,5,0.23615,0.10249,1.26637,1.10793,0.72668,0.00719,0.00716
rts,420,5,0.23615,0.1767,1.26637,1.19327,0.72665,0.01263,0.01252
rts,420,5,0.23615,0.30464,1.26637,1.35613,0.72557,0.02385,0.02369
rts,420,5,0.23615,0.52521,1.26637,1.69082,0.73185,0.03491,0.03492
rts,420,5,0.23615,0.9055,1.26637,2.47316,0.73094,0.06669,0.0701
rts,420,5,0.23615,1.56112,1.26637,4.76417,0.7308,0.10003,0.11784
rts,420,5,0.23615,2.69146,1.26637,14.75322,0.72662,0.13772,0.2125
rts,420,5,0.23615,4.64023,1.26637,103.56769,0.72985,0.14561,0.32268
rts,420,5,0.23615,8.0,1.26637,2980.95799,0.7321,0.14548,0.4536
rts,420,5,0.33876,0.02,1.40321,1.0202,0.69869,0.00271,0.00271
rts,420,5,0.33876,0.03448,1.40321,1.03508,0.70798,0.00399,0.00399
rts,420,5,0.33876,0.05945,1.40321,1.06125,0.70973,0.0073,0.00728
rts,420,5,0.33876,0.10249,1.40321,1.10793,0.70705,0.0128,0.01273
rts,420,5,0.33876,0.1767,1.40321,1.19327,0.70941,0.02282,0.02293
rts,420,5,0.33876,0.30464,1.40321,1.35613,0.71779,0.03356,0.03352
rts,420,5,0.33876,0.52521,1.40321,1.69082,0.71917,0.05829,0.05933
rts,420,5,0.33876,0.9055,1.40321,2.47316,0.72053,0.0939,0.11015
rts,420,5,0.33876,1.56112,1.40321,4.76417,0.71887,0.14239,0.19812
rts,420,5,0.33876,2.69146,1.40321,14.75322,0.70998,0.20218,0.37255
rts,420,5,0.33876,4.64023,1.40321,103.56769,0.7099,0.22242,0.55599
rts,420,5,0.33876,8.0,1.40321,2980.95799,0.71104,0.22419,0.75082
rts,420,5,0.48596,0.02,1.62573,1.0202,0.64559,0.00506,0.00507
rts,420,5,0.48596,0.03448,1.62573,1.03508,0.66027,0.00819,0.0082
rts,420,5,0.48596,0.05945,1.62573,1.06125,0.65563,0.01513,0.01516
rts,420,5,0.48596,0.10249,1.62573,1.10793,0.67586,0.0221,0.02209
rts,420,5,0.48596,0.1767,1.62573,1.19327,0.68129,0.03936,0.04029
rts,420,5,0.48596,0.30464,1.62573,1.35613,0.68866,0.0573,0.05907
rts,420,5,0.48596,0.52521,1.62573,1.69082,0.69522,0.08883,0.09775
rts,420,5,0.48596,0.9055,1.62573,2.47316,0.69154,0.1446,0.19394
rts,420,5,0.48596,1.56112,1.62573,4.76417,0.68035,0.22834,0.39368
rts,420,5,0.48596,2.69146,1.62573,14.75322,0.68691,0.26691,0.58117
rts,420,5,0.48596,4.64023,1.62573,103.56769,0.67258,0.30511,0.87239
rts,420,5,0.48596,8.0,1.62573,2980.95799,0.67223,0.31049,1.11898
rts,420,5,0.69711,0.02,2.00793,1.0202,0.58426,0.00718,0.00719
rts,420,5,0.69711,0.03448,2.00793,1.03508,0.5836,0.01155,0.01159
rts,420,5,0.69711,0.05945,2.00793,1.06125,0.60373,0.0198,0.01997
rts,420,5,0.69711,0.10249,2.00793,1.10793,0.61425,0.0373,0.03836
rts,420,5,0.69711,0.1767,2.00793,1.19327,0.61613,0.06479,0.06951
rts,420,5,0.69711,0.30464,2.00793,1.35613,0.62572,0.11578,0.14399
rts,420,5,0.69711,0.52521,2.00793,1.69082,0.64215,0.1644,0.23561
rts,420,5,0.69711,0.9055,2.00793,2.47316,0.63424,0.23913,0.43151
rts,420,5,0.69711,1.56112,2.00793,4.76417,0.61755,0.34416,0.7921
rts,420,5,0.69711,2.69146,2.00793,14.75322,0.61399,0.40763,1.10865
rts,420,5,0.69711,4.64023,2.00793,103.56769,0.62213,0.42661,1.3664
rts,420,5,0.69711,8.0,2.00793,2980.95799,0.6209,0.42649,1.60295
rts,420,5,1.0,0.02,2.71828,1.0202,0.45258,0.01004,0.01007
rts,420,5,1.0,0.03448,2.71828,1.03508,0.4563,0.01866,0.01876
rts,420,5,1.0,0.05945,2.71828,1.06125,0.46063,0.0368,0.03741
rts,420,5,1.0,0.10249,2.71828,1.10793,0.47928,0.06969,0.07345
rts,420,5,1.0,0.1767,2.71828,1.19327,0.53397,0.11176,0.12806
rts,420,5,1.0,0.30464,2.71828,1.35613,0.52558,0.18831,0.26232
rts,420,5,1.0,0.52521,2.71828,1.69082,0.51865,0.26991,0.51053
rts,420,5,1.0,0.9055,2.71828,2.47316,0.50819,0.35744,0.91517
rts,420,5,1.0,1.56112,2.71828,4.76417,0.49605,0.43232,1.34791
rts,420,5,1.0,2.69146,2.71828,14.75322,0.48596,0.49473,1.74471
rts,420,5,1.0,4.64023,2.71828,103.56769,0.47457,0.50635,1.96599
rts,420,5,1.0,8.0,2.71828,2980.95799,0.47498,0.51273,2.16291
rts,420,10,0.08,0.02,1.08329,1.0202,0.72076,0.00049,0.00048
rts,420,10,0.08,0.03448,1.08329,1.03508,0.72132,0.00087,0.00087
rts,420,10,0.08,0.05945,1.08329,1.06125,0.72002,0.00162,0.00159
rts,420,10,0.08,0.10249,1.08329,1.10793,0.72015,0.00277,0.00269
rts,420,10,0.08,0.1767,1.08329,1.19327,0.72031,0.00461,0.00441
rts,420,10,0.08,0.30464,1.08329,1.35613,0.71975,0.0089,0.00822
rts,420,10,0.08,0.52521,1.08329,1.69082,0.72217,0.01667,0.01469
rts,420,10,0.08,0.9055,1.08329,2.47316,0.71838,0.04051,0.0326
rts,420,10,0.08,1.56112,1.08329,4.76417,0.71721,0.08197,0.06154
rts,420,10,0.08,2.69146,1.08329,14.75322,0.7153,0.16935,0.13116
rts,420,10,0.08,4.64023,1.08329,103.56769,0.71325,0.23911,0.24278
rts,420,10,0.08,8.0,1.08329,2980.95799,0.71379,0.23836,0.28612
rts,420,10,0.11476,0.02,1.1216,1.0202,0.73492,0.00063,0.00063
rts,420,10,0.11476,0.03448,1.1216,1.03508,0.73412,0.00107,0.00106
rts,420,10,0.11476,0.05945,1.1216,1.06125,0.73372,0.0019,0.00187
rts,420,10,0.11476,0.10249,1.1216,1.10793,0.73297,0.00331,0.00322
rts,420,10,0.11476,0.1767,1.1216,1.19327,0.73387,0.00599,0.00572
rts,420,10,0.11476,0.30464,1.1216,1.35613,0.73597,0.01079,0.01
rts,420,10,0.11476,0.52521,1.1216,1.69082,0.73058,0.02292,0.02017
rts,420,10,0.11476,0.9055,1.1216,2.47316,0.72869,0.04709,0.03818
rts,420,10,0.11476,1.56112,1.1216,4.76417,0.73383,0.09164,0.06915
rts,420,10,0.11476,2.69146,1.1216,14.75322,0.73237,0.173,0.14043
rts,420,10,0.11476,4.64023,1.1216,103.56769,0.73067,0.23389,0.24745
rts,420,10,0.11476,8.0,1.1216,2980.95799,0.73157,0.24698,0.32574
rts,420,10,0.16462,0.02,1.17895,1.0202,0.73331,0.00097,0.00097
rts,420,10,0.16462,0.03448,1.17895,1.03508,0.73562,0.0017,0.00169
rts,420,10,0.16462,0.05945,1.17895,1.06125,0.73632,0.00294,0.0029
rts,420,10,0.16462,0.10249,1.17895,1.10793,0.73575,0.00512,0.005
rts,420,10,0.16462,0.1767,1.17895,1.19327,0.73505,0.00949,0.00909
rts,420,10,0.16462,0.30464,1.17895,1.35613,0.74031,0.01534,0.01422
rts,420,10,0.16462,0.52521,1.17895,1.69082,0.73867,0.02984,0.02619
rts,420,10,0.16462,0.9055,1.17895,2.47316,0.74179,0.05736,0.04635
rts,420,10,0.16462,1.56112,1.17895,4.76417,0.73752,0.13105,0.10006
rts,420,10,0.16462,2.69146,1.17895,14.75322,0.73346,0.23754,0.19705
rts,420,10,0.16462,4.64023,1.17895,103.56769,0.73708,0.31387,0.34738
rts,420,10,0.16462,8.0,1.17895,2980.95799,0.73658,0.32995,0.46626
rts,420,10,0.23615,0.02,1.26637,1.0202,0.72213,0.00171,0.0017
rts,420,10,0.23615,0.03448,1.26637,1.03508,0.72417,0.0029,0.00288
rts,420,10,0.23615,0.05945,1.26637,1.06125,0.72593,0.00493,0.00487
rts,420,10,0.23615,0.10249,1.26637,1.10793,0.73388,0.00798,0.00778
rts,420,10,0.23615,0.1767,1.26637,1.19327,0.73428,0.0138,0.01325
rts,420,10,0.23615,0.30464,1.26637,1.35613,0.73776,0.02352,0.02183
rts,420,10,0.23615,0.52521,1.26637,1.69082,0.73596,0.04564,0.04026
rts,420,10,0.23615,0.9055,1.26637,2.47316,0.74064,0.07901,0.06551
rts,420,10,0.23615,1.56112,1.26637,4.76417,0.73425,0.17424,0.13927
rts,420,10,0.23615,2.69146,1.26637,14.75322,0.72788,0.30043,0.27188
rts,420,10,0.23615,4.64023,1.26637,103.56769,0.72868,0.38877,0.46
rts,420,10,0.23615,8.0,1.26637,2980.95799,0.7259,0.40857,0.63245
rts,420,10,0.33876,0.02,1.40321,1.0202,0.70437,0.00272,0.00271
rts,420,10,0.33876,0.03448,1.40321,1.03508,0.70509,0.00488,0.00485
rts,420,10,0.33876,0.05945,1.40321,1.06125,0.71021,0.00779,0.00771
rts,420,10,0.33876,0.10249,1.40321,1.10793,0.70969,0.01412,0.0138
rts,420,10,0.33876,0.1767,1.40321,1.19327,0.71542,0.02271,0.02187
rts,420,10,0.33876,0.30464,1.40321,1.35613,0.72145,0.03837,0.03576
rts,420,10,0.33876,0.52521,1.40321,1.69082,0.72952,0.06872,0.06083
rts,420,10,0.33876,0.9055,1.40321,2.47316,0.72941,0.1236,0.10459
rts,420,10,0.33876,1.56112,1.40321,4.76417,0.7291,0.21814,0.18545
rts,420,10,0.33876,2.69146,1.40321,14.75322,0.71622,0.36545,0.37146
rts,420,10,0.33876,4.64023,1.40321,103.56769,0.71403,0.45943,0.61885
rts,420,10,0.33876,8.0,1.40321,2980.95799,0.70829,0.47678,0.84638
rts,420,10,0.48596,0.02,1.62573,1.0202,0.65378,0.00531,0.0053
rts,420,10,0.48596,0.03448,1.62573,1.03508,0.66477,0.00857,0.00852
rts,420,10,0.48596,0.05945,1.62573,1.06125,0.66919,0.01404,0.0139
rts,420,10,0.48596,0.10249,1.62573,1.10793,0.67177,0.0241,0.02364
rts,420,10,0.48596,0.1767,1.62573,1.19327,0.68187,0.03741,0.03595
rts,420,10,0.48596,0.30464,1.62573,1.35613,0.69679,0.05831,0.05468
rts,420,10,0.48596,0.52521,1.62573,1.69082,0.70638,0.10163,0.09064
rts,420,10,0.48596,0.9055,1.62573,2.47316,0.71049,0.1718,0.15356
rts,420,10,0.48596,1.56112,1.62573,4.76417,0.69294,0.32456,0.3348
rts,420,10,0.48596,2.69146,1.62573,14.75322,0.68835,0.45405,0.55374
rts,420,10,0.48596,4.64023,1.62573,103.56769,0.67555,0.57244,0.91742
rts,420,10,0.48596,8.0,1.62573,2980.95799,0.6781,0.58082,1.16504
rts,420,10,0.69711,0.02,2.00793,1.0202,0.58313,0.00905,0.00903
rts,420,10,0.69711,0.03448,2.00793,1.03508,0.59165,0.01453,0.01446
rts,420,10,0.69711,0.05945,2.00793,1.06125,0.59161,0.02555,0.02533
rts,420,10,0.69711,0.10249,2.00793,1.10793,0.61797,0.04135,0.04048
rts,420,10,0.69711,0.1767,2.00793,1.19327,0.62996,0.06963,0.06685
rts,420,10,0.69711,0.30464,2.00793,1.35613,0.6481,0.10178,0.0948
rts,420,10,0.69711,0.52521,2.00793,1.69082,0.66282,0.17131,0.16094
rts,420,10,0.69711,0.9055,2.00793,2.47316,0.66395,0.26761,0.25864
rts,420,10,0.69711,1.56112,2.00793,4.76417,0.65136,0.41505,0.47597
rts,420,10,0.69711,2.69146,2.00793,14.75322,0.62586,0.64112,0.9383
rts,420,10,0.69711,4.64023,2.00793,103.56769,0.62057,0.75541,1.33159
rts,420,10,0.69711,8.0,2.00793,2980.95799,0.61502,0.77682,1.62208
rts,420,10,1.0,0.02,2.71828,1.0202,0.49586,0.01259,0.01257
rts,420,10,1.0,0.03448,2.71828,1.03508,0.49946,0.02192,0.02187
rts,420,10,1.0,0.05945,2.71828,1.06125,0.52061,0.03874,0.03842
rts,420,10,1.0,0.10249,2.71828,1.10793,0.54185,0.0712,0.07038
rts,420,10,1.0,0.1767,2.71828,1.19327,0.561,0.12001,0.11762
rts,420,10,1.0,0.30464,2.71828,1.35613,0.57957,0.18645,0.18615
rts,420,10,1.0,0.52521,2.71828,1.69082,0.58505,0.29603,0.34973
rts,420,10,1.0,0.9055,2.71828,2.47316,0.57129,0.42693,0.64398
rts,420,10,1.0,1.56112,2.71828,4.76417,0.5512,0.62249,1.07989
rts,420,10,1.0,2.69146,2.71828,14.75322,0.50648,0.79687,1.58895
rts,420,10,1.0,4.64023,2.71828,103.56769,0.50315,0.90306,1.90746
rts,420,10,1.0,8.0,2.71828,2980.95799,0.50296,0.92711,2.105
rts,420,20,0.08,0.02,1.08329,1.0202,0.73415,0.00048,0.00048
rts,420,20,0.08,0.03448,1.08329,1.03508,0.73317,0.00088,0.00087
rts,420,20,0.08,0.05945,1.08329,1.06125,0.73284,0.00152,0.00148
rts,420,20,0.08,0.10249,1.08329,1.10793,0.73823,0.0026,0.0025
rts,420,20,0.08,0.1767,1.08329,1.19327,0.73587,0.00426,0.00399
rts,420,20,0.08,0.30464,1.08329,1.35613,0.73751,0.00834,0.00744
rts,420,20,0.08,0.52521,1.08329,1.69082,0.73688,0.01589,0.01309
rts,420,20,0.08,0.9055,1.08329,2.47316,0.73429,0.03812,0.02704
rts,420,20,0.08,1.56112,1.08329,4.76417,0.73096,0.09393,0.05498
rts,420,20,0.08,2.69146,1.08329,14.75322,0.73226,0.26437,0.12787
rts,420,20,0.08,4.64023,1.08329,103.56769,0.72393,0.46233,0.24929
rts,420,20,0.08,8.0,1.08329,2980.95799,0.72373,0.49164,0.29376
rts,420,20,0.11476,0.02,1.1216,1.0202,0.73938,0.00072,0.00072
rts,420,20,0.11476,0.03448,1.1216,1.03508,0.74199,0.00117,0.00115
rts,420,20,0.11476,0.05945,1.1216,1.06125,0.74269,0.00196,0.00192
rts,420,20,0.11476,0.10249,1.1216,1.10793,0.74226,0.00338,0.00325
rts,420,20,0.11476,0.1767,1.1216,1.19327,0.74259,0.00599,0.00561
rts,420,20,0.11476,0.30464,1.1216,1.35613,0.74223,0.01146,0.01017
rts,420,20,0.11476,0.52521,1.1216,1.69082,0.74342,0.02254,0.01835
rts,420,20,0.11476,0.9055,1.1216,2.47316,0.74065,0.05025,0.03565
rts,420,20,0.11476,1.56112,1.1216,4.76417,0.73714,0.13825,0.08054
rts,420,20,0.11476,2.69146,1.1216,14.75322,0.73167,0.32264,0.16355
rts,420,20,0.11476,4.64023,1.1216,103.56769,0.72661,0.56752,0.3195
rts,420,20,0.11476,8.0,1.1216,2980.95799,0.72882,0.59651,0.38774
rts,420,20,0.16462,0.02,1.17895,1.0202,0.7372,0.00102,0.00101
rts,420,20,0.16462,0.03448,1.17895,1.03508,0.73823,0.00175,0.00173
rts,420,20,0.16462,0.05945,1.17895,1.06125,0.74416,0.00275,0.0027
rts,420,20,0.16462,0.10249,1.17895,1.10793,0.74444,0.00487,0.00469
rts,420,20,0.16462,0.1767,1.17895,1.19327,0.74357,0.00908,0.00852
rts,420,20,0.16462,0.30464,1.17895,1.35613,0.74157,0.01616,0.01447
rts,420,20,0.16462,0.52521,1.17895,1.69082,0.74497,0.02997,0.02462
rts,420,20,0.16462,0.9055,1.17895,2.47316,0.743,0.06992,0.04906
rts,420,20,0.16462,1.56112,1.17895,4.76417,0.74358,0.15395,0.0921
rts,420,20,0.16462,2.69146,1.17895,14.75322,0.73234,0.40426,0.21326
rts,420,20,0.16462,4.64023,1.17895,103.56769,0.73619,0.63057,0.38311
rts,420,20,0.16462,8.0,1.17895,2980.95799,0.73676,0.65008,0.4749
rts,420,20,0.23615,0.02,1.26637,1.0202,0.72766,0.00164,0.00163
rts,420,20,0.23615,0.03448,1.26637,1.03508,0.73,0.00264,0.00261
rts,420,20,0.23615,0.05945,1.26637,1.06125,0.72506,0.00481,0.00472
rts,420,20,0.23615,0.10249,1.26637,1.10793,0.73611,0.00717,0.0069
rts,420,20,0.23615,0.1767,1.26637,1.19327,0.74052,0.01241,0.01168
rts,420,20,0.23615,0.30464,1.26637,1.35613,0.74025,0.02373,0.02129
rts,420,20,0.23615,0.52521,1.26637,1.69082,0.74394,0.04282,0.03493
rts,420,20,0.23615,0.9055,1.26637,2.47316,0.74782,0.08778,0.06222
rts,420,20,0.23615,1.56112,1.26637,4.76417,0.74235,0.21031,0.12327
rts,420,20,0.23615,2.69146,1.26637,14.75322,0.73037,0.48156,0.26589
rts,420,20,0.23615,4.64023,1.26637,103.56769,0.72565,0.73061,0.48757
rts,420,20,0.23615,8.0,1.26637,2980.95799,0.7206,0.79465,0.64683
rts,420,20,0.33876,0.02,1.40321,1.0202,0.69435,0.00277,0.00276
rts,420,20,0.33876,0.03448,1.40321,1.03508,0.69829,0.00482,0.00476
rts,420,20,0.33876,0.05945,1.40321,1.06125,0.70511,0.00754,0.00739
rts,420,20,0.33876,0.10249,1.40321,1.10793,0.70167,0.01351,0.01304
rts,420,20,0.33876,0.1767,1.40321,1.19327,0.7235,0.01983,0.01864
rts,420,20,0.33876,0.30464,1.40321,1.35613,0.72413,0.03641,0.03256
rts,420,20,0.33876,0.52521,1.40321,1.69082,0.72963,0.06169,0.05049
rts,420,20,0.33876,0.9055,1.40321,2.47316,0.73117,0.12377,0.08851
rts,420,20,0.33876,1.56112,1.40321,4.76417,0.72757,0.29675,0.18597
rts,420,20,0.33876,2.69146,1.40321,14.75322,0.71216,0.60526,0.38104
rts,420,20,0.33876,4.64023,1.40321,103.56769,0.70326,0.84996,0.65791
rts,420,20,0.33876,8.0,1.40321,2980.95799,0.70202,0.88518,0.84333
rts,420,20,0.48596,0.02,1.62573,1.0202,0.64739,0.0049,0.00487
rts,420,20,0.48596,0.03448,1.62573,1.03508,0.64796,0.00827,0.00818
rts,420,20,0.48596,0.05945,1.62573,1.06125,0.6652,0.01303,0.01277
rts,420,20,0.48596,0.10249,1.62573,1.10793,0.67251,0.02021,0.01951
rts,420,20,0.48596,0.1767,1.62573,1.19327,0.68136,0.03371,0.03156
rts,420,20,0.48596,0.30464,1.62573,1.35613,0.69826,0.05394,0.04739
rts,420,20,0.48596,0.52521,1.62573,1.69082,0.70951,0.0929,0.07558
rts,420,20,0.48596,0.9055,1.62573,2.47316,0.71572,0.17797,0.12976
rts,420,20,0.48596,1.56112,1.62573,4.76417,0.7067,0.3889,0.25805
rts,420,20,0.48596,2.69146,1.62573,14.75322,0.68471,0.72539,0.56437
rts,420,20,0.48596,4.64023,1.62573,103.56769,0.66836,0.97279,0.9017
rts,420,20,0.48596,8.0,1.62573,2980.95799,0.65866,1.02146,1.14069
rts,420,20,0.69711,0.02,2.00793,1.0202,0.56579,0.00882,0.00877
rts,420,20,0.69711,0.03448,2.00793,1.03508,0.57601,0.0144,0.01424
rts,420,20,0.69711,0.05945,2.00793,1.06125,0.60055,0.02238,0.022
rts,420,20,0.69711,0.10249,2.00793,1.10793,0.61592,0.03309,0.032
rts,420,20,0.69711,0.1767,2.00793,1.19327,0.63942,0.05244,0.04892
rts,420,20,0.69711,0.30464,2.00793,1.35613,0.66803,0.07888,0.06973
rts,420,20,0.69711,0.52521,2.00793,1.69082,0.67719,0.14067,0.11181
rts,420,20,0.69711,0.9055,2.00793,2.47316,0.68409,0.2707,0.19272
rts,420,20,0.69711,1.56112,2.00793,4.76417,0.66746,0.49404,0.35108
rts,420,20,0.69711,2.69146,2.00793,14.75322,0.63223,0.89341,0.75729
rts,420,20,0.69711,4.64023,2.00793,103.56769,0.61197,1.14555,1.15847
rts,420,20,0.69711,8.0,2.00793,2980.95799,0.60695,1.22056,1.43166
rts,420,20,1.0,0.02,2.71828,1.0202,0.47383,0.01391,0.01384
rts,420,20,1.0,0.03448,2.71828,1.03508,0.49573,0.02289,0.0227
rts,420,20,1.0,0.05945,2.71828,1.06125,0.5099,0.03518,0.03453
rts,420,20,1.0,0.10249,2.71828,1.10793,0.5419,0.05577,0.05375
rts,420,20,1.0,0.1767,2.71828,1.19327,0.57531,0.08436,0.07745
rts,420,20,1.0,0.30464,2.71828,1.35613,0.60622,0.13149,0.11229
rts,420,20,1.0,0.52521,2.71828,1.69082,0.62706,0.23325,0.19294
rts,420,20,1.0,0.9055,2.71828,2.47316,0.62729,0.3894,0.3417
rts,420,20,1.0,1.56112,2.71828,4.76417,0.59094,0.67426,0.74753
rts,420,20,1.0,2.69146,2.71828,14.75322,0.52236,1.11276,1.32149
rts,420,20,1.0,4.64023,2.71828,103.56769,0.4928,1.3589,1.67918
rts,420,20,1.0,8.0,2.71828,2980.95799,0.48187,1.40211,1.87943
rts,420,50,0.08,0.02,1.08329,1.0202,0.74883,0.00051,0.00051
rts,420,50,0.08,0.03448,1.08329,1.03508,0.74964,0.00087,0.00085
rts,420,50,0.08,0.05945,1.08329,1.06125,0.75046,0.00158,0.00154
rts,420,50,0.08,0.10249,1.08329,1.10793,0.75112,0.0025,0.00239
rts,420,50,0.08,0.1767,1.08329,1.19327,0.75119,0.00472,0.00436
rts,420,50,0.08,0.30464,1.08329,1.35613,0.75369,0.00885,0.00771
rts,420,50,0.08,0.52521,1.08329,1.69082,0.75039,0.01798,0.01412
rts,420,50,0.08,0.9055,1.08329,2.47316,0.74515,0.04847,0.03157
rts,420,50,0.08,1.56112,1.08329,4.76417,0.74211,0.1311,0.06367
rts,420,50,0.08,2.69146,1.08329,14.75322,0.73458,0.44408,0.14181
rts,420,50,0.08,4.64023,1.08329,103.56769,0.72231,1.06603,0.28394
rts,420,50,0.08,8.0,1.08329,2980.95799,0.72116,1.10118,0.3041
rts,420,50,0.11476,0.02,1.1216,1.0202,0.74931,0.00064,0.00064
rts,420,50,0.11476,0.03448,1.1216,1.03508,0.7506,0.00111,0.0011
rts,420,50,0.11476,0.05945,1.1216,1.06125,0.75104,0.00202,0.00197
rts,420,50,0.11476,0.10249,1.1216,1.10793,0.74911,0.00357,0.00341
rts,420,50,0.11476,0.1767,1.1216,1.19327,0.74964,0.006,0.00554
rts,420,50,0.11476,0.30464,1.1216,1.35613,0.75227,0.01175,0.01021
rts,420,50,0.11476,0.52521,1.1216,1.69082,0.74977,0.02309,0.01807
rts,420,50,0.11476,0.9055,1.1216,2.47316,0.75033,0.05505,0.03613
rts,420,50,0.11476,1.56112,1.1216,4.76417,0.7461,0.14724,0.07055
rts,420,50,0.11476,2.69146,1.1216,14.75322,0.73442,0.50534,0.16418
rts,420,50,0.11476,4.64023,1.1216,103.56769,0.72408,1.27072,0.34946
rts,420,50,0.11476,8.0,1.1216,2980.95799,0.72549,1.28806,0.37107
rts,420,50,0.16462,0.02,1.17895,1.0202,0.73698,0.00104,0.00103
rts,420,50,0.16462,0.03448,1.17895,1.03508,0.73917,0.00171,0.00169
rts,420,50,0.16462,0.05945,1.17895,1.06125,0.74227,0.00288,0.0028
rts,420,50,0.16462,0.10249,1.17895,1.10793,0.74424,0.00468,0.00447
rts,420,50,0.16462,0.1767,1.17895,1.19327,0.74441,0.00843,0.00779
rts,420,50,0.16462,0.30464,1.17895,1.35613,0.74627,0.0156,0.01359
rts,420,50,0.16462,0.52521,1.17895,1.69082,0.75165,0.02922,0.02298
rts,420,50,0.16462,0.9055,1.17895,2.47316,0.7557,0.06194,0.03997
rts,420,50,0.16462,1.56112,1.17895,4.76417,0.74865,0.18321,0.08667
rts,420,50,0.16462,2.69146,1.17895,14.75322,0.73717,0.59568,0.19424
rts,420,50,0.16462,4.64023,1.17895,103.56769,0.7252,1.31658,0.38787
rts,420,50,0.16462,8.0,1.17895,2980.95799,0.72289,1.41976,0.4552
rts,420,50,0.23615,0.02,1.26637,1.0202,0.72457,0.0014,0.00139
rts,420,50,0.23615,0.03448,1.26637,1.03508,0.72595,0.00241,0.00238
rts,420,50,0.23615,0.05945,1.26637,1.06125,0.73416,0.00378,0.00369
rts,420,50,0.23615,0.10249,1.26637,1.10793,0.73023,0.00699,0.00668
rts,420,50,0.23615,0.1767,1.26637,1.19327,0.73339,0.0123,0.01135
rts,420,50,0.23615,0.30464,1.26637,1.35613,0.73808,0.0212,0.01847
rts,420,50,0.23615,0.52521,1.26637,1.69082,0.74187,0.03767,0.02971
rts,420,50,0.23615,0.9055,1.26637,2.47316,0.7514,0.07639,0.04985
rts,420,50,0.23615,1.56112,1.26637,4.76417,0.7489,0.21226,0.09646
rts,420,50,0.23615,2.69146,1.26637,14.75322,0.73447,0.69354,0.24244
rts,420,50,0.23615,4.64023,1.26637,103.56769,0.71438,1.506,0.4819
rts,420,50,0.23615,8.0,1.26637,2980.95799,0.70907,1.58593,0.57666
rts,420,50,0.33876,0.02,1.40321,1.0202,0.69867,0.00224,0.00222
rts,420,50,0.33876,0.03448,1.40321,1.03508,0.70893,0.0035,0.00345
rts,420,50,0.33876,0.05945,1.40321,1.06125,0.70399,0.00599,0.00584
rts,420,50,0.33876,0.10249,1.40321,1.10793,0.71672,0.00971,0.00928
rts,420,50,0.33876,0.1767,1.40321,1.19327,0.71974,0.01567,0.01449
rts,420,50,0.33876,0.30464,1.40321,1.35613,0.72429,0.02859,0.02487
rts,420,50,0.33876,0.52521,1.40321,1.69082,0.73412,0.0503,0.0393
rts,420,50,0.33876,0.9055,1.40321,2.47316,0.74223,0.09919,0.06442
rts,420,50,0.33876,1.56112,1.40321,4.76417,0.73898,0.2701,0.12681
rts,420,50,0.33876,2.69146,1.40321,14.75322,0.71717,0.80349,0.3019
rts,420,50,0.33876,4.64023,1.40321,103.56769,0.6875,1.56191,0.61466
rts,420,50,0.33876,8.0,1.40321,2980.95799,0.68139,1.7175,0.75811
rts,420,50,0.48596,0.02,1.62573,1.0202,0.65715,0.00349,0.00346
rts,420,50,0.48596,0.03448,1.62573,1.03508,0.65538,0.00623,0.00614
rts,420,50,0.48596,0.05945,1.62573,1.06125,0.66029,0.01024,0.00998
rts,420,50,0.48596,0.10249,1.62573,1.10793,0.67799,0.01542,0.01471
rts,420,50,0.48596,0.1767,1.62573,1.19327,0.69252,0.02339,0.02164
rts,420,50,0.48596,0.30464,1.62573,1.35613,0.70762,0.03871,0.03355
rts,420,50,0.48596,0.52521,1.62573,1.69082,0.71353,0.06797,0.05274
rts,420,50,0.48596,0.9055,1.62573,2.47316,0.72607,0.13273,0.08346
rts,420,50,0.48596,1.56112,1.62573,4.76417,0.7214,0.36544,0.17722
rts,420,50,0.48596,2.69146,1.62573,14.75322,0.69665,0.94219,0.40395
rts,420,50,0.48596,4.64023,1.62573,103.56769,0.64802,1.69358,0.82454
rts,420,50,0.48596,8.0,1.62573,2980.95799,0.65293,1.79993,0.96993
rts,420,50,0.69711,0.02,2.00793,1.0202,0.58074,0.00602,0.00598
rts,420,50,0.69711,0.03448,2.00793,1.03508,0.58909,0.00991,0.00978
rts,420,50,0.69711,0.05945,2.00793,1.06125,0.61133,0.01484,0.01448
rts,420,50,0.69711,0.10249,2.00793,1.10793,0.62253,0.02435,0.02326
rts,420,50,0.69711,0.1767,2.00793,1.19327,0.64729,0.0355,0.03281
rts,420,50,0.69711,0.30464,2.00793,1.35613,0.66325,0.05676,0.04914
rts,420,50,0.69711,0.52521,2.00793,1.69082,0.69695,0.09123,0.06926
rts,420,50,0.69711,0.9055,2.00793,2.47316,0.69727,0.19262,0.11859
rts,420,50,0.69711,1.56112,2.00793,4.76417,0.69418,0.47928,0.22803
rts,420,50,0.69711,2.69146,2.00793,14.75322,0.63513,1.16034,0.56598
rts,420,50,0.69711,4.64023,2.00793,103.56769,0.60312,1.9038,0.99231
rts,420,50,0.69711,8.0,2.00793,2980.95799,0.59147,2.03427,1.15652
rts,420,50,1.0,0.02,2.71828,1.0202,0.49375,0.00943,0.00936
rts,420,50,1.0,0.03448,2.71828,1.03508,0.51396,0.01481,0.01461
rts,420,50,1.0,0.05945,2.71828,1.06125,0.52838,0.02444,0.02385
rts,420,50,1.0,0.10249,2.71828,1.10793,0.54352,0.03853,0.03682
rts,420,50,1.0,0.1767,2.71828,1.19327,0.58072,0.05609,0.05158
rts,420,50,1.0,0.30464,2.71828,1.35613,0.62578,0.08212,0.07008
rts,420,50,1.0,0.52521,2.71828,1.69082,0.64581,0.13883,0.10348
rts,420,50,1.0,0.9055,2.71828,2.47316,0.66628,0.27787,0.16488
rts,420,50,1.0,1.56112,2.71828,4.76417,0.63396,0.72276,0.43989
rts,420,50,1.0,2.69146,2.71828,14.75322,0.55452,1.41565,0.97793
rts,420,50,1.0,4.64023,2.71828,103.56769,0.49641,2.07805,1.37937
rts,420,50,1.0,8.0,2.71828,2980.95799,0.50599,2.16102,1.49927
rts,840,5,0.08,0.02,1.08329,1.0202,0.745,0.00076,0.00075
rts,840,5,0.08,0.03448,1.08329,1.03508,0.74928,0.00124,0.00123
rts,840,5,0.08,0.05945,1.08329,1.06125,0.74776,0.00227,0.00226
rts,840,5,0.08,0.10249,1.08329,1.10793,0.74885,0.00379,0.00377
rts,840,5,0.08,0.1767,1.08329,1.19327,0.74789,0.00675,0.00668
rts,840,5,0.08,0.30464,1.08329,1.35613,0.74936,0.01191,0.01173
rts,840,5,0.08,0.52521,1.08329,1.69082,0.74879,0.02201,0.02164
rts,840,5,0.08,0.9055,1.08329,2.47316,0.74916,0.04015,0.04042
rts,840,5,0.08,1.56112,1.08329,4.76417,0.74767,0.07219,0.07875
rts,840,5,0.08,2.69146,1.08329,14.75322,0.74716,0.10391,0.14368
rts,840,5,0.08,4.64023,1.08329,103.56769,0.74647,0.11547,0.23673
rts,840,5,0.08,8.0,1.08329,2980.95799,0.7479,0.11663,0.32822
rts,840,5,0.11476,0.02,1.1216,1.0202,0.7472,0.00115,0.00115
rts,840,5,0.11476,0.03448,1.1216,1.03508,0.74783,0.00211,0.00211
rts,840,5,0.11476,0.05945,1.1216,1.06125,0.74912,0.00344,0.00343
rts,840,5,0.11476,0.10249,1.1216,1.10793,0.7518,0.00569,0.00566
rts,840,5,0.11476,0.1767,1.1216,1.19327,0.75129,0.00996,0.00989
rts,840,5,0.11476,0.30464,1.1216,1.35613,0.75356,0.01808,0.01782
rts,840,5,0.11476,0.52521,1.1216,1.69082,0.75525,0.03082,0.03038
rts,840,5,0.11476,0.9055,1.1216,2.47316,0.7524,0.0557,0.05648
rts,840,5,0.11476,1.56112,1.1216,4.76417,0.751,0.09423,0.10705
rts,840,5,0.11476,2.69146,1.1216,14.75322,0.75083,0.1305,0.19027
rts,840,5,0.11476,4.64023,1.1216,103.56769,0.75045,0.15958,0.34085
rts,840,5,0.11476,8.0,1.1216,2980.95799,0.75283,0.16054,0.48191
rts,840,5,0.16462,0.02,1.17895,1.0202,0.73673,0.00196,0.00196
rts,840,5,0.16462,0.03448,1.17895,1.03508,0.73536,0.00348,0.00347
rts,840,5,0.16462,0.05945,1.17895,1.06125,0.73946,0.00589,0.00587
rts,840,5,0.16462,0.10249,1.17895,1.10793,0.74053,0.00985,0.0098
rts,840,5,0.16462,0.1767,1.17895,1.19327,0.74886,0.01514,0.0151
rts,840,5,0.16462,0.30464,1.17895,1.35613,0.74728,0.0292,0.02898
rts,840,5,0.16462,0.52521,1.17895,1.69082,0.75154,0.04584,0.04616
rts,840,5,0.16462,0.9055,1.17895,2.47316,0.74991,0.0802,0.08503
rts,840,5,0.16462,1.56112,1.17895,4.76417,0.74599,0.13212,0.15989
rts,840,5,0.16462,2.69146,1.17895,14.75322,0.74393,0.1802,0.29183
rts,840,5,0.16462,4.64023,1.17895,103.56769,0.73837,0.22675,0.52946
rts,840,5,0.16462,8.0,1.17895,2980.95799,0.73998,0.22399,0.72154
rts,840,5,0.23615,0.02,1.26637,1.0202,0.69945,0.00383,0.00383
rts,840,5,0.23615,0.03448,1.26637,1.03508,0.71144,0.00598,0.00597
rts,840,5,0.23615,0.05945,1.26637,1.06125,0.71647,0.00979,0.00978
rts,840,5,0.23615,0.10249,1.26637,1.10793,0.72062,0.01629,0.01627
rts,840,5,0.23615,0.1767,1.26637,1.19327,0.72539,0.02742,0.02743
rts,840,5,0.23615,0.30464,1.26637,1.35613,0.73328,0.04305,0.04336
rts,840,5,0.23615,0.52521,1.26637,1.69082,0.7366,0.06999,0.07269
rts,840,5,0.23615,0.9055,1.26637,2.47316,0.73551,0.11813,0.13249
rts,840,5,0.23615,1.56112,1.26637,4.76417,0.73039,0.18226,0.26096
rts,840,5,0.23615,2.69146,1.26637,14.75322,0.71873,0.24553,0.4717
rts,840,5,0.23615,4.64023,1.26637,103.56769,0.70869,0.28854,0.77332
rts,840,5,0.23615,8.0,1.26637,2980.95799,0.70778,0.29763,1.0465
rts,840,5,0.33876,0.02,1.40321,1.0202,0.64544,0.007,0.00701
rts,840,5,0.33876,0.03448,1.40321,1.03508,0.65262,0.01165,0.01165
rts,840,5,0.33876,0.05945,1.40321,1.06125,0.66161,0.01893,0.01888
rts,840,5,0.33876,0.10249,1.40321,1.10793,0.68054,0.02764,0.02772
rts,840,5,0.33876,0.1767,1.40321,1.19327,0.69046,0.04342,0.04414
rts,840,5,0.33876,0.30464,1.40321,1.35613,0.69938,0.07215,0.07547
rts,840,5,0.33876,0.52521,1.40321,1.69082,0.70568,0.10971,0.1247
rts,840,5,0.33876,0.9055,1.40321,2.47316,0.70018,0.17932,0.24992
rts,840,5,0.33876,1.56112,1.40321,4.76417,0.68017,0.286,0.54881
rts,840,5,0.33876,2.69146,1.40321,14.75322,0.66126,0.36724,0.90854
rts,840,5,0.33876,4.64023,1.40321,103.56769,0.65589,0.40488,1.23916
rts,840,5,0.33876,8.0,1.40321,2980.95799,0.65741,0.40622,1.50574
rts,840,5,0.48596,0.02,1.62573,1.0202,0.56222,0.01093,0.01094
rts,840,5,0.48596,0.03448,1.62573,1.03508,0.57925,0.01895,0.01906
rts,840,5,0.48596,0.05945,1.62573,1.06125,0.59476,0.03223,0.03265
rts,840,5,0.48596,0.10249,1.62573,1.10793,0.60878,0.05474,0.05735
rts,840,5,0.48596,0.1767,1.62573,1.19327,0.62499,0.08546,0.0968
rts,840,5,0.48596,0.30464,1.62573,1.35613,0.64138,0.12365,0.1645
rts,840,5,0.48596,0.52521,1.62573,1.69082,0.64092,0.18601,0.32525
rts,840,5,0.48596,0.9055,1.62573,2.47316,0.61931,0.28231,0.59476
rts,840,5,0.48596,1.56112,1.62573,4.76417,0.58038,0.4347,1.16604
rts,840,5,0.48596,2.69146,1.62573,14.75322,0.56762,0.51946,1.544
rts,840,5,0.48596,4.64023,1.62573,103.56769,0.54896,0.5942,2.0461
rts,840,5,0.48596,8.0,1.62573,2980.95799,0.54936,0.60241,2.28251
rts,840,5,0.69711,0.02,2.00793,1.0202,0.4744,0.01063,0.01066
rts,840,5,0.69711,0.03448,2.00793,1.03508,0.48883,0.01993,0.02014
rts,840,5,0.69711,0.05945,2.00793,1.06125,0.48843,0.04505,0.04659
rts,840,5,0.69711,0.10249,2.00793,1.10793,0.50129,0.09144,0.10792
rts,840,5,0.69711,0.1767,2.00793,1.19327,0.53575,0.13922,0.19793
rts,840,5,0.69711,0.30464,2.00793,1.35613,0.54017,0.21067,0.36302
rts,840,5,0.69711,0.52521,2.00793,1.69082,0.54843,0.26446,0.55471
rts,840,5,0.69711,0.9055,2.00793,2.47316,0.50068,0.41236,1.13944
rts,840,5,0.69711,1.56112,2.00793,4.76417,0.48928,0.5363,1.64326
rts,840,5,0.69711,2.69146,2.00793,14.75322,0.46817,0.66107,2.23034
rts,840,5,0.69711,4.64023,2.00793,103.56769,0.46721,0.71394,2.60973
rts,840,5,0.69711,8.0,2.00793,2980.95799,0.4594,0.72912,2.83646
rts,840,5,1.0,0.02,2.71828,1.0202,0.36853,0.00348,0.00348
rts,840,5,1.0,0.03448,2.71828,1.03508,0.36743,0.00688,0.00691
rts,840,5,1.0,0.05945,2.71828,1.06125,0.35423,0.02659,0.02809
rts,840,5,1.0,0.10249,2.71828,1.10793,0.36467,0.09363,0.12081
rts,840,5,1.0,0.1767,2.71828,1.19327,0.38569,0.18429,0.33208
rts,840,5,1.0,0.30464,2.71828,1.35613,0.38671,0.31589,0.73848
rts,840,5,1.0,0.52521,2.71828,1.69082,0.39316,0.38396,1.09956
rts,840,5,1.0,0.9055,2.71828,2.47316,0.36048,0.50095,1.66064
rts,840,5,1.0,1.56112,2.71828,4.76417,0.35251,0.61938,2.18506
rts,840,5,1.0,2.69146,2.71828,14.75322,0.32734,0.71887,2.66011
rts,840,5,1.0,4.64023,2.71828,103.56769,0.3195,0.79253,3.04404
rts,840,5,1.0,8.0,2.71828,2980.95799,0.31036,0.8073,3.2045
rts,840,10,0.08,0.02,1.08329,1.0202,0.75338,0.00086,0.00086
rts,840,10,0.08,0.03448,1.08329,1.03508,0.75291,0.00145,0.00144
rts,840,10,0.08,0.05945,1.08329,1.06125,0.75399,0.00244,0.0024
rts,840,10,0.08,0.10249,1.08329,1.10793,0.75487,0.00419,0.00409
rts,840,10,0.08,0.1767,1.08329,1.19327,0.75428,0.00773,0.00738
rts,840,10,0.08,0.30464,1.08329,1.35613,0.75471,0.01439,0.01327
rts,840,10,0.08,0.52521,1.08329,1.69082,0.75492,0.02539,0.02227
rts,840,10,0.08,0.9055,1.08329,2.47316,0.75479,0.05401,0.04351
rts,840,10,0.08,1.56112,1.08329,4.76417,0.74999,0.12311,0.09271
rts,840,10,0.08,2.69146,1.08329,14.75322,0.74409,0.24041,0.19095
rts,840,10,0.08,4.64023,1.08329,103.56769,0.74469,0.32737,0.34248
rts,840,10,0.08,8.0,1.08329,2980.95799,0.74759,0.33575,0.45126
rts,840,10,0.11476,0.02,1.1216,1.0202,0.75108,0.00126,0.00125
rts,840,10,0.11476,0.03448,1.1216,1.03508,0.75136,0.00221,0.00219
rts,840,10,0.11476,0.05945,1.1216,1.06125,0.75236,0.00374,0.00369
rts,840,10,0.11476,0.10249,1.1216,1.10793,0.75338,0.00634,0.00617
rts,840,10,0.11476,0.1767,1.1216,1.19327,0.75787,0.01095,0.01047
rts,840,10,0.11476,0.30464,1.1216,1.35613,0.75893,0.0196,0.01815
rts,840,10,0.11476,0.52521,1.1216,1.69082,0.75677,0.03917,0.03416
rts,840,10,0.11476,0.9055,1.1216,2.47316,0.75692,0.07545,0.06131
rts,840,10,0.11476,1.56112,1.1216,4.76417,0.75323,0.16394,0.12612
rts,840,10,0.11476,2.69146,1.1216,14.75322,0.7488,0.28475,0.23781
rts,840,10,0.11476,4.64023,1.1216,103.56769,0.74108,0.41467,0.46714
rts,840,10,0.11476,8.0,1.1216,2980.95799,0.74156,0.43362,0.64757
rts,840,10,0.16462,0.02,1.17895,1.0202,0.72887,0.00235,0.00234
rts,840,10,0.16462,0.03448,1.17895,1.03508,0.73431,0.00373,0.0037
rts,840,10,0.16462,0.05945,1.17895,1.06125,0.73703,0.00624,0.00615
rts,840,10,0.16462,0.10249,1.17895,1.10793,0.74582,0.01017,0.00993
rts,840,10,0.16462,0.1767,1.17895,1.19327,0.74971,0.01621,0.01553
rts,840,10,0.16462,0.30464,1.17895,1.35613,0.75368,0.02866,0.02654
rts,840,10,0.16462,0.52521,1.17895,1.69082,0.76162,0.04934,0.04319
rts,840,10,0.16462,0.9055,1.17895,2.47316,0.75802,0.09774,0.07963
rts,840,10,0.16462,1.56112,1.17895,4.76417,0.75514,0.19306,0.15238
rts,840,10,0.16462,2.69146,1.17895,14.75322,0.7401,0.35697,0.32957
rts,840,10,0.16462,4.64023,1.17895,103.56769,0.72972,0.49395,0.6282
rts,840,10,0.16462,8.0,1.17895,2980.95799,0.72841,0.51908,0.87796
rts,840,10,0.23615,0.02,1.26637,1.0202,0.70216,0.00383,0.00382
rts,840,10,0.23615,0.03448,1.26637,1.03508,0.70225,0.00655,0.0065
rts,840,10,0.23615,0.05945,1.26637,1.06125,0.71354,0.01009,0.00995
rts,840,10,0.23615,0.10249,1.26637,1.10793,0.72125,0.01642,0.01602
rts,840,10,0.23615,0.1767,1.26637,1.19327,0.73289,0.025,0.02393
rts,840,10,0.23615,0.30464,1.26637,1.35613,0.73855,0.04379,0.0406
rts,840,10,0.23615,0.52521,1.26637,1.69082,0.74846,0.07391,0.06497
rts,840,10,0.23615,0.9055,1.26637,2.47316,0.75088,0.13365,0.11113
rts,840,10,0.23615,1.56112,1.26637,4.76417,0.73873,0.27377,0.24774
rts,840,10,0.23615,2.69146,1.26637,14.75322,0.72108,0.44401,0.48637
rts,840,10,0.23615,4.64023,1.26637,103.56769,0.70105,0.57377,0.86121
rts,840,10,0.23615,8.0,1.26637,2980.95799,0.6975,0.61564,1.16885
rts,840,10,0.33876,0.02,1.40321,1.0202,0.63738,0.00734,0.00732
rts,840,10,0.33876,0.03448,1.40321,1.03508,0.65304,0.01141,0.01134
rts,840,10,0.33876,0.05945,1.40321,1.06125,0.67249,0.01678,0.01659
rts,840,10,0.33876,0.10249,1.40321,1.10793,0.68107,0.02689,0.02635
rts,840,10,0.33876,0.1767,1.40321,1.19327,0.70253,0.04044,0.0386
rts,840,10,0.33876,0.30464,1.40321,1.35613,0.71559,0.06367,0.05906
rts,840,10,0.33876,0.52521,1.40321,1.69082,0.72825,0.10781,0.09639
rts,840,10,0.33876,0.9055,1.40321,2.47316,0.72726,0.19454,0.17022
rts,840,10,0.33876,1.56112,1.40321,4.76417,0.70581,0.3729,0.39799
rts,840,10,0.33876,2.69146,1.40321,14.75322,0.66646,0.60279,0.82281
rts,840,10,0.33876,4.64023,1.40321,103.56769,0.64058,0.74749,1.29089
rts,840,10,0.33876,8.0,1.40321,2980.95799,0.64222,0.75875,1.59025
rts,840,10,0.48596,0.02,1.62573,1.0202,0.57136,0.01163,0.01161
rts,840,10,0.48596,0.03448,1.62573,1.03508,0.58407,0.01893,0.01881
rts,840,10,0.48596,0.05945,1.62573,1.06125,0.61239,0.0286,0.02819
rts,840,10,0.48596,0.10249,1.62573,1.10793,0.63001,0.04494,0.04372
rts,840,10,0.48596,0.1767,1.62573,1.19327,0.66994,0.05891,0.05639
rts,840,10,0.48596,0.30464,1.62573,1.35613,0.68414,0.09842,0.09359
rts,840,10,0.48596,0.52521,1.62573,1.69082,0.69242,0.16306,0.15833
rts,840,10,0.48596,0.9055,1.62573,2.47316,0.6728,0.29227,0.29887
rts,840,10,0.48596,1.56112,1.62573,4.76417,0.63242,0.5101,0.68101
rts,840,10,0.48596,2.69146,1.62573,14.75322,0.59238,0.76445,1.23645
rts,840,10,0.48596,4.64023,1.62573,103.56769,0.56444,0.95312,1.79769
rts,840,10,0.48596,8.0,1.62573,2980.95799,0.55283,0.98889,2.10128
rts,840,10,0.69711,0.02,2.00793,1.0202,0.45951,0.01986,0.01985
rts,840,10,0.69711,0.03448,2.00793,1.03508,0.48697,0.03004,0.02997
rts,840,10,0.69711,0.05945,2.00793,1.06125,0.52146,0.04908,0.0487
rts,840,10,0.69711,0.10249,2.00793,1.10793,0.56517,0.07148,0.06992
rts,840,10,0.69711,0.1767,2.00793,1.19327,0.60471,0.10177,0.09875
rts,840,10,0.69711,0.30464,2.00793,1.35613,0.6302,0.15331,0.15002
rts,840,10,0.69711,0.52521,2.00793,1.69082,0.6309,0.25176,0.26355
rts,840,10,0.69711,0.9055,2.00793,2.47316,0.58876,0.43172,0.56084
rts,840,10,0.69711,1.56112,2.00793,4.76417,0.53166,0.665,1.02614
rts,840,10,0.69711,2.69146,2.00793,14.75322,0.49576,0.98351,1.7486
rts,840,10,0.69711,4.64023,2.00793,103.56769,0.4712,1.16887,2.31743
rts,840,10,0.69711,8.0,2.00793,2980.95799,0.46911,1.19297,2.54774
rts,840,10,1.0,0.02,2.71828,1.0202,0.37189,0.0209,0.02092
rts,840,10,1.0,0.03448,2.71828,1.03508,0.40452,0.03744,0.03746
rts,840,10,1.0,0.05945,2.71828,1.06125,0.42439,0.07477,0.07447
rts,840,10,1.0,0.10249,2.71828,1.10793,0.46908,0.11915,0.12317
rts,840,10,1.0,0.1767,2.71828,1.19327,0.48822,0.21422,0.23954
rts,840,10,1.0,0.30464,2.71828,1.35613,0.51652,0.3215,0.42638
rts,840,10,1.0,0.52521,2.71828,1.69082,0.51299,0.40285,0.54752
rts,840,10,1.0,0.9055,2.71828,2.47316,0.47219,0.57181,0.87859
rts,840,10,1.0,1.56112,2.71828,4.76417,0.40749,0.92145,1.68562
rts,840,10,1.0,2.69146,2.71828,14.75322,0.38016,1.13431,2.17492
rts,840,10,1.0,4.64023,2.71828,103.56769,0.34202,1.36491,2.84563
rts,840,10,1.0,8.0,2.71828,2980.95799,0.33275,1.39965,3.05033
rts,840,20,0.08,0.02,1.08329,1.0202,0.76099,0.00075,0.00075
rts,840,20,0.08,0.03448,1.08329,1.03508,0.75994,0.00134,0.00132
rts,840,20,0.08,0.05945,1.08329,1.06125,0.76085,0.00238,0.00233
rts,840,20,0.08,0.10249,1.08329,1.10793,0.75997,0.00422,0.00406
rts,840,20,0.08,0.1767,1.08329,1.19327,0.76433,0.00734,0.00685
rts,840,20,0.08,0.30464,1.08329,1.35613,0.76444,0.01239,0.01104
rts,840,20,0.08,0.52521,1.08329,1.69082,0.7633,0.02741,0.02241
rts,840,20,0.08,0.9055,1.08329,2.47316,0.7597,0.05654,0.04007
rts,840,20,0.08,1.56112,1.08329,4.76417,0.75621,0.14203,0.082
rts,840,20,0.08,2.69146,1.08329,14.75322,0.74963,0.38257,0.19033
rts,840,20,0.08,4.64023,1.08329,103.56769,0.73982,0.68057,0.38938
rts,840,20,0.08,8.0,1.08329,2980.95799,0.74145,0.73528,0.51303
rts,840,20,0.11476,0.02,1.1216,1.0202,0.75556,0.00114,0.00113
rts,840,20,0.11476,0.03448,1.1216,1.03508,0.75757,0.00198,0.00196
rts,840,20,0.11476,0.05945,1.1216,1.06125,0.75717,0.00336,0.00328
rts,840,20,0.11476,0.10249,1.1216,1.10793,0.76062,0.00566,0.00544
rts,840,20,0.11476,0.1767,1.1216,1.19327,0.76031,0.01015,0.00951
rts,840,20,0.11476,0.30464,1.1216,1.35613,0.76347,0.01796,0.01602
rts,840,20,0.11476,0.52521,1.1216,1.69082,0.76372,0.03497,0.02855
rts,840,20,0.11476,0.9055,1.1216,2.47316,0.7649,0.07292,0.05133
rts,840,20,0.11476,1.56112,1.1216,4.76417,0.76015,0.18386,0.10664
rts,840,20,0.11476,2.69146,1.1216,14.75322,0.7503,0.43265,0.22486
rts,840,20,0.11476,4.64023,1.1216,103.56769,0.73695,0.77569,0.48228
rts,840,20,0.11476,8.0,1.1216,2980.95799,0.73813,0.83346,0.63811
rts,840,20,0.16462,0.02,1.17895,1.0202,0.73639,0.00201,0.002
rts,840,20,0.16462,0.03448,1.17895,1.03508,0.73846,0.00334,0.0033
rts,840,20,0.16462,0.05945,1.17895,1.06125,0.74307,0.0054,0.00528
rts,840,20,0.16462,0.10249,1.17895,1.10793,0.7517,0.0084,0.00809
rts,840,20,0.16462,0.1767,1.17895,1.19327,0.75262,0.0151,0.01414
rts,840,20,0.16462,0.30464,1.17895,1.35613,0.75817,0.02546,0.02266
rts,840,20,0.16462,0.52521,1.17895,1.69082,0.76352,0.04713,0.03843
rts,840,20,0.16462,0.9055,1.17895,2.47316,0.76638,0.09318,0.06585
rts,840,20,0.16462,1.56112,1.17895,4.76417,0.76074,0.22478,0.13116
rts,840,20,0.16462,2.69146,1.17895,14.75322,0.74189,0.54841,0.30732
rts,840,20,0.16462,4.64023,1.17895,103.56769,0.72164,0.8803,0.62981
rts,840,20,0.16462,8.0,1.17895,2980.95799,0.71655,0.95398,0.85267
rts,840,20,0.23615,0.02,1.26637,1.0202,0.69665,0.00352,0.0035
rts,840,20,0.23615,0.03448,1.26637,1.03508,0.70085,0.00573,0.00567
rts,840,20,0.23615,0.05945,1.26637,1.06125,0.71558,0.00858,0.0084
rts,840,20,0.23615,0.10249,1.26637,1.10793,0.73048,0.0131,0.01262
rts,840,20,0.23615,0.1767,1.26637,1.19327,0.73915,0.02079,0.01947
rts,840,20,0.23615,0.30464,1.26637,1.35613,0.74555,0.03584,0.03187
rts,840,20,0.23615,0.52521,1.26637,1.69082,0.7552,0.06329,0.05119
rts,840,20,0.23615,0.9055,1.26637,2.47316,0.75796,0.12815,0.08941
rts,840,20,0.23615,1.56112,1.26637,4.76417,0.75117,0.29634,0.18131
rts,840,20,0.23615,2.69146,1.26637,14.75322,0.72286,0.66021,0.43697
rts,840,20,0.23615,4.64023,1.26637,103.56769,0.69039,0.99216,0.84654
rts,840,20,0.23615,8.0,1.26637,2980.95799,0.68295,1.04975,1.12158
rts,840,20,0.33876,0.02,1.40321,1.0202,0.6443,0.00589,0.00586
rts,840,20,0.33876,0.03448,1.40321,1.03508,0.65635,0.00928,0.00917
rts,840,20,0.33876,0.05945,1.40321,1.06125,0.66728,0.01455,0.01425
rts,840,20,0.33876,0.10249,1.40321,1.10793,0.68754,0.02177,0.02098
rts,840,20,0.33876,0.1767,1.40321,1.19327,0.71218,0.03156,0.02952
rts,840,20,0.33876,0.30464,1.40321,1.35613,0.72653,0.05053,0.04486
rts,840,20,0.33876,0.52521,1.40321,1.69082,0.73883,0.08818,0.0713
rts,840,20,0.33876,0.9055,1.40321,2.47316,0.74493,0.17453,0.12369
rts,840,20,0.33876,1.56112,1.40321,4.76417,0.72776,0.39689,0.26537
rts,840,20,0.33876,2.69146,1.40321,14.75322,0.68169,0.81362,0.63887
rts,840,20,0.33876,4.64023,1.40321,103.56769,0.63499,1.14994,1.19932
rts,840,20,0.33876,8.0,1.40321,2980.95799,0.63486,1.19019,1.43737
rts,840,20,0.48596,0.02,1.62573,1.0202,0.56741,0.01015,0.01009
rts,840,20,0.48596,0.03448,1.62573,1.03508,0.58099,0.01612,0.01594
rts,840,20,0.48596,0.05945,1.62573,1.06125,0.60905,0.0235,0.02301
rts,840,20,0.48596,0.10249,1.62573,1.10793,0.64135,0.03322,0.03198
rts,840,20,0.48596,0.1767,1.62573,1.19327,0.67052,0.0484,0.04516
rts,840,20,0.48596,0.30464,1.62573,1.35613,0.69743,0.07442,0.06517
rts,840,20,0.48596,0.52521,1.62573,1.69082,0.71637,0.11569,0.09421
rts,840,20,0.48596,0.9055,1.62573,2.47316,0.70774,0.26139,0.19224
rts,840,20,0.48596,1.56112,1.62573,4.76417,0.67813,0.55055,0.45067
rts,840,20,0.48596,2.69146,1.62573,14.75322,0.60332,1.04743,0.99966
rts,840,20,0.48596,4.64023,1.62573,103.56769,0.55768,1.39529,1.54085
rts,840,20,0.48596,8.0,1.62573,2980.95799,0.54929,1.47718,1.80934
rts,840,20,0.69711,0.02,2.00793,1.0202,0.464,0.01668,0.01658
rts,840,20,0.69711,0.03448,2.00793,1.03508,0.50656,0.02442,0.02415
rts,840,20,0.69711,0.05945,2.00793,1.06125,0.53464,0.03664,0.03585
rts,840,20,0.69711,0.10249,2.00793,1.10793,0.5786,0.05094,0.04896
rts,840,20,0.69711,0.1767,2.00793,1.19327,0.61824,0.07285,0.06752
rts,840,20,0.69711,0.30464,2.00793,1.35613,0.65552,0.11125,0.09716
rts,840,20,0.69711,0.52521,2.00793,1.69082,0.67248,0.17975,0.14771
rts,840,20,0.69711,0.9055,2.00793,2.47316,0.64582,0.3866,0.31161
rts,840,20,0.69711,1.56112,2.00793,4.76417,0.5918,0.73118,0.67852
rts,840,20,0.69711,2.69146,2.00793,14.75322,0.51637,1.25328,1.25882
rts,840,20,0.69711,4.64023,2.00793,103.56769,0.48901,1.59268,1.84326
rts,840,20,0.69711,8.0,2.00793,2980.95799,0.48058,1.69568,2.09975
rts,840,20,1.0,0.02,2.71828,1.0202,0.37836,0.02467,0.02456
rts,840,20,1.0,0.03448,2.71828,1.03508,0.41351,0.03743,0.03703
rts,840,20,1.0,0.05945,2.71828,1.06125,0.44642,0.05832,0.05683
rts,840,20,1.0,0.10249,2.71828,1.10793,0.49567,0.0857,0.08077
rts,840,20,1.0,0.1767,2.71828,1.19327,0.55217,0.12442,0.11113
rts,840,20,1.0,0.30464,2.71828,1.35613,0.58216,0.19376,0.16947
rts,840,20,1.0,0.52521,2.71828,1.69082,0.60466,0.3086,0.24779
rts,840,20,1.0,0.9055,2.71828,2.47316,0.56126,0.49457,0.41433
rts,840,20,1.0,1.56112,2.71828,4.76417,0.46501,0.94193,0.89784
rts,840,20,1.0,2.69146,2.71828,14.75322,0.40307,1.54166,1.61895
rts,840,20,1.0,4.64023,2.71828,103.56769,0.34701,1.99811,2.23408
rts,840,20,1.0,8.0,2.71828,2980.95799,0.35625,2.04656,2.38028
rts,840,50,0.08,0.02,1.08329,1.0202,0.76755,0.00069,0.00068
rts,840,50,0.08,0.03448,1.08329,1.03508,0.76719,0.00125,0.00123
rts,840,50,0.08,0.05945,1.08329,1.06125,0.76741,0.00211,0.00205
rts,840,50,0.08,0.10249,1.08329,1.10793,0.76715,0.0038,0.00363
rts,840,50,0.08,0.1767,1.08329,1.19327,0.77005,0.0063,0.00581
rts,840,50,0.08,0.30464,1.08329,1.35613,0.76898,0.01183,0.0103
rts,840,50,0.08,0.52521,1.08329,1.69082,0.76961,0.02433,0.01909
rts,840,50,0.08,0.9055,1.08329,2.47316,0.76874,0.05483,0.03592
rts,840,50,0.08,1.56112,1.08329,4.76417,0.76152,0.15561,0.07264
rts,840,50,0.08,2.69146,1.08329,14.75322,0.75085,0.52066,0.16199
rts,840,50,0.08,4.64023,1.08329,103.56769,0.73038,1.29203,0.36231
rts,840,50,0.08,8.0,1.08329,2980.95799,0.72542,1.41954,0.43719
rts,840,50,0.11476,0.02,1.1216,1.0202,0.75237,0.00107,0.00106
rts,840,50,0.11476,0.03448,1.1216,1.03508,0.7563,0.00181,0.00179
rts,840,50,0.11476,0.05945,1.1216,1.06125,0.76143,0.00301,0.00293
rts,840,50,0.11476,0.10249,1.1216,1.10793,0.76011,0.0053,0.00506
rts,840,50,0.11476,0.1767,1.1216,1.19327,0.76224,0.00921,0.00851
rts,840,50,0.11476,0.30464,1.1216,1.35613,0.7668,0.01566,0.01363
rts,840,50,0.11476,0.52521,1.1216,1.69082,0.76855,0.0304,0.02387
rts,840,50,0.11476,0.9055,1.1216,2.47316,0.76847,0.06724,0.04383
rts,840,50,0.11476,1.56112,1.1216,4.76417,0.76275,0.18188,0.08516
rts,840,50,0.11476,2.69146,1.1216,14.75322,0.75076,0.60371,0.19196
rts,840,50,0.11476,4.64023,1.1216,103.56769,0.72813,1.38302,0.41933
rts,840,50,0.11476,8.0,1.1216,2980.95799,0.72439,1.54216,0.52148
rts,840,50,0.16462,0.02,1.17895,1.0202,0.7334,0.00165,0.00164
rts,840,50,0.16462,0.03448,1.17895,1.03508,0.73792,0.00268,0.00264
rts,840,50,0.16462,0.05945,1.17895,1.06125,0.74297,0.00451,0.00439
rts,840,50,0.16462,0.10249,1.17895,1.10793,0.7461,0.00741,0.00708
rts,840,50,0.16462,0.1767,1.17895,1.19327,0.752,0.01208,0.01115
rts,840,50,0.16462,0.30464,1.17895,1.35613,0.75972,0.02045,0.01778
rts,840,50,0.16462,0.52521,1.17895,1.69082,0.76448,0.03845,0.03014
rts,840,50,0.16462,0.9055,1.17895,2.47316,0.76857,0.08083,0.05222
rts,840,50,0.16462,1.56112,1.17895,4.76417,0.76387,0.22144,0.10312
rts,840,50,0.16462,2.69146,1.17895,14.75322,0.74499,0.71197,0.24154
rts,840,50,0.16462,4.64023,1.17895,103.56769,0.70807,1.56381,0.54944
rts,840,50,0.16462,8.0,1.17895,2980.95799,0.70219,1.69892,0.6867
rts,840,50,0.23615,0.02,1.26637,1.0202,0.69423,0.00273,0.00271
rts,840,50,0.23615,0.03448,1.26637,1.03508,0.70041,0.00445,0.00438
rts,840,50,0.23615,0.05945,1.26637,1.06125,0.714,0.00652,0.00636
rts,840,50,0.23615,0.10249,1.26637,1.10793,0.72336,0.01076,0.01027
rts,840,50,0.23615,0.1767,1.26637,1.19327,0.73889,0.01632,0.01507
rts,840,50,0.23615,0.30464,1.26637,1.35613,0.74494,0.02743,0.02386
rts,840,50,0.23615,0.52521,1.26637,1.69082,0.75564,0.04862,0.03799
rts,840,50,0.23615,0.9055,1.26637,2.47316,0.76114,0.09977,0.06429
rts,840,50,0.23615,1.56112,1.26637,4.76417,0.75729,0.27227,0.12858
rts,840,50,0.23615,2.69146,1.26637,14.75322,0.72905,0.8783,0.3338
rts,840,50,0.23615,4.64023,1.26637,103.56769,0.6714,1.70699,0.75303
rts,840,50,0.23615,8.0,1.26637,2980.95799,0.67084,1.77953,0.91594
rts,840,50,0.33876,0.02,1.40321,1.0202,0.63184,0.00472,0.00469
rts,840,50,0.33876,0.03448,1.40321,1.03508,0.65021,0.00708,0.00698
rts,840,50,0.33876,0.05945,1.40321,1.06125,0.66877,0.01057,0.01029
rts,840,50,0.33876,0.10249,1.40321,1.10793,0.69103,0.01561,0.01491
rts,840,50,0.33876,0.1767,1.40321,1.19327,0.71089,0.02346,0.02168
rts,840,50,0.33876,0.30464,1.40321,1.35613,0.73164,0.03582,0.0311
rts,840,50,0.33876,0.52521,1.40321,1.69082,0.74217,0.06343,0.04924
rts,840,50,0.33876,0.9055,1.40321,2.47316,0.75011,0.12469,0.07946
rts,840,50,0.33876,1.56112,1.40321,4.76417,0.74402,0.36551,0.16985
rts,840,50,0.33876,2.69146,1.40321,14.75322,0.69525,1.08103,0.47794
rts,840,50,0.33876,4.64023,1.40321,103.56769,0.63061,1.85552,0.98953
rts,840,50,0.33876,8.0,1.40321,2980.95799,0.61518,1.97225,1.22157
rts,840,50,0.48596,0.02,1.62573,1.0202,0.57161,0.00714,0.00708
rts,840,50,0.48596,0.03448,1.62573,1.03508,0.58924,0.0109,0.01074
rts,840,50,0.48596,0.05945,1.62573,1.06125,0.61105,0.01687,0.01643
rts,840,50,0.48596,0.10249,1.62573,1.10793,0.64925,0.02237,0.02138
rts,840,50,0.48596,0.1767,1.62573,1.19327,0.67586,0.03309,0.03053
rts,840,50,0.48596,0.30464,1.62573,1.35613,0.70206,0.04998,0.04325
rts,840,50,0.48596,0.52521,1.62573,1.69082,0.7217,0.08184,0.06326
rts,840,50,0.48596,0.9055,1.62573,2.47316,0.73285,0.17845,0.11175
rts,840,50,0.48596,1.56112,1.62573,4.76417,0.718,0.49028,0.26456
rts,840,50,0.48596,2.69146,1.62573,14.75322,0.64467,1.29162,0.65388
rts,840,50,0.48596,4.64023,1.62573,103.56769,0.55456,2.10764,1.22905
rts,840,50,0.48596,8.0,1.62573,2980.95799,0.54684,2.25282,1.43527
rts,840,50,0.69711,0.02,2.00793,1.0202,0.4708,0.01142,0.01133
rts,840,50,0.69711,0.03448,2.00793,1.03508,0.51032,0.01686,0.01662
rts,840,50,0.69711,0.05945,2.00793,1.06125,0.54854,0.0238,0.02318
rts,840,50,0.69711,0.10249,2.00793,1.10793,0.59554,0.03171,0.0303
rts,840,50,0.69711,0.1767,2.00793,1.19327,0.63127,0.04689,0.04313
rts,840,50,0.69711,0.30464,2.00793,1.35613,0.66528,0.06909,0.05945
rts,840,50,0.69711,0.52521,2.00793,1.69082,0.69163,0.11386,0.08579
rts,840,50,0.69711,0.9055,2.00793,2.47316,0.70947,0.22613,0.13947
rts,840,50,0.69711,1.56112,2.00793,4.76417,0.66393,0.67605,0.37427
rts,840,50,0.69711,2.69146,2.00793,14.75322,0.55717,1.6693,0.94342
rts,840,50,0.69711,4.64023,2.00793,103.56769,0.45788,2.50467,1.44286
rts,840,50,0.69711,8.0,2.00793,2980.95799,0.46454,2.56372,1.63125
rts,840,50,1.0,0.02,2.71828,1.0202,0.37237,0.01701,0.01688
rts,840,50,1.0,0.03448,2.71828,1.03508,0.40748,0.02555,0.02518
rts,840,50,1.0,0.05945,2.71828,1.06125,0.47045,0.03499,0.0341
rts,840,50,1.0,0.10249,2.71828,1.10793,0.52098,0.04846,0.04608
rts,840,50,1.0,0.1767,2.71828,1.19327,0.56599,0.07061,0.06409
rts,840,50,1.0,0.30464,2.71828,1.35613,0.61305,0.10427,0.0868
rts,840,50,1.0,0.52521,2.71828,1.69082,0.64725,0.17265,0.12218
rts,840,50,1.0,0.9055,2.71828,2.47316,0.6439,0.4087,0.2534
rts,840,50,1.0,1.56112,2.71828,4.76417,0.5693,0.95693,0.51093
rts,840,50,1.0,2.69146,2.71828,14.75322,0.44753,1.96898,1.07012
rts,840,50,1.0,4.64023,2.71828,103.56769,0.36273,2.99366,1.48619
rts,840,50,1.0,8.0,2.71828,2980.95799,0.35024,3.2551,1.66922
rts,1680,5,0.08,0.02,1.08329,1.0202,0.75055,0.00172,0.00172
rts,1680,5,0.08,0.03448,1.08329,1.03508,0.75361,0.00284,0.00284
rts,1680,5,0.08,0.05945,1.08329,1.06125,0.75467,0.0047,0.00469
rts,1680,5,0.08,0.10249,1.08329,1.10793,0.75729,0.00816,0.00813
rts,1680,5,0.08,0.1767,1.08329,1.19327,0.76003,0.01348,0.01339
rts,1680,5,0.08,0.30464,1.08329,1.35613,0.76635,0.02195,0.02167
rts,1680,5,0.08,0.52521,1.08329,1.69082,0.76611,0.03822,0.03796
rts,1680,5,0.08,0.9055,1.08329,2.47316,0.76587,0.06541,0.06619
rts,1680,5,0.08,1.56112,1.08329,4.76417,0.7605,0.11472,0.1299
rts,1680,5,0.08,2.69146,1.08329,14.75322,0.75349,0.16856,0.25904
rts,1680,5,0.08,4.64023,1.08329,103.56769,0.75013,0.20941,0.46937
rts,1680,5,0.08,8.0,1.08329,2980.95799,0.75131,0.20973,0.6701
rts,1680,5,0.11476,0.02,1.1216,1.0202,0.72277,0.00299,0.00299
rts,1680,5,0.11476,0.03448,1.1216,1.03508,0.73295,0.00472,0.00472
rts,1680,5,0.11476,0.05945,1.1216,1.06125,0.74046,0.00765,0.00763
rts,1680,5,0.11476,0.10249,1.1216,1.10793,0.74342,0.01297,0.01293
rts,1680,5,0.11476,0.1767,1.1216,1.19327,0.75356,0.01986,0.01976
rts,1680,5,0.11476,0.30464,1.1216,1.35613,0.75945,0.03289,0.0327
rts,1680,5,0.11476,0.52521,1.1216,1.69082,0.76407,0.05465,0.05472
rts,1680,5,0.11476,0.9055,1.1216,2.47316,0.76104,0.09347,0.09696
rts,1680,5,0.11476,1.56112,1.1216,4.76417,0.75172,0.15985,0.19689
rts,1680,5,0.11476,2.69146,1.1216,14.75322,0.73661,0.2335,0.40526
rts,1680,5,0.11476,4.64023,1.1216,103.56769,0.72978,0.26904,0.67255
rts,1680,5,0.11476,8.0,1.1216,2980.95799,0.73205,0.27785,0.94552
rts,1680,5,0.16462,0.02,1.17895,1.0202,0.67782,0.00537,0.00537
rts,1680,5,0.16462,0.03448,1.17895,1.03508,0.69569,0.00799,0.00799
rts,1680,5,0.16462,0.05945,1.17895,1.06125,0.70607,0.01269,0.01268
rts,1680,5,0.16462,0.10249,1.17895,1.10793,0.72166,0.01986,0.01981
rts,1680,5,0.16462,0.1767,1.17895,1.19327,0.73404,0.03088,0.03079
rts,1680,5,0.16462,0.30464,1.17895,1.35613,0.74487,0.04801,0.04793
rts,1680,5,0.16462,0.52521,1.17895,1.69082,0.74939,0.07878,0.08016
rts,1680,5,0.16462,0.9055,1.17895,2.47316,0.74539,0.13204,0.15167
rts,1680,5,0.16462,1.56112,1.17895,4.76417,0.72031,0.23127,0.36156
rts,1680,5,0.16462,2.69146,1.17895,14.75322,0.70011,0.31019,0.66333
rts,1680,5,0.16462,4.64023,1.17895,103.56769,0.68952,0.35404,1.02609
rts,1680,5,0.16462,8.0,1.17895,2980.95799,0.68665,0.36407,1.34697
rts,1680,5,0.23615,0.02,1.26637,1.0202,0.6159,0.00914,0.00915
rts,1680,5,0.23615,0.03448,1.26637,1.03508,0.63945,0.0136,0.01361
rts,1680,5,0.23615,0.05945,1.26637,1.06125,0.65942,0.0207,0.02075
rts,1680,5,0.23615,0.10249,1.26637,1.10793,0.68325,0.03104,0.03115
rts,1680,5,0.23615,0.1767,1.26637,1.19327,0.70806,0.04402,0.04414
rts,1680,5,0.23615,0.30464,1.26637,1.35613,0.72086,0.07085,0.07211
rts,1680,5,0.23615,0.52521,1.26637,1.69082,0.71986,0.11882,0.14014
rts,1680,5,0.23615,0.9055,1.26637,2.47316,0.69679,0.21639,0.33925
rts,1680,5,0.23615,1.56112,1.26637,4.76417,0.6682,0.32354,0.66539
rts,1680,5,0.23615,2.69146,1.26637,14.75322,0.6328,0.42592,1.13911
rts,1680,5,0.23615,4.64023,1.26637,103.56769,0.626,0.45758,1.50775
rts,1680,5,0.23615,8.0,1.26637,2980.95799,0.61794,0.47603,1.85576
rts,1680,5,0.33876,0.02,1.40321,1.0202,0.52658,0.01548,0.01552
rts,1680,5,0.33876,0.03448,1.40321,1.03508,0.56167,0.02365,0.02386
rts,1680,5,0.33876,0.05945,1.40321,1.06125,0.59341,0.03568,0.03664
rts,1680,5,0.33876,0.10249,1.40321,1.10793,0.628,0.04958,0.05114
rts,1680,5,0.33876,0.1767,1.40321,1.19327,0.65616,0.07154,0.0752
rts,1680,5,0.33876,0.30464,1.40321,1.35613,0.67028,0.10849,0.12996
rts,1680,5,0.33876,0.52521,1.40321,1.69082,0.64748,0.20626,0.38311
rts,1680,5,0.33876,0.9055,1.40321,2.47316,0.59622,0.31056,0.67846
rts,1680,5,0.33876,1.56112,1.40321,4.76417,0.54442,0.48591,1.36246
rts,1680,5,0.33876,2.69146,1.40321,14.75322,0.50654,0.61368,1.99908
rts,1680,5,0.33876,4.64023,1.40321,103.56769,0.4879,0.68894,2.47202
rts,1680,5,0.33876,8.0,1.40321,2980.95799,0.48109,0.7124,2.75565
rts,1680,5,0.48596,0.02,1.62573,1.0202,0.42558,0.02107,0.02117
rts,1680,5,0.48596,0.03448,1.62573,1.03508,0.45209,0.03837,0.03931
rts,1680,5,0.48596,0.05945,1.62573,1.06125,0.50242,0.06164,0.06702
rts,1680,5,0.48596,0.10249,1.62573,1.10793,0.53875,0.09053,0.11059
rts,1680,5,0.48596,0.1767,1.62573,1.19327,0.55751,0.14515,0.24098
rts,1680,5,0.48596,0.30464,1.62573,1.35613,0.55314,0.20314,0.37732
rts,1680,5,0.48596,0.52521,1.62573,1.69082,0.56001,0.26262,0.473
rts,1680,5,0.48596,0.9055,1.62573,2.47316,0.50259,0.44225,1.16228
rts,1680,5,0.48596,1.56112,1.62573,4.76417,0.46752,0.58636,1.76464
rts,1680,5,0.48596,2.69146,1.62573,14.75322,0.44292,0.65468,2.25331
rts,1680,5,0.48596,4.64023,1.62573,103.56769,0.44552,0.68948,2.61788
rts,1680,5,0.48596,8.0,1.62573,2980.95799,0.43876,0.69991,2.85193
rts,1680,5,0.69711,0.02,2.00793,1.0202,0.31674,0.01387,0.01401
rts,1680,5,0.69711,0.03448,2.00793,1.03508,0.34402,0.04135,0.04433
rts,1680,5,0.69711,0.05945,2.00793,1.06125,0.37274,0.09555,0.12698
rts,1680,5,0.69711,0.10249,2.00793,1.10793,0.40036,0.17779,0.32985
rts,1680,5,0.69711,0.1767,2.00793,1.19327,0.40998,0.26945,0.66505
rts,1680,5,0.69711,0.30464,2.00793,1.35613,0.408,0.32471,0.82302
rts,1680,5,0.69711,0.52521,2.00793,1.69082,0.39849,0.37758,1.06657
rts,1680,5,0.69711,0.9055,2.00793,2.47316,0.32497,0.51078,1.70373
rts,1680,5,0.69711,1.56112,2.00793,4.76417,0.29494,0.6987,2.52277
rts,1680,5,0.69711,2.69146,2.00793,14.75322,0.28928,0.82254,3.02618
rts,1680,5,0.69711,4.64023,2.00793,103.56769,0.28106,0.89315,3.43422
rts,1680,5,0.69711,8.0,2.00793,2980.95799,0.28366,0.9071,3.56789
rts,1680,5,1.0,0.02,2.71828,1.0202,0.2748,0.00764,0.00765
rts,1680,5,1.0,0.03448,2.71828,1.03508,0.25325,0.01089,0.01105
rts,1680,5,1.0,0.05945,2.71828,1.06125,0.25501,0.04465,0.05562
rts,1680,5,1.0,0.10249,2.71828,1.10793,0.26713,0.13272,0.27198
rts,1680,5,1.0,0.1767,2.71828,1.19327,0.2623,0.28101,0.91468
rts,1680,5,1.0,0.30464,2.71828,1.35613,0.27564,0.40625,1.35353
rts,1680,5,1.0,0.52521,2.71828,1.69082,0.24348,0.51763,1.99855
rts,1680,5,1.0,0.9055,2.71828,2.47316,0.29929,0.59249,1.95799
rts,1680,5,1.0,1.56112,2.71828,4.76417,0.24119,0.73492,2.67441
rts,1680,5,1.0,2.69146,2.71828,14.75322,0.25403,0.88388,3.27783
rts,1680,5,1.0,4.64023,2.71828,103.56769,0.24767,0.9589,3.67721
rts,1680,5,1.0,8.0,2.71828,2980.95799,0.24841,0.96523,3.77054
rts,1680,10,0.08,0.02,1.08329,1.0202,0.74893,0.00179,0.00178
rts,1680,10,0.08,0.03448,1.08329,1.03508,0.75397,0.00294,0.00291
rts,1680,10,0.08,0.05945,1.08329,1.06125,0.75525,0.00501,0.00493
rts,1680,10,0.08,0.10249,1.08329,1.10793,0.76277,0.0078,0.0076
rts,1680,10,0.08,0.1767,1.08329,1.19327,0.76627,0.01308,0.0125
rts,1680,10,0.08,0.30464,1.08329,1.35613,0.7679,0.02272,0.02096
rts,1680,10,0.08,0.52521,1.08329,1.69082,0.77135,0.04156,0.03635
rts,1680,10,0.08,0.9055,1.08329,2.47316,0.77158,0.07682,0.06202
rts,1680,10,0.08,1.56112,1.08329,4.76417,0.76627,0.16712,0.12711
rts,1680,10,0.08,2.69146,1.08329,14.75322,0.75288,0.32484,0.2767
rts,1680,10,0.08,4.64023,1.08329,103.56769,0.74084,0.4732,0.56765
rts,1680,10,0.08,8.0,1.08329,2980.95799,0.73595,0.52278,0.85086
rts,1680,10,0.11476,0.02,1.1216,1.0202,0.72271,0.00313,0.00312
rts,1680,10,0.11476,0.03448,1.1216,1.03508,0.72838,0.00508,0.00504
rts,1680,10,0.11476,0.05945,1.1216,1.06125,0.73735,0.00797,0.00785
rts,1680,10,0.11476,0.10249,1.1216,1.10793,0.74725,0.01251,0.0122
rts,1680,10,0.11476,0.1767,1.1216,1.19327,0.75808,0.0195,0.01864
rts,1680,10,0.11476,0.30464,1.1216,1.35613,0.76402,0.03238,0.02991
rts,1680,10,0.11476,0.52521,1.1216,1.69082,0.76991,0.05697,0.04966
rts,1680,10,0.11476,0.9055,1.1216,2.47316,0.77024,0.10614,0.08552
rts,1680,10,0.11476,1.56112,1.1216,4.76417,0.76371,0.22177,0.17722
rts,1680,10,0.11476,2.69146,1.1216,14.75322,0.73861,0.42113,0.40763
rts,1680,10,0.11476,4.64023,1.1216,103.56769,0.71367,0.57429,0.8074
rts,1680,10,0.11476,8.0,1.1216,2980.95799,0.71105,0.60804,1.12931
rts,1680,10,0.16462,0.02,1.17895,1.0202,0.68013,0.00517,0.00515
rts,1680,10,0.16462,0.03448,1.17895,1.03508,0.69416,0.00798,0.00792
rts,1680,10,0.16462,0.05945,1.17895,1.06125,0.70792,0.01237,0.01221
rts,1680,10,0.16462,0.10249,1.17895,1.10793,0.72748,0.01831,0.01789
rts,1680,10,0.16462,0.1767,1.17895,1.19327,0.74281,0.02691,0.0258
rts,1680,10,0.16462,0.30464,1.17895,1.35613,0.75566,0.0429,0.03975
rts,1680,10,0.16462,0.52521,1.17895,1.69082,0.76304,0.07462,0.06527
rts,1680,10,0.16462,0.9055,1.17895,2.47316,0.76388,0.14012,0.11491
rts,1680,10,0.16462,1.56112,1.17895,4.76417,0.75122,0.28437,0.24756
rts,1680,10,0.16462,2.69146,1.17895,14.75322,0.7025,0.53079,0.64527
rts,1680,10,0.16462,4.64023,1.17895,103.56769,0.66933,0.68821,1.15781
rts,1680,10,0.16462,8.0,1.17895,2980.95799,0.65952,0.71889,1.52058
rts,1680,10,0.23615,0.02,1.26637,1.0202,0.61903,0.00868,0.00865
rts,1680,10,0.23615,0.03448,1.26637,1.03508,0.64608,0.01258,0.0125
rts,1680,10,0.23615,0.05945,1.26637,1.06125,0.67352,0.01856,0.01833
rts,1680,10,0.23615,0.10249,1.26637,1.10793,0.69714,0.02698,0.02635
rts,1680,10,0.23615,0.1767,1.26637,1.19327,0.71787,0.04009,0.03837
rts,1680,10,0.23615,0.30464,1.26637,1.35613,0.73756,0.06066,0.05626
rts,1680,10,0.23615,0.52521,1.26637,1.69082,0.74817,0.10377,0.09093
rts,1680,10,0.23615,0.9055,1.26637,2.47316,0.74966,0.18853,0.17287
rts,1680,10,0.23615,1.56112,1.26637,4.76417,0.71333,0.39822,0.44449
rts,1680,10,0.23615,2.69146,1.26637,14.75322,0.64376,0.667,1.04813
rts,1680,10,0.23615,4.64023,1.26637,103.56769,0.59872,0.81211,1.64803
rts,1680,10,0.23615,8.0,1.26637,2980.95799,0.59197,0.83909,1.98715
rts,1680,10,0.33876,0.02,1.40321,1.0202,0.54463,0.01371,0.01368
rts,1680,10,0.33876,0.03448,1.40321,1.03508,0.57896,0.01971,0.0196
rts,1680,10,0.33876,0.05945,1.40321,1.06125,0.61313,0.02885,0.0285
rts,1680,10,0.33876,0.10249,1.40321,1.10793,0.65411,0.04006,0.03914
rts,1680,10,0.33876,0.1767,1.40321,1.19327,0.68695,0.05665,0.05429
rts,1680,10,0.33876,0.30464,1.40321,1.35613,0.71272,0.08493,0.07855
rts,1680,10,0.33876,0.52521,1.40321,1.69082,0.72282,0.14658,0.13429
rts,1680,10,0.33876,0.9055,1.40321,2.47316,0.70742,0.28206,0.3056
rts,1680,10,0.33876,1.56112,1.40321,4.76417,0.62654,0.58308,0.86623
rts,1680,10,0.33876,2.69146,1.40321,14.75322,0.54253,0.91329,1.60661
rts,1680,10,0.33876,4.64023,1.40321,103.56769,0.49121,1.09718,2.20643
rts,1680,10,0.33876,8.0,1.40321,2980.95799,0.48448,1.11949,2.49242
rts,1680,10,0.48596,0.02,1.62573,1.0202,0.45745,0.02129,0.02121
rts,1680,10,0.48596,0.03448,1.62573,1.03508,0.49784,0.03189,0.0316
rts,1680,10,0.48596,0.05945,1.62573,1.06125,0.55114,0.04236,0.04173
rts,1680,10,0.48596,0.10249,1.62573,1.10793,0.59844,0.0599,0.05837
rts,1680,10,0.48596,0.1767,1.62573,1.19327,0.63784,0.0882,0.08842
rts,1680,10,0.48596,0.30464,1.62573,1.35613,0.66684,0.13651,0.14197
rts,1680,10,0.48596,0.52521,1.62573,1.69082,0.66958,0.21128,0.20955
rts,1680,10,0.48596,0.9055,1.62573,2.47316,0.60873,0.44248,0.71574
rts,1680,10,0.48596,1.56112,1.62573,4.76417,0.51213,0.75636,1.34337
rts,1680,10,0.48596,2.69146,1.62573,14.75322,0.44351,1.02042,2.13838
rts,1680,10,0.48596,4.64023,1.62573,103.56769,0.42446,1.09546,2.59161
rts,1680,10,0.48596,8.0,1.62573,2980.95799,0.41774,1.09799,2.81686
rts,1680,10,0.69711,0.02,2.00793,1.0202,0.36535,0.03148,0.03145
rts,1680,10,0.69711,0.03448,2.00793,1.03508,0.41094,0.04944,0.0491
rts,1680,10,0.69711,0.05945,2.00793,1.06125,0.46336,0.07079,0.06973
rts,1680,10,0.69711,0.10249,2.00793,1.10793,0.51653,0.11282,0.12021
rts,1680,10,0.69711,0.1767,2.00793,1.19327,0.56201,0.13872,0.14398
rts,1680,10,0.69711,0.30464,2.00793,1.35613,0.58291,0.22386,0.27615
rts,1680,10,0.69711,0.52521,2.00793,1.69082,0.55073,0.32747,0.40978
rts,1680,10,0.69711,0.9055,2.00793,2.47316,0.47185,0.55572,0.87857
rts,1680,10,0.69711,1.56112,2.00793,4.76417,0.36192,0.85481,1.58766
rts,1680,10,0.69711,2.69146,2.00793,14.75322,0.31018,1.25681,2.43059
rts,1680,10,0.69711,4.64023,2.00793,103.56769,0.28925,1.46179,3.00158
rts,1680,10,0.69711,8.0,2.00793,2980.95799,0.28553,1.50461,3.20147
rts,1680,10,1.0,0.02,2.71828,1.0202,0.27447,0.03595,0.03618
rts,1680,10,1.0,0.03448,2.71828,1.03508,0.30678,0.07017,0.071
rts,1680,10,1.0,0.05945,2.71828,1.06125,0.34133,0.14773,0.1637
rts,1680,10,1.0,0.10249,2.71828,1.10793,0.39449,0.2256,0.30045
rts,1680,10,1.0,0.1767,2.71828,1.19327,0.42016,0.31811,0.50498
rts,1680,10,1.0,0.30464,2.71828,1.35613,0.40698,0.43325,0.7492
rts,1680,10,1.0,0.52521,2.71828,1.69082,0.37075,0.61502,1.23498
rts,1680,10,1.0,0.9055,2.71828,2.47316,0.34897,0.69826,1.23972
rts,1680,10,1.0,1.56112,2.71828,4.76417,0.26787,1.01801,1.96896
rts,1680,10,1.0,2.69146,2.71828,14.75322,0.26935,1.34531,2.70031
rts,1680,10,1.0,4.64023,2.71828,103.56769,0.24663,1.54133,3.18167
rts,1680,10,1.0,8.0,2.71828,2980.95799,0.26408,1.55046,3.29617
rts,1680,20,0.08,0.02,1.08329,1.0202,0.7477,0.00165,0.00164
rts,1680,20,0.08,0.03448,1.08329,1.03508,0.75162,0.00272,0.00269
rts,1680,20,0.08,0.05945,1.08329,1.06125,0.75525,0.00445,0.00435
rts,1680,20,0.08,0.10249,1.08329,1.10793,0.76083,0.00742,0.00714
rts,1680,20,0.08,0.1767,1.08329,1.19327,0.76589,0.0123,0.01149
rts,1680,20,0.08,0.30464,1.08329,1.35613,0.77133,0.02066,0.01834
rts,1680,20,0.08,0.52521,1.08329,1.69082,0.77347,0.03836,0.0312
rts,1680,20,0.08,0.9055,1.08329,2.47316,0.77292,0.07904,0.05576
rts,1680,20,0.08,1.56112,1.08329,4.76417,0.76758,0.19682,0.11373
rts,1680,20,0.08,2.69146,1.08329,14.75322,0.75117,0.48664,0.2552
rts,1680,20,0.08,4.64023,1.08329,103.56769,0.72368,0.89381,0.59625
rts,1680,20,0.08,8.0,1.08329,2980.95799,0.71431,0.992,0.87171
rts,1680,20,0.11476,0.02,1.1216,1.0202,0.72168,0.00268,0.00266
rts,1680,20,0.11476,0.03448,1.1216,1.03508,0.72723,0.00434,0.00429
rts,1680,20,0.11476,0.05945,1.1216,1.06125,0.73816,0.00677,0.00663
rts,1680,20,0.11476,0.10249,1.1216,1.10793,0.75017,0.01051,0.01012
rts,1680,20,0.11476,0.1767,1.1216,1.19327,0.75942,0.0168,0.01572
rts,1680,20,0.11476,0.30464,1.1216,1.35613,0.76681,0.02726,0.02425
rts,1680,20,0.11476,0.52521,1.1216,1.69082,0.77303,0.049,0.03975
rts,1680,20,0.11476,0.9055,1.1216,2.47316,0.77204,0.10208,0.07149
rts,1680,20,0.11476,1.56112,1.1216,4.76417,0.76944,0.23169,0.1336
rts,1680,20,0.11476,2.69146,1.1216,14.75322,0.74168,0.59195,0.34425
rts,1680,20,0.11476,4.64023,1.1216,103.56769,0.69274,0.99673,0.81392
rts,1680,20,0.11476,8.0,1.1216,2980.95799,0.68659,1.076,1.10573
rts,1680,20,0.16462,0.02,1.17895,1.0202,0.67571,0.00452,0.00449
rts,1680,20,0.16462,0.03448,1.17895,1.03508,0.69377,0.00684,0.00676
rts,1680,20,0.16462,0.05945,1.17895,1.06125,0.71281,0.01011,0.0099
rts,1680,20,0.16462,0.10249,1.17895,1.10793,0.72995,0.01512,0.01456
rts,1680,20,0.16462,0.1767,1.17895,1.19327,0.74562,0.02271,0.02124
rts,1680,20,0.16462,0.30464,1.17895,1.35613,0.7574,0.03703,0.03292
rts,1680,20,0.16462,0.52521,1.17895,1.69082,0.76577,0.06276,0.05101
rts,1680,20,0.16462,0.9055,1.17895,2.47316,0.77067,0.12793,0.08901
rts,1680,20,0.16462,1.56112,1.17895,4.76417,0.76193,0.30076,0.17925
rts,1680,20,0.16462,2.69146,1.17895,14.75322,0.71876,0.70343,0.49213
rts,1680,20,0.16462,4.64023,1.17895,103.56769,0.65669,1.09033,1.09729
rts,1680,20,0.16462,8.0,1.17895,2980.95799,0.64329,1.15902,1.43236
rts,1680,20,0.23615,0.02,1.26637,1.0202,0.6216,0.00707,0.00703
rts,1680,20,0.23615,0.03448,1.26637,1.03508,0.64438,0.01041,0.0103
rts,1680,20,0.23615,0.05945,1.26637,1.06125,0.67462,0.01501,0.01469
rts,1680,20,0.23615,0.10249,1.26637,1.10793,0.69958,0.02132,0.02055
rts,1680,20,0.23615,0.1767,1.26637,1.19327,0.72214,0.0319,0.02983
rts,1680,20,0.23615,0.30464,1.26637,1.35613,0.74377,0.04876,0.04327
rts,1680,20,0.23615,0.52521,1.26637,1.69082,0.75596,0.08183,0.06629
rts,1680,20,0.23615,0.9055,1.26637,2.47316,0.76172,0.16347,0.11503
rts,1680,20,0.23615,1.56112,1.26637,4.76417,0.74425,0.39543,0.26948
rts,1680,20,0.23615,2.69146,1.26637,14.75322,0.66028,0.90123,0.83994
rts,1680,20,0.23615,4.64023,1.26637,103.56769,0.584,1.23176,1.53624
rts,1680,20,0.23615,8.0,1.26637,2980.95799,0.58231,1.25983,1.80933
rts,1680,20,0.33876,0.02,1.40321,1.0202,0.55328,0.01068,0.01062
rts,1680,20,0.33876,0.03448,1.40321,1.03508,0.58591,0.01552,0.01535
rts,1680,20,0.33876,0.05945,1.40321,1.06125,0.62619,0.02134,0.02093
rts,1680,20,0.33876,0.10249,1.40321,1.10793,0.65912,0.03077,0.02968
rts,1680,20,0.33876,0.1767,1.40321,1.19327,0.69595,0.04267,0.03995
rts,1680,20,0.33876,0.30464,1.40321,1.35613,0.72124,0.06486,0.05737
rts,1680,20,0.33876,0.52521,1.40321,1.69082,0.73738,0.10793,0.08694
rts,1680,20,0.33876,0.9055,1.40321,2.47316,0.73963,0.22469,0.1682
rts,1680,20,0.33876,1.56112,1.40321,4.76417,0.6914,0.56684,0.49692
rts,1680,20,0.33876,2.69146,1.40321,14.75322,0.55043,1.21443,1.23922
rts,1680,20,0.33876,4.64023,1.40321,103.56769,0.48469,1.56074,1.89013
rts,1680,20,0.33876,8.0,1.40321,2980.95799,0.47912,1.62627,2.13942
rts,1680,20,0.48596,0.02,1.62573,1.0202,0.46307,0.01694,0.01684
rts,1680,20,0.48596,0.03448,1.62573,1.03508,0.51808,0.0233,0.02303
rts,1680,20,0.48596,0.05945,1.62573,1.06125,0.56054,0.03157,0.03092
rts,1680,20,0.48596,0.10249,1.62573,1.10793,0.61269,0.04329,0.04156
rts,1680,20,0.48596,0.1767,1.62573,1.19327,0.65578,0.05989,0.05592
rts,1680,20,0.48596,0.30464,1.62573,1.35613,0.6892,0.09096,0.08117
rts,1680,20,0.48596,0.52521,1.62573,1.69082,0.71047,0.15198,0.12331
rts,1680,20,0.48596,0.9055,1.62573,2.47316,0.70429,0.3178,0.28525
rts,1680,20,0.48596,1.56112,1.62573,4.76417,0.59404,0.83487,0.88589
rts,1680,20,0.48596,2.69146,1.62573,14.75322,0.45579,1.37691,1.74619
rts,1680,20,0.48596,4.64023,1.62573,103.56769,0.404,1.58366,2.32983
rts,1680,20,0.48596,8.0,1.62573,2980.95799,0.39936,1.59248,2.56343
rts,1680,20,0.69711,0.02,2.00793,1.0202,0.37578,0.02462,0.02448
rts,1680,20,0.69711,0.03448,2.00793,1.03508,0.42788,0.03425,0.03382
rts,1680,20,0.69711,0.05945,2.00793,1.06125,0.49639,0.04567,0.04459
rts,1680,20,0.69711,0.10249,2.00793,1.10793,0.54954,0.06257,0.05976
rts,1680,20,0.69711,0.1767,2.00793,1.19327,0.59768,0.08919,0.08249
rts,1680,20,0.69711,0.30464,2.00793,1.35613,0.63622,0.13729,0.12691
rts,1680,20,0.69711,0.52521,2.00793,1.69082,0.64197,0.24686,0.22249
rts,1680,20,0.69711,0.9055,2.00793,2.47316,0.57781,0.48502,0.47279
rts,1680,20,0.69711,1.56112,2.00793,4.76417,0.44631,1.01428,1.09988
rts,1680,20,0.69711,2.69146,2.00793,14.75322,0.34532,1.69227,1.84182
rts,1680,20,0.69711,4.64023,2.00793,103.56769,0.3045,2.05057,2.35546
rts,1680,20,0.69711,8.0,2.00793,2980.95799,0.30262,2.17524,2.53147
rts,1680,20,1.0,0.02,2.71828,1.0202,0.29477,0.03522,0.03502
rts,1680,20,1.0,0.03448,2.71828,1.03508,0.3485,0.05242,0.05166
rts,1680,20,1.0,0.05945,2.71828,1.06125,0.41424,0.07002,0.06759
rts,1680,20,1.0,0.10249,2.71828,1.10793,0.46627,0.11255,0.10453
rts,1680,20,1.0,0.1767,2.71828,1.19327,0.51875,0.16509,0.14574
rts,1680,20,1.0,0.30464,2.71828,1.35613,0.54708,0.27812,0.26214
rts,1680,20,1.0,0.52521,2.71828,1.69082,0.52277,0.45442,0.49356
rts,1680,20,1.0,0.9055,2.71828,2.47316,0.4386,0.76994,0.86072
rts,1680,20,1.0,1.56112,2.71828,4.76417,0.30608,1.20106,1.25586
rts,1680,20,1.0,2.69146,2.71828,14.75322,0.26438,1.81021,2.12165
rts,1680,20,1.0,4.64023,2.71828,103.56769,0.26256,2.1893,2.51239
rts,1680,20,1.0,8.0,2.71828,2980.95799,0.25211,2.29478,2.64247
rts,1680,50,0.08,0.02,1.08329,1.0202,0.75072,0.00131,0.0013
rts,1680,50,0.08,0.03448,1.08329,1.03508,0.75855,0.00205,0.00202
rts,1680,50,0.08,0.05945,1.08329,1.06125,0.76197,0.00337,0.00328
rts,1680,50,0.08,0.10249,1.08329,1.10793,0.76772,0.00554,0.00529
rts,1680,50,0.08,0.1767,1.08329,1.19327,0.77168,0.00924,0.00853
rts,1680,50,0.08,0.30464,1.08329,1.35613,0.77713,0.01571,0.01365
rts,1680,50,0.08,0.52521,1.08329,1.69082,0.78075,0.02775,0.02177
rts,1680,50,0.08,0.9055,1.08329,2.47316,0.77954,0.06213,0.03999
rts,1680,50,0.08,1.56112,1.08329,4.76417,0.77176,0.17365,0.08071
rts,1680,50,0.08,2.69146,1.08329,14.75322,0.75893,0.58904,0.18136
rts,1680,50,0.08,4.64023,1.08329,103.56769,0.71569,1.44961,0.46777
rts,1680,50,0.08,8.0,1.08329,2980.95799,0.70653,1.63338,0.63126
rts,1680,50,0.11476,0.02,1.1216,1.0202,0.72337,0.00206,0.00204
rts,1680,50,0.11476,0.03448,1.1216,1.03508,0.73292,0.00316,0.00311
rts,1680,50,0.11476,0.05945,1.1216,1.06125,0.74353,0.00498,0.00485
rts,1680,50,0.11476,0.10249,1.1216,1.10793,0.75385,0.00778,0.00744
rts,1680,50,0.11476,0.1767,1.1216,1.19327,0.76476,0.01214,0.0112
rts,1680,50,0.11476,0.30464,1.1216,1.35613,0.77171,0.02004,0.01741
rts,1680,50,0.11476,0.52521,1.1216,1.69082,0.77708,0.03641,0.02849
rts,1680,50,0.11476,0.9055,1.1216,2.47316,0.77938,0.07711,0.04983
rts,1680,50,0.11476,1.56112,1.1216,4.76417,0.7743,0.20819,0.09599
rts,1680,50,0.11476,2.69146,1.1216,14.75322,0.75485,0.7032,0.22828
rts,1680,50,0.11476,4.64023,1.1216,103.56769,0.68653,1.64807,0.65656
rts,1680,50,0.11476,8.0,1.1216,2980.95799,0.6765,1.79005,0.86627
rts,1680,50,0.16462,0.02,1.17895,1.0202,0.67926,0.00327,0.00324
rts,1680,50,0.16462,0.03448,1.17895,1.03508,0.69535,0.00491,0.00484
rts,1680,50,0.16462,0.05945,1.17895,1.06125,0.71572,0.00725,0.00706
rts,1680,50,0.16462,0.10249,1.17895,1.10793,0.73191,0.01075,0.01027
rts,1680,50,0.16462,0.1767,1.17895,1.19327,0.74847,0.01663,0.01535
rts,1680,50,0.16462,0.30464,1.17895,1.35613,0.76257,0.02562,0.02224
rts,1680,50,0.16462,0.52521,1.17895,1.69082,0.77049,0.04646,0.03629
rts,1680,50,0.16462,0.9055,1.17895,2.47316,0.77641,0.09317,0.05939
rts,1680,50,0.16462,1.56112,1.17895,4.76417,0.77207,0.25402,0.11554
rts,1680,50,0.16462,2.69146,1.17895,14.75322,0.74499,0.81522,0.30168
rts,1680,50,0.16462,4.64023,1.17895,103.56769,0.64352,1.79255,0.91501
rts,1680,50,0.16462,8.0,1.17895,2980.95799,0.62704,1.90682,1.16586
rts,1680,50,0.23615,0.02,1.26637,1.0202,0.61979,0.00516,0.00512
rts,1680,50,0.23615,0.03448,1.26637,1.03508,0.65225,0.00719,0.00708
rts,1680,50,0.23615,0.05945,1.26637,1.06125,0.67746,0.01046,0.0102
rts,1680,50,0.23615,0.10249,1.26637,1.10793,0.70248,0.01542,0.01474
rts,1680,50,0.23615,0.1767,1.26637,1.19327,0.72788,0.02195,0.02026
rts,1680,50,0.23615,0.30464,1.26637,1.35613,0.74815,0.03425,0.0297
rts,1680,50,0.23615,0.52521,1.26637,1.69082,0.76028,0.05777,0.04499
rts,1680,50,0.23615,0.9055,1.26637,2.47316,0.76916,0.11338,0.07224
rts,1680,50,0.23615,1.56112,1.26637,4.76417,0.76623,0.30308,0.14299
rts,1680,50,0.23615,2.69146,1.26637,14.75322,0.69954,1.06629,0.52001
rts,1680,50,0.23615,4.64023,1.26637,103.56769,0.57575,1.95366,1.28862
rts,1680,50,0.23615,8.0,1.26637,2980.95799,0.55516,2.03648,1.56367
rts,1680,50,0.33876,0.02,1.40321,1.0202,0.54695,0.00779,0.00773
rts,1680,50,0.33876,0.03448,1.40321,1.03508,0.58914,0.01077,0.01061
rts,1680,50,0.33876,0.05945,1.40321,1.06125,0.62864,0.01492,0.01454
rts,1680,50,0.33876,0.10249,1.40321,1.10793,0.66761,0.02061,0.01968
rts,1680,50,0.33876,0.1767,1.40321,1.19327,0.70171,0.02897,0.02669
rts,1680,50,0.33876,0.30464,1.40321,1.35613,0.72631,0.04376,0.03795
rts,1680,50,0.33876,0.52521,1.40321,1.69082,0.74538,0.07266,0.05647
rts,1680,50,0.33876,0.9055,1.40321,2.47316,0.75799,0.14134,0.0893
rts,1680,50,0.33876,1.56112,1.40321,4.76417,0.74817,0.41452,0.20816
rts,1680,50,0.33876,2.69146,1.40321,14.75322,0.62515,1.38652,0.74873
rts,1680,50,0.33876,4.64023,1.40321,103.56769,0.49416,2.32499,1.49262
rts,1680,50,0.33876,8.0,1.40321,2980.95799,0.46634,2.50764,1.73645
rts,1680,50,0.48596,0.02,1.62573,1.0202,0.47356,0.01137,0.01127
rts,1680,50,0.48596,0.03448,1.62573,1.03508,0.51876,0.01556,0.01534
rts,1680,50,0.48596,0.05945,1.62573,1.06125,0.57272,0.02114,0.0206
rts,1680,50,0.48596,0.10249,1.62573,1.10793,0.62303,0.02787,0.02663
rts,1680,50,0.48596,0.1767,1.62573,1.19327,0.66544,0.03911,0.03604
rts,1680,50,0.48596,0.30464,1.62573,1.35613,0.69748,0.05855,0.05058
rts,1680,50,0.48596,0.52521,1.62573,1.69082,0.72219,0.09466,0.07267
rts,1680,50,0.48596,0.9055,1.62573,2.47316,0.73849,0.1841,0.12167
rts,1680,50,0.48596,1.56112,1.62573,4.76417,0.69739,0.65352,0.38179
rts,1680,50,0.48596,2.69146,1.62573,14.75322,0.51117,1.73932,1.18486
rts,1680,50,0.48596,4.64023,1.62573,103.56769,0.39476,2.3786,1.93796
rts,1680,50,0.48596,8.0,1.62573,2980.95799,0.3886,2.33105,2.18701
rts,1680,50,0.69711,0.02,2.00793,1.0202,0.38525,0.0164,0.01627
rts,1680,50,0.69711,0.03448,2.00793,1.03508,0.44703,0.02161,0.0213
rts,1680,50,0.69711,0.05945,2.00793,1.06125,0.50924,0.02904,0.02829
rts,1680,50,0.69711,0.10249,2.00793,1.10793,0.56365,0.0391,0.03728
rts,1680,50,0.69711,0.1767,2.00793,1.19327,0.61826,0.05324,0.04893
rts,1680,50,0.69711,0.30464,2.00793,1.35613,0.66341,0.07663,0.06583
rts,1680,50,0.69711,0.52521,2.00793,1.69082,0.69352,0.12815,0.09595
rts,1680,50,0.69711,0.9055,2.00793,2.47316,0.69858,0.27533,0.1845
rts,1680,50,0.69711,1.56112,2.00793,4.76417,0.57995,1.06852,0.65951
rts,1680,50,0.69711,2.69146,2.00793,14.75322,0.3905,2.22726,1.30128
rts,1680,50,0.69711,4.64023,2.00793,103.56769,0.31945,3.11651,1.74018
rts,1680,50,0.69711,8.0,2.00793,2980.95799,0.31022,3.27188,1.89589
rts,1680,50,1.0,0.02,2.71828,1.0202,0.29933,0.02342,0.02323
rts,1680,50,1.0,0.03448,2.71828,1.03508,0.3709,0.03141,0.03092
rts,1680,50,1.0,0.05945,2.71828,1.06125,0.42492,0.04343,0.04222
rts,1680,50,1.0,0.10249,2.71828,1.10793,0.49932,0.05582,0.05307
rts,1680,50,1.0,0.1767,2.71828,1.19327,0.55975,0.07939,0.07241
rts,1680,50,1.0,0.30464,2.71828,1.35613,0.60975,0.1245,0.09988
rts,1680,50,1.0,0.52521,2.71828,1.69082,0.64155,0.21701,0.15414
rts,1680,50,1.0,0.9055,2.71828,2.47316,0.60952,0.54594,0.39927
rts,1680,50,1.0,1.56112,2.71828,4.76417,0.44155,1.20604,0.71292
rts,1680,50,1.0,2.69146,2.71828,14.75322,0.29715,2.50029,1.57411
rts,1680,50,1.0,4.64023,2.71828,103.56769,0.25939,3.29088,1.88112
rts,1680,50,1.0,8.0,2.71828,2980.95799,0.25642,3.44622,1.9347
basic,105,5,0.08,0.02,1.08329,1.0202,0.62692,5e-05,5e-05
basic,105,5,0.08,0.03448,1.08329,1.03508,0.62692,9e-05,9e-05
basic,105,5,0.08,0.05945,1.08329,1.06125,0.62692,0.00016,0.00016
basic,105,5,0.08,0.10249,1.08329,1.10793,0.62692,0.00028,0.00028
basic,105,5,0.08,0.1767,1.08329,1.19327,0.62692,0.00048,0.00048
basic,105,5,0.08,0.30464,1.08329,1.35613,0.62692,0.00081,0.00083
basic,105,5,0.08,0.52521,1.08329,1.69082,0.62692,0.00135,0.00143
basic,105,5,0.08,0.9055,1.08329,2.47316,0.62692,0.00219,0.00247
basic,105,5,0.08,1.56112,1.08329,4.76417,0.62692,0.0033,0.00427
basic,105,5,0.08,2.69146,1.08329,14.75322,0.62692,0.00433,0.00735
basic,105,5,0.08,4.64023,1.08329,103.56769,0.62692,0.00483,0.01268
basic,105,5,0.08,8.0,1.08329,2980.95799,0.62692,0.00485,0.01399
basic,105,5,0.11476,0.02,1.1216,1.0202,0.66005,3e-05,3e-05
basic,105,5,0.11476,0.03448,1.1216,1.03508,0.66005,6e-05,6e-05
basic,105,5,0.11476,0.05945,1.1216,1.06125,0.66005,0.0001,0.0001
basic,105,5,0.11476,0.10249,1.1216,1.10793,0.66005,0.00017,0.00017
basic,105,5,0.11476,0.1767,1.1216,1.19327,0.66005,0.00029,0.00029
basic,105,5,0.11476,0.30464,1.1216,1.35613,0.66005,0.00049,0.0005
basic,105,5,0.11476,0.52521,1.1216,1.69082,0.66005,0.00083,0.00086
basic,105,5,0.11476,0.9055,1.1216,2.47316,0.65979,0.00185,0.00208
basic,105,5,0.11476,1.56112,1.1216,4.76417,0.66038,0.00371,0.00491
basic,105,5,0.11476,2.69146,1.1216,14.75322,0.66038,0.00483,0.00847
basic,105,5,0.11476,4.64023,1.1216,103.56769,0.66038,0.00535,0.0146
basic,105,5,0.11476,8.0,1.1216,2980.95799,0.66038,0.00539,0.01678
basic,105,5,0.16462,0.02,1.17895,1.0202,0.67143,4e-05,4e-05
basic,105,5,0.16462,0.03448,1.17895,1.03508,0.67143,7e-05,7e-05
basic,105,5,0.16462,0.05945,1.17895,1.06125,0.67143,0.00013,0.00013
basic,105,5,0.16462,0.10249,1.17895,1.10793,0.67143,0.00022,0.00022
basic,105,5,0.16462,0.1767,1.17895,1.19327,0.67143,0.00038,0.00038
basic,105,5,0.16462,0.30464,1.17895,1.35613,0.67143,0.00065,0.00066
basic,105,5,0.16462,0.52521,1.17895,1.69082,0.67143,0.0011,0.00114
basic,105,5,0.16462,0.9055,1.17895,2.47316,0.66992,0.00198,0.00217
basic,105,5,0.16462,1.56112,1.17895,4.76417,0.67179,0.00373,0.0046
basic,105,5,0.16462,2.69146,1.17895,14.75322,0.6721,0.00556,0.00912
basic,105,5,0.16462,4.64023,1.17895,103.56769,0.6721,0.00622,0.01572
basic,105,5,0.16462,8.0,1.17895,2980.95799,0.6721,0.0063,0.02021
basic,105,5,0.23615,0.02,1.26637,1.0202,0.65635,6e-05,6e-05
basic,105,5,0.23615,0.03448,1.26637,1.03508,0.65635,0.00011,0.00011
basic,105,5,0.23615,0.05945,1.26637,1.06125,0.65635,0.00019,0.00019
basic,105,5,0.23615,0.10249,1.26637,1.10793,0.65606,0.00033,0.00033
basic,105,5,0.23615,0.1767,1.26637,1.19327,0.65606,0.00057,0.00057
basic,105,5,0.23615,0.30464,1.26637,1.35613,0.65606,0.00099,0.00099
basic,105,5,0.23615,0.52521,1.26637,1.69082,0.65786,0.00168,0.00171
basic,105,5,0.23615,0.9055,1.26637,2.47316,0.65781,0.00297,0.00311
basic,105,5,0.23615,1.56112,1.26637,4.76417,0.65871,0.00464,0.00536
basic,105,5,0.23615,2.69146,1.26637,14.75322,0.65781,0.00743,0.01123
basic,105,5,0.23615,4.64023,1.26637,103.56769,0.65835,0.00841,0.01939
basic,105,5,0.23615,8.0,1.26637,2980.95799,0.65835,0.00855,0.0262
basic,105,5,0.33876,0.02,1.40321,1.0202,0.6604,8e-05,8e-05
basic,105,5,0.33876,0.03448,1.40321,1.03508,0.6604,0.00014,0.00014
basic,105,5,0.33876,0.05945,1.40321,1.06125,0.6604,0.00025,0.00025
basic,105,5,0.33876,0.10249,1.40321,1.10793,0.6604,0.00042,0.00043
basic,105,5,0.33876,0.1767,1.40321,1.19327,0.6604,0.00073,0.00073
basic,105,5,0.33876,0.30464,1.40321,1.35613,0.6603,0.00128,0.0013
basic,105,5,0.33876,0.52521,1.40321,1.69082,0.6603,0.00215,0.00224
basic,105,5,0.33876,0.9055,1.40321,2.47316,0.66317,0.00372,0.00408
basic,105,5,0.33876,1.56112,1.40321,4.76417,0.66084,0.0066,0.00823
basic,105,5,0.33876,2.69146,1.40321,14.75322,0.66016,0.00944,0.01571
basic,105,5,0.33876,4.64023,1.40321,103.56769,0.65632,0.01149,0.02768
basic,105,5,0.33876,8.0,1.40321,2980.95799,0.65632,0.01168,0.0403
basic,105,5,0.48596,0.02,1.62573,1.0202,0.61381,0.00011,0.00011
basic,105,5,0.48596,0.03448,1.62573,1.03508,0.61381,0.00019,0.00019
basic,105,5,0.48596,0.05945,1.62573,1.06125,0.61381,0.00032,0.00033
basic,105,5,0.48596,0.10249,1.62573,1.10793,0.6136,0.00058,0.00059
basic,105,5,0.48596,0.1767,1.62573,1.19327,0.61538,0.00101,0.00101
basic,105,5,0.48596,0.30464,1.62573,1.35613,0.61462,0.00169,0.00171
basic,105,5,0.48596,0.52521,1.62573,1.69082,0.61462,0.00287,0.00295
basic,105,5,0.48596,0.9055,1.62573,2.47316,0.61687,0.00488,0.00521
basic,105,5,0.48596,1.56112,1.62573,4.76417,0.61611,0.0074,0.0092
basic,105,5,0.48596,2.69146,1.62573,14.75322,0.62389,0.01044,0.01633
basic,105,5,0.48596,4.64023,1.62573,103.56769,0.62068,0.01572,0.0361
basic,105,5,0.48596,8.0,1.62573,2980.95799,0.6154,0.01597,0.05357
basic,105,5,0.69711,0.02,2.00793,1.0202,0.56356,0.00014,0.00014
basic,105,5,0.69711,0.03448,2.00793,1.03508,0.55938,0.00024,0.00024
basic,105,5,0.69711,0.05945,2.00793,1.06125,0.55938,0.00041,0.00041
basic,105,5,0.69711,0.10249,2.00793,1.10793,0.55938,0.0007,0.00071
basic,105,5,0.69711,0.1767,2.00793,1.19327,0.55938,0.00123,0.00125
basic,105,5,0.69711,0.30464,2.00793,1.35613,0.55829,0.00211,0.00216
basic,105,5,0.69711,0.52521,2.00793,1.69082,0.55383,0.00426,0.00449
basic,105,5,0.69711,0.9055,2.00793,2.47316,0.55459,0.00727,0.00814
basic,105,5,0.69711,1.56112,2.00793,4.76417,0.55538,0.01128,0.01433
basic,105,5,0.69711,2.69146,2.00793,14.75322,0.55722,0.01582,0.02622
basic,105,5,0.69711,4.64023,2.00793,103.56769,0.56222,0.0176,0.04512
basic,105,5,0.69711,8.0,2.00793,2980.95799,0.56654,0.01749,0.06836
basic,105,5,1.0,0.02,2.71828,1.0202,0.48419,0.00014,0.00014
basic,105,5,1.0,0.03448,2.71828,1.03508,0.48419,0.00024,0.00024
basic,105,5,1.0,0.05945,2.71828,1.06125,0.48479,0.00042,0.00042
basic,105,5,1.0,0.10249,2.71828,1.10793,0.48479,0.00072,0.00072
basic,105,5,1.0,0.1767,2.71828,1.19327,0.48076,0.00123,0.00125
basic,105,5,1.0,0.30464,2.71828,1.35613,0.48163,0.00209,0.00215
basic,105,5,1.0,0.52521,2.71828,1.69082,0.48235,0.00361,0.00379
basic,105,5,1.0,0.9055,2.71828,2.47316,0.48387,0.00593,0.00654
basic,105,5,1.0,1.56112,2.71828,4.76417,0.49205,0.00878,0.01085
basic,105,5,1.0,2.69146,2.71828,14.75322,0.49617,0.01301,0.02139
basic,105,5,1.0,4.64023,2.71828,103.56769,0.48833,0.01242,0.03105
basic,105,5,1.0,8.0,2.71828,2980.95799,0.49633,0.01649,0.06358
basic,105,10,0.08,0.02,1.08329,1.0202,0.67378,7e-05,7e-05
basic,105,10,0.08,0.03448,1.08329,1.03508,0.67378,0.00013,0.00013
basic,105,10,0.08,0.05945,1.08329,1.06125,0.67414,0.00024,0.00024
basic,105,10,0.08,0.10249,1.08329,1.10793,0.67414,0.00042,0.00041
basic,105,10,0.08,0.1767,1.08329,1.19327,0.67414,0.00072,0.00071
basic,105,10,0.08,0.30464,1.08329,1.35613,0.67414,0.00124,0.00123
basic,105,10,0.08,0.52521,1.08329,1.69082,0.6741,0.00218,0.00215
basic,105,10,0.08,0.9055,1.08329,2.47316,0.67305,0.00371,0.00372
basic,105,10,0.08,1.56112,1.08329,4.76417,0.67452,0.00633,0.00672
basic,105,10,0.08,2.69146,1.08329,14.75322,0.674,0.00899,0.01162
basic,105,10,0.08,4.64023,1.08329,103.56769,0.674,0.01045,0.02003
basic,105,10,0.08,8.0,1.08329,2980.95799,0.674,0.01056,0.02258
basic,105,10,0.11476,0.02,1.1216,1.0202,0.69319,9e-05,9e-05
basic,105,10,0.11476,0.03448,1.1216,1.03508,0.69319,0.00015,0.00015
basic,105,10,0.11476,0.05945,1.1216,1.06125,0.69319,0.00026,0.00026
basic,105,10,0.11476,0.10249,1.1216,1.10793,0.69319,0.00045,0.00045
basic,105,10,0.11476,0.1767,1.1216,1.19327,0.69319,0.00078,0.00077
basic,105,10,0.11476,0.30464,1.1216,1.35613,0.69275,0.0014,0.00138
basic,105,10,0.11476,0.52521,1.1216,1.69082,0.69275,0.00243,0.00238
basic,105,10,0.11476,0.9055,1.1216,2.47316,0.69265,0.00437,0.00434
basic,105,10,0.11476,1.56112,1.1216,4.76417,0.69122,0.00722,0.00758
basic,105,10,0.11476,2.69146,1.1216,14.75322,0.69156,0.0103,0.01309
basic,105,10,0.11476,4.64023,1.1216,103.56769,0.69208,0.01342,0.02427
basic,105,10,0.11476,8.0,1.1216,2980.95799,0.69208,0.01359,0.02763
basic,105,10,0.16462,0.02,1.17895,1.0202,0.68316,0.00014,0.00014
basic,105,10,0.16462,0.03448,1.17895,1.03508,0.68316,0.00023,0.00023
basic,105,10,0.16462,0.05945,1.17895,1.06125,0.68316,0.0004,0.0004
basic,105,10,0.16462,0.10249,1.17895,1.10793,0.68316,0.0007,0.00069
basic,105,10,0.16462,0.1767,1.17895,1.19327,0.68316,0.00121,0.0012
basic,105,10,0.16462,0.30464,1.17895,1.35613,0.68513,0.00188,0.00184
basic,105,10,0.16462,0.52521,1.17895,1.69082,0.68127,0.00354,0.00345
basic,105,10,0.16462,0.9055,1.17895,2.47316,0.68073,0.00615,0.00593
basic,105,10,0.16462,1.56112,1.17895,4.76417,0.68394,0.01199,0.01202
basic,105,10,0.16462,2.69146,1.17895,14.75322,0.68394,0.01736,0.02073
basic,105,10,0.16462,4.64023,1.17895,103.56769,0.68463,0.02042,0.03575
basic,105,10,0.16462,8.0,1.17895,2980.95799,0.68463,0.02071,0.04212
basic,105,10,0.23615,0.02,1.26637,1.0202,0.70967,9e-05,9e-05
basic,105,10,0.23615,0.03448,1.26637,1.03508,0.71097,0.00015,0.00015
basic,105,10,0.23615,0.05945,1.26637,1.06125,0.71208,0.00025,0.00025
basic,105,10,0.23615,0.10249,1.26637,1.10793,0.71208,0.00044,0.00043
basic,105,10,0.23615,0.1767,1.26637,1.19327,0.71197,0.00083,0.00082
basic,105,10,0.23615,0.30464,1.26637,1.35613,0.71341,0.00144,0.00142
basic,105,10,0.23615,0.52521,1.26637,1.69082,0.71252,0.00249,0.00246
basic,105,10,0.23615,0.9055,1.26637,2.47316,0.70987,0.00584,0.00596
basic,105,10,0.23615,1.56112,1.26637,4.76417,0.71094,0.01181,0.01267
basic,105,10,0.23615,2.69146,1.26637,14.75322,0.70873,0.018,0.02356
basic,105,10,0.23615,4.64023,1.26637,103.56769,0.70841,0.02095,0.04047
basic,105,10,0.23615,8.0,1.26637,2980.95799,0.70841,0.02127,0.0503
basic,105,10,0.33876,0.02,1.40321,1.0202,0.66749,0.00015,0.00015
basic,105,10,0.33876,0.03448,1.40321,1.03508,0.66749,0.00026,0.00026
basic,105,10,0.33876,0.05945,1.40321,1.06125,0.66749,0.00045,0.00045
basic,105,10,0.33876,0.10249,1.40321,1.10793,0.66749,0.00078,0.00078
basic,105,10,0.33876,0.1767,1.40321,1.19327,0.66749,0.00136,0.00134
basic,105,10,0.33876,0.30464,1.40321,1.35613,0.6624,0.00245,0.00237
basic,105,10,0.33876,0.52521,1.40321,1.69082,0.66114,0.00469,0.00443
basic,105,10,0.33876,0.9055,1.40321,2.47316,0.66321,0.00839,0.00779
basic,105,10,0.33876,1.56112,1.40321,4.76417,0.67948,0.01373,0.01312
basic,105,10,0.33876,2.69146,1.40321,14.75322,0.68021,0.02603,0.02957
basic,105,10,0.33876,4.64023,1.40321,103.56769,0.67794,0.02784,0.04549
basic,105,10,0.33876,8.0,1.40321,2980.95799,0.67794,0.02844,0.05945
basic,105,10,0.48596,0.02,1.62573,1.0202,0.67789,0.00024,0.00024
basic,105,10,0.48596,0.03448,1.62573,1.03508,0.67789,0.00041,0.00041
basic,105,10,0.48596,0.05945,1.62573,1.06125,0.6806,0.00073,0.00072
basic,105,10,0.48596,0.10249,1.62573,1.10793,0.6806,0.00126,0.00125
basic,105,10,0.48596,0.1767,1.62573,1.19327,0.68159,0.00235,0.00233
basic,105,10,0.48596,0.30464,1.62573,1.35613,0.68159,0.00407,0.00402
basic,105,10,0.48596,0.52521,1.62573,1.69082,0.67838,0.00744,0.00726
basic,105,10,0.48596,0.9055,1.62573,2.47316,0.68554,0.01122,0.0109
basic,105,10,0.48596,1.56112,1.62573,4.76417,0.67856,0.02161,0.0216
basic,105,10,0.48596,2.69146,1.62573,14.75322,0.6711,0.03763,0.04195
basic,105,10,0.48596,4.64023,1.62573,103.56769,0.67152,0.04542,0.07322
basic,105,10,0.48596,8.0,1.62573,2980.95799,0.67008,0.04709,0.09707
basic,105,10,0.69711,0.02,2.00793,1.0202,0.55279,0.00028,0.00028
basic,105,10,0.69711,0.03448,2.00793,1.03508,0.553,0.00049,0.00049
basic,105,10,0.69711,0.05945,2.00793,1.06125,0.553,0.00085,0.00084
basic,105,10,0.69711,0.10249,2.00793,1.10793,0.553,0.00146,0.00145
basic,105,10,0.69711,0.1767,2.00793,1.19327,0.55151,0.00263,0.00258
basic,105,10,0.69711,0.30464,2.00793,1.35613,0.55865,0.00464,0.0045
basic,105,10,0.69711,0.52521,2.00793,1.69082,0.55994,0.00947,0.00914
basic,105,10,0.69711,0.9055,2.00793,2.47316,0.56567,0.01506,0.01436
basic,105,10,0.69711,1.56112,2.00793,4.76417,0.57949,0.02659,0.02604
basic,105,10,0.69711,2.69146,2.00793,14.75322,0.59295,0.03341,0.03915
basic,105,10,0.69711,4.64023,2.00793,103.56769,0.59383,0.04731,0.07604
basic,105,10,0.69711,8.0,2.00793,2980.95799,0.59537,0.04078,0.08683
basic,105,10,1.0,0.02,2.71828,1.0202,0.49744,0.0003,0.0003
basic,105,10,1.0,0.03448,2.71828,1.03508,0.49694,0.00051,0.00051
basic,105,10,1.0,0.05945,2.71828,1.06125,0.49456,0.00089,0.00088
basic,105,10,1.0,0.10249,2.71828,1.10793,0.49789,0.00152,0.0015
basic,105,10,1.0,0.1767,2.71828,1.19327,0.49578,0.00257,0.00252
basic,105,10,1.0,0.30464,2.71828,1.35613,0.49114,0.00476,0.00459
basic,105,10,1.0,0.52521,2.71828,1.69082,0.49183,0.00998,0.00954
basic,105,10,1.0,0.9055,2.71828,2.47316,0.48979,0.01822,0.01719
basic,105,10,1.0,1.56112,2.71828,4.76417,0.48181,0.03313,0.03164
basic,105,10,1.0,2.69146,2.71828,14.75322,0.488,0.04853,0.05324
basic,105,10,1.0,4.64023,2.71828,103.56769,0.48859,0.0548,0.08227
basic,105,10,1.0,8.0,2.71828,2980.95799,0.49575,0.05532,0.12285
basic,105,20,0.08,0.02,1.08329,1.0202,0.67595,0.00021,0.00021
basic,105,20,0.08,0.03448,1.08329,1.03508,0.67595,0.00037,0.00036
basic,105,20,0.08,0.05945,1.08329,1.06125,0.67359,0.00073,0.00072
basic,105,20,0.08,0.10249,1.08329,1.10793,0.67359,0.00127,0.00124
basic,105,20,0.08,0.1767,1.08329,1.19327,0.67395,0.00229,0.00219
basic,105,20,0.08,0.30464,1.08329,1.35613,0.67417,0.00452,0.00422
basic,105,20,0.08,0.52521,1.08329,1.69082,0.67298,0.0093,0.00832
basic,105,20,0.08,0.9055,1.08329,2.47316,0.66757,0.0171,0.01454
basic,105,20,0.08,1.56112,1.08329,4.76417,0.66838,0.03019,0.02484
basic,105,20,0.08,2.69146,1.08329,14.75322,0.66552,0.0578,0.05008
basic,105,20,0.08,4.64023,1.08329,103.56769,0.66797,0.07398,0.08668
basic,105,20,0.08,8.0,1.08329,2980.95799,0.66797,0.0746,0.09081
basic,105,20,0.11476,0.02,1.1216,1.0202,0.66932,0.00012,0.00012
basic,105,20,0.11476,0.03448,1.1216,1.03508,0.66932,0.00021,0.00021
basic,105,20,0.11476,0.05945,1.1216,1.06125,0.66895,0.00037,0.00036
basic,105,20,0.11476,0.10249,1.1216,1.10793,0.67011,0.0008,0.00078
basic,105,20,0.11476,0.1767,1.1216,1.19327,0.67011,0.0014,0.00135
basic,105,20,0.11476,0.30464,1.1216,1.35613,0.67216,0.00273,0.00256
basic,105,20,0.11476,0.52521,1.1216,1.69082,0.66979,0.00518,0.00465
basic,105,20,0.11476,0.9055,1.1216,2.47316,0.66949,0.01147,0.00981
basic,105,20,0.11476,1.56112,1.1216,4.76417,0.66925,0.0196,0.01638
basic,105,20,0.11476,2.69146,1.1216,14.75322,0.6679,0.03575,0.0318
basic,105,20,0.11476,4.64023,1.1216,103.56769,0.66767,0.03769,0.04516
basic,105,20,0.11476,8.0,1.1216,2980.95799,0.66767,0.03817,0.04819
basic,105,20,0.16462,0.02,1.17895,1.0202,0.66411,0.00013,0.00013
basic,105,20,0.16462,0.03448,1.17895,1.03508,0.66411,0.00023,0.00023
basic,105,20,0.16462,0.05945,1.17895,1.06125,0.66411,0.0004,0.00039
basic,105,20,0.16462,0.10249,1.17895,1.10793,0.66322,0.00068,0.00067
basic,105,20,0.16462,0.1767,1.17895,1.19327,0.66322,0.0012,0.00115
basic,105,20,0.16462,0.30464,1.17895,1.35613,0.66021,0.00258,0.0024
basic,105,20,0.16462,0.52521,1.17895,1.69082,0.65783,0.00633,0.00561
basic,105,20,0.16462,0.9055,1.17895,2.47316,0.65741,0.01317,0.01076
basic,105,20,0.16462,1.56112,1.17895,4.76417,0.65752,0.0314,0.02387
basic,105,20,0.16462,2.69146,1.17895,14.75322,0.65646,0.06263,0.04994
basic,105,20,0.16462,4.64023,1.17895,103.56769,0.65579,0.07438,0.07968
basic,105,20,0.16462,8.0,1.17895,2980.95799,0.65579,0.0756,0.08802
basic,105,20,0.23615,0.02,1.26637,1.0202,0.66737,0.00024,0.00024
basic,105,20,0.23615,0.03448,1.26637,1.03508,0.66737,0.00041,0.00041
basic,105,20,0.23615,0.05945,1.26637,1.06125,0.6659,0.00076,0.00075
basic,105,20,0.23615,0.10249,1.26637,1.10793,0.6659,0.00132,0.00129
basic,105,20,0.23615,0.1767,1.26637,1.19327,0.6659,0.00246,0.00236
basic,105,20,0.23615,0.30464,1.26637,1.35613,0.66956,0.00461,0.0043
basic,105,20,0.23615,0.52521,1.26637,1.69082,0.6683,0.00837,0.00747
basic,105,20,0.23615,0.9055,1.26637,2.47316,0.6663,0.01535,0.0127
basic,105,20,0.23615,1.56112,1.26637,4.76417,0.67743,0.03254,0.02597
basic,105,20,0.23615,2.69146,1.26637,14.75322,0.66473,0.06574,0.05205
basic,105,20,0.23615,4.64023,1.26637,103.56769,0.67598,0.07469,0.07812
basic,105,20,0.23615,8.0,1.26637,2980.95799,0.67929,0.08342,0.09594
basic,105,20,0.33876,0.02,1.40321,1.0202,0.64129,0.00029,0.00029
basic,105,20,0.33876,0.03448,1.40321,1.03508,0.64129,0.0005,0.00049
basic,105,20,0.33876,0.05945,1.40321,1.06125,0.63743,0.00095,0.00094
basic,105,20,0.33876,0.10249,1.40321,1.10793,0.63727,0.00165,0.00161
basic,105,20,0.33876,0.1767,1.40321,1.19327,0.63608,0.00291,0.00279
basic,105,20,0.33876,0.30464,1.40321,1.35613,0.63719,0.00531,0.00496
basic,105,20,0.33876,0.52521,1.40321,1.69082,0.63854,0.00931,0.00829
basic,105,20,0.33876,0.9055,1.40321,2.47316,0.63398,0.0187,0.01553
basic,105,20,0.33876,1.56112,1.40321,4.76417,0.62656,0.05361,0.04284
basic,105,20,0.33876,2.69146,1.40321,14.75322,0.62394,0.09776,0.07988
basic,105,20,0.33876,4.64023,1.40321,103.56769,0.62989,0.12218,0.13453
basic,105,20,0.33876,8.0,1.40321,2980.95799,0.62989,0.12511,0.16001
basic,105,20,0.48596,0.02,1.62573,1.0202,0.59479,0.00029,0.00029
basic,105,20,0.48596,0.03448,1.62573,1.03508,0.59479,0.0005,0.00049
basic,105,20,0.48596,0.05945,1.62573,1.06125,0.59498,0.00083,0.00082
basic,105,20,0.48596,0.10249,1.62573,1.10793,0.59059,0.0014,0.00136
basic,105,20,0.48596,0.1767,1.62573,1.19327,0.5917,0.00269,0.00259
basic,105,20,0.48596,0.30464,1.62573,1.35613,0.58914,0.00499,0.00467
basic,105,20,0.48596,0.52521,1.62573,1.69082,0.59006,0.01005,0.00899
basic,105,20,0.48596,0.9055,1.62573,2.47316,0.5971,0.02257,0.01875
basic,105,20,0.48596,1.56112,1.62573,4.76417,0.59357,0.03919,0.03
basic,105,20,0.48596,2.69146,1.62573,14.75322,0.57102,0.07262,0.05677
basic,105,20,0.48596,4.64023,1.62573,103.56769,0.56879,0.10641,0.11056
basic,105,20,0.48596,8.0,1.62573,2980.95799,0.57984,0.10488,0.13274
basic,105,20,0.69711,0.02,2.00793,1.0202,0.53089,0.00037,0.00037
basic,105,20,0.69711,0.03448,2.00793,1.03508,0.53089,0.00064,0.00063
basic,105,20,0.69711,0.05945,2.00793,1.06125,0.52906,0.00114,0.00112
basic,105,20,0.69711,0.10249,2.00793,1.10793,0.53562,0.00191,0.00186
basic,105,20,0.69711,0.1767,2.00793,1.19327,0.53232,0.00355,0.0034
basic,105,20,0.69711,0.30464,2.00793,1.35613,0.53398,0.00614,0.00572
basic,105,20,0.69711,0.52521,2.00793,1.69082,0.54011,0.01115,0.00989
basic,105,20,0.69711,0.9055,2.00793,2.47316,0.52975,0.02511,0.02102
basic,105,20,0.69711,1.56112,2.00793,4.76417,0.53616,0.05434,0.04293
basic,105,20,0.69711,2.69146,2.00793,14.75322,0.53348,0.09361,0.07462
basic,105,20,0.69711,4.64023,2.00793,103.56769,0.53051,0.12335,0.12049
basic,105,20,0.69711,8.0,2.00793,2980.95799,0.53049,0.1289,0.16361
basic,105,20,1.0,0.02,2.71828,1.0202,0.47287,0.00029,0.00029
basic,105,20,1.0,0.03448,2.71828,1.03508,0.47338,0.00052,0.00052
basic,105,20,1.0,0.05945,2.71828,1.06125,0.48049,0.00089,0.00088
basic,105,20,1.0,0.10249,2.71828,1.10793,0.48006,0.00157,0.00154
basic,105,20,1.0,0.1767,2.71828,1.19327,0.482,0.00263,0.00254
basic,105,20,1.0,0.30464,2.71828,1.35613,0.48763,0.00485,0.00459
basic,105,20,1.0,0.52521,2.71828,1.69082,0.48463,0.00847,0.00771
basic,105,20,1.0,0.9055,2.71828,2.47316,0.48002,0.02173,0.01818
basic,105,20,1.0,1.56112,2.71828,4.76417,0.47454,0.04042,0.0325
basic,105,20,1.0,2.69146,2.71828,14.75322,0.5044,0.07093,0.05771
basic,105,20,1.0,4.64023,2.71828,103.56769,0.48616,0.08709,0.09216
basic,105,20,1.0,8.0,2.71828,2980.95799,0.48962,0.09306,0.12327
basic,105,50,0.08,0.02,1.08329,1.0202,0.62921,0.00022,0.00021
basic,105,50,0.08,0.03448,1.08329,1.03508,0.6264,0.00043,0.00043
basic,105,50,0.08,0.05945,1.08329,1.06125,0.62863,0.00071,0.0007
basic,105,50,0.08,0.10249,1.08329,1.10793,0.63371,0.00138,0.00133
basic,105,50,0.08,0.1767,1.08329,1.19327,0.6341,0.00243,0.00227
basic,105,50,0.08,0.30464,1.08329,1.35613,0.63135,0.00489,0.00437
basic,105,50,0.08,0.52521,1.08329,1.69082,0.63478,0.01133,0.00937
basic,105,50,0.08,0.9055,1.08329,2.47316,0.6321,0.02522,0.01823
basic,105,50,0.08,1.56112,1.08329,4.76417,0.62833,0.07854,0.04573
basic,105,50,0.08,2.69146,1.08329,14.75322,0.61646,0.21459,0.10283
basic,105,50,0.08,4.64023,1.08329,103.56769,0.61387,0.33932,0.1709
basic,105,50,0.08,8.0,1.08329,2980.95799,0.61387,0.34048,0.17232
basic,105,50,0.11476,0.02,1.1216,1.0202,0.61979,0.00023,0.00023
basic,105,50,0.11476,0.03448,1.1216,1.03508,0.62008,0.00041,0.0004
basic,105,50,0.11476,0.05945,1.1216,1.06125,0.62125,0.00079,0.00077
basic,105,50,0.11476,0.10249,1.1216,1.10793,0.62198,0.00141,0.00136
basic,105,50,0.11476,0.1767,1.1216,1.19327,0.62202,0.00261,0.00245
basic,105,50,0.11476,0.30464,1.1216,1.35613,0.62468,0.00436,0.0039
basic,105,50,0.11476,0.52521,1.1216,1.69082,0.62352,0.01016,0.00843
basic,105,50,0.11476,0.9055,1.1216,2.47316,0.61835,0.0258,0.0188
basic,105,50,0.11476,1.56112,1.1216,4.76417,0.61917,0.0704,0.04144
basic,105,50,0.11476,2.69146,1.1216,14.75322,0.61541,0.2138,0.10368
basic,105,50,0.11476,4.64023,1.1216,103.56769,0.63411,0.34048,0.17336
basic,105,50,0.11476,8.0,1.1216,2980.95799,0.63219,0.34525,0.17743
basic,105,50,0.16462,0.02,1.17895,1.0202,0.6314,0.00027,0.00027
basic,105,50,0.16462,0.03448,1.17895,1.03508,0.6314,0.00047,0.00047
basic,105,50,0.16462,0.05945,1.17895,1.06125,0.6314,0.00082,0.00081
basic,105,50,0.16462,0.10249,1.17895,1.10793,0.62403,0.0013,0.00125
basic,105,50,0.16462,0.1767,1.17895,1.19327,0.62744,0.00228,0.00214
basic,105,50,0.16462,0.30464,1.17895,1.35613,0.63005,0.00506,0.00451
basic,105,50,0.16462,0.52521,1.17895,1.69082,0.63046,0.00914,0.0075
basic,105,50,0.16462,0.9055,1.17895,2.47316,0.64271,0.02145,0.01539
basic,105,50,0.16462,1.56112,1.17895,4.76417,0.62856,0.05451,0.03239
basic,105,50,0.16462,2.69146,1.17895,14.75322,0.63322,0.17599,0.07909
basic,105,50,0.16462,4.64023,1.17895,103.56769,0.62733,0.30405,0.14124
basic,105,50,0.16462,8.0,1.17895,2980.95799,0.62733,0.3067,0.14492
basic,105,50,0.23615,0.02,1.26637,1.0202,0.61784,0.00032,0.00032
basic,105,50,0.23615,0.03448,1.26637,1.03508,0.61589,0.00058,0.00057
basic,105,50,0.23615,0.05945,1.26637,1.06125,0.61552,0.00103,0.00101
basic,105,50,0.23615,0.10249,1.26637,1.10793,0.61506,0.00182,0.00175
basic,105,50,0.23615,0.1767,1.26637,1.19327,0.6174,0.00338,0.00317
basic,105,50,0.23615,0.30464,1.26637,1.35613,0.61681,0.0066,0.00592
basic,105,50,0.23615,0.52521,1.26637,1.69082,0.61456,0.01074,0.00896
basic,105,50,0.23615,0.9055,1.26637,2.47316,0.61478,0.02461,0.01797
basic,105,50,0.23615,1.56112,1.26637,4.76417,0.61663,0.06125,0.03744
basic,105,50,0.23615,2.69146,1.26637,14.75322,0.59484,0.13884,0.06927
basic,105,50,0.23615,4.64023,1.26637,103.56769,0.59033,0.23808,0.12173
basic,105,50,0.23615,8.0,1.26637,2980.95799,0.59033,0.24148,0.12725
basic,105,50,0.33876,0.02,1.40321,1.0202,0.5749,0.0004,0.0004
basic,105,50,0.33876,0.03448,1.40321,1.03508,0.57495,0.0007,0.00069
basic,105,50,0.33876,0.05945,1.40321,1.06125,0.574,0.00123,0.00121
basic,105,50,0.33876,0.10249,1.40321,1.10793,0.58006,0.00217,0.0021
basic,105,50,0.33876,0.1767,1.40321,1.19327,0.58633,0.00349,0.0033
basic,105,50,0.33876,0.30464,1.40321,1.35613,0.5784,0.00773,0.007
basic,105,50,0.33876,0.52521,1.40321,1.69082,0.57635,0.01341,0.01119
basic,105,50,0.33876,0.9055,1.40321,2.47316,0.56592,0.03256,0.02427
basic,105,50,0.33876,1.56112,1.40321,4.76417,0.5716,0.07134,0.04257
basic,105,50,0.33876,2.69146,1.40321,14.75322,0.58744,0.16469,0.07796
basic,105,50,0.33876,4.64023,1.40321,103.56769,0.58598,0.26836,0.13104
basic,105,50,0.33876,8.0,1.40321,2980.95799,0.58257,0.27226,0.1461
basic,105,50,0.48596,0.02,1.62573,1.0202,0.54221,0.00033,0.00033
basic,105,50,0.48596,0.03448,1.62573,1.03508,0.53559,0.00062,0.00061
basic,105,50,0.48596,0.05945,1.62573,1.06125,0.53538,0.00111,0.00108
basic,105,50,0.48596,0.10249,1.62573,1.10793,0.5459,0.00194,0.00186
basic,105,50,0.48596,0.1767,1.62573,1.19327,0.54541,0.00364,0.00339
basic,105,50,0.48596,0.30464,1.62573,1.35613,0.54733,0.00629,0.00559
basic,105,50,0.48596,0.52521,1.62573,1.69082,0.55263,0.01262,0.01031
basic,105,50,0.48596,0.9055,1.62573,2.47316,0.53525,0.02407,0.01716
basic,105,50,0.48596,1.56112,1.62573,4.76417,0.53068,0.06063,0.03694
basic,105,50,0.48596,2.69146,1.62573,14.75322,0.53633,0.14907,0.07063
basic,105,50,0.48596,4.64023,1.62573,103.56769,0.52919,0.27331,0.13447
basic,105,50,0.48596,8.0,1.62573,2980.95799,0.52606,0.27853,0.14453
basic,105,50,0.69711,0.02,2.00793,1.0202,0.51932,0.00033,0.00033
basic,105,50,0.69711,0.03448,2.00793,1.03508,0.51454,0.0006,0.00059
basic,105,50,0.69711,0.05945,2.00793,1.06125,0.50027,0.00098,0.00095
basic,105,50,0.69711,0.10249,2.00793,1.10793,0.50362,0.00169,0.00162
basic,105,50,0.69711,0.1767,2.00793,1.19327,0.50317,0.00296,0.00277
basic,105,50,0.69711,0.30464,2.00793,1.35613,0.50256,0.00567,0.00504
basic,105,50,0.69711,0.52521,2.00793,1.69082,0.50951,0.01131,0.00927
basic,105,50,0.69711,0.9055,2.00793,2.47316,0.51425,0.02647,0.01899
basic,105,50,0.69711,1.56112,2.00793,4.76417,0.49635,0.06535,0.03912
basic,105,50,0.69711,2.69146,2.00793,14.75322,0.49533,0.15568,0.0784
basic,105,50,0.69711,4.64023,2.00793,103.56769,0.49244,0.29794,0.151
basic,105,50,0.69711,8.0,2.00793,2980.95799,0.48933,0.31041,0.17276
basic,105,50,1.0,0.02,2.71828,1.0202,0.4314,0.0004,0.00039
basic,105,50,1.0,0.03448,2.71828,1.03508,0.4303,0.00068,0.00068
basic,105,50,1.0,0.05945,2.71828,1.06125,0.42987,0.00116,0.00114
basic,105,50,1.0,0.10249,2.71828,1.10793,0.42917,0.00209,0.00202
basic,105,50,1.0,0.1767,2.71828,1.19327,0.42902,0.00368,0.00345
basic,105,50,1.0,0.30464,2.71828,1.35613,0.45057,0.0068,0.00612
basic,105,50,1.0,0.52521,2.71828,1.69082,0.45571,0.01339,0.01118
basic,105,50,1.0,0.9055,2.71828,2.47316,0.43873,0.03255,0.02387
basic,105,50,1.0,1.56112,2.71828,4.76417,0.44867,0.06945,0.04194
basic,105,50,1.0,2.69146,2.71828,14.75322,0.4569,0.12984,0.06477
basic,105,50,1.0,4.64023,2.71828,103.56769,0.43598,0.23886,0.12454
basic,105,50,1.0,8.0,2.71828,2980.95799,0.44849,0.27498,0.1605
basic,210,5,0.08,0.02,1.08329,1.0202,0.7151,0.00014,0.00014
basic,210,5,0.08,0.03448,1.08329,1.03508,0.7151,0.00024,0.00024
basic,210,5,0.08,0.05945,1.08329,1.06125,0.7151,0.00041,0.00041
basic,210,5,0.08,0.10249,1.08329,1.10793,0.71526,0.00072,0.00071
basic,210,5,0.08,0.1767,1.08329,1.19327,0.71564,0.00126,0.00125
basic,210,5,0.08,0.30464,1.08329,1.35613,0.71583,0.00216,0.00212
basic,210,5,0.08,0.52521,1.08329,1.69082,0.71325,0.00392,0.00382
basic,210,5,0.08,0.9055,1.08329,2.47316,0.71151,0.00685,0.00674
basic,210,5,0.08,1.56112,1.08329,4.76417,0.71083,0.01149,0.01194
basic,210,5,0.08,2.69146,1.08329,14.75322,0.70778,0.01702,0.0215
basic,210,5,0.08,4.64023,1.08329,103.56769,0.71003,0.02068,0.038
basic,210,5,0.08,8.0,1.08329,2980.95799,0.71006,0.0213,0.04526
basic,210,5,0.11476,0.02,1.1216,1.0202,0.71586,0.00019,0.00019
basic,210,5,0.11476,0.03448,1.1216,1.03508,0.71375,0.00033,0.00033
basic,210,5,0.11476,0.05945,1.1216,1.06125,0.71368,0.00057,0.00057
basic,210,5,0.11476,0.10249,1.1216,1.10793,0.71236,0.001,0.00099
basic,210,5,0.11476,0.1767,1.1216,1.19327,0.71189,0.00178,0.00176
basic,210,5,0.11476,0.30464,1.1216,1.35613,0.71198,0.00322,0.00317
basic,210,5,0.11476,0.52521,1.1216,1.69082,0.71089,0.00595,0.00587
basic,210,5,0.11476,0.9055,1.1216,2.47316,0.70715,0.01172,0.01174
basic,210,5,0.11476,1.56112,1.1216,4.76417,0.70856,0.0206,0.02206
basic,210,5,0.11476,2.69146,1.1216,14.75322,0.70792,0.0331,0.04344
basic,210,5,0.11476,4.64023,1.1216,103.56769,0.70769,0.04039,0.08044
basic,210,5,0.11476,8.0,1.1216,2980.95799,0.70863,0.03913,0.09809
basic,210,5,0.16462,0.02,1.17895,1.0202,0.72183,0.00028,0.00028
basic,210,5,0.16462,0.03448,1.17895,1.03508,0.72049,0.00048,0.00048
basic,210,5,0.16462,0.05945,1.17895,1.06125,0.72037,0.00086,0.00085
basic,210,5,0.16462,0.10249,1.17895,1.10793,0.71763,0.00153,0.00152
basic,210,5,0.16462,0.1767,1.17895,1.19327,0.72461,0.00277,0.00274
basic,210,5,0.16462,0.30464,1.17895,1.35613,0.72174,0.00464,0.00458
basic,210,5,0.16462,0.52521,1.17895,1.69082,0.72083,0.00864,0.00848
basic,210,5,0.16462,0.9055,1.17895,2.47316,0.71625,0.01581,0.01574
basic,210,5,0.16462,1.56112,1.17895,4.76417,0.7094,0.02989,0.03165
basic,210,5,0.16462,2.69146,1.17895,14.75322,0.71055,0.0435,0.05547
basic,210,5,0.16462,4.64023,1.17895,103.56769,0.7098,0.04686,0.08805
basic,210,5,0.16462,8.0,1.17895,2980.95799,0.71118,0.04782,0.12327
basic,210,5,0.23615,0.02,1.26637,1.0202,0.68752,0.00037,0.00037
basic,210,5,0.23615,0.03448,1.26637,1.03508,0.68752,0.00065,0.00065
basic,210,5,0.23615,0.05945,1.26637,1.06125,0.6865,0.00116,0.00116
basic,210,5,0.23615,0.10249,1.26637,1.10793,0.6854,0.00205,0.00204
basic,210,5,0.23615,0.1767,1.26637,1.19327,0.68795,0.00332,0.00329
basic,210,5,0.23615,0.30464,1.26637,1.35613,0.68418,0.00588,0.00582
basic,210,5,0.23615,0.52521,1.26637,1.69082,0.68844,0.01056,0.01049
basic,210,5,0.23615,0.9055,1.26637,2.47316,0.6897,0.01811,0.01837
basic,210,5,0.23615,1.56112,1.26637,4.76417,0.6889,0.03638,0.03939
basic,210,5,0.23615,2.69146,1.26637,14.75322,0.70632,0.04972,0.0671
basic,210,5,0.23615,4.64023,1.26637,103.56769,0.70479,0.05731,0.11727
basic,210,5,0.23615,8.0,1.26637,2980.95799,0.7009,0.05955,0.16607
basic,210,5,0.33876,0.02,1.40321,1.0202,0.66704,0.00052,0.00052
basic,210,5,0.33876,0.03448,1.40321,1.03508,0.66601,0.00088,0.00088
basic,210,5,0.33876,0.05945,1.40321,1.06125,0.66718,0.00149,0.00149
basic,210,5,0.33876,0.10249,1.40321,1.10793,0.66599,0.0026,0.00259
basic,210,5,0.33876,0.1767,1.40321,1.19327,0.66806,0.00436,0.00433
basic,210,5,0.33876,0.30464,1.40321,1.35613,0.66606,0.00771,0.00764
basic,210,5,0.33876,0.52521,1.40321,1.69082,0.66813,0.01399,0.01391
basic,210,5,0.33876,0.9055,1.40321,2.47316,0.67439,0.02503,0.02562
basic,210,5,0.33876,1.56112,1.40321,4.76417,0.67686,0.03697,0.04089
basic,210,5,0.33876,2.69146,1.40321,14.75322,0.67273,0.05582,0.07572
basic,210,5,0.33876,4.64023,1.40321,103.56769,0.6736,0.06556,0.13069
basic,210,5,0.33876,8.0,1.40321,2980.95799,0.6729,0.07136,0.2041
basic,210,5,0.48596,0.02,1.62573,1.0202,0.60598,0.00068,0.00068
basic,210,5,0.48596,0.03448,1.62573,1.03508,0.60419,0.00119,0.00119
basic,210,5,0.48596,0.05945,1.62573,1.06125,0.60044,0.00207,0.00207
basic,210,5,0.48596,0.10249,1.62573,1.10793,0.61204,0.00343,0.00342
basic,210,5,0.48596,0.1767,1.62573,1.19327,0.61221,0.0061,0.00608
basic,210,5,0.48596,0.30464,1.62573,1.35613,0.61797,0.01036,0.01032
basic,210,5,0.48596,0.52521,1.62573,1.69082,0.60998,0.01803,0.01798
basic,210,5,0.48596,0.9055,1.62573,2.47316,0.61652,0.03315,0.03429
basic,210,5,0.48596,1.56112,1.62573,4.76417,0.61356,0.05611,0.06264
basic,210,5,0.48596,2.69146,1.62573,14.75322,0.62417,0.07505,0.104
basic,210,5,0.48596,4.64023,1.62573,103.56769,0.62364,0.09166,0.18706
basic,210,5,0.48596,8.0,1.62573,2980.95799,0.62037,0.08967,0.27083
basic,210,5,0.69711,0.02,2.00793,1.0202,0.53937,0.00086,0.00086
basic,210,5,0.69711,0.03448,2.00793,1.03508,0.53948,0.0015,0.00149
basic,210,5,0.69711,0.05945,2.00793,1.06125,0.54347,0.00264,0.00263
basic,210,5,0.69711,0.10249,2.00793,1.10793,0.53842,0.00465,0.00464
basic,210,5,0.69711,0.1767,2.00793,1.19327,0.54369,0.00835,0.00832
basic,210,5,0.69711,0.30464,2.00793,1.35613,0.54793,0.01389,0.01384
basic,210,5,0.69711,0.52521,2.00793,1.69082,0.54285,0.026,0.02601
basic,210,5,0.69711,0.9055,2.00793,2.47316,0.5307,0.05024,0.05236
basic,210,5,0.69711,1.56112,2.00793,4.76417,0.5304,0.08297,0.09511
basic,210,5,0.69711,2.69146,2.00793,14.75322,0.53913,0.10778,0.15751
basic,210,5,0.69711,4.64023,2.00793,103.56769,0.53977,0.12257,0.26129
basic,210,5,0.69711,8.0,2.00793,2980.95799,0.53567,0.11842,0.3871
basic,210,5,1.0,0.02,2.71828,1.0202,0.4392,0.00114,0.00114
basic,210,5,1.0,0.03448,2.71828,1.03508,0.44015,0.002,0.00199
basic,210,5,1.0,0.05945,2.71828,1.06125,0.44109,0.0036,0.00359
basic,210,5,1.0,0.10249,2.71828,1.10793,0.43971,0.00613,0.00613
basic,210,5,1.0,0.1767,2.71828,1.19327,0.43486,0.01041,0.0104
basic,210,5,1.0,0.30464,2.71828,1.35613,0.45163,0.01776,0.01785
basic,210,5,1.0,0.52521,2.71828,1.69082,0.44337,0.03292,0.03351
basic,210,5,1.0,0.9055,2.71828,2.47316,0.44273,0.05686,0.06071
basic,210,5,1.0,1.56112,2.71828,4.76417,0.46147,0.08945,0.10873
basic,210,5,1.0,2.69146,2.71828,14.75322,0.47052,0.12185,0.19293
basic,210,5,1.0,4.64023,2.71828,103.56769,0.46592,0.12645,0.29296
basic,210,5,1.0,8.0,2.71828,2980.95799,0.47588,0.13045,0.45439
basic,210,10,0.08,0.02,1.08329,1.0202,0.73188,0.00022,0.00022
basic,210,10,0.08,0.03448,1.08329,1.03508,0.73188,0.00038,0.00038
basic,210,10,0.08,0.05945,1.08329,1.06125,0.73135,0.00063,0.00063
basic,210,10,0.08,0.10249,1.08329,1.10793,0.7333,0.00105,0.00102
basic,210,10,0.08,0.1767,1.08329,1.19327,0.7303,0.00191,0.00184
basic,210,10,0.08,0.30464,1.08329,1.35613,0.73271,0.00376,0.0035
basic,210,10,0.08,0.52521,1.08329,1.69082,0.72913,0.00711,0.00629
basic,210,10,0.08,0.9055,1.08329,2.47316,0.73484,0.01348,0.0111
basic,210,10,0.08,1.56112,1.08329,4.76417,0.73197,0.03385,0.02606
basic,210,10,0.08,2.69146,1.08329,14.75322,0.73298,0.06028,0.04686
basic,210,10,0.08,4.64023,1.08329,103.56769,0.73598,0.07967,0.08145
basic,210,10,0.08,8.0,1.08329,2980.95799,0.73495,0.08319,0.0911
basic,210,10,0.11476,0.02,1.1216,1.0202,0.73444,0.00026,0.00025
basic,210,10,0.11476,0.03448,1.1216,1.03508,0.73543,0.00047,0.00047
basic,210,10,0.11476,0.05945,1.1216,1.06125,0.73391,0.00083,0.00081
basic,210,10,0.11476,0.10249,1.1216,1.10793,0.734,0.00144,0.00141
basic,210,10,0.11476,0.1767,1.1216,1.19327,0.73312,0.00246,0.00236
basic,210,10,0.11476,0.30464,1.1216,1.35613,0.73596,0.00424,0.00394
basic,210,10,0.11476,0.52521,1.1216,1.69082,0.73465,0.00844,0.00748
basic,210,10,0.11476,0.9055,1.1216,2.47316,0.7336,0.01726,0.01411
basic,210,10,0.11476,1.56112,1.1216,4.76417,0.72467,0.0398,0.03092
basic,210,10,0.11476,2.69146,1.1216,14.75322,0.73028,0.0683,0.05561
basic,210,10,0.11476,4.64023,1.1216,103.56769,0.73229,0.10154,0.10861
basic,210,10,0.11476,8.0,1.1216,2980.95799,0.73229,0.10353,0.12499
basic,210,10,0.16462,0.02,1.17895,1.0202,0.73683,0.00032,0.00032
basic,210,10,0.16462,0.03448,1.17895,1.03508,0.73249,0.00058,0.00058
basic,210,10,0.16462,0.05945,1.17895,1.06125,0.72961,0.00097,0.00096
basic,210,10,0.16462,0.10249,1.17895,1.10793,0.72933,0.00163,0.0016
basic,210,10,0.16462,0.1767,1.17895,1.19327,0.73108,0.00271,0.0026
basic,210,10,0.16462,0.30464,1.17895,1.35613,0.73191,0.00481,0.00451
basic,210,10,0.16462,0.52521,1.17895,1.69082,0.74101,0.00962,0.00866
basic,210,10,0.16462,0.9055,1.17895,2.47316,0.7423,0.01864,0.01566
basic,210,10,0.16462,1.56112,1.17895,4.76417,0.72967,0.04315,0.03386
basic,210,10,0.16462,2.69146,1.17895,14.75322,0.72316,0.1019,0.07928
basic,210,10,0.16462,4.64023,1.17895,103.56769,0.71799,0.13485,0.1388
basic,210,10,0.16462,8.0,1.17895,2980.95799,0.71475,0.14052,0.17588
basic,210,10,0.23615,0.02,1.26637,1.0202,0.70627,0.00043,0.00043
basic,210,10,0.23615,0.03448,1.26637,1.03508,0.70976,0.00073,0.00072
basic,210,10,0.23615,0.05945,1.26637,1.06125,0.71029,0.00126,0.00125
basic,210,10,0.23615,0.10249,1.26637,1.10793,0.71402,0.00223,0.00217
basic,210,10,0.23615,0.1767,1.26637,1.19327,0.70763,0.00438,0.0042
basic,210,10,0.23615,0.30464,1.26637,1.35613,0.70109,0.00934,0.00874
basic,210,10,0.23615,0.52521,1.26637,1.69082,0.70145,0.0152,0.01365
basic,210,10,0.23615,0.9055,1.26637,2.47316,0.70385,0.03485,0.02985
basic,210,10,0.23615,1.56112,1.26637,4.76417,0.69664,0.06289,0.05063
basic,210,10,0.23615,2.69146,1.26637,14.75322,0.70101,0.12429,0.1049
basic,210,10,0.23615,4.64023,1.26637,103.56769,0.69738,0.15793,0.16953
basic,210,10,0.23615,8.0,1.26637,2980.95799,0.69541,0.1652,0.21788
basic,210,10,0.33876,0.02,1.40321,1.0202,0.66341,0.00057,0.00057
basic,210,10,0.33876,0.03448,1.40321,1.03508,0.66475,0.001,0.00099
basic,210,10,0.33876,0.05945,1.40321,1.06125,0.66477,0.00173,0.00171
basic,210,10,0.33876,0.10249,1.40321,1.10793,0.66573,0.0031,0.00303
basic,210,10,0.33876,0.1767,1.40321,1.19327,0.67865,0.00538,0.00519
basic,210,10,0.33876,0.30464,1.40321,1.35613,0.67757,0.00986,0.0093
basic,210,10,0.33876,0.52521,1.40321,1.69082,0.67721,0.0182,0.01636
basic,210,10,0.33876,0.9055,1.40321,2.47316,0.65649,0.03998,0.03405
basic,210,10,0.33876,1.56112,1.40321,4.76417,0.65926,0.08629,0.06926
basic,210,10,0.33876,2.69146,1.40321,14.75322,0.66914,0.14343,0.1224
basic,210,10,0.33876,4.64023,1.40321,103.56769,0.66427,0.18843,0.20553
basic,210,10,0.33876,8.0,1.40321,2980.95799,0.66498,0.18741,0.26896
basic,210,10,0.48596,0.02,1.62573,1.0202,0.61483,0.00075,0.00075
basic,210,10,0.48596,0.03448,1.62573,1.03508,0.61135,0.00131,0.0013
basic,210,10,0.48596,0.05945,1.62573,1.06125,0.60667,0.00227,0.00224
basic,210,10,0.48596,0.10249,1.62573,1.10793,0.60559,0.00401,0.00391
basic,210,10,0.48596,0.1767,1.62573,1.19327,0.60504,0.00683,0.00657
basic,210,10,0.48596,0.30464,1.62573,1.35613,0.60882,0.0119,0.01117
basic,210,10,0.48596,0.52521,1.62573,1.69082,0.60287,0.02539,0.02299
basic,210,10,0.48596,0.9055,1.62573,2.47316,0.61152,0.04993,0.0432
basic,210,10,0.48596,1.56112,1.62573,4.76417,0.62384,0.09466,0.07771
basic,210,10,0.48596,2.69146,1.62573,14.75322,0.62497,0.15703,0.14038
basic,210,10,0.48596,4.64023,1.62573,103.56769,0.61625,0.19932,0.23335
basic,210,10,0.48596,8.0,1.62573,2980.95799,0.61097,0.21234,0.34145
basic,210,10,0.69711,0.02,2.00793,1.0202,0.53303,0.00091,0.0009
basic,210,10,0.69711,0.03448,2.00793,1.03508,0.5312,0.00157,0.00156
basic,210,10,0.69711,0.05945,2.00793,1.06125,0.53576,0.00272,0.00269
basic,210,10,0.69711,0.10249,2.00793,1.10793,0.53063,0.00491,0.00481
basic,210,10,0.69711,0.1767,2.00793,1.19327,0.53087,0.00854,0.00823
basic,210,10,0.69711,0.30464,2.00793,1.35613,0.53956,0.01612,0.01518
basic,210,10,0.69711,0.52521,2.00793,1.69082,0.53999,0.0311,0.02817
basic,210,10,0.69711,0.9055,2.00793,2.47316,0.55612,0.05564,0.04808
basic,210,10,0.69711,1.56112,2.00793,4.76417,0.55808,0.10651,0.09011
basic,210,10,0.69711,2.69146,2.00793,14.75322,0.56011,0.16451,0.14866
basic,210,10,0.69711,4.64023,2.00793,103.56769,0.5486,0.24501,0.29081
basic,210,10,0.69711,8.0,2.00793,2980.95799,0.56205,0.25076,0.39963
basic,210,10,1.0,0.02,2.71828,1.0202,0.40956,0.00141,0.0014
basic,210,10,1.0,0.03448,2.71828,1.03508,0.41,0.00243,0.00241
basic,210,10,1.0,0.05945,2.71828,1.06125,0.41249,0.00424,0.0042
basic,210,10,1.0,0.10249,2.71828,1.10793,0.41902,0.00765,0.00751
basic,210,10,1.0,0.1767,2.71828,1.19327,0.43246,0.01275,0.01237
basic,210,10,1.0,0.30464,2.71828,1.35613,0.43537,0.02307,0.02194
basic,210,10,1.0,0.52521,2.71828,1.69082,0.44376,0.04095,0.03754
basic,210,10,1.0,0.9055,2.71828,2.47316,0.45641,0.08072,0.0714
basic,210,10,1.0,1.56112,2.71828,4.76417,0.45859,0.14786,0.12862
basic,210,10,1.0,2.69146,2.71828,14.75322,0.4706,0.24769,0.23883
basic,210,10,1.0,4.64023,2.71828,103.56769,0.46344,0.29662,0.38262
basic,210,10,1.0,8.0,2.71828,2980.95799,0.46965,0.28654,0.5279
basic,210,20,0.08,0.02,1.08329,1.0202,0.74886,0.0003,0.0003
basic,210,20,0.08,0.03448,1.08329,1.03508,0.75006,0.00051,0.0005
basic,210,20,0.08,0.05945,1.08329,1.06125,0.74818,0.0009,0.00088
basic,210,20,0.08,0.10249,1.08329,1.10793,0.74887,0.00156,0.0015
basic,210,20,0.08,0.1767,1.08329,1.19327,0.74697,0.00304,0.00286
basic,210,20,0.08,0.30464,1.08329,1.35613,0.74573,0.00646,0.00584
basic,210,20,0.08,0.52521,1.08329,1.69082,0.73825,0.01355,0.01146
basic,210,20,0.08,0.9055,1.08329,2.47316,0.7477,0.02673,0.02017
basic,210,20,0.08,1.56112,1.08329,4.76417,0.74353,0.06059,0.03715
basic,210,20,0.08,2.69146,1.08329,14.75322,0.74504,0.17231,0.0867
basic,210,20,0.08,4.64023,1.08329,103.56769,0.73917,0.29066,0.15745
basic,210,20,0.08,8.0,1.08329,2980.95799,0.73917,0.2927,0.16192
basic,210,20,0.11476,0.02,1.1216,1.0202,0.74667,0.00029,0.00029
basic,210,20,0.11476,0.03448,1.1216,1.03508,0.74657,0.0005,0.0005
basic,210,20,0.11476,0.05945,1.1216,1.06125,0.74987,0.00088,0.00086
basic,210,20,0.11476,0.10249,1.1216,1.10793,0.74945,0.00154,0.00149
basic,210,20,0.11476,0.1767,1.1216,1.19327,0.75169,0.00281,0.00265
basic,210,20,0.11476,0.30464,1.1216,1.35613,0.74257,0.00533,0.00483
basic,210,20,0.11476,0.52521,1.1216,1.69082,0.74684,0.01067,0.00908
basic,210,20,0.11476,0.9055,1.1216,2.47316,0.73994,0.02544,0.01912
basic,210,20,0.11476,1.56112,1.1216,4.76417,0.72518,0.07628,0.04812
basic,210,20,0.11476,2.69146,1.1216,14.75322,0.73645,0.1719,0.08981
basic,210,20,0.11476,4.64023,1.1216,103.56769,0.73473,0.29992,0.16383
basic,210,20,0.11476,8.0,1.1216,2980.95799,0.73062,0.30301,0.17198
basic,210,20,0.16462,0.02,1.17895,1.0202,0.71799,0.00037,0.00036
basic,210,20,0.16462,0.03448,1.17895,1.03508,0.72094,0.00063,0.00062
basic,210,20,0.16462,0.05945,1.17895,1.06125,0.7176,0.00108,0.00105
basic,210,20,0.16462,0.10249,1.17895,1.10793,0.71694,0.00196,0.00189
basic,210,20,0.16462,0.1767,1.17895,1.19327,0.71683,0.00362,0.0034
basic,210,20,0.16462,0.30464,1.17895,1.35613,0.72614,0.00652,0.0059
basic,210,20,0.16462,0.52521,1.17895,1.69082,0.72632,0.01315,0.01111
basic,210,20,0.16462,0.9055,1.17895,2.47316,0.72622,0.03095,0.02283
basic,210,20,0.16462,1.56112,1.17895,4.76417,0.73863,0.07575,0.0479
basic,210,20,0.16462,2.69146,1.17895,14.75322,0.71583,0.18268,0.10167
basic,210,20,0.16462,4.64023,1.17895,103.56769,0.71055,0.35067,0.20292
basic,210,20,0.16462,8.0,1.17895,2980.95799,0.71454,0.35641,0.22074
basic,210,20,0.23615,0.02,1.26637,1.0202,0.69431,0.00047,0.00047
basic,210,20,0.23615,0.03448,1.26637,1.03508,0.69756,0.00082,0.00081
basic,210,20,0.23615,0.05945,1.26637,1.06125,0.70254,0.00143,0.00141
basic,210,20,0.23615,0.10249,1.26637,1.10793,0.70483,0.00254,0.00245
basic,210,20,0.23615,0.1767,1.26637,1.19327,0.70715,0.00414,0.0039
basic,210,20,0.23615,0.30464,1.26637,1.35613,0.70016,0.00893,0.0081
basic,210,20,0.23615,0.52521,1.26637,1.69082,0.69612,0.01783,0.01501
basic,210,20,0.23615,0.9055,1.26637,2.47316,0.69687,0.03925,0.02956
basic,210,20,0.23615,1.56112,1.26637,4.76417,0.6998,0.10041,0.06248
basic,210,20,0.23615,2.69146,1.26637,14.75322,0.69935,0.22109,0.11898
basic,210,20,0.23615,4.64023,1.26637,103.56769,0.67964,0.41298,0.25269
basic,210,20,0.23615,8.0,1.26637,2980.95799,0.6861,0.41465,0.28556
basic,210,20,0.33876,0.02,1.40321,1.0202,0.64588,0.00064,0.00064
basic,210,20,0.33876,0.03448,1.40321,1.03508,0.64532,0.00112,0.00111
basic,210,20,0.33876,0.05945,1.40321,1.06125,0.64495,0.00199,0.00195
basic,210,20,0.33876,0.10249,1.40321,1.10793,0.64674,0.00377,0.00365
basic,210,20,0.33876,0.1767,1.40321,1.19327,0.64513,0.00658,0.00623
basic,210,20,0.33876,0.30464,1.40321,1.35613,0.65588,0.01075,0.00979
basic,210,20,0.33876,0.52521,1.40321,1.69082,0.64387,0.02174,0.01834
basic,210,20,0.33876,0.9055,1.40321,2.47316,0.64684,0.04502,0.03386
basic,210,20,0.33876,1.56112,1.40321,4.76417,0.66817,0.10141,0.06481
basic,210,20,0.33876,2.69146,1.40321,14.75322,0.65919,0.24632,0.1388
basic,210,20,0.33876,4.64023,1.40321,103.56769,0.64423,0.38591,0.2433
basic,210,20,0.33876,8.0,1.40321,2980.95799,0.6471,0.41466,0.29634
basic,210,20,0.48596,0.02,1.62573,1.0202,0.58018,0.00078,0.00077
basic,210,20,0.48596,0.03448,1.62573,1.03508,0.58304,0.00135,0.00134
basic,210,20,0.48596,0.05945,1.62573,1.06125,0.58603,0.00224,0.0022
basic,210,20,0.48596,0.10249,1.62573,1.10793,0.58162,0.00425,0.00411
basic,210,20,0.48596,0.1767,1.62573,1.19327,0.59486,0.00711,0.00671
basic,210,20,0.48596,0.30464,1.62573,1.35613,0.60095,0.01462,0.01329
basic,210,20,0.48596,0.52521,1.62573,1.69082,0.59975,0.02644,0.0225
basic,210,20,0.48596,0.9055,1.62573,2.47316,0.60644,0.06118,0.04601
basic,210,20,0.48596,1.56112,1.62573,4.76417,0.60413,0.13289,0.08541
basic,210,20,0.48596,2.69146,1.62573,14.75322,0.607,0.28866,0.16678
basic,210,20,0.48596,4.64023,1.62573,103.56769,0.59713,0.4378,0.27625
basic,210,20,0.48596,8.0,1.62573,2980.95799,0.59978,0.46651,0.34411
basic,210,20,0.69711,0.02,2.00793,1.0202,0.51155,0.001,0.00099
basic,210,20,0.69711,0.03448,2.00793,1.03508,0.50548,0.00176,0.00174
basic,210,20,0.69711,0.05945,2.00793,1.06125,0.50976,0.00314,0.00308
basic,210,20,0.69711,0.10249,2.00793,1.10793,0.50594,0.0057,0.00552
basic,210,20,0.69711,0.1767,2.00793,1.19327,0.5152,0.00971,0.00918
basic,210,20,0.69711,0.30464,2.00793,1.35613,0.52294,0.01915,0.01748
basic,210,20,0.69711,0.52521,2.00793,1.69082,0.5416,0.03304,0.02813
basic,210,20,0.69711,0.9055,2.00793,2.47316,0.53554,0.07802,0.05944
basic,210,20,0.69711,1.56112,2.00793,4.76417,0.54289,0.15223,0.10094
basic,210,20,0.69711,2.69146,2.00793,14.75322,0.53462,0.33433,0.19109
basic,210,20,0.69711,4.64023,2.00793,103.56769,0.53797,0.48158,0.31815
basic,210,20,0.69711,8.0,2.00793,2980.95799,0.53796,0.48422,0.39835
basic,210,20,1.0,0.02,2.71828,1.0202,0.43684,0.00127,0.00127
basic,210,20,1.0,0.03448,2.71828,1.03508,0.43883,0.00222,0.00219
basic,210,20,1.0,0.05945,2.71828,1.06125,0.43725,0.00384,0.00377
basic,210,20,1.0,0.10249,2.71828,1.10793,0.44383,0.00679,0.00659
basic,210,20,1.0,0.1767,2.71828,1.19327,0.43544,0.0122,0.01158
basic,210,20,1.0,0.30464,2.71828,1.35613,0.43158,0.02424,0.02213
basic,210,20,1.0,0.52521,2.71828,1.69082,0.45326,0.04159,0.03588
basic,210,20,1.0,0.9055,2.71828,2.47316,0.46708,0.08255,0.06446
basic,210,20,1.0,1.56112,2.71828,4.76417,0.46502,0.17931,0.12216
basic,210,20,1.0,2.69146,2.71828,14.75322,0.45948,0.35613,0.21337
basic,210,20,1.0,4.64023,2.71828,103.56769,0.46278,0.52835,0.37357
basic,210,20,1.0,8.0,2.71828,2980.95799,0.45114,0.53519,0.50106
basic,210,50,0.08,0.02,1.08329,1.0202,0.73238,0.00035,0.00034
basic,210,50,0.08,0.03448,1.08329,1.03508,0.73243,0.0006,0.00059
basic,210,50,0.08,0.05945,1.08329,1.06125,0.73448,0.0011,0.00108
basic,210,50,0.08,0.10249,1.08329,1.10793,0.73714,0.00193,0.00185
basic,210,50,0.08,0.1767,1.08329,1.19327,0.73288,0.00355,0.0033
basic,210,50,0.08,0.30464,1.08329,1.35613,0.73604,0.00701,0.00619
basic,210,50,0.08,0.52521,1.08329,1.69082,0.72595,0.01405,0.01118
basic,210,50,0.08,0.9055,1.08329,2.47316,0.72298,0.03074,0.02092
basic,210,50,0.08,1.56112,1.08329,4.76417,0.7267,0.09855,0.04942
basic,210,50,0.08,2.69146,1.08329,14.75322,0.70654,0.35746,0.12105
basic,210,50,0.08,4.64023,1.08329,103.56769,0.70036,0.8004,0.21472
basic,210,50,0.08,8.0,1.08329,2980.95799,0.70036,0.8022,0.21578
basic,210,50,0.11476,0.02,1.1216,1.0202,0.71675,0.00038,0.00038
basic,210,50,0.11476,0.03448,1.1216,1.03508,0.71922,0.00061,0.0006
basic,210,50,0.11476,0.05945,1.1216,1.06125,0.71763,0.00103,0.001
basic,210,50,0.11476,0.10249,1.1216,1.10793,0.71471,0.00189,0.00181
basic,210,50,0.11476,0.1767,1.1216,1.19327,0.7121,0.00373,0.00346
basic,210,50,0.11476,0.30464,1.1216,1.35613,0.70846,0.00701,0.00615
basic,210,50,0.11476,0.52521,1.1216,1.69082,0.71032,0.01359,0.01079
basic,210,50,0.11476,0.9055,1.1216,2.47316,0.72058,0.03415,0.02335
basic,210,50,0.11476,1.56112,1.1216,4.76417,0.708,0.09173,0.04712
basic,210,50,0.11476,2.69146,1.1216,14.75322,0.70669,0.34287,0.11234
basic,210,50,0.11476,4.64023,1.1216,103.56769,0.69771,0.83814,0.23393
basic,210,50,0.11476,8.0,1.1216,2980.95799,0.69667,0.87254,0.24425
basic,210,50,0.16462,0.02,1.17895,1.0202,0.68167,0.00048,0.00047
basic,210,50,0.16462,0.03448,1.17895,1.03508,0.68393,0.00082,0.00081
basic,210,50,0.16462,0.05945,1.17895,1.06125,0.68083,0.00155,0.00151
basic,210,50,0.16462,0.10249,1.17895,1.10793,0.68208,0.00279,0.00267
basic,210,50,0.16462,0.1767,1.17895,1.19327,0.68813,0.00453,0.0042
basic,210,50,0.16462,0.30464,1.17895,1.35613,0.67588,0.00846,0.0074
basic,210,50,0.16462,0.52521,1.17895,1.69082,0.68955,0.01641,0.01299
basic,210,50,0.16462,0.9055,1.17895,2.47316,0.69031,0.04237,0.02874
basic,210,50,0.16462,1.56112,1.17895,4.76417,0.69164,0.11145,0.05704
basic,210,50,0.16462,2.69146,1.17895,14.75322,0.68638,0.37216,0.12713
basic,210,50,0.16462,4.64023,1.17895,103.56769,0.68062,0.77266,0.21036
basic,210,50,0.16462,8.0,1.17895,2980.95799,0.68188,0.77682,0.21611
basic,210,50,0.23615,0.02,1.26637,1.0202,0.64247,0.00051,0.00051
basic,210,50,0.23615,0.03448,1.26637,1.03508,0.63221,0.00091,0.00089
basic,210,50,0.23615,0.05945,1.26637,1.06125,0.63825,0.00157,0.00154
basic,210,50,0.23615,0.10249,1.26637,1.10793,0.63623,0.00293,0.0028
basic,210,50,0.23615,0.1767,1.26637,1.19327,0.65242,0.00553,0.00514
basic,210,50,0.23615,0.30464,1.26637,1.35613,0.64829,0.01082,0.00954
basic,210,50,0.23615,0.52521,1.26637,1.69082,0.65712,0.02099,0.01664
basic,210,50,0.23615,0.9055,1.26637,2.47316,0.6648,0.0483,0.03275
basic,210,50,0.23615,1.56112,1.26637,4.76417,0.68541,0.11449,0.05764
basic,210,50,0.23615,2.69146,1.26637,14.75322,0.65526,0.40758,0.13794
basic,210,50,0.23615,4.64023,1.26637,103.56769,0.63615,0.8741,0.25213
basic,210,50,0.23615,8.0,1.26637,2980.95799,0.64117,0.8912,0.2636
basic,210,50,0.33876,0.02,1.40321,1.0202,0.61212,0.00068,0.00067
basic,210,50,0.33876,0.03448,1.40321,1.03508,0.60594,0.0012,0.00118
basic,210,50,0.33876,0.05945,1.40321,1.06125,0.60692,0.00204,0.00199
basic,210,50,0.33876,0.10249,1.40321,1.10793,0.60475,0.00355,0.0034
basic,210,50,0.33876,0.1767,1.40321,1.19327,0.606,0.00618,0.00574
basic,210,50,0.33876,0.30464,1.40321,1.35613,0.5888,0.01316,0.01154
basic,210,50,0.33876,0.52521,1.40321,1.69082,0.6235,0.02316,0.0187
basic,210,50,0.33876,0.9055,1.40321,2.47316,0.61787,0.04973,0.03427
basic,210,50,0.33876,1.56112,1.40321,4.76417,0.62048,0.14377,0.07299
basic,210,50,0.33876,2.69146,1.40321,14.75322,0.62817,0.39221,0.13748
basic,210,50,0.33876,4.64023,1.40321,103.56769,0.58826,0.97307,0.27311
basic,210,50,0.33876,8.0,1.40321,2980.95799,0.59005,1.06082,0.30378
basic,210,50,0.48596,0.02,1.62573,1.0202,0.54783,0.00076,0.00075
basic,210,50,0.48596,0.03448,1.62573,1.03508,0.56044,0.00131,0.00129
basic,210,50,0.48596,0.05945,1.62573,1.06125,0.55455,0.00224,0.00218
basic,210,50,0.48596,0.10249,1.62573,1.10793,0.55544,0.00407,0.00389
basic,210,50,0.48596,0.1767,1.62573,1.19327,0.55178,0.00708,0.00658
basic,210,50,0.48596,0.30464,1.62573,1.35613,0.55733,0.01249,0.01099
basic,210,50,0.48596,0.52521,1.62573,1.69082,0.57686,0.02725,0.02172
basic,210,50,0.48596,0.9055,1.62573,2.47316,0.58389,0.05516,0.03792
basic,210,50,0.48596,1.56112,1.62573,4.76417,0.59355,0.15511,0.07913
basic,210,50,0.48596,2.69146,1.62573,14.75322,0.58147,0.41426,0.15124
basic,210,50,0.48596,4.64023,1.62573,103.56769,0.56717,0.98125,0.29258
basic,210,50,0.48596,8.0,1.62573,2980.95799,0.57742,1.02227,0.30731
basic,210,50,0.69711,0.02,2.00793,1.0202,0.49528,0.00089,0.00088
basic,210,50,0.69711,0.03448,2.00793,1.03508,0.48996,0.00155,0.00153
basic,210,50,0.69711,0.05945,2.00793,1.06125,0.48431,0.00283,0.00277
basic,210,50,0.69711,0.10249,2.00793,1.10793,0.49348,0.00517,0.00496
basic,210,50,0.69711,0.1767,2.00793,1.19327,0.50256,0.00889,0.00829
basic,210,50,0.69711,0.30464,2.00793,1.35613,0.49829,0.01574,0.01387
basic,210,50,0.69711,0.52521,2.00793,1.69082,0.49975,0.0323,0.02601
basic,210,50,0.69711,0.9055,2.00793,2.47316,0.51809,0.07059,0.0485
basic,210,50,0.69711,1.56112,2.00793,4.76417,0.51833,0.18691,0.09641
basic,210,50,0.69711,2.69146,2.00793,14.75322,0.51377,0.47609,0.17239
basic,210,50,0.69711,4.64023,2.00793,103.56769,0.50612,1.02235,0.32041
basic,210,50,0.69711,8.0,2.00793,2980.95799,0.49362,1.13318,0.38249
basic,210,50,1.0,0.02,2.71828,1.0202,0.42052,0.00104,0.00103
basic,210,50,1.0,0.03448,2.71828,1.03508,0.42352,0.00178,0.00175
basic,210,50,1.0,0.05945,2.71828,1.06125,0.42704,0.00318,0.0031
basic,210,50,1.0,0.10249,2.71828,1.10793,0.42955,0.00571,0.00548
basic,210,50,1.0,0.1767,2.71828,1.19327,0.42666,0.01028,0.00956
basic,210,50,1.0,0.30464,2.71828,1.35613,0.43433,0.01933,0.01707
basic,210,50,1.0,0.52521,2.71828,1.69082,0.43537,0.03832,0.03094
basic,210,50,1.0,0.9055,2.71828,2.47316,0.44242,0.08217,0.0568
basic,210,50,1.0,1.56112,2.71828,4.76417,0.47028,0.18667,0.09742
basic,210,50,1.0,2.69146,2.71828,14.75322,0.47394,0.49816,0.1923
basic,210,50,1.0,4.64023,2.71828,103.56769,0.44145,1.07724,0.36476
basic,210,50,1.0,8.0,2.71828,2980.95799,0.45646,1.11145,0.40753
basic,420,5,0.08,0.02,1.08329,1.0202,0.75432,0.00029,0.00029
basic,420,5,0.08,0.03448,1.08329,1.03508,0.75469,0.00048,0.00048
basic,420,5,0.08,0.05945,1.08329,1.06125,0.75235,0.00086,0.00086
basic,420,5,0.08,0.10249,1.08329,1.10793,0.75348,0.00161,0.0016
basic,420,5,0.08,0.1767,1.08329,1.19327,0.75536,0.00277,0.00274
basic,420,5,0.08,0.30464,1.08329,1.35613,0.75249,0.00507,0.00499
basic,420,5,0.08,0.52521,1.08329,1.69082,0.75895,0.00872,0.0086
basic,420,5,0.08,0.9055,1.08329,2.47316,0.75761,0.01596,0.01591
basic,420,5,0.08,1.56112,1.08329,4.76417,0.75002,0.03216,0.03386
basic,420,5,0.08,2.69146,1.08329,14.75322,0.75454,0.04343,0.05648
basic,420,5,0.08,4.64023,1.08329,103.56769,0.75697,0.05293,0.10207
basic,420,5,0.08,8.0,1.08329,2980.95799,0.75888,0.05247,0.12832
basic,420,5,0.11476,0.02,1.1216,1.0202,0.74531,0.0004,0.0004
basic,420,5,0.11476,0.03448,1.1216,1.03508,0.74731,0.00071,0.0007
basic,420,5,0.11476,0.05945,1.1216,1.06125,0.74712,0.00124,0.00123
basic,420,5,0.11476,0.10249,1.1216,1.10793,0.74435,0.00218,0.00217
basic,420,5,0.11476,0.1767,1.1216,1.19327,0.74814,0.00369,0.00366
basic,420,5,0.11476,0.30464,1.1216,1.35613,0.74769,0.00696,0.00687
basic,420,5,0.11476,0.52521,1.1216,1.69082,0.74707,0.01227,0.01215
basic,420,5,0.11476,0.9055,1.1216,2.47316,0.74096,0.02391,0.02408
basic,420,5,0.11476,1.56112,1.1216,4.76417,0.74643,0.04176,0.04433
basic,420,5,0.11476,2.69146,1.1216,14.75322,0.73637,0.06644,0.08834
basic,420,5,0.11476,4.64023,1.1216,103.56769,0.73404,0.07655,0.14932
basic,420,5,0.11476,8.0,1.1216,2980.95799,0.73167,0.08026,0.20731
basic,420,5,0.16462,0.02,1.17895,1.0202,0.70755,0.00065,0.00065
basic,420,5,0.16462,0.03448,1.17895,1.03508,0.70874,0.0011,0.0011
basic,420,5,0.16462,0.05945,1.17895,1.06125,0.71123,0.00185,0.00185
basic,420,5,0.16462,0.10249,1.17895,1.10793,0.70441,0.00344,0.00342
basic,420,5,0.16462,0.1767,1.17895,1.19327,0.71459,0.00571,0.00566
basic,420,5,0.16462,0.30464,1.17895,1.35613,0.72032,0.00933,0.00921
basic,420,5,0.16462,0.52521,1.17895,1.69082,0.72431,0.01631,0.01608
basic,420,5,0.16462,0.9055,1.17895,2.47316,0.7174,0.03449,0.03469
basic,420,5,0.16462,1.56112,1.17895,4.76417,0.72211,0.05163,0.0565
basic,420,5,0.16462,2.69146,1.17895,14.75322,0.71922,0.08055,0.1103
basic,420,5,0.16462,4.64023,1.17895,103.56769,0.72196,0.09398,0.18938
basic,420,5,0.16462,8.0,1.17895,2980.95799,0.71711,0.09713,0.26927
basic,420,5,0.23615,0.02,1.26637,1.0202,0.67373,0.00081,0.00081
basic,420,5,0.23615,0.03448,1.26637,1.03508,0.66657,0.00145,0.00144
basic,420,5,0.23615,0.05945,1.26637,1.06125,0.65529,0.00256,0.00255
basic,420,5,0.23615,0.10249,1.26637,1.10793,0.65449,0.0045,0.00447
basic,420,5,0.23615,0.1767,1.26637,1.19327,0.66398,0.00811,0.00803
basic,420,5,0.23615,0.30464,1.26637,1.35613,0.66904,0.01367,0.01352
basic,420,5,0.23615,0.52521,1.26637,1.69082,0.66617,0.02548,0.02522
basic,420,5,0.23615,0.9055,1.26637,2.47316,0.6858,0.04238,0.04326
basic,420,5,0.23615,1.56112,1.26637,4.76417,0.67234,0.07387,0.08192
basic,420,5,0.23615,2.69146,1.26637,14.75322,0.67286,0.10716,0.15137
basic,420,5,0.23615,4.64023,1.26637,103.56769,0.67327,0.12502,0.25984
basic,420,5,0.23615,8.0,1.26637,2980.95799,0.67664,0.12651,0.37274
basic,420,5,0.33876,0.02,1.40321,1.0202,0.59784,0.00118,0.00118
basic,420,5,0.33876,0.03448,1.40321,1.03508,0.593,0.00211,0.00211
basic,420,5,0.33876,0.05945,1.40321,1.06125,0.59618,0.00352,0.00351
basic,420,5,0.33876,0.10249,1.40321,1.10793,0.60249,0.00574,0.00572
basic,420,5,0.33876,0.1767,1.40321,1.19327,0.60783,0.01016,0.01011
basic,420,5,0.33876,0.30464,1.40321,1.35613,0.61945,0.01759,0.01743
basic,420,5,0.33876,0.52521,1.40321,1.69082,0.61233,0.03189,0.03162
basic,420,5,0.33876,0.9055,1.40321,2.47316,0.6162,0.05877,0.06013
basic,420,5,0.33876,1.56112,1.40321,4.76417,0.62326,0.09731,0.11007
basic,420,5,0.33876,2.69146,1.40321,14.75322,0.62711,0.13202,0.19173
basic,420,5,0.33876,4.64023,1.40321,103.56769,0.61526,0.15047,0.32296
basic,420,5,0.33876,8.0,1.40321,2980.95799,0.61469,0.15151,0.46973
basic,420,5,0.48596,0.02,1.62573,1.0202,0.50479,0.0017,0.0017
basic,420,5,0.48596,0.03448,1.62573,1.03508,0.506,0.00291,0.0029
basic,420,5,0.48596,0.05945,1.62573,1.06125,0.51299,0.00503,0.00502
basic,420,5,0.48596,0.10249,1.62573,1.10793,0.5274,0.00849,0.00846
basic,420,5,0.48596,0.1767,1.62573,1.19327,0.53119,0.01522,0.01515
basic,420,5,0.48596,0.30464,1.62573,1.35613,0.52118,0.02763,0.02754
basic,420,5,0.48596,0.52521,1.62573,1.69082,0.54952,0.04451,0.0449
basic,420,5,0.48596,0.9055,1.62573,2.47316,0.54311,0.07944,0.08308
basic,420,5,0.48596,1.56112,1.62573,4.76417,0.56115,0.11873,0.14187
basic,420,5,0.48596,2.69146,1.62573,14.75322,0.53511,0.17433,0.27501
basic,420,5,0.48596,4.64023,1.62573,103.56769,0.53903,0.19053,0.44118
basic,420,5,0.48596,8.0,1.62573,2980.95799,0.53929,0.1926,0.63632
basic,420,5,0.69711,0.02,2.00793,1.0202,0.42335,0.00225,0.00225
basic,420,5,0.69711,0.03448,2.00793,1.03508,0.42397,0.00395,0.00394
basic,420,5,0.69711,0.05945,2.00793,1.06125,0.41788,0.00675,0.00675
basic,420,5,0.69711,0.10249,2.00793,1.10793,0.4269,0.01155,0.01155
basic,420,5,0.69711,0.1767,2.00793,1.19327,0.43257,0.02073,0.02076
basic,420,5,0.69711,0.30464,2.00793,1.35613,0.44758,0.03625,0.03634
basic,420,5,0.69711,0.52521,2.00793,1.69082,0.45592,0.06317,0.06513
basic,420,5,0.69711,0.9055,2.00793,2.47316,0.47296,0.09949,0.10873
basic,420,5,0.69711,1.56112,2.00793,4.76417,0.46066,0.16517,0.22486
basic,420,5,0.69711,2.69146,2.00793,14.75322,0.47602,0.20721,0.35908
basic,420,5,0.69711,4.64023,2.00793,103.56769,0.4708,0.21637,0.55147
basic,420,5,0.69711,8.0,2.00793,2980.95799,0.4604,0.23128,0.80216
basic,420,5,1.0,0.02,2.71828,1.0202,0.33531,0.00255,0.00255
basic,420,5,1.0,0.03448,2.71828,1.03508,0.3388,0.00447,0.00447
basic,420,5,1.0,0.05945,2.71828,1.06125,0.34995,0.00762,0.00762
basic,420,5,1.0,0.10249,2.71828,1.10793,0.35844,0.01329,0.01332
basic,420,5,1.0,0.1767,2.71828,1.19327,0.35845,0.02335,0.02343
basic,420,5,1.0,0.30464,2.71828,1.35613,0.36851,0.04241,0.04302
basic,420,5,1.0,0.52521,2.71828,1.69082,0.35696,0.07799,0.08245
basic,420,5,1.0,0.9055,2.71828,2.47316,0.37058,0.12637,0.15174
basic,420,5,1.0,1.56112,2.71828,4.76417,0.39071,0.19636,0.29056
basic,420,5,1.0,2.69146,2.71828,14.75322,0.3642,0.24004,0.47557
basic,420,5,1.0,4.64023,2.71828,103.56769,0.36361,0.263,0.73352
basic,420,5,1.0,8.0,2.71828,2980.95799,0.35873,0.26419,0.9637
basic,420,10,0.08,0.02,1.08329,1.0202,0.7639,0.00037,0.00037
basic,420,10,0.08,0.03448,1.08329,1.03508,0.76061,0.00067,0.00066
basic,420,10,0.08,0.05945,1.08329,1.06125,0.76239,0.00112,0.0011
basic,420,10,0.08,0.10249,1.08329,1.10793,0.76367,0.00197,0.00191
basic,420,10,0.08,0.1767,1.08329,1.19327,0.76481,0.00355,0.00339
basic,420,10,0.08,0.30464,1.08329,1.35613,0.76279,0.00724,0.00669
basic,420,10,0.08,0.52521,1.08329,1.69082,0.75967,0.01441,0.01272
basic,420,10,0.08,0.9055,1.08329,2.47316,0.75922,0.02787,0.02235
basic,420,10,0.08,1.56112,1.08329,4.76417,0.75529,0.06393,0.04847
basic,420,10,0.08,2.69146,1.08329,14.75322,0.75109,0.12905,0.09731
basic,420,10,0.08,4.64023,1.08329,103.56769,0.74766,0.19412,0.19259
basic,420,10,0.08,8.0,1.08329,2980.95799,0.74677,0.20163,0.2341
basic,420,10,0.11476,0.02,1.1216,1.0202,0.74129,0.00051,0.0005
basic,420,10,0.11476,0.03448,1.1216,1.03508,0.74102,0.00087,0.00087
basic,420,10,0.11476,0.05945,1.1216,1.06125,0.74029,0.0015,0.00148
basic,420,10,0.11476,0.10249,1.1216,1.10793,0.74122,0.00259,0.00252
basic,420,10,0.11476,0.1767,1.1216,1.19327,0.73746,0.0051,0.00488
basic,420,10,0.11476,0.30464,1.1216,1.35613,0.74014,0.00884,0.00821
basic,420,10,0.11476,0.52521,1.1216,1.69082,0.74752,0.01653,0.01457
basic,420,10,0.11476,0.9055,1.1216,2.47316,0.74342,0.03366,0.02759
basic,420,10,0.11476,1.56112,1.1216,4.76417,0.74385,0.0739,0.057
basic,420,10,0.11476,2.69146,1.1216,14.75322,0.73523,0.15485,0.12273
basic,420,10,0.11476,4.64023,1.1216,103.56769,0.73655,0.20047,0.20752
basic,420,10,0.11476,8.0,1.1216,2980.95799,0.73603,0.2015,0.25281
basic,420,10,0.16462,0.02,1.17895,1.0202,0.70078,0.00066,0.00066
basic,420,10,0.16462,0.03448,1.17895,1.03508,0.7037,0.00114,0.00113
basic,420,10,0.16462,0.05945,1.17895,1.06125,0.70469,0.0019,0.00188
basic,420,10,0.16462,0.10249,1.17895,1.10793,0.7043,0.00353,0.00344
basic,420,10,0.16462,0.1767,1.17895,1.19327,0.71511,0.00648,0.00619
basic,420,10,0.16462,0.30464,1.17895,1.35613,0.70658,0.01224,0.01128
basic,420,10,0.16462,0.52521,1.17895,1.69082,0.71401,0.02215,0.01946
basic,420,10,0.16462,0.9055,1.17895,2.47316,0.71844,0.04344,0.03567
basic,420,10,0.16462,1.56112,1.17895,4.76417,0.71952,0.09298,0.07101
basic,420,10,0.16462,2.69146,1.17895,14.75322,0.71048,0.19355,0.15679
basic,420,10,0.16462,4.64023,1.17895,103.56769,0.6986,0.25584,0.27179
basic,420,10,0.16462,8.0,1.17895,2980.95799,0.70257,0.26337,0.34993
basic,420,10,0.23615,0.02,1.26637,1.0202,0.64564,0.00092,0.00092
basic,420,10,0.23615,0.03448,1.26637,1.03508,0.64553,0.00163,0.00162
basic,420,10,0.23615,0.05945,1.26637,1.06125,0.64865,0.00284,0.0028
basic,420,10,0.23615,0.10249,1.26637,1.10793,0.65989,0.00481,0.00469
basic,420,10,0.23615,0.1767,1.26637,1.19327,0.65768,0.00885,0.00846
basic,420,10,0.23615,0.30464,1.26637,1.35613,0.66298,0.01601,0.01492
basic,420,10,0.23615,0.52521,1.26637,1.69082,0.67247,0.03076,0.02727
basic,420,10,0.23615,0.9055,1.26637,2.47316,0.67504,0.06235,0.05134
basic,420,10,0.23615,1.56112,1.26637,4.76417,0.66373,0.13771,0.10738
basic,420,10,0.23615,2.69146,1.26637,14.75322,0.65617,0.21381,0.17701
basic,420,10,0.23615,4.64023,1.26637,103.56769,0.66389,0.28126,0.30747
basic,420,10,0.23615,8.0,1.26637,2980.95799,0.65864,0.28633,0.41511
basic,420,10,0.33876,0.02,1.40321,1.0202,0.5599,0.00139,0.00138
basic,420,10,0.33876,0.03448,1.40321,1.03508,0.56173,0.00242,0.0024
basic,420,10,0.33876,0.05945,1.40321,1.06125,0.56929,0.00418,0.00413
basic,420,10,0.33876,0.10249,1.40321,1.10793,0.56562,0.00737,0.00719
basic,420,10,0.33876,0.1767,1.40321,1.19327,0.57025,0.01299,0.01247
basic,420,10,0.33876,0.30464,1.40321,1.35613,0.58839,0.02235,0.02085
basic,420,10,0.33876,0.52521,1.40321,1.69082,0.61982,0.04197,0.03709
basic,420,10,0.33876,0.9055,1.40321,2.47316,0.61657,0.08317,0.06829
basic,420,10,0.33876,1.56112,1.40321,4.76417,0.6172,0.16485,0.12996
basic,420,10,0.33876,2.69146,1.40321,14.75322,0.60128,0.28374,0.24124
basic,420,10,0.33876,4.64023,1.40321,103.56769,0.59914,0.34256,0.39118
basic,420,10,0.33876,8.0,1.40321,2980.95799,0.59766,0.3722,0.57721
basic,420,10,0.48596,0.02,1.62573,1.0202,0.49009,0.00182,0.00181
basic,420,10,0.48596,0.03448,1.62573,1.03508,0.49608,0.00315,0.00313
basic,420,10,0.48596,0.05945,1.62573,1.06125,0.50358,0.00526,0.00519
basic,420,10,0.48596,0.10249,1.62573,1.10793,0.49848,0.0099,0.00969
basic,420,10,0.48596,0.1767,1.62573,1.19327,0.49778,0.01734,0.01671
basic,420,10,0.48596,0.30464,1.62573,1.35613,0.51921,0.03213,0.03012
basic,420,10,0.48596,0.52521,1.62573,1.69082,0.54464,0.05444,0.04847
basic,420,10,0.48596,0.9055,1.62573,2.47316,0.55019,0.10734,0.0901
basic,420,10,0.48596,1.56112,1.62573,4.76417,0.54477,0.2021,0.16583
basic,420,10,0.48596,2.69146,1.62573,14.75322,0.53549,0.31609,0.29069
basic,420,10,0.48596,4.64023,1.62573,103.56769,0.52904,0.38044,0.47845
basic,420,10,0.48596,8.0,1.62573,2980.95799,0.5211,0.39999,0.66807
basic,420,10,0.69711,0.02,2.00793,1.0202,0.39611,0.00266,0.00265
basic,420,10,0.69711,0.03448,2.00793,1.03508,0.40079,0.00463,0.0046
basic,420,10,0.69711,0.05945,2.00793,1.06125,0.40953,0.00773,0.00765
basic,420,10,0.69711,0.10249,2.00793,1.10793,0.40584,0.01336,0.01311
basic,420,10,0.69711,0.1767,2.00793,1.19327,0.4247,0.02315,0.02237
basic,420,10,0.69711,0.30464,2.00793,1.35613,0.42686,0.04362,0.04106
basic,420,10,0.69711,0.52521,2.00793,1.69082,0.45075,0.07492,0.06751
basic,420,10,0.69711,0.9055,2.00793,2.47316,0.46771,0.14209,0.1198
basic,420,10,0.69711,1.56112,2.00793,4.76417,0.47946,0.24474,0.20434
basic,420,10,0.69711,2.69146,2.00793,14.75322,0.44786,0.39628,0.40072
basic,420,10,0.69711,4.64023,2.00793,103.56769,0.4626,0.46881,0.62565
basic,420,10,0.69711,8.0,2.00793,2980.95799,0.44829,0.47964,0.85811
basic,420,10,1.0,0.02,2.71828,1.0202,0.32345,0.00341,0.0034
basic,420,10,1.0,0.03448,2.71828,1.03508,0.32416,0.00599,0.00596
basic,420,10,1.0,0.05945,2.71828,1.06125,0.31973,0.01035,0.01026
basic,420,10,1.0,0.10249,2.71828,1.10793,0.33348,0.01793,0.01765
basic,420,10,1.0,0.1767,2.71828,1.19327,0.33969,0.03163,0.03074
basic,420,10,1.0,0.30464,2.71828,1.35613,0.36416,0.05442,0.05159
basic,420,10,1.0,0.52521,2.71828,1.69082,0.37671,0.09977,0.09055
basic,420,10,1.0,0.9055,2.71828,2.47316,0.39377,0.18112,0.15924
basic,420,10,1.0,1.56112,2.71828,4.76417,0.38496,0.32603,0.3055
basic,420,10,1.0,2.69146,2.71828,14.75322,0.38377,0.45521,0.51197
basic,420,10,1.0,4.64023,2.71828,103.56769,0.36619,0.54705,0.8178
basic,420,10,1.0,8.0,2.71828,2980.95799,0.36525,0.54317,1.04488
basic,420,20,0.08,0.02,1.08329,1.0202,0.76148,0.00039,0.00039
basic,420,20,0.08,0.03448,1.08329,1.03508,0.76177,0.0007,0.00069
basic,420,20,0.08,0.05945,1.08329,1.06125,0.76073,0.00135,0.00132
basic,420,20,0.08,0.10249,1.08329,1.10793,0.75935,0.00238,0.00229
basic,420,20,0.08,0.1767,1.08329,1.19327,0.76803,0.00406,0.0038
basic,420,20,0.08,0.30464,1.08329,1.35613,0.76678,0.00837,0.00752
basic,420,20,0.08,0.52521,1.08329,1.69082,0.76858,0.01512,0.01247
basic,420,20,0.08,0.9055,1.08329,2.47316,0.76683,0.03357,0.02422
basic,420,20,0.08,1.56112,1.08329,4.76417,0.76085,0.09234,0.05482
basic,420,20,0.08,2.69146,1.08329,14.75322,0.75234,0.25612,0.12751
basic,420,20,0.08,4.64023,1.08329,103.56769,0.75241,0.43972,0.23681
basic,420,20,0.08,8.0,1.08329,2980.95799,0.75162,0.45523,0.26373
basic,420,20,0.11476,0.02,1.1216,1.0202,0.73473,0.00048,0.00047
basic,420,20,0.11476,0.03448,1.1216,1.03508,0.73846,0.00085,0.00084
basic,420,20,0.11476,0.05945,1.1216,1.06125,0.73236,0.00153,0.00149
basic,420,20,0.11476,0.10249,1.1216,1.10793,0.72716,0.00298,0.00287
basic,420,20,0.11476,0.1767,1.1216,1.19327,0.73338,0.00533,0.00499
basic,420,20,0.11476,0.30464,1.1216,1.35613,0.74082,0.00904,0.00806
basic,420,20,0.11476,0.52521,1.1216,1.69082,0.73927,0.02022,0.01659
basic,420,20,0.11476,0.9055,1.1216,2.47316,0.74744,0.04287,0.03106
basic,420,20,0.11476,1.56112,1.1216,4.76417,0.74369,0.11009,0.06498
basic,420,20,0.11476,2.69146,1.1216,14.75322,0.72388,0.2994,0.1487
basic,420,20,0.11476,4.64023,1.1216,103.56769,0.72347,0.49626,0.27053
basic,420,20,0.11476,8.0,1.1216,2980.95799,0.71852,0.51583,0.31249
basic,420,20,0.16462,0.02,1.17895,1.0202,0.69352,0.00067,0.00067
basic,420,20,0.16462,0.03448,1.17895,1.03508,0.70165,0.00111,0.00109
basic,420,20,0.16462,0.05945,1.17895,1.06125,0.70112,0.00182,0.00178
basic,420,20,0.16462,0.10249,1.17895,1.10793,0.70882,0.00338,0.00326
basic,420,20,0.16462,0.1767,1.17895,1.19327,0.70238,0.00663,0.0062
basic,420,20,0.16462,0.30464,1.17895,1.35613,0.70252,0.01295,0.01154
basic,420,20,0.16462,0.52521,1.17895,1.69082,0.71637,0.02195,0.01805
basic,420,20,0.16462,0.9055,1.17895,2.47316,0.71419,0.05334,0.03853
basic,420,20,0.16462,1.56112,1.17895,4.76417,0.71797,0.13053,0.07788
basic,420,20,0.16462,2.69146,1.17895,14.75322,0.70791,0.30528,0.15731
basic,420,20,0.16462,4.64023,1.17895,103.56769,0.67917,0.58141,0.32386
basic,420,20,0.16462,8.0,1.17895,2980.95799,0.67735,0.61199,0.39486
basic,420,20,0.23615,0.02,1.26637,1.0202,0.63761,0.0009,0.00089
basic,420,20,0.23615,0.03448,1.26637,1.03508,0.63265,0.00161,0.00159
basic,420,20,0.23615,0.05945,1.26637,1.06125,0.63703,0.00274,0.00269
basic,420,20,0.23615,0.10249,1.26637,1.10793,0.63993,0.00478,0.00461
basic,420,20,0.23615,0.1767,1.26637,1.19327,0.66906,0.00789,0.00741
basic,420,20,0.23615,0.30464,1.26637,1.35613,0.6522,0.01584,0.01415
basic,420,20,0.23615,0.52521,1.26637,1.69082,0.66598,0.03008,0.02486
basic,420,20,0.23615,0.9055,1.26637,2.47316,0.66529,0.06982,0.05016
basic,420,20,0.23615,1.56112,1.26637,4.76417,0.67126,0.17404,0.10311
basic,420,20,0.23615,2.69146,1.26637,14.75322,0.65117,0.37749,0.19461
basic,420,20,0.23615,4.64023,1.26637,103.56769,0.64072,0.62934,0.36447
basic,420,20,0.23615,8.0,1.26637,2980.95799,0.64104,0.64217,0.44458
basic,420,20,0.33876,0.02,1.40321,1.0202,0.56346,0.00125,0.00124
basic,420,20,0.33876,0.03448,1.40321,1.03508,0.57199,0.00205,0.00202
basic,420,20,0.33876,0.05945,1.40321,1.06125,0.57631,0.00362,0.00354
basic,420,20,0.33876,0.10249,1.40321,1.10793,0.56958,0.00647,0.00624
basic,420,20,0.33876,0.1767,1.40321,1.19327,0.5908,0.01123,0.01053
basic,420,20,0.33876,0.30464,1.40321,1.35613,0.60748,0.0209,0.0188
basic,420,20,0.33876,0.52521,1.40321,1.69082,0.60939,0.03992,0.03289
basic,420,20,0.33876,0.9055,1.40321,2.47316,0.61965,0.08638,0.06306
basic,420,20,0.33876,1.56112,1.40321,4.76417,0.63646,0.19179,0.11502
basic,420,20,0.33876,2.69146,1.40321,14.75322,0.60902,0.41983,0.22403
basic,420,20,0.33876,4.64023,1.40321,103.56769,0.56777,0.67411,0.41766
basic,420,20,0.33876,8.0,1.40321,2980.95799,0.58117,0.70847,0.53189
basic,420,20,0.48596,0.02,1.62573,1.0202,0.48896,0.00165,0.00163
basic,420,20,0.48596,0.03448,1.62573,1.03508,0.49085,0.00286,0.00283
basic,420,20,0.48596,0.05945,1.62573,1.06125,0.47627,0.00523,0.00512
basic,420,20,0.48596,0.10249,1.62573,1.10793,0.50649,0.00878,0.00849
basic,420,20,0.48596,0.1767,1.62573,1.19327,0.52011,0.015,0.01412
basic,420,20,0.48596,0.30464,1.62573,1.35613,0.52737,0.02668,0.02406
basic,420,20,0.48596,0.52521,1.62573,1.69082,0.53796,0.05489,0.04558
basic,420,20,0.48596,0.9055,1.62573,2.47316,0.56997,0.10269,0.07459
basic,420,20,0.48596,1.56112,1.62573,4.76417,0.56438,0.23834,0.14503
basic,420,20,0.48596,2.69146,1.62573,14.75322,0.54794,0.48454,0.27327
basic,420,20,0.48596,4.64023,1.62573,103.56769,0.52497,0.72975,0.49073
basic,420,20,0.48596,8.0,1.62573,2980.95799,0.5159,0.73394,0.62786
basic,420,20,0.69711,0.02,2.00793,1.0202,0.40739,0.00224,0.00223
basic,420,20,0.69711,0.03448,2.00793,1.03508,0.40701,0.00397,0.00392
basic,420,20,0.69711,0.05945,2.00793,1.06125,0.40544,0.0068,0.00667
basic,420,20,0.69711,0.10249,2.00793,1.10793,0.42272,0.0115,0.01113
basic,420,20,0.69711,0.1767,2.00793,1.19327,0.42699,0.02018,0.01906
basic,420,20,0.69711,0.30464,2.00793,1.35613,0.44056,0.03814,0.03421
basic,420,20,0.69711,0.52521,2.00793,1.69082,0.45953,0.07055,0.05889
basic,420,20,0.69711,0.9055,2.00793,2.47316,0.48071,0.14339,0.10326
basic,420,20,0.69711,1.56112,2.00793,4.76417,0.47927,0.3058,0.18452
basic,420,20,0.69711,2.69146,2.00793,14.75322,0.4807,0.54264,0.32279
basic,420,20,0.69711,4.64023,2.00793,103.56769,0.45045,0.77301,0.56365
basic,420,20,0.69711,8.0,2.00793,2980.95799,0.43702,0.81053,0.75131
basic,420,20,1.0,0.02,2.71828,1.0202,0.32912,0.00299,0.00297
basic,420,20,1.0,0.03448,2.71828,1.03508,0.34542,0.00498,0.00493
basic,420,20,1.0,0.05945,2.71828,1.06125,0.34582,0.00867,0.00852
basic,420,20,1.0,0.10249,2.71828,1.10793,0.34029,0.0153,0.01483
basic,420,20,1.0,0.1767,2.71828,1.19327,0.34779,0.02731,0.02587
basic,420,20,1.0,0.30464,2.71828,1.35613,0.36781,0.04932,0.04452
basic,420,20,1.0,0.52521,2.71828,1.69082,0.38646,0.09006,0.07527
basic,420,20,1.0,0.9055,2.71828,2.47316,0.416,0.17602,0.12746
basic,420,20,1.0,1.56112,2.71828,4.76417,0.41569,0.36604,0.23355
basic,420,20,1.0,2.69146,2.71828,14.75322,0.40033,0.63716,0.42066
basic,420,20,1.0,4.64023,2.71828,103.56769,0.34533,0.91754,0.74333
basic,420,20,1.0,8.0,2.71828,2980.95799,0.3564,0.89689,0.8994
basic,420,50,0.08,0.02,1.08329,1.0202,0.74511,0.00044,0.00043
basic,420,50,0.08,0.03448,1.08329,1.03508,0.74541,0.00077,0.00076
basic,420,50,0.08,0.05945,1.08329,1.06125,0.74803,0.00132,0.00128
basic,420,50,0.08,0.10249,1.08329,1.10793,0.75203,0.00237,0.00227
basic,420,50,0.08,0.1767,1.08329,1.19327,0.76292,0.00439,0.00407
basic,420,50,0.08,0.30464,1.08329,1.35613,0.75662,0.00848,0.00742
basic,420,50,0.08,0.52521,1.08329,1.69082,0.76028,0.0167,0.0131
basic,420,50,0.08,0.9055,1.08329,2.47316,0.76002,0.04098,0.02702
basic,420,50,0.08,1.56112,1.08329,4.76417,0.75094,0.12515,0.06084
basic,420,50,0.08,2.69146,1.08329,14.75322,0.74199,0.38343,0.12149
basic,420,50,0.08,4.64023,1.08329,103.56769,0.72323,0.99816,0.2581
basic,420,50,0.08,8.0,1.08329,2980.95799,0.72094,1.00018,0.26402
basic,420,50,0.11476,0.02,1.1216,1.0202,0.73209,0.00047,0.00046
basic,420,50,0.11476,0.03448,1.1216,1.03508,0.73081,0.00083,0.00082
basic,420,50,0.11476,0.05945,1.1216,1.06125,0.72364,0.00155,0.00151
basic,420,50,0.11476,0.10249,1.1216,1.10793,0.72813,0.00283,0.00271
basic,420,50,0.11476,0.1767,1.1216,1.19327,0.7325,0.00524,0.00485
basic,420,50,0.11476,0.30464,1.1216,1.35613,0.73279,0.0097,0.00847
basic,420,50,0.11476,0.52521,1.1216,1.69082,0.73535,0.01994,0.01579
basic,420,50,0.11476,0.9055,1.1216,2.47316,0.73986,0.04461,0.02946
basic,420,50,0.11476,1.56112,1.1216,4.76417,0.74622,0.12181,0.05942
basic,420,50,0.11476,2.69146,1.1216,14.75322,0.72398,0.43895,0.13935
basic,420,50,0.11476,4.64023,1.1216,103.56769,0.69314,1.08605,0.28707
basic,420,50,0.11476,8.0,1.1216,2980.95799,0.69874,1.10487,0.30083
basic,420,50,0.16462,0.02,1.17895,1.0202,0.66747,0.00066,0.00065
basic,420,50,0.16462,0.03448,1.17895,1.03508,0.67279,0.00116,0.00115
basic,420,50,0.16462,0.05945,1.17895,1.06125,0.67853,0.00196,0.00191
basic,420,50,0.16462,0.10249,1.17895,1.10793,0.66777,0.00358,0.00342
basic,420,50,0.16462,0.1767,1.17895,1.19327,0.68802,0.00653,0.00605
basic,420,50,0.16462,0.30464,1.17895,1.35613,0.69596,0.01165,0.01018
basic,420,50,0.16462,0.52521,1.17895,1.69082,0.70571,0.02296,0.01815
basic,420,50,0.16462,0.9055,1.17895,2.47316,0.7089,0.05651,0.03741
basic,420,50,0.16462,1.56112,1.17895,4.76417,0.71065,0.14811,0.07178
basic,420,50,0.16462,2.69146,1.17895,14.75322,0.69612,0.46507,0.14786
basic,420,50,0.16462,4.64023,1.17895,103.56769,0.65192,1.16744,0.30929
basic,420,50,0.16462,8.0,1.17895,2980.95799,0.65165,1.20281,0.34114
basic,420,50,0.23615,0.02,1.26637,1.0202,0.62338,0.00078,0.00077
basic,420,50,0.23615,0.03448,1.26637,1.03508,0.63252,0.00128,0.00127
basic,420,50,0.23615,0.05945,1.26637,1.06125,0.62931,0.00236,0.0023
basic,420,50,0.23615,0.10249,1.26637,1.10793,0.62919,0.00428,0.00409
basic,420,50,0.23615,0.1767,1.26637,1.19327,0.62565,0.00799,0.00739
basic,420,50,0.23615,0.30464,1.26637,1.35613,0.64623,0.01406,0.01228
basic,420,50,0.23615,0.52521,1.26637,1.69082,0.65797,0.02854,0.0225
basic,420,50,0.23615,0.9055,1.26637,2.47316,0.65971,0.0642,0.04203
basic,420,50,0.23615,1.56112,1.26637,4.76417,0.67523,0.1673,0.07978
basic,420,50,0.23615,2.69146,1.26637,14.75322,0.65805,0.52365,0.16857
basic,420,50,0.23615,4.64023,1.26637,103.56769,0.6019,1.24865,0.34292
basic,420,50,0.23615,8.0,1.26637,2980.95799,0.59242,1.35033,0.40075
basic,420,50,0.33876,0.02,1.40321,1.0202,0.56542,0.00099,0.00099
basic,420,50,0.33876,0.03448,1.40321,1.03508,0.56516,0.00169,0.00167
basic,420,50,0.33876,0.05945,1.40321,1.06125,0.56884,0.00303,0.00295
basic,420,50,0.33876,0.10249,1.40321,1.10793,0.56997,0.00546,0.00523
basic,420,50,0.33876,0.1767,1.40321,1.19327,0.56117,0.00985,0.00912
basic,420,50,0.33876,0.30464,1.40321,1.35613,0.59862,0.01736,0.01519
basic,420,50,0.33876,0.52521,1.40321,1.69082,0.60515,0.03436,0.02708
basic,420,50,0.33876,0.9055,1.40321,2.47316,0.61521,0.07435,0.04927
basic,420,50,0.33876,1.56112,1.40321,4.76417,0.628,0.21092,0.09777
basic,420,50,0.33876,2.69146,1.40321,14.75322,0.61414,0.60543,0.20003
basic,420,50,0.33876,4.64023,1.40321,103.56769,0.56979,1.2713,0.37789
basic,420,50,0.33876,8.0,1.40321,2980.95799,0.55999,1.34612,0.44016
basic,420,50,0.48596,0.02,1.62573,1.0202,0.47324,0.00136,0.00135
basic,420,50,0.48596,0.03448,1.62573,1.03508,0.4835,0.00228,0.00225
basic,420,50,0.48596,0.05945,1.62573,1.06125,0.48968,0.00385,0.00375
basic,420,50,0.48596,0.10249,1.62573,1.10793,0.48301,0.00706,0.00676
basic,420,50,0.48596,0.1767,1.62573,1.19327,0.48587,0.01307,0.01212
basic,420,50,0.48596,0.30464,1.62573,1.35613,0.5255,0.0221,0.01934
basic,420,50,0.48596,0.52521,1.62573,1.69082,0.54127,0.04382,0.0347
basic,420,50,0.48596,0.9055,1.62573,2.47316,0.57221,0.09197,0.06006
basic,420,50,0.48596,1.56112,1.62573,4.76417,0.56053,0.25329,0.11662
basic,420,50,0.48596,2.69146,1.62573,14.75322,0.54777,0.7092,0.2385
basic,420,50,0.48596,4.64023,1.62573,103.56769,0.49504,1.35425,0.43267
basic,420,50,0.48596,8.0,1.62573,2980.95799,0.47806,1.49372,0.53141
basic,420,50,0.69711,0.02,2.00793,1.0202,0.39579,0.00182,0.0018
basic,420,50,0.69711,0.03448,2.00793,1.03508,0.39799,0.00316,0.00311
basic,420,50,0.69711,0.05945,2.00793,1.06125,0.39179,0.00554,0.00541
basic,420,50,0.69711,0.10249,2.00793,1.10793,0.41701,0.009,0.00862
basic,420,50,0.69711,0.1767,2.00793,1.19327,0.41523,0.0164,0.01518
basic,420,50,0.69711,0.30464,2.00793,1.35613,0.43095,0.03055,0.02678
basic,420,50,0.69711,0.52521,2.00793,1.69082,0.45856,0.05528,0.0438
basic,420,50,0.69711,0.9055,2.00793,2.47316,0.48667,0.11716,0.07615
basic,420,50,0.69711,1.56112,2.00793,4.76417,0.51865,0.28155,0.13137
basic,420,50,0.69711,2.69146,2.00793,14.75322,0.5019,0.74894,0.25349
basic,420,50,0.69711,4.64023,2.00793,103.56769,0.43917,1.39924,0.4716
basic,420,50,0.69711,8.0,2.00793,2980.95799,0.44123,1.49672,0.58489
basic,420,50,1.0,0.02,2.71828,1.0202,0.30627,0.00244,0.00242
basic,420,50,1.0,0.03448,2.71828,1.03508,0.31869,0.00412,0.00406
basic,420,50,1.0,0.05945,2.71828,1.06125,0.31777,0.00704,0.00687
basic,420,50,1.0,0.10249,2.71828,1.10793,0.33648,0.01193,0.01145
basic,420,50,1.0,0.1767,2.71828,1.19327,0.35209,0.02078,0.01928
basic,420,50,1.0,0.30464,2.71828,1.35613,0.34715,0.03815,0.03349
basic,420,50,1.0,0.52521,2.71828,1.69082,0.38035,0.07253,0.05765
basic,420,50,1.0,0.9055,2.71828,2.47316,0.40349,0.15012,0.09654
basic,420,50,1.0,1.56112,2.71828,4.76417,0.42509,0.37559,0.17068
basic,420,50,1.0,2.69146,2.71828,14.75322,0.41042,0.88518,0.32544
basic,420,50,1.0,4.64023,2.71828,103.56769,0.36286,1.52169,0.57439
basic,420,50,1.0,8.0,2.71828,2980.95799,0.35465,1.6369,0.71614
basic,840,5,0.08,0.02,1.08329,1.0202,0.72069,0.00064,0.00064
basic,840,5,0.08,0.03448,1.08329,1.03508,0.723,0.00119,0.00119
basic,840,5,0.08,0.05945,1.08329,1.06125,0.7295,0.00186,0.00185
basic,840,5,0.08,0.10249,1.08329,1.10793,0.7284,0.00334,0.00332
basic,840,5,0.08,0.1767,1.08329,1.19327,0.73903,0.00549,0.00544
basic,840,5,0.08,0.30464,1.08329,1.35613,0.73823,0.01053,0.01033
basic,840,5,0.08,0.52521,1.08329,1.69082,0.74228,0.01879,0.01845
basic,840,5,0.08,0.9055,1.08329,2.47316,0.73427,0.03761,0.03747
basic,840,5,0.08,1.56112,1.08329,4.76417,0.73424,0.06424,0.06964
basic,840,5,0.08,2.69146,1.08329,14.75322,0.73167,0.08763,0.11906
basic,840,5,0.08,4.64023,1.08329,103.56769,0.73015,0.10644,0.2124
basic,840,5,0.08,8.0,1.08329,2980.95799,0.72596,0.11299,0.31173
basic,840,5,0.11476,0.02,1.1216,1.0202,0.68667,0.00088,0.00088
basic,840,5,0.11476,0.03448,1.1216,1.03508,0.68728,0.0015,0.0015
basic,840,5,0.11476,0.05945,1.1216,1.06125,0.69184,0.00263,0.00262
basic,840,5,0.11476,0.10249,1.1216,1.10793,0.69786,0.00442,0.00439
basic,840,5,0.11476,0.1767,1.1216,1.19327,0.69173,0.0084,0.00832
basic,840,5,0.11476,0.30464,1.1216,1.35613,0.70081,0.01491,0.01472
basic,840,5,0.11476,0.52521,1.1216,1.69082,0.70879,0.02674,0.02643
basic,840,5,0.11476,0.9055,1.1216,2.47316,0.70832,0.04868,0.04893
basic,840,5,0.11476,1.56112,1.1216,4.76417,0.70623,0.08464,0.09314
basic,840,5,0.11476,2.69146,1.1216,14.75322,0.7025,0.11775,0.1612
basic,840,5,0.11476,4.64023,1.1216,103.56769,0.69147,0.13779,0.28249
basic,840,5,0.11476,8.0,1.1216,2980.95799,0.69012,0.14314,0.41855
basic,840,5,0.16462,0.02,1.17895,1.0202,0.62027,0.00135,0.00135
basic,840,5,0.16462,0.03448,1.17895,1.03508,0.62823,0.00221,0.00221
basic,840,5,0.16462,0.05945,1.17895,1.06125,0.62673,0.00382,0.00381
basic,840,5,0.16462,0.10249,1.17895,1.10793,0.62811,0.00691,0.00688
basic,840,5,0.16462,0.1767,1.17895,1.19327,0.64503,0.01154,0.01147
basic,840,5,0.16462,0.30464,1.17895,1.35613,0.64141,0.0216,0.02138
basic,840,5,0.16462,0.52521,1.17895,1.69082,0.66108,0.03555,0.03531
basic,840,5,0.16462,0.9055,1.17895,2.47316,0.66052,0.0633,0.06463
basic,840,5,0.16462,1.56112,1.17895,4.76417,0.66168,0.10155,0.11702
basic,840,5,0.16462,2.69146,1.17895,14.75322,0.63803,0.14959,0.22178
basic,840,5,0.16462,4.64023,1.17895,103.56769,0.62683,0.17377,0.37672
basic,840,5,0.16462,8.0,1.17895,2980.95799,0.62787,0.17882,0.55311
basic,840,5,0.23615,0.02,1.26637,1.0202,0.53716,0.00196,0.00196
basic,840,5,0.23615,0.03448,1.26637,1.03508,0.54655,0.00326,0.00325
basic,840,5,0.23615,0.05945,1.26637,1.06125,0.55565,0.00546,0.00545
basic,840,5,0.23615,0.10249,1.26637,1.10793,0.56269,0.00952,0.00949
basic,840,5,0.23615,0.1767,1.26637,1.19327,0.56829,0.01651,0.01642
basic,840,5,0.23615,0.30464,1.26637,1.35613,0.59361,0.02743,0.02735
basic,840,5,0.23615,0.52521,1.26637,1.69082,0.59121,0.04968,0.05014
basic,840,5,0.23615,0.9055,1.26637,2.47316,0.60498,0.08365,0.08669
basic,840,5,0.23615,1.56112,1.26637,4.76417,0.60164,0.13327,0.15765
basic,840,5,0.23615,2.69146,1.26637,14.75322,0.57767,0.18849,0.29715
basic,840,5,0.23615,4.64023,1.26637,103.56769,0.56312,0.20866,0.47673
basic,840,5,0.23615,8.0,1.26637,2980.95799,0.56248,0.21627,0.69971
basic,840,5,0.33876,0.02,1.40321,1.0202,0.46925,0.0026,0.0026
basic,840,5,0.33876,0.03448,1.40321,1.03508,0.46562,0.00461,0.00461
basic,840,5,0.33876,0.05945,1.40321,1.06125,0.46629,0.00828,0.00827
basic,840,5,0.33876,0.10249,1.40321,1.10793,0.48455,0.01375,0.01372
basic,840,5,0.33876,0.1767,1.40321,1.19327,0.49327,0.02352,0.02348
basic,840,5,0.33876,0.30464,1.40321,1.35613,0.50595,0.04014,0.04011
basic,840,5,0.33876,0.52521,1.40321,1.69082,0.52583,0.06586,0.06657
basic,840,5,0.33876,0.9055,1.40321,2.47316,0.52592,0.11423,0.12374
basic,840,5,0.33876,1.56112,1.40321,4.76417,0.50851,0.17711,0.22872
basic,840,5,0.33876,2.69146,1.40321,14.75322,0.50534,0.22273,0.39024
basic,840,5,0.33876,4.64023,1.40321,103.56769,0.49442,0.25836,0.63327
basic,840,5,0.33876,8.0,1.40321,2980.95799,0.49652,0.25868,0.87802
basic,840,5,0.48596,0.02,1.62573,1.0202,0.36965,0.00379,0.00379
basic,840,5,0.48596,0.03448,1.62573,1.03508,0.36995,0.00657,0.00657
basic,840,5,0.48596,0.05945,1.62573,1.06125,0.39152,0.01105,0.01105
basic,840,5,0.48596,0.10249,1.62573,1.10793,0.39916,0.01945,0.01944
basic,840,5,0.48596,0.1767,1.62573,1.19327,0.39875,0.03374,0.0339
basic,840,5,0.48596,0.30464,1.62573,1.35613,0.41937,0.05681,0.05756
basic,840,5,0.48596,0.52521,1.62573,1.69082,0.4477,0.09366,0.09793
basic,840,5,0.48596,0.9055,1.62573,2.47316,0.45158,0.14564,0.167
basic,840,5,0.48596,1.56112,1.62573,4.76417,0.43821,0.21667,0.31121
basic,840,5,0.48596,2.69146,1.62573,14.75322,0.41538,0.2913,0.58859
basic,840,5,0.48596,4.64023,1.62573,103.56769,0.40891,0.31111,0.86211
basic,840,5,0.48596,8.0,1.62573,2980.95799,0.40718,0.31445,1.12947
basic,840,5,0.69711,0.02,2.00793,1.0202,0.28758,0.00504,0.00504
basic,840,5,0.69711,0.03448,2.00793,1.03508,0.29427,0.00858,0.00859
basic,840,5,0.69711,0.05945,2.00793,1.06125,0.30705,0.01466,0.01468
basic,840,5,0.69711,0.10249,2.00793,1.10793,0.31354,0.02535,0.02545
basic,840,5,0.69711,0.1767,2.00793,1.19327,0.33248,0.04355,0.04399
basic,840,5,0.69711,0.30464,2.00793,1.35613,0.3422,0.07649,0.0786
basic,840,5,0.69711,0.52521,2.00793,1.69082,0.3594,0.12678,0.13981
basic,840,5,0.69711,0.9055,2.00793,2.47316,0.36014,0.19844,0.2559
basic,840,5,0.69711,1.56112,2.00793,4.76417,0.34558,0.28016,0.48504
basic,840,5,0.69711,2.69146,2.00793,14.75322,0.33775,0.34441,0.78761
basic,840,5,0.69711,4.64023,2.00793,103.56769,0.34109,0.37069,1.10345
basic,840,5,0.69711,8.0,2.00793,2980.95799,0.34458,0.37805,1.40268
basic,840,5,1.0,0.02,2.71828,1.0202,0.23482,0.00501,0.00501
basic,840,5,1.0,0.03448,2.71828,1.03508,0.23789,0.00838,0.00838
basic,840,5,1.0,0.05945,2.71828,1.06125,0.24359,0.01377,0.01379
basic,840,5,1.0,0.10249,2.71828,1.10793,0.24843,0.02436,0.0245
basic,840,5,1.0,0.1767,2.71828,1.19327,0.26369,0.04609,0.04709
basic,840,5,1.0,0.30464,2.71828,1.35613,0.25434,0.08983,0.09573
basic,840,5,1.0,0.52521,2.71828,1.69082,0.2704,0.16053,0.18967
basic,840,5,1.0,0.9055,2.71828,2.47316,0.26999,0.26318,0.42173
basic,840,5,1.0,1.56112,2.71828,4.76417,0.26968,0.34065,0.72208
basic,840,5,1.0,2.69146,2.71828,14.75322,0.26205,0.41716,1.09471
basic,840,5,1.0,4.64023,2.71828,103.56769,0.24877,0.46086,1.48439
basic,840,5,1.0,8.0,2.71828,2980.95799,0.24841,0.46815,1.76133
basic,840,10,0.08,0.02,1.08329,1.0202,0.71442,0.0007,0.0007
basic,840,10,0.08,0.03448,1.08329,1.03508,0.71815,0.00121,0.0012
basic,840,10,0.08,0.05945,1.08329,1.06125,0.72209,0.0021,0.00206
basic,840,10,0.08,0.10249,1.08329,1.10793,0.72881,0.00371,0.00361
basic,840,10,0.08,0.1767,1.08329,1.19327,0.73403,0.00628,0.00599
basic,840,10,0.08,0.30464,1.08329,1.35613,0.73938,0.01199,0.01108
basic,840,10,0.08,0.52521,1.08329,1.69082,0.74014,0.02451,0.02138
basic,840,10,0.08,0.9055,1.08329,2.47316,0.7406,0.05001,0.04063
basic,840,10,0.08,1.56112,1.08329,4.76417,0.73874,0.10695,0.08051
basic,840,10,0.08,2.69146,1.08329,14.75322,0.72187,0.21133,0.16644
basic,840,10,0.08,4.64023,1.08329,103.56769,0.70927,0.29462,0.3049
basic,840,10,0.08,8.0,1.08329,2980.95799,0.70963,0.31471,0.41408
basic,840,10,0.11476,0.02,1.1216,1.0202,0.66811,0.00097,0.00097
basic,840,10,0.11476,0.03448,1.1216,1.03508,0.67689,0.00164,0.00162
basic,840,10,0.11476,0.05945,1.1216,1.06125,0.67892,0.00289,0.00285
basic,840,10,0.11476,0.10249,1.1216,1.10793,0.68615,0.00502,0.00489
basic,840,10,0.11476,0.1767,1.1216,1.19327,0.68574,0.00939,0.00896
basic,840,10,0.11476,0.30464,1.1216,1.35613,0.68621,0.01737,0.01608
basic,840,10,0.11476,0.52521,1.1216,1.69082,0.6977,0.03379,0.0296
basic,840,10,0.11476,0.9055,1.1216,2.47316,0.7188,0.06125,0.04979
basic,840,10,0.11476,1.56112,1.1216,4.76417,0.70704,0.13458,0.10179
basic,840,10,0.11476,2.69146,1.1216,14.75322,0.69437,0.25286,0.20477
basic,840,10,0.11476,4.64023,1.1216,103.56769,0.66044,0.36291,0.39149
basic,840,10,0.11476,8.0,1.1216,2980.95799,0.65834,0.37682,0.53137
basic,840,10,0.16462,0.02,1.17895,1.0202,0.60173,0.0014,0.00139
basic,840,10,0.16462,0.03448,1.17895,1.03508,0.60646,0.00243,0.00241
basic,840,10,0.16462,0.05945,1.17895,1.06125,0.62459,0.0039,0.00384
basic,840,10,0.16462,0.10249,1.17895,1.10793,0.62135,0.00715,0.00697
basic,840,10,0.16462,0.1767,1.17895,1.19327,0.62978,0.01272,0.01217
basic,840,10,0.16462,0.30464,1.17895,1.35613,0.65701,0.02221,0.02064
basic,840,10,0.16462,0.52521,1.17895,1.69082,0.66032,0.04196,0.03663
basic,840,10,0.16462,0.9055,1.17895,2.47316,0.67819,0.07846,0.06367
basic,840,10,0.16462,1.56112,1.17895,4.76417,0.6651,0.16972,0.12986
basic,840,10,0.16462,2.69146,1.17895,14.75322,0.63689,0.2895,0.24294
basic,840,10,0.16462,4.64023,1.17895,103.56769,0.61374,0.41116,0.46573
basic,840,10,0.16462,8.0,1.17895,2980.95799,0.60848,0.4236,0.64632
basic,840,10,0.23615,0.02,1.26637,1.0202,0.54436,0.00189,0.00189
basic,840,10,0.23615,0.03448,1.26637,1.03508,0.53855,0.00333,0.0033
basic,840,10,0.23615,0.05945,1.26637,1.06125,0.54638,0.00584,0.00576
basic,840,10,0.23615,0.10249,1.26637,1.10793,0.55292,0.01002,0.00978
basic,840,10,0.23615,0.1767,1.26637,1.19327,0.56648,0.0174,0.01668
basic,840,10,0.23615,0.30464,1.26637,1.35613,0.58251,0.0314,0.02915
basic,840,10,0.23615,0.52521,1.26637,1.69082,0.61287,0.05557,0.0489
basic,840,10,0.23615,0.9055,1.26637,2.47316,0.62683,0.10758,0.08856
basic,840,10,0.23615,1.56112,1.26637,4.76417,0.60871,0.21384,0.16807
basic,840,10,0.23615,2.69146,1.26637,14.75322,0.58257,0.34346,0.3051
basic,840,10,0.23615,4.64023,1.26637,103.56769,0.5443,0.46256,0.56434
basic,840,10,0.23615,8.0,1.26637,2980.95799,0.53563,0.47751,0.78656
basic,840,10,0.33876,0.02,1.40321,1.0202,0.45737,0.00275,0.00274
basic,840,10,0.33876,0.03448,1.40321,1.03508,0.45778,0.00477,0.00474
basic,840,10,0.33876,0.05945,1.40321,1.06125,0.46552,0.008,0.00789
basic,840,10,0.33876,0.10249,1.40321,1.10793,0.48309,0.01372,0.01342
basic,840,10,0.33876,0.1767,1.40321,1.19327,0.49874,0.02402,0.023
basic,840,10,0.33876,0.30464,1.40321,1.35613,0.50652,0.04231,0.03931
basic,840,10,0.33876,0.52521,1.40321,1.69082,0.54721,0.07118,0.06289
basic,840,10,0.33876,0.9055,1.40321,2.47316,0.5501,0.14051,0.11627
basic,840,10,0.33876,1.56112,1.40321,4.76417,0.54841,0.25629,0.20876
basic,840,10,0.33876,2.69146,1.40321,14.75322,0.49893,0.42113,0.41084
basic,840,10,0.33876,4.64023,1.40321,103.56769,0.4868,0.49321,0.65597
basic,840,10,0.33876,8.0,1.40321,2980.95799,0.47482,0.51267,0.92741
basic,840,10,0.48596,0.02,1.62573,1.0202,0.36858,0.00392,0.00391
basic,840,10,0.48596,0.03448,1.62573,1.03508,0.37296,0.00668,0.00664
basic,840,10,0.48596,0.05945,1.62573,1.06125,0.37887,0.01154,0.0114
basic,840,10,0.48596,0.10249,1.62573,1.10793,0.40263,0.01926,0.01885
basic,840,10,0.48596,0.1767,1.62573,1.19327,0.41456,0.03389,0.03254
basic,840,10,0.48596,0.30464,1.62573,1.35613,0.43913,0.05861,0.05451
basic,840,10,0.48596,0.52521,1.62573,1.69082,0.46673,0.10071,0.08851
basic,840,10,0.48596,0.9055,1.62573,2.47316,0.47341,0.18502,0.15749
basic,840,10,0.48596,1.56112,1.62573,4.76417,0.47237,0.31703,0.28374
basic,840,10,0.48596,2.69146,1.62573,14.75322,0.42502,0.48041,0.52943
basic,840,10,0.48596,4.64023,1.62573,103.56769,0.41504,0.5514,0.81123
basic,840,10,0.48596,8.0,1.62573,2980.95799,0.40077,0.58717,1.12556
basic,840,10,0.69711,0.02,2.00793,1.0202,0.30744,0.00513,0.00512
basic,840,10,0.69711,0.03448,2.00793,1.03508,0.29981,0.00905,0.009
basic,840,10,0.69711,0.05945,2.00793,1.06125,0.30668,0.01547,0.01532
basic,840,10,0.69711,0.10249,2.00793,1.10793,0.32072,0.02634,0.02583
basic,840,10,0.69711,0.1767,2.00793,1.19327,0.33403,0.04522,0.04364
basic,840,10,0.69711,0.30464,2.00793,1.35613,0.3597,0.07993,0.07447
basic,840,10,0.69711,0.52521,2.00793,1.69082,0.38721,0.13917,0.12435
basic,840,10,0.69711,0.9055,2.00793,2.47316,0.39033,0.24036,0.21013
basic,840,10,0.69711,1.56112,2.00793,4.76417,0.37667,0.39875,0.39082
basic,840,10,0.69711,2.69146,2.00793,14.75322,0.34621,0.56363,0.71332
basic,840,10,0.69711,4.64023,2.00793,103.56769,0.3342,0.65141,1.07053
basic,840,10,0.69711,8.0,2.00793,2980.95799,0.32313,0.66666,1.37858
basic,840,10,1.0,0.02,2.71828,1.0202,0.21336,0.00705,0.00703
basic,840,10,1.0,0.03448,2.71828,1.03508,0.21536,0.01229,0.01224
basic,840,10,1.0,0.05945,2.71828,1.06125,0.21922,0.02161,0.02145
basic,840,10,1.0,0.10249,2.71828,1.10793,0.25463,0.03547,0.03493
basic,840,10,1.0,0.1767,2.71828,1.19327,0.2568,0.06264,0.06081
basic,840,10,1.0,0.30464,2.71828,1.35613,0.28535,0.10943,0.10373
basic,840,10,1.0,0.52521,2.71828,1.69082,0.30731,0.18739,0.17139
basic,840,10,1.0,0.9055,2.71828,2.47316,0.30872,0.31802,0.30027
basic,840,10,1.0,1.56112,2.71828,4.76417,0.30501,0.48168,0.54138
basic,840,10,1.0,2.69146,2.71828,14.75322,0.26021,0.71434,1.03905
basic,840,10,1.0,4.64023,2.71828,103.56769,0.25361,0.79382,1.41362
basic,840,10,1.0,8.0,2.71828,2980.95799,0.25323,0.7952,1.67476
basic,840,20,0.08,0.02,1.08329,1.0202,0.71318,0.00067,0.00067
basic,840,20,0.08,0.03448,1.08329,1.03508,0.71216,0.00122,0.0012
basic,840,20,0.08,0.05945,1.08329,1.06125,0.71578,0.00208,0.00204
basic,840,20,0.08,0.10249,1.08329,1.10793,0.71469,0.00363,0.00349
basic,840,20,0.08,0.1767,1.08329,1.19327,0.72538,0.00646,0.00605
basic,840,20,0.08,0.30464,1.08329,1.35613,0.72946,0.01244,0.01108
basic,840,20,0.08,0.52521,1.08329,1.69082,0.74318,0.02508,0.02046
basic,840,20,0.08,0.9055,1.08329,2.47316,0.75031,0.05447,0.03844
basic,840,20,0.08,1.56112,1.08329,4.76417,0.75821,0.13215,0.07697
basic,840,20,0.08,2.69146,1.08329,14.75322,0.72374,0.37197,0.18114
basic,840,20,0.08,4.64023,1.08329,103.56769,0.68939,0.65334,0.36332
basic,840,20,0.08,8.0,1.08329,2980.95799,0.67461,0.71204,0.46118
basic,840,20,0.11476,0.02,1.1216,1.0202,0.66779,0.00088,0.00087
basic,840,20,0.11476,0.03448,1.1216,1.03508,0.66736,0.00157,0.00155
basic,840,20,0.11476,0.05945,1.1216,1.06125,0.67389,0.00266,0.00261
basic,840,20,0.11476,0.10249,1.1216,1.10793,0.67748,0.00457,0.0044
basic,840,20,0.11476,0.1767,1.1216,1.19327,0.68734,0.00852,0.00798
basic,840,20,0.11476,0.30464,1.1216,1.35613,0.68628,0.01616,0.01443
basic,840,20,0.11476,0.52521,1.1216,1.69082,0.7032,0.03169,0.02606
basic,840,20,0.11476,0.9055,1.1216,2.47316,0.72321,0.06726,0.04787
basic,840,20,0.11476,1.56112,1.1216,4.76417,0.72199,0.16318,0.09504
basic,840,20,0.11476,2.69146,1.1216,14.75322,0.6899,0.40919,0.20574
basic,840,20,0.11476,4.64023,1.1216,103.56769,0.64023,0.73542,0.42027
basic,840,20,0.11476,8.0,1.1216,2980.95799,0.62349,0.79304,0.54631
basic,840,20,0.16462,0.02,1.17895,1.0202,0.59562,0.0013,0.00129
basic,840,20,0.16462,0.03448,1.17895,1.03508,0.60538,0.00217,0.00214
basic,840,20,0.16462,0.05945,1.17895,1.06125,0.60917,0.00373,0.00365
basic,840,20,0.16462,0.10249,1.17895,1.10793,0.61291,0.00655,0.00631
basic,840,20,0.16462,0.1767,1.17895,1.19327,0.62743,0.01162,0.0109
basic,840,20,0.16462,0.30464,1.17895,1.35613,0.64061,0.02099,0.01875
basic,840,20,0.16462,0.52521,1.17895,1.69082,0.66654,0.04041,0.03324
basic,840,20,0.16462,0.9055,1.17895,2.47316,0.67899,0.08824,0.0625
basic,840,20,0.16462,1.56112,1.17895,4.76417,0.6827,0.19843,0.11519
basic,840,20,0.16462,2.69146,1.17895,14.75322,0.63423,0.49066,0.25525
basic,840,20,0.16462,4.64023,1.17895,103.56769,0.57313,0.80628,0.49936
basic,840,20,0.16462,8.0,1.17895,2980.95799,0.57268,0.83075,0.63036
basic,840,20,0.23615,0.02,1.26637,1.0202,0.52841,0.00166,0.00165
basic,840,20,0.23615,0.03448,1.26637,1.03508,0.53134,0.00288,0.00284
basic,840,20,0.23615,0.05945,1.26637,1.06125,0.53827,0.00509,0.00498
basic,840,20,0.23615,0.10249,1.26637,1.10793,0.54187,0.0091,0.00878
basic,840,20,0.23615,0.1767,1.26637,1.19327,0.5758,0.01498,0.01404
basic,840,20,0.23615,0.30464,1.26637,1.35613,0.57592,0.02788,0.02493
basic,840,20,0.23615,0.52521,1.26637,1.69082,0.60615,0.0513,0.04188
basic,840,20,0.23615,0.9055,1.26637,2.47316,0.62856,0.10876,0.07693
basic,840,20,0.23615,1.56112,1.26637,4.76417,0.62746,0.24649,0.14573
basic,840,20,0.23615,2.69146,1.26637,14.75322,0.57615,0.5388,0.30007
basic,840,20,0.23615,4.64023,1.26637,103.56769,0.50431,0.84617,0.57368
basic,840,20,0.23615,8.0,1.26637,2980.95799,0.50387,0.88381,0.75311
basic,840,20,0.33876,0.02,1.40321,1.0202,0.44826,0.00237,0.00236
basic,840,20,0.33876,0.03448,1.40321,1.03508,0.45704,0.00405,0.00401
basic,840,20,0.33876,0.05945,1.40321,1.06125,0.47419,0.007,0.00686
basic,840,20,0.33876,0.10249,1.40321,1.10793,0.48354,0.01175,0.01134
basic,840,20,0.33876,0.1767,1.40321,1.19327,0.49919,0.02017,0.01893
basic,840,20,0.33876,0.30464,1.40321,1.35613,0.52712,0.0354,0.03161
basic,840,20,0.33876,0.52521,1.40321,1.69082,0.5499,0.06599,0.05362
basic,840,20,0.33876,0.9055,1.40321,2.47316,0.57038,0.13583,0.09484
basic,840,20,0.33876,1.56112,1.40321,4.76417,0.56797,0.30579,0.18065
basic,840,20,0.33876,2.69146,1.40321,14.75322,0.50267,0.61222,0.36756
basic,840,20,0.33876,4.64023,1.40321,103.56769,0.45787,0.85815,0.64729
basic,840,20,0.33876,8.0,1.40321,2980.95799,0.45151,0.91046,0.8568
basic,840,20,0.48596,0.02,1.62573,1.0202,0.36662,0.00334,0.00332
basic,840,20,0.48596,0.03448,1.62573,1.03508,0.36278,0.00589,0.00583
basic,840,20,0.48596,0.05945,1.62573,1.06125,0.3779,0.00965,0.00946
basic,840,20,0.48596,0.10249,1.62573,1.10793,0.39093,0.01662,0.01605
basic,840,20,0.48596,0.1767,1.62573,1.19327,0.41057,0.02851,0.02679
basic,840,20,0.48596,0.30464,1.62573,1.35613,0.44975,0.04771,0.04262
basic,840,20,0.48596,0.52521,1.62573,1.69082,0.47646,0.08724,0.07106
basic,840,20,0.48596,0.9055,1.62573,2.47316,0.50169,0.17733,0.12395
basic,840,20,0.48596,1.56112,1.62573,4.76417,0.48807,0.37838,0.2293
basic,840,20,0.48596,2.69146,1.62573,14.75322,0.43745,0.69654,0.45387
basic,840,20,0.48596,4.64023,1.62573,103.56769,0.37134,0.96076,0.81468
basic,840,20,0.48596,8.0,1.62573,2980.95799,0.36739,0.97346,1.03275
basic,840,20,0.69711,0.02,2.00793,1.0202,0.28191,0.00459,0.00456
basic,840,20,0.69711,0.03448,2.00793,1.03508,0.2828,0.00801,0.00792
basic,840,20,0.69711,0.05945,2.00793,1.06125,0.28788,0.01404,0.01378
basic,840,20,0.69711,0.10249,2.00793,1.10793,0.31367,0.02297,0.02223
basic,840,20,0.69711,0.1767,2.00793,1.19327,0.34129,0.0384,0.03614
basic,840,20,0.69711,0.30464,2.00793,1.35613,0.36427,0.0662,0.05914
basic,840,20,0.69711,0.52521,2.00793,1.69082,0.40078,0.12092,0.09656
basic,840,20,0.69711,0.9055,2.00793,2.47316,0.42265,0.24241,0.16481
basic,840,20,0.69711,1.56112,2.00793,4.76417,0.41427,0.45914,0.29002
basic,840,20,0.69711,2.69146,2.00793,14.75322,0.36226,0.76913,0.57051
basic,840,20,0.69711,4.64023,2.00793,103.56769,0.31908,1.01878,0.96057
basic,840,20,0.69711,8.0,2.00793,2980.95799,0.31712,1.05762,1.21954
basic,840,20,1.0,0.02,2.71828,1.0202,0.20913,0.00631,0.00628
basic,840,20,1.0,0.03448,2.71828,1.03508,0.2206,0.01045,0.01035
basic,840,20,1.0,0.05945,2.71828,1.06125,0.23421,0.01748,0.01717
basic,840,20,1.0,0.10249,2.71828,1.10793,0.24596,0.0303,0.02935
basic,840,20,1.0,0.1767,2.71828,1.19327,0.27435,0.05002,0.04714
basic,840,20,1.0,0.30464,2.71828,1.35613,0.3035,0.08679,0.07711
basic,840,20,1.0,0.52521,2.71828,1.69082,0.32021,0.16128,0.12896
basic,840,20,1.0,0.9055,2.71828,2.47316,0.35509,0.28721,0.20209
basic,840,20,1.0,1.56112,2.71828,4.76417,0.3332,0.5665,0.38961
basic,840,20,1.0,2.69146,2.71828,14.75322,0.27655,0.93665,0.7791
basic,840,20,1.0,4.64023,2.71828,103.56769,0.25485,1.17044,1.14779
basic,840,20,1.0,8.0,2.71828,2980.95799,0.23723,1.22637,1.40568
basic,840,50,0.08,0.02,1.08329,1.0202,0.71601,0.00056,0.00055
basic,840,50,0.08,0.03448,1.08329,1.03508,0.71555,0.00095,0.00094
basic,840,50,0.08,0.05945,1.08329,1.06125,0.71652,0.00174,0.00169
basic,840,50,0.08,0.10249,1.08329,1.10793,0.72216,0.00303,0.00289
basic,840,50,0.08,0.1767,1.08329,1.19327,0.72107,0.00546,0.00505
basic,840,50,0.08,0.30464,1.08329,1.35613,0.73838,0.01009,0.00882
basic,840,50,0.08,0.52521,1.08329,1.69082,0.74734,0.02074,0.01622
basic,840,50,0.08,0.9055,1.08329,2.47316,0.75534,0.04698,0.03043
basic,840,50,0.08,1.56112,1.08329,4.76417,0.75012,0.1418,0.06707
basic,840,50,0.08,2.69146,1.08329,14.75322,0.73421,0.48215,0.14958
basic,840,50,0.08,4.64023,1.08329,103.56769,0.67309,1.17228,0.3066
basic,840,50,0.08,8.0,1.08329,2980.95799,0.66584,1.2522,0.35043
basic,840,50,0.11476,0.02,1.1216,1.0202,0.65016,0.00078,0.00077
basic,840,50,0.11476,0.03448,1.1216,1.03508,0.66343,0.00128,0.00126
basic,840,50,0.11476,0.05945,1.1216,1.06125,0.6678,0.00222,0.00217
basic,840,50,0.11476,0.10249,1.1216,1.10793,0.67589,0.00388,0.00371
basic,840,50,0.11476,0.1767,1.1216,1.19327,0.6782,0.00721,0.00667
basic,840,50,0.11476,0.30464,1.1216,1.35613,0.69082,0.01388,0.01206
basic,840,50,0.11476,0.52521,1.1216,1.69082,0.71253,0.02545,0.02004
basic,840,50,0.11476,0.9055,1.1216,2.47316,0.72827,0.05747,0.03719
basic,840,50,0.11476,1.56112,1.1216,4.76417,0.72821,0.16398,0.07662
basic,840,50,0.11476,2.69146,1.1216,14.75322,0.69825,0.56436,0.1783
basic,840,50,0.11476,4.64023,1.1216,103.56769,0.62727,1.32226,0.36449
basic,840,50,0.11476,8.0,1.1216,2980.95799,0.61359,1.41911,0.42235
basic,840,50,0.16462,0.02,1.17895,1.0202,0.5837,0.00102,0.00102
basic,840,50,0.16462,0.03448,1.17895,1.03508,0.5935,0.00176,0.00173
basic,840,50,0.16462,0.05945,1.17895,1.06125,0.60199,0.00297,0.00289
basic,840,50,0.16462,0.10249,1.17895,1.10793,0.61503,0.00517,0.00494
basic,840,50,0.16462,0.1767,1.17895,1.19327,0.62589,0.00917,0.00846
basic,840,50,0.16462,0.30464,1.17895,1.35613,0.63947,0.01688,0.01475
basic,840,50,0.16462,0.52521,1.17895,1.69082,0.66816,0.0329,0.02587
basic,840,50,0.16462,0.9055,1.17895,2.47316,0.6856,0.06848,0.04477
basic,840,50,0.16462,1.56112,1.17895,4.76417,0.69786,0.1927,0.08919
basic,840,50,0.16462,2.69146,1.17895,14.75322,0.66656,0.5964,0.18937
basic,840,50,0.16462,4.64023,1.17895,103.56769,0.56002,1.42471,0.41759
basic,840,50,0.16462,8.0,1.17895,2980.95799,0.55043,1.50633,0.48513
basic,840,50,0.23615,0.02,1.26637,1.0202,0.52692,0.00131,0.0013
basic,840,50,0.23615,0.03448,1.26637,1.03508,0.52776,0.00232,0.00229
basic,840,50,0.23615,0.05945,1.26637,1.06125,0.52315,0.00412,0.00402
basic,840,50,0.23615,0.10249,1.26637,1.10793,0.54606,0.00683,0.00653
basic,840,50,0.23615,0.1767,1.26637,1.19327,0.56666,0.01145,0.01058
basic,840,50,0.23615,0.30464,1.26637,1.35613,0.59677,0.01995,0.01737
basic,840,50,0.23615,0.52521,1.26637,1.69082,0.60424,0.04029,0.03161
basic,840,50,0.23615,0.9055,1.26637,2.47316,0.63464,0.08666,0.05647
basic,840,50,0.23615,1.56112,1.26637,4.76417,0.65748,0.21708,0.10122
basic,840,50,0.23615,2.69146,1.26637,14.75322,0.60706,0.70796,0.23263
basic,840,50,0.23615,4.64023,1.26637,103.56769,0.5115,1.47663,0.47081
basic,840,50,0.23615,8.0,1.26637,2980.95799,0.49404,1.56326,0.57579
basic,840,50,0.33876,0.02,1.40321,1.0202,0.43673,0.00185,0.00183
basic,840,50,0.33876,0.03448,1.40321,1.03508,0.44108,0.0032,0.00316
basic,840,50,0.33876,0.05945,1.40321,1.06125,0.44432,0.00543,0.0053
basic,840,50,0.33876,0.10249,1.40321,1.10793,0.46837,0.00923,0.00883
basic,840,50,0.33876,0.1767,1.40321,1.19327,0.48604,0.01624,0.01502
basic,840,50,0.33876,0.30464,1.40321,1.35613,0.51887,0.02745,0.02391
basic,840,50,0.33876,0.52521,1.40321,1.69082,0.55488,0.04873,0.03818
basic,840,50,0.33876,0.9055,1.40321,2.47316,0.58827,0.10171,0.06585
basic,840,50,0.33876,1.56112,1.40321,4.76417,0.59938,0.27723,0.12833
basic,840,50,0.33876,2.69146,1.40321,14.75322,0.54105,0.79806,0.27531
basic,840,50,0.33876,4.64023,1.40321,103.56769,0.42982,1.56913,0.57362
basic,840,50,0.33876,8.0,1.40321,2980.95799,0.43249,1.63501,0.66894
basic,840,50,0.48596,0.02,1.62573,1.0202,0.34684,0.00258,0.00256
basic,840,50,0.48596,0.03448,1.62573,1.03508,0.35396,0.00446,0.0044
basic,840,50,0.48596,0.05945,1.62573,1.06125,0.36906,0.00737,0.00719
basic,840,50,0.48596,0.10249,1.62573,1.10793,0.40111,0.01201,0.0115
basic,840,50,0.48596,0.1767,1.62573,1.19327,0.40828,0.02103,0.01947
basic,840,50,0.48596,0.30464,1.62573,1.35613,0.4492,0.03615,0.03156
basic,840,50,0.48596,0.52521,1.62573,1.69082,0.48283,0.06353,0.04953
basic,840,50,0.48596,0.9055,1.62573,2.47316,0.52022,0.12952,0.08319
basic,840,50,0.48596,1.56112,1.62573,4.76417,0.54554,0.3307,0.15085
basic,840,50,0.48596,2.69146,1.62573,14.75322,0.47569,0.90941,0.33166
basic,840,50,0.48596,4.64023,1.62573,103.56769,0.37809,1.61218,0.65278
basic,840,50,0.48596,8.0,1.62573,2980.95799,0.36293,1.69417,0.81567
basic,840,50,0.69711,0.02,2.00793,1.0202,0.2868,0.00343,0.0034
basic,840,50,0.69711,0.03448,2.00793,1.03508,0.28917,0.00595,0.00587
basic,840,50,0.69711,0.05945,2.00793,1.06125,0.30877,0.00961,0.00938
basic,840,50,0.69711,0.10249,2.00793,1.10793,0.3291,0.01588,0.01522
basic,840,50,0.69711,0.1767,2.00793,1.19327,0.33896,0.02825,0.02619
basic,840,50,0.69711,0.30464,2.00793,1.35613,0.37055,0.04782,0.04143
basic,840,50,0.69711,0.52521,2.00793,1.69082,0.40686,0.08598,0.06629
basic,840,50,0.69711,0.9055,2.00793,2.47316,0.45554,0.17138,0.10577
basic,840,50,0.69711,1.56112,2.00793,4.76417,0.46505,0.4347,0.19452
basic,840,50,0.69711,2.69146,2.00793,14.75322,0.39416,1.04129,0.41361
basic,840,50,0.69711,4.64023,2.00793,103.56769,0.31357,1.65568,0.78663
basic,840,50,0.69711,8.0,2.00793,2980.95799,0.29873,1.77501,0.95356
basic,840,50,1.0,0.02,2.71828,1.0202,0.22577,0.00433,0.00429
basic,840,50,1.0,0.03448,2.71828,1.03508,0.22385,0.00755,0.00745
basic,840,50,1.0,0.05945,2.71828,1.06125,0.2388,0.01288,0.01257
basic,840,50,1.0,0.10249,2.71828,1.10793,0.24831,0.02212,0.02118
basic,840,50,1.0,0.1767,2.71828,1.19327,0.26491,0.03825,0.03549
basic,840,50,1.0,0.30464,2.71828,1.35613,0.30109,0.06313,0.05472
basic,840,50,1.0,0.52521,2.71828,1.69082,0.33273,0.11207,0.08642
basic,840,50,1.0,0.9055,2.71828,2.47316,0.374,0.22223,0.13554
basic,840,50,1.0,1.56112,2.71828,4.76417,0.3809,0.54622,0.24565
basic,840,50,1.0,2.69146,2.71828,14.75322,0.30626,1.22458,0.5161
basic,840,50,1.0,4.64023,2.71828,103.56769,0.25099,1.8481,0.87953
basic,840,50,1.0,8.0,2.71828,2980.95799,0.24088,1.9778,1.05896
basic,1680,5,0.08,0.02,1.08329,1.0202,0.63849,0.00127,0.00127
basic,1680,5,0.08,0.03448,1.08329,1.03508,0.64088,0.00221,0.0022
basic,1680,5,0.08,0.05945,1.08329,1.06125,0.6497,0.00369,0.00368
basic,1680,5,0.08,0.10249,1.08329,1.10793,0.65456,0.00661,0.00657
basic,1680,5,0.08,0.1767,1.08329,1.19327,0.67195,0.01107,0.01097
basic,1680,5,0.08,0.30464,1.08329,1.35613,0.68509,0.01882,0.01858
basic,1680,5,0.08,0.52521,1.08329,1.69082,0.70141,0.0327,0.03231
basic,1680,5,0.08,0.9055,1.08329,2.47316,0.6993,0.05928,0.0597
basic,1680,5,0.08,1.56112,1.08329,4.76417,0.69286,0.09897,0.1102
basic,1680,5,0.08,2.69146,1.08329,14.75322,0.66648,0.15203,0.2174
basic,1680,5,0.08,4.64023,1.08329,103.56769,0.65099,0.17216,0.36779
basic,1680,5,0.08,8.0,1.08329,2980.95799,0.65098,0.17727,0.54289
basic,1680,5,0.11476,0.02,1.1216,1.0202,0.57462,0.00183,0.00183
basic,1680,5,0.11476,0.03448,1.1216,1.03508,0.57448,0.00316,0.00316
basic,1680,5,0.11476,0.05945,1.1216,1.06125,0.58769,0.00517,0.00516
basic,1680,5,0.11476,0.10249,1.1216,1.10793,0.59873,0.00885,0.00881
basic,1680,5,0.11476,0.1767,1.1216,1.19327,0.61584,0.01504,0.01495
basic,1680,5,0.11476,0.30464,1.1216,1.35613,0.63448,0.02654,0.0263
basic,1680,5,0.11476,0.52521,1.1216,1.69082,0.65191,0.04534,0.04501
basic,1680,5,0.11476,0.9055,1.1216,2.47316,0.65956,0.0759,0.07763
basic,1680,5,0.11476,1.56112,1.1216,4.76417,0.63908,0.12935,0.15023
basic,1680,5,0.11476,2.69146,1.1216,14.75322,0.61023,0.18276,0.28241
basic,1680,5,0.11476,4.64023,1.1216,103.56769,0.58908,0.21332,0.48125
basic,1680,5,0.11476,8.0,1.1216,2980.95799,0.58859,0.21664,0.70018
basic,1680,5,0.16462,0.02,1.17895,1.0202,0.4909,0.00264,0.00264
basic,1680,5,0.16462,0.03448,1.17895,1.03508,0.50598,0.00434,0.00433
basic,1680,5,0.16462,0.05945,1.17895,1.06125,0.50843,0.00761,0.0076
basic,1680,5,0.16462,0.10249,1.17895,1.10793,0.52807,0.01247,0.01244
basic,1680,5,0.16462,0.1767,1.17895,1.19327,0.55041,0.0211,0.021
basic,1680,5,0.16462,0.30464,1.17895,1.35613,0.57535,0.03505,0.03495
basic,1680,5,0.16462,0.52521,1.17895,1.69082,0.59391,0.05946,0.05978
basic,1680,5,0.16462,0.9055,1.17895,2.47316,0.60255,0.09718,0.10164
basic,1680,5,0.16462,1.56112,1.17895,4.76417,0.57345,0.16392,0.20169
basic,1680,5,0.16462,2.69146,1.17895,14.75322,0.53208,0.23147,0.3856
basic,1680,5,0.16462,4.64023,1.17895,103.56769,0.51531,0.25582,0.62227
basic,1680,5,0.16462,8.0,1.17895,2980.95799,0.50474,0.26712,0.90686
basic,1680,5,0.23615,0.02,1.26637,1.0202,0.42467,0.00362,0.00362
basic,1680,5,0.23615,0.03448,1.26637,1.03508,0.43265,0.00614,0.00613
basic,1680,5,0.23615,0.05945,1.26637,1.06125,0.43972,0.01054,0.01052
basic,1680,5,0.23615,0.10249,1.26637,1.10793,0.4497,0.01799,0.01794
basic,1680,5,0.23615,0.1767,1.26637,1.19327,0.4817,0.02973,0.02964
basic,1680,5,0.23615,0.30464,1.26637,1.35613,0.49389,0.05039,0.05051
basic,1680,5,0.23615,0.52521,1.26637,1.69082,0.52381,0.08036,0.08174
basic,1680,5,0.23615,0.9055,1.26637,2.47316,0.52097,0.13618,0.14943
basic,1680,5,0.23615,1.56112,1.26637,4.76417,0.4857,0.20989,0.29011
basic,1680,5,0.23615,2.69146,1.26637,14.75322,0.4519,0.27725,0.52282
basic,1680,5,0.23615,4.64023,1.26637,103.56769,0.44015,0.30802,0.82295
basic,1680,5,0.23615,8.0,1.26637,2980.95799,0.44439,0.30922,1.10348
basic,1680,5,0.33876,0.02,1.40321,1.0202,0.32952,0.00535,0.00535
basic,1680,5,0.33876,0.03448,1.40321,1.03508,0.34747,0.00874,0.00875
basic,1680,5,0.33876,0.05945,1.40321,1.06125,0.35263,0.01561,0.01564
basic,1680,5,0.33876,0.10249,1.40321,1.10793,0.37559,0.02523,0.02528
basic,1680,5,0.33876,0.1767,1.40321,1.19327,0.40272,0.04148,0.04177
basic,1680,5,0.33876,0.30464,1.40321,1.35613,0.4282,0.06856,0.0702
basic,1680,5,0.33876,0.52521,1.40321,1.69082,0.43567,0.11461,0.12315
basic,1680,5,0.33876,0.9055,1.40321,2.47316,0.42996,0.17756,0.22039
basic,1680,5,0.33876,1.56112,1.40321,4.76417,0.40213,0.2672,0.4299
basic,1680,5,0.33876,2.69146,1.40321,14.75322,0.36292,0.34468,0.76765
basic,1680,5,0.33876,4.64023,1.40321,103.56769,0.36566,0.36737,1.07586
basic,1680,5,0.33876,8.0,1.40321,2980.95799,0.37054,0.37283,1.37488
basic,1680,5,0.48596,0.02,1.62573,1.0202,0.2548,0.00735,0.00735
basic,1680,5,0.48596,0.03448,1.62573,1.03508,0.26812,0.01228,0.0123
basic,1680,5,0.48596,0.05945,1.62573,1.06125,0.28164,0.02081,0.02085
basic,1680,5,0.48596,0.10249,1.62573,1.10793,0.30056,0.03535,0.03563
basic,1680,5,0.48596,0.1767,1.62573,1.19327,0.32114,0.05942,0.0604
basic,1680,5,0.48596,0.30464,1.62573,1.35613,0.33088,0.09872,0.10526
basic,1680,5,0.48596,0.52521,1.62573,1.69082,0.34603,0.15647,0.18193
basic,1680,5,0.48596,0.9055,1.62573,2.47316,0.33983,0.23594,0.34814
basic,1680,5,0.48596,1.56112,1.62573,4.76417,0.30718,0.33253,0.65824
basic,1680,5,0.48596,2.69146,1.62573,14.75322,0.29127,0.39485,1.01279
basic,1680,5,0.48596,4.64023,1.62573,103.56769,0.27589,0.426,1.39164
basic,1680,5,0.48596,8.0,1.62573,2980.95799,0.2832,0.42448,1.6445
basic,1680,5,0.69711,0.02,2.00793,1.0202,0.19899,0.00871,0.00872
basic,1680,5,0.69711,0.03448,2.00793,1.03508,0.19787,0.01447,0.0145
basic,1680,5,0.69711,0.05945,2.00793,1.06125,0.21446,0.02425,0.02439
basic,1680,5,0.69711,0.10249,2.00793,1.10793,0.22884,0.04462,0.04558
basic,1680,5,0.69711,0.1767,2.00793,1.19327,0.2463,0.07793,0.08095
basic,1680,5,0.69711,0.30464,2.00793,1.35613,0.26955,0.12815,0.1465
basic,1680,5,0.69711,0.52521,2.00793,1.69082,0.27295,0.20497,0.27556
basic,1680,5,0.69711,0.9055,2.00793,2.47316,0.25552,0.30301,0.55451
basic,1680,5,0.69711,1.56112,2.00793,4.76417,0.24019,0.4224,0.98607
basic,1680,5,0.69711,2.69146,2.00793,14.75322,0.23522,0.50598,1.43353
basic,1680,5,0.69711,4.64023,2.00793,103.56769,0.21868,0.5483,1.85945
basic,1680,5,0.69711,8.0,2.00793,2980.95799,0.21882,0.55398,2.12798
basic,1680,5,1.0,0.02,2.71828,1.0202,0.13335,0.01125,0.01127
basic,1680,5,1.0,0.03448,2.71828,1.03508,0.13935,0.01896,0.01902
basic,1680,5,1.0,0.05945,2.71828,1.06125,0.15998,0.02851,0.02865
basic,1680,5,1.0,0.10249,2.71828,1.10793,0.17942,0.04304,0.04364
basic,1680,5,1.0,0.1767,2.71828,1.19327,0.17751,0.07911,0.08385
basic,1680,5,1.0,0.30464,2.71828,1.35613,0.18666,0.1605,0.20117
basic,1680,5,1.0,0.52521,2.71828,1.69082,0.19076,0.26258,0.44826
basic,1680,5,1.0,0.9055,2.71828,2.47316,0.20148,0.35376,0.66802
basic,1680,5,1.0,1.56112,2.71828,4.76417,0.18519,0.47616,1.21768
basic,1680,5,1.0,2.69146,2.71828,14.75322,0.18481,0.56696,1.70681
basic,1680,5,1.0,4.64023,2.71828,103.56769,0.19012,0.59852,2.09423
basic,1680,5,1.0,8.0,2.71828,2980.95799,0.18877,0.60258,2.35813
basic,1680,10,0.08,0.02,1.08329,1.0202,0.62179,0.00136,0.00136
basic,1680,10,0.08,0.03448,1.08329,1.03508,0.63146,0.00227,0.00225
basic,1680,10,0.08,0.05945,1.08329,1.06125,0.63327,0.00397,0.00391
basic,1680,10,0.08,0.10249,1.08329,1.10793,0.6499,0.00675,0.00657
basic,1680,10,0.08,0.1767,1.08329,1.19327,0.66888,0.01175,0.01122
basic,1680,10,0.08,0.30464,1.08329,1.35613,0.68979,0.02056,0.019
basic,1680,10,0.08,0.52521,1.08329,1.69082,0.71054,0.03815,0.03335
basic,1680,10,0.08,0.9055,1.08329,2.47316,0.72104,0.07391,0.05961
basic,1680,10,0.08,1.56112,1.08329,4.76417,0.70912,0.15862,0.11923
basic,1680,10,0.08,2.69146,1.08329,14.75322,0.66666,0.29543,0.24254
basic,1680,10,0.08,4.64023,1.08329,103.56769,0.61731,0.41613,0.4663
basic,1680,10,0.08,8.0,1.08329,2980.95799,0.60698,0.44821,0.66721
basic,1680,10,0.11476,0.02,1.1216,1.0202,0.55314,0.00193,0.00192
basic,1680,10,0.11476,0.03448,1.1216,1.03508,0.56045,0.00326,0.00323
basic,1680,10,0.11476,0.05945,1.1216,1.06125,0.57451,0.00556,0.00548
basic,1680,10,0.11476,0.10249,1.1216,1.10793,0.59101,0.00947,0.00922
basic,1680,10,0.11476,0.1767,1.1216,1.19327,0.61292,0.01579,0.01509
basic,1680,10,0.11476,0.30464,1.1216,1.35613,0.63316,0.02807,0.02594
basic,1680,10,0.11476,0.52521,1.1216,1.69082,0.66814,0.04953,0.04318
basic,1680,10,0.11476,0.9055,1.1216,2.47316,0.68222,0.09669,0.07806
basic,1680,10,0.11476,1.56112,1.1216,4.76417,0.67013,0.19308,0.14738
basic,1680,10,0.11476,2.69146,1.1216,14.75322,0.61298,0.34707,0.30081
basic,1680,10,0.11476,4.64023,1.1216,103.56769,0.55915,0.46148,0.55379
basic,1680,10,0.11476,8.0,1.1216,2980.95799,0.54682,0.50181,0.81371
basic,1680,10,0.16462,0.02,1.17895,1.0202,0.4815,0.0027,0.00269
basic,1680,10,0.16462,0.03448,1.17895,1.03508,0.48893,0.00463,0.00459
basic,1680,10,0.16462,0.05945,1.17895,1.06125,0.50441,0.00757,0.00746
basic,1680,10,0.16462,0.10249,1.17895,1.10793,0.51987,0.01291,0.0126
basic,1680,10,0.16462,0.1767,1.17895,1.19327,0.54704,0.02191,0.02094
basic,1680,10,0.16462,0.30464,1.17895,1.35613,0.57821,0.0368,0.03403
basic,1680,10,0.16462,0.52521,1.17895,1.69082,0.60986,0.06479,0.05662
basic,1680,10,0.16462,0.9055,1.17895,2.47316,0.63275,0.11759,0.09561
basic,1680,10,0.16462,1.56112,1.17895,4.76417,0.6043,0.24347,0.19385
basic,1680,10,0.16462,2.69146,1.17895,14.75322,0.54301,0.4232,0.39462
basic,1680,10,0.16462,4.64023,1.17895,103.56769,0.48407,0.52837,0.69589
basic,1680,10,0.16462,8.0,1.17895,2980.95799,0.4694,0.55814,0.99066
basic,1680,10,0.23615,0.02,1.26637,1.0202,0.39637,0.00383,0.00381
basic,1680,10,0.23615,0.03448,1.26637,1.03508,0.40597,0.00648,0.00644
basic,1680,10,0.23615,0.05945,1.26637,1.06125,0.42063,0.01101,0.01086
basic,1680,10,0.23615,0.10249,1.26637,1.10793,0.45727,0.01708,0.01669
basic,1680,10,0.23615,0.1767,1.26637,1.19327,0.4843,0.02914,0.02796
basic,1680,10,0.23615,0.30464,1.26637,1.35613,0.52742,0.04774,0.04428
basic,1680,10,0.23615,0.52521,1.26637,1.69082,0.55784,0.08449,0.07385
basic,1680,10,0.23615,0.9055,1.26637,2.47316,0.57159,0.1577,0.13015
basic,1680,10,0.23615,1.56112,1.26637,4.76417,0.53821,0.29361,0.24965
basic,1680,10,0.23615,2.69146,1.26637,14.75322,0.46096,0.48003,0.51077
basic,1680,10,0.23615,4.64023,1.26637,103.56769,0.40665,0.60345,0.89397
basic,1680,10,0.23615,8.0,1.26637,2980.95799,0.40069,0.61762,1.18599
basic,1680,10,0.33876,0.02,1.40321,1.0202,0.32852,0.00537,0.00535
basic,1680,10,0.33876,0.03448,1.40321,1.03508,0.34604,0.00882,0.00876
basic,1680,10,0.33876,0.05945,1.40321,1.06125,0.36433,0.01484,0.01466
basic,1680,10,0.33876,0.10249,1.40321,1.10793,0.37191,0.02506,0.02451
basic,1680,10,0.33876,0.1767,1.40321,1.19327,0.41265,0.04002,0.03838
basic,1680,10,0.33876,0.30464,1.40321,1.35613,0.45346,0.06496,0.06016
basic,1680,10,0.33876,0.52521,1.40321,1.69082,0.48537,0.1114,0.09759
basic,1680,10,0.33876,0.9055,1.40321,2.47316,0.49782,0.19793,0.166
basic,1680,10,0.33876,1.56112,1.40321,4.76417,0.44787,0.3652,0.34732
basic,1680,10,0.33876,2.69146,1.40321,14.75322,0.39157,0.54273,0.65539
basic,1680,10,0.33876,4.64023,1.40321,103.56769,0.34698,0.66193,1.08731
basic,1680,10,0.33876,8.0,1.40321,2980.95799,0.33517,0.68059,1.40085
basic,1680,10,0.48596,0.02,1.62573,1.0202,0.25797,0.00745,0.00743
basic,1680,10,0.48596,0.03448,1.62573,1.03508,0.2589,0.01254,0.01247
basic,1680,10,0.48596,0.05945,1.62573,1.06125,0.28547,0.0206,0.02038
basic,1680,10,0.48596,0.10249,1.62573,1.10793,0.3071,0.03378,0.03312
basic,1680,10,0.48596,0.1767,1.62573,1.19327,0.34175,0.05428,0.05218
basic,1680,10,0.48596,0.30464,1.62573,1.35613,0.38225,0.08707,0.08085
basic,1680,10,0.48596,0.52521,1.62573,1.69082,0.41368,0.14926,0.13178
basic,1680,10,0.48596,0.9055,1.62573,2.47316,0.40433,0.2613,0.23951
basic,1680,10,0.48596,1.56112,1.62573,4.76417,0.36284,0.44912,0.49613
basic,1680,10,0.48596,2.69146,1.62573,14.75322,0.29729,0.63723,0.93324
basic,1680,10,0.48596,4.64023,1.62573,103.56769,0.26728,0.72713,1.36241
basic,1680,10,0.48596,8.0,1.62573,2980.95799,0.26459,0.74152,1.66973
basic,1680,10,0.69711,0.02,2.00793,1.0202,0.18978,0.00994,0.00992
basic,1680,10,0.69711,0.03448,2.00793,1.03508,0.20502,0.01679,0.01672
basic,1680,10,0.69711,0.05945,2.00793,1.06125,0.21171,0.02928,0.02903
basic,1680,10,0.69711,0.10249,2.00793,1.10793,0.24397,0.04662,0.04576
basic,1680,10,0.69711,0.1767,2.00793,1.19327,0.26902,0.0764,0.07318
basic,1680,10,0.69711,0.30464,2.00793,1.35613,0.3083,0.1237,0.11471
basic,1680,10,0.69711,0.52521,2.00793,1.69082,0.32485,0.21119,0.19285
basic,1680,10,0.69711,0.9055,2.00793,2.47316,0.30952,0.34762,0.35191
basic,1680,10,0.69711,1.56112,2.00793,4.76417,0.27192,0.56459,0.72447
basic,1680,10,0.69711,2.69146,2.00793,14.75322,0.23131,0.7586,1.21552
basic,1680,10,0.69711,4.64023,2.00793,103.56769,0.21327,0.88536,1.68268
basic,1680,10,0.69711,8.0,2.00793,2980.95799,0.21407,0.89892,1.9633
basic,1680,10,1.0,0.02,2.71828,1.0202,0.15307,0.01184,0.01183
basic,1680,10,1.0,0.03448,2.71828,1.03508,0.15271,0.02121,0.02117
basic,1680,10,1.0,0.05945,2.71828,1.06125,0.16525,0.03676,0.03662
basic,1680,10,1.0,0.10249,2.71828,1.10793,0.1744,0.06332,0.06259
basic,1680,10,1.0,0.1767,2.71828,1.19327,0.20176,0.10606,0.10336
basic,1680,10,1.0,0.30464,2.71828,1.35613,0.22781,0.18649,0.17972
basic,1680,10,1.0,0.52521,2.71828,1.69082,0.23247,0.31601,0.32671
basic,1680,10,1.0,0.9055,2.71828,2.47316,0.23723,0.452,0.5109
basic,1680,10,1.0,1.56112,2.71828,4.76417,0.20242,0.69096,1.004
basic,1680,10,1.0,2.69146,2.71828,14.75322,0.17821,0.87718,1.54164
basic,1680,10,1.0,4.64023,2.71828,103.56769,0.17065,0.99866,2.0152
basic,1680,10,1.0,8.0,2.71828,2980.95799,0.1728,1.00124,2.23978
basic,1680,20,0.08,0.02,1.08329,1.0202,0.6246,0.00117,0.00116
basic,1680,20,0.08,0.03448,1.08329,1.03508,0.63154,0.00197,0.00195
basic,1680,20,0.08,0.05945,1.08329,1.06125,0.64248,0.00336,0.00328
basic,1680,20,0.08,0.10249,1.08329,1.10793,0.64988,0.00592,0.0057
basic,1680,20,0.08,0.1767,1.08329,1.19327,0.66982,0.01033,0.00967
basic,1680,20,0.08,0.30464,1.08329,1.35613,0.69482,0.01751,0.01559
basic,1680,20,0.08,0.52521,1.08329,1.69082,0.71785,0.03359,0.02749
basic,1680,20,0.08,0.9055,1.08329,2.47316,0.72895,0.0733,0.05164
basic,1680,20,0.08,1.56112,1.08329,4.76417,0.73078,0.18214,0.10464
basic,1680,20,0.08,2.69146,1.08329,14.75322,0.68164,0.45397,0.22878
basic,1680,20,0.08,4.64023,1.08329,103.56769,0.58901,0.78493,0.47324
basic,1680,20,0.08,8.0,1.08329,2980.95799,0.56998,0.85933,0.65625
basic,1680,20,0.11476,0.02,1.1216,1.0202,0.55268,0.00165,0.00164
basic,1680,20,0.11476,0.03448,1.1216,1.03508,0.55734,0.00281,0.00278
basic,1680,20,0.11476,0.05945,1.1216,1.06125,0.56888,0.0048,0.0047
basic,1680,20,0.11476,0.10249,1.1216,1.10793,0.58653,0.00821,0.0079
basic,1680,20,0.11476,0.1767,1.1216,1.19327,0.61775,0.01346,0.01259
basic,1680,20,0.11476,0.30464,1.1216,1.35613,0.64389,0.02451,0.02177
basic,1680,20,0.11476,0.52521,1.1216,1.69082,0.67301,0.04334,0.03538
basic,1680,20,0.11476,0.9055,1.1216,2.47316,0.69632,0.09071,0.06387
basic,1680,20,0.11476,1.56112,1.1216,4.76417,0.69844,0.21735,0.12456
basic,1680,20,0.11476,2.69146,1.1216,14.75322,0.63135,0.51005,0.26863
basic,1680,20,0.11476,4.64023,1.1216,103.56769,0.52621,0.86563,0.56387
basic,1680,20,0.11476,8.0,1.1216,2980.95799,0.50228,0.92481,0.7739
basic,1680,20,0.16462,0.02,1.17895,1.0202,0.47788,0.00228,0.00226
basic,1680,20,0.16462,0.03448,1.17895,1.03508,0.48306,0.00389,0.00384
basic,1680,20,0.16462,0.05945,1.17895,1.06125,0.4986,0.00667,0.00653
basic,1680,20,0.16462,0.10249,1.17895,1.10793,0.52487,0.01084,0.01045
basic,1680,20,0.16462,0.1767,1.17895,1.19327,0.5543,0.01847,0.0173
basic,1680,20,0.16462,0.30464,1.17895,1.35613,0.58827,0.03117,0.02769
basic,1680,20,0.16462,0.52521,1.17895,1.69082,0.6286,0.0549,0.04476
basic,1680,20,0.16462,0.9055,1.17895,2.47316,0.65881,0.11041,0.07737
basic,1680,20,0.16462,1.56112,1.17895,4.76417,0.64599,0.26586,0.15551
basic,1680,20,0.16462,2.69146,1.17895,14.75322,0.57284,0.58524,0.32641
basic,1680,20,0.16462,4.64023,1.17895,103.56769,0.45748,0.90406,0.6652
basic,1680,20,0.16462,8.0,1.17895,2980.95799,0.43651,0.96514,0.90984
basic,1680,20,0.23615,0.02,1.26637,1.0202,0.39721,0.00326,0.00324
basic,1680,20,0.23615,0.03448,1.26637,1.03508,0.40534,0.0055,0.00543
basic,1680,20,0.23615,0.05945,1.26637,1.06125,0.42289,0.00915,0.00897
basic,1680,20,0.23615,0.10249,1.26637,1.10793,0.45487,0.01489,0.01434
basic,1680,20,0.23615,0.1767,1.26637,1.19327,0.48882,0.0241,0.02254
basic,1680,20,0.23615,0.30464,1.26637,1.35613,0.53355,0.03979,0.03553
basic,1680,20,0.23615,0.52521,1.26637,1.69082,0.57421,0.06982,0.05669
basic,1680,20,0.23615,0.9055,1.26637,2.47316,0.59999,0.1438,0.09981
basic,1680,20,0.23615,1.56112,1.26637,4.76417,0.59046,0.32306,0.19266
basic,1680,20,0.23615,2.69146,1.26637,14.75322,0.48414,0.69028,0.4407
basic,1680,20,0.23615,4.64023,1.26637,103.56769,0.39789,0.96259,0.80689
basic,1680,20,0.23615,8.0,1.26637,2980.95799,0.37803,1.0165,1.07225
basic,1680,20,0.33876,0.02,1.40321,1.0202,0.32509,0.00453,0.0045
basic,1680,20,0.33876,0.03448,1.40321,1.03508,0.33485,0.00759,0.00751
basic,1680,20,0.33876,0.05945,1.40321,1.06125,0.34822,0.01261,0.01236
basic,1680,20,0.33876,0.10249,1.40321,1.10793,0.37636,0.0206,0.01985
basic,1680,20,0.33876,0.1767,1.40321,1.19327,0.42028,0.03219,0.03016
basic,1680,20,0.33876,0.30464,1.40321,1.35613,0.46842,0.05208,0.04633
basic,1680,20,0.33876,0.52521,1.40321,1.69082,0.5144,0.09027,0.0732
basic,1680,20,0.33876,0.9055,1.40321,2.47316,0.53882,0.17711,0.12436
basic,1680,20,0.33876,1.56112,1.40321,4.76417,0.51693,0.40378,0.24969
basic,1680,20,0.33876,2.69146,1.40321,14.75322,0.41428,0.76393,0.54494
basic,1680,20,0.33876,4.64023,1.40321,103.56769,0.32855,1.03865,1.00268
basic,1680,20,0.33876,8.0,1.40321,2980.95799,0.31855,1.07918,1.26519
basic,1680,20,0.48596,0.02,1.62573,1.0202,0.25578,0.00628,0.00624
basic,1680,20,0.48596,0.03448,1.62573,1.03508,0.26428,0.0107,0.01058
basic,1680,20,0.48596,0.05945,1.62573,1.06125,0.28541,0.01738,0.01704
basic,1680,20,0.48596,0.10249,1.62573,1.10793,0.31293,0.02701,0.02604
basic,1680,20,0.48596,0.1767,1.62573,1.19327,0.35884,0.04208,0.03942
basic,1680,20,0.48596,0.30464,1.62573,1.35613,0.39828,0.06853,0.06077
basic,1680,20,0.48596,0.52521,1.62573,1.69082,0.44791,0.11651,0.09379
basic,1680,20,0.48596,0.9055,1.62573,2.47316,0.47225,0.22775,0.16026
basic,1680,20,0.48596,1.56112,1.62573,4.76417,0.42409,0.49642,0.35599
basic,1680,20,0.48596,2.69146,1.62573,14.75322,0.32178,0.86032,0.75777
basic,1680,20,0.48596,4.64023,1.62573,103.56769,0.25912,1.11272,1.2437
basic,1680,20,0.48596,8.0,1.62573,2980.95799,0.25338,1.13532,1.49136
basic,1680,20,0.69711,0.02,2.00793,1.0202,0.2042,0.00833,0.00829
basic,1680,20,0.69711,0.03448,2.00793,1.03508,0.20821,0.01407,0.01393
basic,1680,20,0.69711,0.05945,2.00793,1.06125,0.22442,0.02313,0.02269
basic,1680,20,0.69711,0.10249,2.00793,1.10793,0.2478,0.03729,0.03603
basic,1680,20,0.69711,0.1767,2.00793,1.19327,0.28248,0.05874,0.05474
basic,1680,20,0.69711,0.30464,2.00793,1.35613,0.32967,0.09293,0.08157
basic,1680,20,0.69711,0.52521,2.00793,1.69082,0.37064,0.16506,0.12967
basic,1680,20,0.69711,0.9055,2.00793,2.47316,0.38165,0.31612,0.22451
basic,1680,20,0.69711,1.56112,2.00793,4.76417,0.31621,0.62947,0.47732
basic,1680,20,0.69711,2.69146,2.00793,14.75322,0.25263,1.02544,0.96965
basic,1680,20,0.69711,4.64023,2.00793,103.56769,0.21766,1.26859,1.41724
basic,1680,20,0.69711,8.0,2.00793,2980.95799,0.2113,1.32195,1.68616
basic,1680,20,1.0,0.02,2.71828,1.0202,0.136,0.01154,0.01148
basic,1680,20,1.0,0.03448,2.71828,1.03508,0.14808,0.01888,0.01871
basic,1680,20,1.0,0.05945,2.71828,1.06125,0.16,0.03095,0.03042
basic,1680,20,1.0,0.10249,2.71828,1.10793,0.18697,0.05036,0.0487
basic,1680,20,1.0,0.1767,2.71828,1.19327,0.21402,0.08452,0.07799
basic,1680,20,1.0,0.30464,2.71828,1.35613,0.25054,0.13809,0.11851
basic,1680,20,1.0,0.52521,2.71828,1.69082,0.2868,0.23819,0.18478
basic,1680,20,1.0,0.9055,2.71828,2.47316,0.2852,0.44016,0.33724
basic,1680,20,1.0,1.56112,2.71828,4.76417,0.23677,0.77277,0.64753
basic,1680,20,1.0,2.69146,2.71828,14.75322,0.17688,1.19549,1.27688
basic,1680,20,1.0,4.64023,2.71828,103.56769,0.17017,1.37511,1.67044
basic,1680,20,1.0,8.0,2.71828,2980.95799,0.16882,1.41107,1.90126
basic,1680,50,0.08,0.02,1.08329,1.0202,0.61474,0.00094,0.00094
basic,1680,50,0.08,0.03448,1.08329,1.03508,0.62042,0.00163,0.0016
basic,1680,50,0.08,0.05945,1.08329,1.06125,0.62757,0.00276,0.00269
basic,1680,50,0.08,0.10249,1.08329,1.10793,0.64271,0.0048,0.00459
basic,1680,50,0.08,0.1767,1.08329,1.19327,0.66889,0.00816,0.00753
basic,1680,50,0.08,0.30464,1.08329,1.35613,0.69109,0.01438,0.01252
basic,1680,50,0.08,0.52521,1.08329,1.69082,0.71843,0.02791,0.0218
basic,1680,50,0.08,0.9055,1.08329,2.47316,0.73672,0.06026,0.03911
basic,1680,50,0.08,1.56112,1.08329,4.76417,0.74756,0.16174,0.0762
basic,1680,50,0.08,2.69146,1.08329,14.75322,0.71269,0.56603,0.1748
basic,1680,50,0.08,4.64023,1.08329,103.56769,0.5908,1.31962,0.37512
basic,1680,50,0.08,8.0,1.08329,2980.95799,0.55498,1.45974,0.47452
basic,1680,50,0.11476,0.02,1.1216,1.0202,0.54132,0.00129,0.00128
basic,1680,50,0.11476,0.03448,1.1216,1.03508,0.55913,0.00211,0.00208
basic,1680,50,0.11476,0.05945,1.1216,1.06125,0.56748,0.00365,0.00356
basic,1680,50,0.11476,0.10249,1.1216,1.10793,0.58806,0.00603,0.00576
basic,1680,50,0.11476,0.1767,1.1216,1.19327,0.60826,0.01056,0.00975
basic,1680,50,0.11476,0.30464,1.1216,1.35613,0.64939,0.01766,0.01536
basic,1680,50,0.11476,0.52521,1.1216,1.69082,0.68339,0.03394,0.02657
basic,1680,50,0.11476,0.9055,1.1216,2.47316,0.70518,0.07138,0.04614
basic,1680,50,0.11476,1.56112,1.1216,4.76417,0.7182,0.19063,0.08974
basic,1680,50,0.11476,2.69146,1.1216,14.75322,0.6859,0.62276,0.19447
basic,1680,50,0.11476,4.64023,1.1216,103.56769,0.54091,1.41145,0.43351
basic,1680,50,0.11476,8.0,1.1216,2980.95799,0.50103,1.54294,0.55786
basic,1680,50,0.16462,0.02,1.17895,1.0202,0.46715,0.00175,0.00174
basic,1680,50,0.16462,0.03448,1.17895,1.03508,0.47804,0.00297,0.00293
basic,1680,50,0.16462,0.05945,1.17895,1.06125,0.48643,0.00513,0.00499
basic,1680,50,0.16462,0.10249,1.17895,1.10793,0.51714,0.00825,0.00788
basic,1680,50,0.16462,0.1767,1.17895,1.19327,0.5489,0.01358,0.01254
basic,1680,50,0.16462,0.30464,1.17895,1.35613,0.59225,0.02277,0.01981
basic,1680,50,0.16462,0.52521,1.17895,1.69082,0.63931,0.04169,0.03265
basic,1680,50,0.16462,0.9055,1.17895,2.47316,0.66258,0.0877,0.0567
basic,1680,50,0.16462,1.56112,1.17895,4.76417,0.67664,0.23477,0.10799
basic,1680,50,0.16462,2.69146,1.17895,14.75322,0.61531,0.7437,0.24224
basic,1680,50,0.16462,4.64023,1.17895,103.56769,0.4556,1.54977,0.53448
basic,1680,50,0.16462,8.0,1.17895,2980.95799,0.42124,1.66274,0.69744
basic,1680,50,0.23615,0.02,1.26637,1.0202,0.3955,0.00239,0.00237
basic,1680,50,0.23615,0.03448,1.26637,1.03508,0.40496,0.00404,0.00398
basic,1680,50,0.23615,0.05945,1.26637,1.06125,0.42525,0.00661,0.00644
basic,1680,50,0.23615,0.10249,1.26637,1.10793,0.44877,0.01109,0.01059
basic,1680,50,0.23615,0.1767,1.26637,1.19327,0.49314,0.01715,0.01582
basic,1680,50,0.23615,0.30464,1.26637,1.35613,0.53414,0.02869,0.02493
basic,1680,50,0.23615,0.52521,1.26637,1.69082,0.58102,0.05075,0.03959
basic,1680,50,0.23615,0.9055,1.26637,2.47316,0.61948,0.10602,0.0679
basic,1680,50,0.23615,1.56112,1.26637,4.76417,0.62558,0.2819,0.13015
basic,1680,50,0.23615,2.69146,1.26637,14.75322,0.53378,0.87671,0.31202
basic,1680,50,0.23615,4.64023,1.26637,103.56769,0.38812,1.61826,0.65906
basic,1680,50,0.23615,8.0,1.26637,2980.95799,0.36453,1.69633,0.8235
basic,1680,50,0.33876,0.02,1.40321,1.0202,0.32378,0.00328,0.00325
basic,1680,50,0.33876,0.03448,1.40321,1.03508,0.33672,0.00541,0.00534
basic,1680,50,0.33876,0.05945,1.40321,1.06125,0.34771,0.00912,0.00889
basic,1680,50,0.33876,0.10249,1.40321,1.10793,0.37955,0.0147,0.01405
basic,1680,50,0.33876,0.1767,1.40321,1.19327,0.42844,0.02242,0.02072
basic,1680,50,0.33876,0.30464,1.40321,1.35613,0.47254,0.03694,0.03211
basic,1680,50,0.33876,0.52521,1.40321,1.69082,0.52098,0.06298,0.04887
basic,1680,50,0.33876,0.9055,1.40321,2.47316,0.56174,0.13106,0.08256
basic,1680,50,0.33876,1.56112,1.40321,4.76417,0.57359,0.34632,0.15843
basic,1680,50,0.33876,2.69146,1.40321,14.75322,0.46831,0.96812,0.37685
basic,1680,50,0.33876,4.64023,1.40321,103.56769,0.33026,1.69569,0.79135
basic,1680,50,0.33876,8.0,1.40321,2980.95799,0.30234,1.79461,0.99052
basic,1680,50,0.48596,0.02,1.62573,1.0202,0.25496,0.00449,0.00445
basic,1680,50,0.48596,0.03448,1.62573,1.03508,0.2647,0.00757,0.00746
basic,1680,50,0.48596,0.05945,1.62573,1.06125,0.28691,0.01212,0.01182
basic,1680,50,0.48596,0.10249,1.62573,1.10793,0.31181,0.01957,0.01871
basic,1680,50,0.48596,0.1767,1.62573,1.19327,0.35358,0.03069,0.02832
basic,1680,50,0.48596,0.30464,1.62573,1.35613,0.40529,0.0471,0.04081
basic,1680,50,0.48596,0.52521,1.62573,1.69082,0.46048,0.08029,0.06222
basic,1680,50,0.48596,0.9055,1.62573,2.47316,0.501,0.16359,0.1015
basic,1680,50,0.48596,1.56112,1.62573,4.76417,0.50001,0.43036,0.20193
basic,1680,50,0.48596,2.69146,1.62573,14.75322,0.37632,1.11009,0.52133
basic,1680,50,0.48596,4.64023,1.62573,103.56769,0.25978,1.76548,1.00597
basic,1680,50,0.48596,8.0,1.62573,2980.95799,0.2484,1.84887,1.18742
basic,1680,50,0.69711,0.02,2.00793,1.0202,0.19207,0.00604,0.00599
basic,1680,50,0.69711,0.03448,2.00793,1.03508,0.20419,0.01033,0.01019
basic,1680,50,0.69711,0.05945,2.00793,1.06125,0.2282,0.01617,0.01576
basic,1680,50,0.69711,0.10249,2.00793,1.10793,0.25212,0.02592,0.02475
basic,1680,50,0.69711,0.1767,2.00793,1.19327,0.28613,0.03994,0.03691
basic,1680,50,0.69711,0.30464,2.00793,1.35613,0.33094,0.06525,0.05618
basic,1680,50,0.69711,0.52521,2.00793,1.69082,0.38586,0.10905,0.08261
basic,1680,50,0.69711,0.9055,2.00793,2.47316,0.42989,0.21758,0.12923
basic,1680,50,0.69711,1.56112,2.00793,4.76417,0.4033,0.57758,0.27924
basic,1680,50,0.69711,2.69146,2.00793,14.75322,0.29013,1.29648,0.64356
basic,1680,50,0.69711,4.64023,2.00793,103.56769,0.20813,1.94756,1.14614
basic,1680,50,0.69711,8.0,2.00793,2980.95799,0.20184,2.05706,1.32915
basic,1680,50,1.0,0.02,2.71828,1.0202,0.14228,0.00819,0.00813
basic,1680,50,1.0,0.03448,2.71828,1.03508,0.14922,0.01341,0.01323
basic,1680,50,1.0,0.05945,2.71828,1.06125,0.17144,0.02171,0.02118
basic,1680,50,1.0,0.10249,2.71828,1.10793,0.1896,0.03555,0.03398
basic,1680,50,1.0,0.1767,2.71828,1.19327,0.22999,0.0539,0.04959
basic,1680,50,1.0,0.30464,2.71828,1.35613,0.27032,0.08463,0.07238
basic,1680,50,1.0,0.52521,2.71828,1.69082,0.30747,0.15847,0.1137
basic,1680,50,1.0,0.9055,2.71828,2.47316,0.34124,0.32393,0.18829
basic,1680,50,1.0,1.56112,2.71828,4.76417,0.31142,0.75523,0.37516
basic,1680,50,1.0,2.69146,2.71828,14.75322,0.20268,1.54197,0.90463
basic,1680,50,1.0,4.64023,2.71828,103.56769,0.16085,2.07916,1.32458
basic,1680,50,1.0,8.0,2.71828,2980.95799,0.15339,2.21822,1.5321
