method,ppdu_dist,N,W_eff,seed,visit,successes,oracle_successes,efficiency,useful_slots,W_eff_utilization,viable_slots_wasted,collision_rate,tau_rmse,false_trigger_rate
dcf_self_excl,homo,10,20,42,1000,1.382,1.622,0.8236666666666675,8.292,0.4146000000000053,2.768,0.18243690476190436,0.0,0.0
ema_ad_low,homo,10,20,42,1000,1.685,1.622,0.9999999999999997,10.11,0.5055000000000048,1.698,0.24916031746031692,0.024743205221359855,1.3330309523809487
consec_L2,homo,10,20,42,1000,1.705,1.622,1.0276666666666667,10.23,0.5115000000000046,1.994,0.1949611111111104,0.038911261797516875,1.3746222222222169
and,homo,10,20,42,1000,0.025,1.622,0.010333333333333332,0.15,0.007499999999999997,0.001,0.9914166666666665,0.0,0.0
pnd,homo,10,20,42,1000,1.642,1.622,0.9704999999999995,9.852,0.4926000000000047,1.536,0.2732690476190466,0.0,0.0
oracle,homo,10,20,42,1000,1.689,1.622,0.9893333333333331,10.134,0.5067000000000051,1.475,0.2768749999999994,0.0,0.0
dcf_self_excl,homo,10,20,123,1000,1.352,1.603,0.8,8.112,0.4056000000000048,2.762,0.19188531746031703,0.0,0.0
ema_ad_low,homo,10,20,123,1000,1.697,1.603,1.0096666666666665,10.182,0.5091000000000052,1.754,0.23857301587301563,0.024691752385831,1.358535317460314
consec_L2,homo,10,20,123,1000,1.593,1.603,0.9396666666666671,9.558,0.47790000000000366,2.067,0.20928492063492002,0.03934167963841351,1.374088888888885
and,homo,10,20,123,1000,0.031,1.603,0.01566666666666667,0.186,0.009300000000000001,0.004,0.9886666666666665,0.0,0.0
pnd,homo,10,20,123,1000,1.626,1.603,0.9643333333333333,9.756,0.48780000000000473,1.457,0.28493333333333243,0.0,0.0
oracle,homo,10,20,123,1000,1.638,1.603,0.9473333333333334,9.828,0.4914000000000049,1.444,0.28837896825396747,0.0,0.0
dcf_self_excl,homo,10,20,456,1000,1.374,1.659,0.8001666666666672,8.244,0.4122000000000046,2.75,0.1894996031746027,0.0,0.0
ema_ad_low,homo,10,20,456,1000,1.697,1.659,0.994166666666666,10.182,0.5091000000000052,1.678,0.2442968253968249,0.024951089450532992,1.3265825396825377
consec_L2,homo,10,20,456,1000,1.663,1.659,0.9714999999999998,9.978,0.4989000000000038,1.961,0.20328849206349148,0.039616198585109716,1.3495293650793607
and,homo,10,20,456,1000,0.031,1.659,0.018833333333333337,0.186,0.009300000000000001,0.005,0.9884166666666662,0.0,0.0
pnd,homo,10,20,456,1000,1.594,1.659,0.9453333333333332,9.564,0.4782000000000041,1.452,0.29123571428571277,0.0,0.0
oracle,homo,10,20,456,1000,1.612,1.659,0.9393333333333331,9.672,0.4836000000000048,1.463,0.2945904761904755,0.0,0.0
dcf_self_excl,homo,10,20,789,1000,1.369,1.623,0.7976666666666662,8.214,0.4107000000000046,2.743,0.19109523809523762,0.0,0.0
ema_ad_low,homo,10,20,789,1000,1.687,1.623,1.0016666666666665,10.122,0.506100000000005,1.671,0.24405793650793592,0.024740658404279883,1.3023773809523773
consec_L2,homo,10,20,789,1000,1.623,1.623,0.9373333333333332,9.738,0.4869000000000044,2.035,0.21124007936507877,0.03906799290389532,1.3945936507936465
and,homo,10,20,789,1000,0.037,1.623,0.020333333333333328,0.222,0.011100000000000006,0.002,0.9871666666666662,0.0,0.0
pnd,homo,10,20,789,1000,1.601,1.623,0.9336666666666666,9.606,0.4803000000000049,1.403,0.30111190476190347,0.0,0.0
oracle,homo,10,20,789,1000,1.648,1.623,0.9784999999999996,9.888,0.49440000000000506,1.481,0.2818289682539677,0.0,0.0
dcf_self_excl,homo,10,20,1234,1000,1.357,1.639,0.828,8.142,0.40710000000000485,2.748,0.19441666666666604,0.0,0.0
ema_ad_low,homo,10,20,1234,1000,1.736,1.639,1.0628333333333335,10.416,0.5208000000000051,1.638,0.24294841269841214,0.025197899972538858,1.1762690476190454
consec_L2,homo,10,20,1234,1000,1.634,1.639,0.9784999999999997,9.804,0.4902000000000045,2.035,0.2046539682539677,0.038979206396490836,1.4032674603174546
and,homo,10,20,1234,1000,0.04,1.639,0.019499999999999997,0.24,0.012000000000000007,0.001,0.9864166666666663,0.0,0.0
pnd,homo,10,20,1234,1000,1.66,1.639,1.0304999999999997,9.96,0.4980000000000053,1.452,0.2796047619047611,0.0,0.0
oracle,homo,10,20,1234,1000,1.659,1.639,1.0115,9.954,0.4977000000000051,1.467,0.28105595238095155,0.0,0.0
dcf_self_excl,homo,10,50,42,1000,3.698,4.282,0.9948630952380956,22.188,0.44376000000000676,8.134,0.1946870209726637,0.0,0.0
ema_ad_low,homo,10,50,42,1000,4.689,4.282,1.2588833333333336,28.134,0.5626800000000094,6.02,0.17378336301641287,0.051517664600749476,1.7303167611628152
consec_L2,homo,10,50,42,1000,4.641,4.282,1.2474845238095233,27.846,0.5569200000000091,7.671,0.13063480852223217,0.06749958616646885,2.0733487431771893
and,homo,10,50,42,1000,0.87,4.282,0.23669285714285695,5.22,0.10440000000000017,0.274,0.8647308080808107,0.0,0.0
pnd,homo,10,50,42,1000,4.244,4.282,1.1511321428571435,25.464,0.5092800000000081,4.046,0.25585658785658894,0.0,0.0
oracle,homo,10,50,42,1000,4.399,4.282,1.1886047619047624,26.394,0.5278800000000086,3.818,0.26587695882548873,0.0,0.0
dcf_self_excl,homo,10,50,123,1000,3.709,4.299,0.9925654761904756,22.254,0.4450800000000072,8.156,0.19280035231366482,0.0,0.0
ema_ad_low,homo,10,50,123,1000,4.709,4.299,1.2528297619047633,28.254,0.5650800000000091,5.975,0.1720996907246521,0.05159671527265546,1.7519221450634004
consec_L2,homo,10,50,123,1000,4.577,4.299,1.2174952380952377,27.462,0.5492400000000096,7.78,0.13513528595157914,0.06720045816723691,2.1022095880985185
and,homo,10,50,123,1000,0.9,4.299,0.23757738095238076,5.4,0.10800000000000018,0.278,0.8611305555555581,0.0,0.0
pnd,homo,10,50,123,1000,4.146,4.299,1.1144273809523804,24.876,0.4975200000000077,4.011,0.26580276945277065,0.0,0.0
oracle,homo,10,50,123,1000,4.334,4.299,1.1581809523809525,26.004,0.5200800000000084,3.765,0.27363914875544193,0.0,0.0
dcf_self_excl,homo,10,50,456,1000,3.678,4.323,0.9731797619047615,22.068,0.44136000000000697,8.095,0.19662218356548863,0.0,0.0
ema_ad_low,homo,10,50,456,1000,4.693,4.323,1.2376857142857147,28.158,0.5631600000000081,6.023,0.17255096692523167,0.052100379645114284,1.7513458605120384
consec_L2,homo,10,50,456,1000,4.638,4.323,1.2311345238095235,27.828,0.5565600000000092,7.496,0.13461662403643898,0.06809931305488505,2.039409649964755
and,homo,10,50,456,1000,0.881,4.323,0.2354892857142855,5.286,0.10572000000000004,0.277,0.8632250000000026,0.0,0.0
pnd,homo,10,50,456,1000,4.127,4.323,1.0967214285714275,24.762,0.49524000000000734,3.981,0.2680716061716074,0.0,0.0
oracle,homo,10,50,456,1000,4.31,4.323,1.1345083333333328,25.86,0.517200000000008,3.802,0.2740899413452052,0.0,0.0
dcf_self_excl,homo,10,50,789,1000,3.688,4.305,0.9843738095238099,22.128,0.44256000000000695,8.184,0.1934167487440322,0.0,0.0
ema_ad_low,homo,10,50,789,1000,4.75,4.305,1.2742035714285713,28.5,0.5700000000000094,5.9,0.17152861341874517,0.0522338916575029,1.7014067114344211
consec_L2,homo,10,50,789,1000,4.553,4.305,1.2116630952380945,27.318,0.5463600000000092,7.847,0.13473674306000244,0.06744029820856312,2.11659919684289
and,homo,10,50,789,1000,0.875,4.305,0.23341428571428524,5.25,0.1050000000000001,0.261,0.865619444444446,0.0,0.0
pnd,homo,10,50,789,1000,4.196,4.305,1.120641666666667,25.176,0.503520000000008,3.926,0.2654700604950611,0.0,0.0
oracle,homo,10,50,789,1000,4.314,4.305,1.1601702380952366,25.884,0.5176800000000079,3.75,0.27504187291466786,0.0,0.0
dcf_self_excl,homo,10,50,1234,1000,3.663,4.327,0.9615369047619041,21.978,0.43956000000000667,8.142,0.1955933891959433,0.0,0.0
ema_ad_low,homo,10,50,1234,1000,4.796,4.327,1.268838095238095,28.776,0.5755200000000096,5.958,0.1672083271089077,0.05270644781542255,1.639075690266905
consec_L2,homo,10,50,1234,1000,4.537,4.327,1.190421428571429,27.222,0.5444400000000089,7.827,0.135957189443684,0.06704438633869111,2.1528329149737444
and,homo,10,50,1234,1000,0.857,4.327,0.22488214285714242,5.142,0.10284000000000025,0.254,0.8687398989899014,0.0,0.0
pnd,homo,10,50,1234,1000,4.225,4.327,1.1004535714285704,25.35,0.5070000000000082,4.015,0.26028555611055737,0.0,0.0
oracle,homo,10,50,1234,1000,4.274,4.327,1.124139285714285,25.644,0.5128800000000081,3.852,0.2758495908503267,0.0,0.0
dcf_self_excl,homo,10,100,42,1000,8.102,8.777,0.9719313492063467,48.612,0.48612000000000727,23.735,0.10898563035613601,0.0,0.0
ema_ad_low,homo,10,100,42,1000,9.221,8.777,1.1062503968253938,55.326,0.5532600000000085,17.712,0.10254985365607862,0.17026945004101898,1.9449310757149996
consec_L2,homo,10,100,42,1000,9.185,8.777,1.103359523809522,55.11,0.5511000000000088,18.242,0.0915711598087908,0.15604722402393043,1.7346892959136946
and,homo,10,100,42,1000,3.408,8.777,0.41155634920634954,20.448,0.20448000000000216,1.324,0.7339867638347206,0.0,0.0
pnd,homo,10,100,42,1000,8.79,8.777,1.0528396825396813,52.74,0.5274000000000086,9.257,0.21027549540010546,0.0,0.0
oracle,homo,10,100,42,1000,8.868,8.777,1.0639571428571415,53.208,0.5320800000000083,6.693,0.24622150982229785,0.0,0.0
dcf_self_excl,homo,10,100,123,1000,8.098,8.794,0.9614753968253954,48.588,0.48588000000000725,23.817,0.10906872909310626,0.0,0.0
ema_ad_low,homo,10,100,123,1000,9.28,8.794,1.1008031746031728,55.68,0.5568000000000084,17.775,0.10062847709212365,0.17364245409034712,1.9369697697459733
consec_L2,homo,10,100,123,1000,9.213,8.794,1.0946067460317448,55.278,0.5527800000000084,18.553,0.08982316703571909,0.155682368145728,1.7494761467009499
and,homo,10,100,123,1000,3.256,8.794,0.3840444444444445,19.536,0.19536000000000217,1.324,0.7436036933854052,0.0,0.0
pnd,homo,10,100,123,1000,8.663,8.794,1.0278757936507925,51.978,0.5197800000000085,9.336,0.21542759595022692,0.0,0.0
oracle,homo,10,100,123,1000,8.818,8.794,1.0473944444444432,52.908,0.5290800000000082,6.739,0.25049573684080856,0.0,0.0
dcf_self_excl,homo,10,100,456,1000,8.125,8.839,0.9541821428571412,48.75,0.4875000000000073,23.67,0.1086065798256313,0.0,0.0
ema_ad_low,homo,10,100,456,1000,9.274,8.839,1.0898460317460286,55.644,0.5564400000000085,17.626,0.10045143648254627,0.1725032511859949,1.939753018835659
consec_L2,homo,10,100,456,1000,9.233,8.839,1.0851063492063473,55.398,0.553980000000009,18.348,0.0905657792922315,0.15841705455670774,1.7256844012826362
and,homo,10,100,456,1000,3.258,8.839,0.3843373015873013,19.548,0.19548000000000226,1.249,0.7453184086036684,0.0,0.0
pnd,homo,10,100,456,1000,8.621,8.839,1.014001190476189,51.726,0.5172600000000084,9.327,0.21621344284197905,0.0,0.0
oracle,homo,10,100,456,1000,8.921,8.839,1.0471932539682527,53.526,0.5352600000000085,6.566,0.2477420053500964,0.0,0.0
dcf_self_excl,homo,10,100,789,1000,8.077,8.73,0.9677079365079355,48.462,0.4846200000000071,23.919,0.10859875265613424,0.0,0.0
ema_ad_low,homo,10,100,789,1000,9.3,8.73,1.1167892857142836,55.8,0.5580000000000084,17.57,0.09948813159229074,0.17331563406490105,1.894474339212251
consec_L2,homo,10,100,789,1000,9.23,8.73,1.106452777777776,55.38,0.5538000000000087,18.493,0.08989769955192264,0.15598579830247272,1.7545829728803433
and,homo,10,100,789,1000,3.218,8.73,0.38341309523809575,19.308,0.19308000000000228,1.291,0.7459654363277806,0.0,0.0
pnd,homo,10,100,789,1000,8.681,8.73,1.04151111111111,52.086,0.5208600000000082,9.315,0.2144257459095648,0.0,0.0
oracle,homo,10,100,789,1000,8.802,8.73,1.0590353174603169,52.812,0.5281200000000081,6.612,0.2528047623843172,0.0,0.0
dcf_self_excl,homo,10,100,1234,1000,8.109,8.815,0.9640857142857121,48.654,0.4865400000000073,23.822,0.10881354146729967,0.0,0.0
ema_ad_low,homo,10,100,1234,1000,9.268,8.815,1.1020222222222202,55.608,0.5560800000000085,17.807,0.09815551571974954,0.17417882946691368,1.8875876921081094
consec_L2,homo,10,100,1234,1000,9.21,8.815,1.0932595238095213,55.26,0.5526000000000085,18.556,0.09113013230603757,0.15388269557829262,1.779127546535273
and,homo,10,100,1234,1000,3.166,8.815,0.38114880952381025,18.996,0.18996000000000204,1.272,0.7504459407445803,0.0,0.0
pnd,homo,10,100,1234,1000,8.774,8.815,1.0391813492063484,52.644,0.5264400000000082,9.357,0.20932219847491404,0.0,0.0
oracle,homo,10,100,1234,1000,8.778,8.815,1.0412214285714265,52.668,0.5266800000000084,6.679,0.2547150807991785,0.0,0.0
dcf_self_excl,homo,10,200,42,1000,9.966,9.999,0.9967111111111105,59.796,0.2989800000000055,42.909,0.07102271994875295,0.0,0.0
ema_ad_low,homo,10,200,42,1000,10.0,9.999,1.0001111111111112,60.0,0.30000000000000565,19.59,0.09183557827681667,0.19390106335725962,1.8282795358991213
consec_L2,homo,10,200,42,1000,10.0,9.999,1.0001111111111112,60.0,0.30000000000000565,20.158,0.08388320269937988,0.175399774789877,1.630464375407383
and,homo,10,200,42,1000,9.726,9.999,0.9726777777777762,58.356,0.291780000000005,16.169,0.3792793572599885,0.0,0.0
pnd,homo,10,200,42,1000,9.999,9.999,1.0000111111111112,59.994,0.2999700000000057,10.572,0.1909842713116182,0.0,0.0
oracle,homo,10,200,42,1000,9.999,9.999,1.000011111111111,59.994,0.2999700000000057,7.092,0.23328881276072783,0.0,0.0
dcf_self_excl,homo,10,200,123,1000,9.972,10.0,0.9971999999999998,59.832,0.2991600000000055,42.445,0.07142972220698045,0.0,0.0
ema_ad_low,homo,10,200,123,1000,9.997,10.0,0.9997,59.982,0.29991000000000567,19.729,0.09006363763901115,0.19744846783271622,1.8242751457636697
consec_L2,homo,10,200,123,1000,10.0,10.0,1.0,60.0,0.30000000000000565,20.337,0.08320802401941467,0.17432944117401894,1.6463668902870532
and,homo,10,200,123,1000,9.691,10.0,0.9690999999999982,58.146,0.29073000000000493,16.468,0.381641831080351,0.0,0.0
pnd,homo,10,200,123,1000,9.998,10.0,0.9997999999999999,59.988,0.29994000000000565,10.803,0.194667219908028,0.0,0.0
oracle,homo,10,200,123,1000,10.0,10.0,1.0,60.0,0.30000000000000565,7.19,0.2377771467515217,0.0,0.0
dcf_self_excl,homo,10,200,456,1000,9.97,10.0,0.9969999999999998,59.82,0.2991000000000056,42.869,0.07120387689261898,0.0,0.0
ema_ad_low,homo,10,200,456,1000,10.0,10.0,1.0,60.0,0.30000000000000565,19.539,0.08895166584484551,0.19630175497633237,1.8186675745619811
consec_L2,homo,10,200,456,1000,10.0,10.0,1.0,60.0,0.30000000000000565,20.187,0.08357759156454476,0.17690277799460394,1.625677735197513
and,homo,10,200,456,1000,9.696,10.0,0.969599999999999,58.176,0.290880000000005,15.908,0.38603663581868586,0.0,0.0
pnd,homo,10,200,456,1000,9.999,10.0,0.9999,59.994,0.2999700000000057,10.827,0.19399238639943198,0.0,0.0
oracle,homo,10,200,456,1000,10.0,10.0,1.0,60.0,0.30000000000000565,6.98,0.2367401182214862,0.0,0.0
dcf_self_excl,homo,10,200,789,1000,9.979,10.0,0.9978999999999998,59.874,0.2993700000000056,41.889,0.07158625167241342,0.0,0.0
ema_ad_low,homo,10,200,789,1000,10.0,10.0,1.0,60.0,0.30000000000000565,19.464,0.08924367099534233,0.19755141419114972,1.7933701514599532
consec_L2,homo,10,200,789,1000,10.0,10.0,1.0,60.0,0.30000000000000565,20.276,0.08303507464931163,0.17431747828481153,1.6546867254295046
and,homo,10,200,789,1000,9.668,10.0,0.9667999999999981,58.008,0.29004000000000474,16.778,0.38005512533845753,0.0,0.0
pnd,homo,10,200,789,1000,9.996,10.0,0.9996,59.976,0.2998800000000057,10.68,0.19474505059245023,0.0,0.0
oracle,homo,10,200,789,1000,10.0,10.0,1.0,60.0,0.30000000000000565,7.057,0.23986354033364582,0.0,0.0
dcf_self_excl,homo,10,200,1234,1000,9.963,10.0,0.9962999999999995,59.778,0.29889000000000554,42.738,0.07130256398864251,0.0,0.0
ema_ad_low,homo,10,200,1234,1000,10.0,10.0,1.0,60.0,0.30000000000000565,19.583,0.08837363204832,0.19639160562740565,1.7858133833939427
consec_L2,homo,10,200,1234,1000,10.0,10.0,1.0,60.0,0.30000000000000565,20.528,0.08410549073407048,0.1733798532950191,1.6709937322045338
and,homo,10,200,1234,1000,9.655,10.0,0.9654999999999981,57.93,0.28965000000000485,16.428,0.38396563764575353,0.0,0.0
pnd,homo,10,200,1234,1000,9.993,10.0,0.9993,59.958,0.29979000000000566,10.709,0.19005151902427014,0.0,0.0
oracle,homo,10,200,1234,1000,10.0,10.0,1.0,60.0,0.30000000000000565,7.14,0.24124666046519014,0.0,0.0
dcf_self_excl,homo,20,20,42,1000,1.347,1.593,0.8138333333333331,8.082,0.40410000000000496,2.866,0.18514404761904707,0.0,0.0
ema_ad_low,homo,20,20,42,1000,1.638,1.593,0.9950000000000002,9.828,0.491400000000005,1.61,0.26977658730158677,0.008367512342218945,4.720834126984134
consec_L2,homo,20,20,42,1000,1.612,1.593,0.9866666666666668,9.672,0.48360000000000475,2.049,0.21020039682539646,0.016945588029898633,2.829853968253967
and,homo,20,20,42,1000,0.0,1.593,0.0,0.0,0.0,0.0,1.0,0.0,0.0
pnd,homo,20,20,42,1000,1.57,1.593,0.9521666666666669,9.42,0.4710000000000045,1.575,0.28334761904761774,0.0,0.0
oracle,homo,20,20,42,1000,1.607,1.593,0.9834999999999993,9.642,0.48210000000000525,1.591,0.2802880952380944,0.0,0.0
dcf_self_excl,homo,20,20,123,1000,1.308,1.576,0.7918333333333338,7.848,0.3924000000000049,2.875,0.19049166666666642,0.0,0.0
ema_ad_low,homo,20,20,123,1000,1.639,1.576,0.9861666666666663,9.834,0.4917000000000053,1.659,0.25938690476190435,0.008297915097517301,4.946794047619055
consec_L2,homo,20,20,123,1000,1.597,1.576,0.9545000000000001,9.582,0.4791000000000049,1.99,0.21914246031745951,0.017176773688552496,2.73081468253968
and,homo,20,20,123,1000,0.0,1.576,0.0,0.0,0.0,0.0,1.0,0.0,0.0
pnd,homo,20,20,123,1000,1.559,1.576,0.9396666666666668,9.354,0.4677000000000045,1.445,0.29926904761904666,0.0,0.0
oracle,homo,20,20,123,1000,1.604,1.576,0.9739999999999999,9.624,0.4812000000000052,1.563,0.2871996031746026,0.0,0.0
dcf_self_excl,homo,20,20,456,1000,1.305,1.623,0.7866666666666668,7.83,0.391500000000005,2.903,0.18919404761904718,0.0,0.0
ema_ad_low,homo,20,20,456,1000,1.636,1.623,0.9798333333333329,9.816,0.49080000000000507,1.638,0.26356825396825306,0.008315046242278305,4.865498809523818
consec_L2,homo,20,20,456,1000,1.571,1.623,0.9526666666666659,9.426,0.4713000000000045,2.019,0.22019126984126894,0.016686318413068307,2.871176190476192
and,homo,20,20,456,1000,0.0,1.623,0.0,0.0,0.0,0.0,1.0,0.0,0.0
pnd,homo,20,20,456,1000,1.58,1.623,0.9323333333333331,9.48,0.47400000000000514,1.479,0.29253571428571334,0.0,0.0
oracle,homo,20,20,456,1000,1.637,1.623,0.9783333333333333,9.822,0.491100000000005,1.484,0.28450396825396745,0.0,0.0
dcf_self_excl,homo,20,20,789,1000,1.331,1.563,0.7935000000000001,7.986,0.39930000000000476,2.866,0.185755952380952,0.0,0.0
ema_ad_low,homo,20,20,789,1000,1.623,1.563,0.9826666666666667,9.738,0.48690000000000466,1.623,0.26627261904761823,0.008278764084023733,4.88404761904763
consec_L2,homo,20,20,789,1000,1.618,1.563,0.9493333333333329,9.708,0.4854000000000045,2.007,0.2137015873015866,0.01666501311409349,2.7340222222222215
and,homo,20,20,789,1000,0.0,1.563,0.0,0.0,0.0,0.0,1.0,0.0,0.0
pnd,homo,20,20,789,1000,1.543,1.563,0.9316666666666669,9.258,0.4629000000000045,1.459,0.3028380952380942,0.0,0.0
oracle,homo,20,20,789,1000,1.619,1.563,0.9691666666666661,9.714,0.485700000000005,1.478,0.2888083333333325,0.0,0.0
dcf_self_excl,homo,20,20,1234,1000,1.326,1.555,0.8056666666666668,7.956,0.39780000000000504,2.883,0.18855912698412652,0.0,0.0
ema_ad_low,homo,20,20,1234,1000,1.6,1.555,0.9731666666666665,9.6,0.4800000000000049,1.626,0.27426706349206287,0.008252248709107634,4.928480555555567
consec_L2,homo,20,20,1234,1000,1.609,1.555,0.9881666666666666,9.654,0.48270000000000424,2.037,0.2087023809523804,0.016629571930538458,2.8009000000000004
and,homo,20,20,1234,1000,0.0,1.555,0.0,0.0,0.0,0.0,1.0,0.0,0.0
pnd,homo,20,20,1234,1000,1.594,1.555,0.9748333333333332,9.564,0.47820000000000495,1.431,0.29782142857142785,0.0,0.0
oracle,homo,20,20,1234,1000,1.606,1.555,0.9616666666666664,9.636,0.48180000000000484,1.54,0.2879238095238087,0.0,0.0
dcf_self_excl,homo,20,50,42,1000,3.638,4.189,0.9966499999999991,21.828,0.43656000000000683,8.605,0.1844986239336857,0.0,0.0
ema_ad_low,homo,20,50,42,1000,4.493,4.189,1.2342071428571426,26.958,0.5391600000000085,5.108,0.21043700335182577,0.014024791012770897,3.7100634569335043
consec_L2,homo,20,50,42,1000,4.497,4.189,1.2314202380952382,26.982,0.5396400000000097,7.294,0.14985669927767512,0.025293308194391833,4.520023439112488
and,homo,20,50,42,1000,0.103,4.189,0.026538095238095225,0.618,0.012359999999999986,0.008,0.9862777777777779,0.0,0.0
pnd,homo,20,50,42,1000,3.991,4.189,1.0826249999999995,23.946,0.4789200000000072,3.814,0.28613120768120853,0.0,0.0
oracle,homo,20,50,42,1000,4.229,4.189,1.1676690476190443,25.374,0.5074800000000084,4.0,0.275236572474654,0.0,0.0
dcf_self_excl,homo,20,50,123,1000,3.629,4.196,0.9849630952380947,21.774,0.43548000000000675,8.644,0.18375569433576389,0.0,0.0
ema_ad_low,homo,20,50,123,1000,4.473,4.196,1.2210988095238116,26.838,0.5367600000000086,5.259,0.2091220654947053,0.013856875934089163,3.885248176668534
consec_L2,homo,20,50,123,1000,4.481,4.196,1.22467857142857,26.886,0.5377200000000091,7.295,0.15197044523244269,0.02562353410354702,4.538445211182869
and,homo,20,50,123,1000,0.093,4.196,0.024704761904761893,0.558,0.011159999999999986,0.008,0.9874861111111113,0.0,0.0
pnd,homo,20,50,123,1000,3.991,4.196,1.0964309523809508,23.946,0.47892000000000773,3.761,0.28785515595515665,0.0,0.0
oracle,homo,20,50,123,1000,4.255,4.196,1.159742857142856,25.53,0.5106000000000079,3.99,0.27304227342574966,0.0,0.0
dcf_self_excl,homo,20,50,456,1000,3.618,4.255,0.983497619047618,21.708,0.43416000000000704,8.567,0.1871773521456184,0.0,0.0
ema_ad_low,homo,20,50,456,1000,4.46,4.255,1.2085273809523798,26.76,0.5352000000000084,5.155,0.21318562385327122,0.013880445737514378,3.6851741138763203
consec_L2,homo,20,50,456,1000,4.435,4.255,1.204516666666666,26.61,0.5322000000000092,7.371,0.1529493164343399,0.02553472410046668,4.59978123801294
and,homo,20,50,456,1000,0.086,4.255,0.025135714285714275,0.516,0.010319999999999989,0.01,0.9881527777777779,0.0,0.0
pnd,homo,20,50,456,1000,3.968,4.255,1.070928571428572,23.808,0.4761600000000077,3.82,0.2883307858807867,0.0,0.0
oracle,homo,20,50,456,1000,4.303,4.255,1.1685702380952385,25.818,0.5163600000000081,3.926,0.27077280130000775,0.0,0.0
dcf_self_excl,homo,20,50,789,1000,3.606,4.166,1.0190392857142847,21.636,0.43272000000000654,8.59,0.18650231390126892,0.0,0.0
ema_ad_low,homo,20,50,789,1000,4.498,4.166,1.2750357142857147,26.988,0.5397600000000088,5.152,0.2098144954890314,0.01403763989104435,3.6550021711389724
consec_L2,homo,20,50,789,1000,4.565,4.166,1.2949023809523816,27.39,0.5478000000000095,7.225,0.1467903290337118,0.02509944464529412,4.463618702088251
and,homo,20,50,789,1000,0.093,4.166,0.030835714285714272,0.558,0.011159999999999984,0.01,0.987291666666667,0.0,0.0
pnd,homo,20,50,789,1000,3.989,4.166,1.1167035714285707,23.934,0.4786800000000074,3.722,0.29005632700632805,0.0,0.0
oracle,homo,20,50,789,1000,4.261,4.166,1.2041202380952383,25.566,0.5113200000000079,3.911,0.27451912425809555,0.0,0.0
dcf_self_excl,homo,20,50,1234,1000,3.582,4.186,1.0055488095238085,21.492,0.4298400000000067,8.626,0.18748289790275124,0.0,0.0
ema_ad_low,homo,20,50,1234,1000,4.485,4.186,1.2493142857142865,26.91,0.5382000000000092,5.229,0.20844765757118744,0.013936044580760391,3.848655082662436
consec_L2,homo,20,50,1234,1000,4.442,4.186,1.2429238095238098,26.652,0.5330400000000091,7.342,0.15270889483323732,0.025451466820250613,4.523260029985492
and,homo,20,50,1234,1000,0.074,4.186,0.021619047619047607,0.444,0.008879999999999999,0.013,0.9893194444444445,0.0,0.0
pnd,homo,20,50,1234,1000,3.998,4.186,1.1108583333333328,23.988,0.4797600000000078,3.723,0.28902659840159894,0.0,0.0
oracle,homo,20,50,1234,1000,4.248,4.186,1.1905547619047614,25.488,0.5097600000000082,3.97,0.2745425367288375,0.0,0.0
dcf_self_excl,homo,20,100,42,1000,7.111,8.755,0.8615123071373086,42.666,0.42666000000000637,17.658,0.19519084428618916,0.0,0.0
ema_ad_low,homo,20,100,42,1000,9.511,8.755,1.153999331224332,57.066,0.5706600000000064,12.998,0.16750122051703076,0.02524792441849237,4.875588441246582
consec_L2,homo,20,100,42,1000,9.344,8.755,1.13508116050616,56.064,0.5606400000000066,17.394,0.12554859466038065,0.03439187655592958,4.731230051173774
and,homo,20,100,42,1000,0.27,8.755,0.03299077311577311,1.62,0.01620000000000002,0.03,0.9813897058823535,0.0,0.0
pnd,homo,20,100,42,1000,8.411,8.755,1.0158493450993458,50.466,0.5046600000000075,8.019,0.2827871528594298,0.0,0.0
oracle,homo,20,100,42,1000,8.723,8.755,1.0584398240648245,52.338,0.5233800000000074,8.32,0.2685345156896472,0.0,0.0
dcf_self_excl,homo,20,100,123,1000,7.176,8.671,0.8848973165723174,43.056,0.430560000000006,17.748,0.19224785276430228,0.0,0.0
ema_ad_low,homo,20,100,123,1000,9.459,8.671,1.1611033827283825,56.754,0.567540000000007,13.194,0.16708740156346116,0.024742927315829426,5.059918021193547
consec_L2,homo,20,100,123,1000,9.348,8.671,1.150964765789765,56.088,0.5608800000000066,17.32,0.12649019967975697,0.03419691546809932,4.717924280972857
and,homo,20,100,123,1000,0.285,8.671,0.03487200854700856,1.71,0.017099999999999987,0.033,0.980283088235295,0.0,0.0
pnd,homo,20,100,123,1000,8.487,8.671,1.0457428543678544,50.922,0.5092200000000079,7.976,0.28034843491748573,0.0,0.0
oracle,homo,20,100,123,1000,8.801,8.671,1.0837698024198026,52.806,0.5280600000000075,8.096,0.2688274537478296,0.0,0.0
dcf_self_excl,homo,20,100,456,1000,7.156,8.792,0.8591469003219017,42.936,0.4293600000000059,17.686,0.19373541871274597,0.0,0.0
ema_ad_low,homo,20,100,456,1000,9.429,8.792,1.1331035936285934,56.574,0.5657400000000059,13.143,0.1697231129384076,0.024860509878694058,4.9289087728116465
consec_L2,homo,20,100,456,1000,9.356,8.792,1.1239771811521806,56.136,0.5613600000000072,17.306,0.12599705099387326,0.034322390078633386,4.753906971149132
and,homo,20,100,456,1000,0.268,8.792,0.03257017149517149,1.608,0.016080000000000018,0.039,0.9810147058823535,0.0,0.0
pnd,homo,20,100,456,1000,8.321,8.792,1.0005609529359547,49.926,0.4992600000000076,8.125,0.2847996868027305,0.0,0.0
oracle,homo,20,100,456,1000,8.786,8.792,1.0584402014652028,52.716,0.5271600000000075,7.994,0.271241335945426,0.0,0.0
dcf_self_excl,homo,20,100,789,1000,7.159,8.699,0.8777965340215353,42.954,0.42954000000000586,17.767,0.19265642518162487,0.0,0.0
ema_ad_low,homo,20,100,789,1000,9.455,8.699,1.1636570512820505,56.73,0.5673000000000062,13.122,0.16856850836385684,0.024845249910236056,4.9265695067223465
consec_L2,homo,20,100,789,1000,9.455,8.699,1.164438253413253,56.73,0.5673000000000065,17.035,0.12468955904057474,0.03434833438638106,4.602660729408573
and,homo,20,100,789,1000,0.267,8.699,0.03331725219225218,1.602,0.016020000000000024,0.034,0.9813786764705887,0.0,0.0
pnd,homo,20,100,789,1000,8.38,8.699,1.028666927516929,50.28,0.5028000000000076,8.022,0.2842481710183204,0.0,0.0
oracle,homo,20,100,789,1000,8.794,8.699,1.0783391913641929,52.764,0.5276400000000079,8.2,0.2676310264551591,0.0,0.0
dcf_self_excl,homo,20,100,1234,1000,7.034,8.665,0.865170085470086,42.204,0.42204000000000574,17.678,0.1973869512813469,0.0,0.0
ema_ad_low,homo,20,100,1234,1000,9.53,8.665,1.1697578615828619,57.18,0.5718000000000063,13.062,0.16573561198640596,0.02494336703736747,4.922830950506772
consec_L2,homo,20,100,1234,1000,9.481,8.665,1.1648794594294587,56.886,0.5688600000000061,17.165,0.12331451479118574,0.03423898476755966,4.671813439777713
and,homo,20,100,1234,1000,0.269,8.665,0.0335374764124764,1.614,0.01614000000000002,0.038,0.9810232843137261,0.0,0.0
pnd,homo,20,100,1234,1000,8.484,8.665,1.0432797591297605,50.904,0.5090400000000078,8.008,0.27971213123176547,0.0,0.0
oracle,homo,20,100,1234,1000,8.756,8.665,1.0746269008769014,52.536,0.5253600000000073,8.105,0.2709332342132744,0.0,0.0
dcf_self_excl,homo,20,200,42,1000,15.919,17.679,0.919573821482957,95.514,0.4775699999999997,51.939,0.10717410486413065,0.0,0.0
ema_ad_low,homo,20,200,42,1000,18.703,17.679,1.0800414385966635,112.218,0.5610900000000059,30.947,0.13030840971044605,0.08124874168546127,4.377587138881503
consec_L2,homo,20,200,42,1000,18.714,17.679,1.0806684861363267,112.284,0.5614200000000059,38.035,0.1008286324140528,0.08037275577985903,3.5466655824558653
and,homo,20,200,42,1000,3.497,17.679,0.20200107279631332,20.982,0.10491000000000131,1.285,0.8608765879022853,0.0,0.0
pnd,homo,20,200,42,1000,17.257,17.679,0.9961723290340562,103.542,0.5177100000000027,17.415,0.25334399716087624,0.0,0.0
oracle,homo,20,200,42,1000,17.725,17.679,1.0231080599869697,106.35,0.5317500000000032,15.552,0.25945785259626647,0.0,0.0
dcf_self_excl,homo,20,200,123,1000,16.035,17.651,0.9291319135714665,96.21,0.4810500000000002,51.949,0.10569720693612067,0.0,0.0
ema_ad_low,homo,20,200,123,1000,18.654,17.651,1.0791475546898905,111.924,0.5596200000000059,30.716,0.13267955009684068,0.08040654084542158,4.460819625204858
consec_L2,homo,20,200,123,1000,18.678,17.651,1.08157533840858,112.068,0.5603400000000059,37.959,0.10072658521580206,0.0800684903269244,3.5465839058611577
and,homo,20,200,123,1000,3.639,17.651,0.21106256540157534,21.834,0.10917000000000121,1.352,0.8550722282417352,0.0,0.0
pnd,homo,20,200,123,1000,17.298,17.651,1.0015282730642256,103.788,0.5189400000000028,17.491,0.2535246146570047,0.0,0.0
oracle,homo,20,200,123,1000,17.67,17.651,1.0233452471290319,106.02,0.5301000000000029,15.284,0.2628333453852418,0.0,0.0
dcf_self_excl,homo,20,200,456,1000,16.014,17.791,0.9161981214777666,96.084,0.4804199999999994,52.011,0.10562242270551706,0.0,0.0
ema_ad_low,homo,20,200,456,1000,18.652,17.791,1.0675329112665806,111.912,0.5595600000000052,30.776,0.1339087420745493,0.07912175776937061,4.439322680589884
consec_L2,homo,20,200,456,1000,18.682,17.791,1.0690688524624663,112.092,0.5604600000000053,37.944,0.10113561838494173,0.0801269878309701,3.554602803951379
and,homo,20,200,456,1000,3.568,17.791,0.2045855189959688,21.408,0.10704000000000134,1.365,0.856957899015331,0.0,0.0
pnd,homo,20,200,456,1000,17.165,17.791,0.9834387127234662,102.99,0.5149500000000028,17.49,0.25530391409893016,0.0,0.0
oracle,homo,20,200,456,1000,17.712,17.791,1.0140288401871622,106.272,0.5313600000000037,15.143,0.2616303217188947,0.0,0.0
dcf_self_excl,homo,20,200,789,1000,16.004,17.692,0.9260878589633632,96.024,0.48011999999999977,52.038,0.10565874927739974,0.0,0.0
ema_ad_low,homo,20,200,789,1000,18.68,17.692,1.081369992627771,112.08,0.5604000000000064,30.763,0.13286256400036386,0.08027645173880207,4.405328691987134
consec_L2,homo,20,200,789,1000,18.768,17.692,1.086824112334174,112.608,0.5630400000000059,37.8,0.0988681882755311,0.08059383817429427,3.4755962224836994
and,homo,20,200,789,1000,3.666,17.692,0.21242981450953602,21.996,0.10998000000000142,1.364,0.8540845571429954,0.0,0.0
pnd,homo,20,200,789,1000,17.243,17.692,0.997956720335048,103.458,0.5172900000000027,17.543,0.25448588055438615,0.0,0.0
oracle,homo,20,200,789,1000,17.72,17.692,1.0264418917726579,106.32,0.5316000000000031,15.201,0.26113061344847877,0.0,0.0
dcf_self_excl,homo,20,200,1234,1000,15.825,17.669,0.9154217949233427,94.95,0.47475000000000017,51.694,0.10938087551665605,0.0,0.0
ema_ad_low,homo,20,200,1234,1000,18.755,17.669,1.0838400405966577,112.53,0.5626500000000064,30.875,0.12960943003294045,0.08185455964989764,4.374034855454067
consec_L2,homo,20,200,1234,1000,18.769,17.669,1.0848520429819573,112.614,0.5630700000000061,37.656,0.0984362081166289,0.08048838978731496,3.49304015001286
and,homo,20,200,1234,1000,3.729,17.669,0.21509587955044632,22.374,0.11187000000000133,1.252,0.8550543725201637,0.0,0.0
pnd,homo,20,200,1234,1000,17.331,17.669,1.0012871117659436,103.986,0.5199300000000033,17.371,0.2525822174696537,0.0,0.0
oracle,homo,20,200,1234,1000,17.745,17.669,1.0252010723968166,106.47,0.5323500000000033,15.375,0.2602305934344174,0.0,0.0
dcf_self_excl,homo,30,20,42,1000,1.354,1.592,0.8208333333333334,8.124,0.40620000000000495,2.904,0.17930357142857087,0.0,0.0
ema_ad_low,homo,30,20,42,1000,1.595,1.592,0.9526666666666669,9.57,0.4785000000000049,1.676,0.26893849206349124,0.004637719560759687,7.494209126984147
consec_L2,homo,30,20,42,1000,1.565,1.592,0.9386666666666663,9.39,0.46950000000000486,2.048,0.22012380952380886,0.010804586934516846,4.264066666666673
and,homo,30,20,42,1000,0.0,1.592,0.0,0.0,0.0,0.0,1.0,0.0,0.0
pnd,homo,30,20,42,1000,1.58,1.592,0.9544999999999999,9.48,0.47400000000000414,1.503,0.28829523809523705,0.0,0.0
oracle,homo,30,20,42,1000,1.586,1.592,0.9608333333333335,9.516,0.4758000000000051,1.629,0.2877603174603167,0.0,0.0
dcf_self_excl,homo,30,20,123,1000,1.312,1.614,0.7771666666666667,7.872,0.3936000000000045,2.923,0.18572142857142804,0.0,0.0
ema_ad_low,homo,30,20,123,1000,1.622,1.614,0.966,9.732,0.4866000000000042,1.654,0.26321150793650727,0.004657362227368541,7.406929761904781
consec_L2,homo,30,20,123,1000,1.598,1.614,0.9673333333333334,9.588,0.47940000000000516,2.006,0.21948015873015797,0.010873802741207613,4.1970857142857225
and,homo,30,20,123,1000,0.0,1.614,0.0,0.0,0.0,0.0,1.0,0.0,0.0
pnd,homo,30,20,123,1000,1.527,1.614,0.9094999999999995,9.162,0.4581000000000051,1.463,0.3113095238095223,0.0,0.0
oracle,homo,30,20,123,1000,1.671,1.614,0.9846666666666668,10.026,0.5013000000000051,1.532,0.2707182539682532,0.0,0.0
dcf_self_excl,homo,30,20,456,1000,1.321,1.596,0.8103333333333332,7.926,0.3963000000000051,2.91,0.1876071428571424,0.0,0.0
ema_ad_low,homo,30,20,456,1000,1.613,1.596,0.993333333333333,9.678,0.48390000000000427,1.584,0.2708059523809517,0.004668026312117653,7.055892857142878
consec_L2,homo,30,20,456,1000,1.603,1.596,0.9721666666666668,9.618,0.4809000000000045,1.978,0.21895317460317376,0.010603951820946074,4.038535714285717
and,homo,30,20,456,1000,0.0,1.596,0.0,0.0,0.0,0.0,1.0,0.0,0.0
pnd,homo,30,20,456,1000,1.504,1.596,0.9203333333333336,9.024,0.45120000000000393,1.521,0.30508333333333193,0.0,0.0
oracle,homo,30,20,456,1000,1.624,1.596,0.9718333333333331,9.744,0.4872000000000053,1.51,0.28718055555555483,0.0,0.0
dcf_self_excl,homo,30,20,789,1000,1.343,1.574,0.8011666666666665,8.058,0.40290000000000453,2.934,0.18049047619047562,0.0,0.0
ema_ad_low,homo,30,20,789,1000,1.55,1.574,0.9191666666666665,9.3,0.465000000000005,1.596,0.2875142857142846,0.004646488176598773,7.485016666666685
consec_L2,homo,30,20,789,1000,1.601,1.574,0.9621666666666668,9.606,0.48030000000000395,2.075,0.20982182539682487,0.010644867609093318,4.353152380952388
and,homo,30,20,789,1000,0.0,1.574,0.0,0.0,0.0,0.0,1.0,0.0,0.0
pnd,homo,30,20,789,1000,1.558,1.574,0.918666666666666,9.348,0.4674000000000048,1.431,0.30454047619047514,0.0,0.0
oracle,homo,30,20,789,1000,1.602,1.574,0.9558333333333331,9.612,0.48060000000000447,1.489,0.29329603174603114,0.0,0.0
dcf_self_excl,homo,30,20,1234,1000,1.383,1.614,0.8379999999999997,8.298,0.41490000000000526,2.906,0.17502936507936495,0.0,0.0
ema_ad_low,homo,30,20,1234,1000,1.633,1.614,0.9898333333333332,9.798,0.4899000000000049,1.601,0.27030238095238035,0.004689251914469039,7.167273809523832
consec_L2,homo,30,20,1234,1000,1.575,1.614,0.9518333333333335,9.45,0.4725000000000042,2.036,0.2215067460317453,0.010477280934188383,4.370014285714292
and,homo,30,20,1234,1000,0.0,1.614,0.0,0.0,0.0,0.0,1.0,0.0,0.0
pnd,homo,30,20,1234,1000,1.544,1.614,0.9311666666666665,9.264,0.46320000000000466,1.479,0.29977380952380844,0.0,0.0
oracle,homo,30,20,1234,1000,1.599,1.614,0.9813333333333333,9.594,0.4797000000000044,1.57,0.288459523809523,0.0,0.0
dcf_self_excl,homo,30,50,42,1000,3.63,4.214,0.9848464285714269,21.78,0.43560000000000654,8.779,0.18163741976547718,0.0,0.0
ema_ad_low,homo,30,50,42,1000,4.399,4.214,1.199748809523808,26.394,0.5278800000000082,4.944,0.22346193928620425,0.0071765059299029235,6.67983128782981
consec_L2,homo,30,50,42,1000,4.427,4.214,1.2068654761904745,26.562,0.5312400000000095,7.272,0.15780376931719842,0.015797684360041097,7.011610584015222
and,homo,30,50,42,1000,0.004,4.214,0.0008500000000000001,0.024,0.00047999999999999996,0.0,0.9995,0.0,0.0
pnd,homo,30,50,42,1000,3.964,4.214,1.0798488095238092,23.784,0.47568000000000704,3.71,0.2940986818736828,0.0,0.0
oracle,homo,30,50,42,1000,4.18,4.214,1.1360416666666646,25.08,0.501600000000008,4.059,0.27587186989567114,0.0,0.0
dcf_self_excl,homo,30,50,123,1000,3.58,4.243,0.9662952380952374,21.48,0.4296000000000068,8.847,0.1829817640821513,0.0,0.0
ema_ad_low,homo,30,50,123,1000,4.43,4.243,1.2021095238095243,26.58,0.5316000000000083,4.906,0.2211689978322335,0.007253552938917694,6.570447248584753
consec_L2,homo,30,50,123,1000,4.46,4.243,1.2170702380952376,26.76,0.535200000000009,7.335,0.15336523748009842,0.015704895462116834,7.161033703791907
and,homo,30,50,123,1000,0.007,4.243,0.0015666666666666667,0.042,0.0008399999999999999,0.0,0.999125,0.0,0.0
pnd,homo,30,50,123,1000,3.967,4.243,1.0781369047619038,23.802,0.47604000000000773,3.764,0.2902675546675557,0.0,0.0
oracle,homo,30,50,123,1000,4.26,4.243,1.1566988095238095,25.56,0.5112000000000084,4.036,0.2702370729760442,0.0,0.0
dcf_self_excl,homo,30,50,456,1000,3.619,4.25,0.9644464285714286,21.714,0.43428000000000666,8.725,0.1838864588885491,0.0,0.0
ema_ad_low,homo,30,50,456,1000,4.371,4.25,1.1596166666666656,26.226,0.5245200000000083,4.683,0.2333505940310122,0.007360143260748899,6.211274461172637
consec_L2,homo,30,50,456,1000,4.445,4.25,1.1800583333333334,26.67,0.5334000000000092,7.205,0.15572035402248305,0.01570610031269051,6.954586492411961
and,homo,30,50,456,1000,0.014,4.25,0.00415,0.084,0.0016800000000000005,0.0,0.99825,0.0,0.0
pnd,homo,30,50,456,1000,3.879,4.25,1.0251845238095225,23.274,0.4654800000000072,3.731,0.29999721389721484,0.0,0.0
oracle,homo,30,50,456,1000,4.228,4.25,1.1189595238095231,25.368,0.5073600000000078,3.965,0.2769466293854073,0.0,0.0
dcf_self_excl,homo,30,50,789,1000,3.631,4.166,0.9943833333333321,21.786,0.43572000000000644,8.805,0.1806146806023355,0.0,0.0
ema_ad_low,homo,30,50,789,1000,4.343,4.166,1.189596428571427,26.058,0.5211600000000082,4.785,0.23224780546251192,0.007307403526314041,6.463293923968186
consec_L2,homo,30,50,789,1000,4.489,4.166,1.2360714285714267,26.934,0.5386800000000089,7.178,0.15406454522859309,0.015594181225043052,6.873549570587645
and,homo,30,50,789,1000,0.007,4.166,0.0017166666666666665,0.042,0.0008399999999999999,0.001,0.9990138888888889,0.0,0.0
pnd,homo,30,50,789,1000,3.927,4.166,1.0852833333333325,23.562,0.4712400000000069,3.737,0.2951308080808091,0.0,0.0
oracle,homo,30,50,789,1000,4.189,4.166,1.1545857142857125,25.134,0.5026800000000076,4.018,0.2772402430258092,0.0,0.0
dcf_self_excl,homo,30,50,1234,1000,3.687,4.208,1.0195999999999996,22.122,0.4424400000000073,8.743,0.17969726242969303,0.0,0.0
ema_ad_low,homo,30,50,1234,1000,4.402,4.208,1.2077714285714278,26.412,0.5282400000000084,4.949,0.22268565717048755,0.007237049457815388,6.613459665274531
consec_L2,homo,30,50,1234,1000,4.401,4.208,1.2145892857142864,26.406,0.5281200000000088,7.373,0.15573518807473946,0.015703591231331526,7.2347824584041645
and,homo,30,50,1234,1000,0.006,4.208,0.0011095238095238094,0.036,0.0007199999999999999,0.001,0.9991388888888889,0.0,0.0
pnd,homo,30,50,1234,1000,4.008,4.208,1.0974833333333327,24.048,0.48096000000000727,3.672,0.2915157065157075,0.0,0.0
oracle,homo,30,50,1234,1000,4.136,4.208,1.142685714285713,24.816,0.49632000000000737,4.103,0.2789248019696173,0.0,0.0
dcf_self_excl,homo,30,100,42,1000,7.243,8.67,0.8825767843267862,43.458,0.4345800000000062,18.148,0.1876053315652372,0.0,0.0
ema_ad_low,homo,30,100,42,1000,9.362,8.67,1.1388640720390713,56.172,0.5617200000000071,11.945,0.1846068236458865,0.011795923715415359,7.6537707599341624
consec_L2,homo,30,100,42,1000,9.227,8.67,1.1261523226773211,55.362,0.5536200000000073,17.044,0.13281756371494702,0.019579436352239223,7.709064196240459
and,homo,30,100,42,1000,0.022,8.67,0.002457611832611833,0.132,0.0013200000000000006,0.001,0.9985661764705883,0.0,0.0
pnd,homo,30,100,42,1000,8.184,8.67,0.9992255161505175,49.104,0.4910400000000076,7.785,0.2959083843485108,0.0,0.0
oracle,homo,30,100,42,1000,8.694,8.67,1.058071209346209,52.164,0.521640000000008,8.434,0.26801283795187464,0.0,0.0
dcf_self_excl,homo,30,100,123,1000,7.184,8.673,0.8795464091464111,43.104,0.4310400000000062,18.254,0.18839019608020122,0.0,0.0
ema_ad_low,homo,30,100,123,1000,9.371,8.673,1.1429356809856803,56.226,0.5622600000000059,11.995,0.18464364103444372,0.011882808270621251,7.6773363373530605
consec_L2,homo,30,100,123,1000,9.274,8.673,1.1332153957153965,55.644,0.5564400000000069,16.903,0.13259090373669874,0.019570692423239056,7.695610236219593
and,homo,30,100,123,1000,0.024,8.673,0.003028149628149628,0.144,0.0014400000000000007,0.001,0.9984411764705883,0.0,0.0
pnd,homo,30,100,123,1000,8.276,8.673,1.0115357226107229,49.656,0.496560000000008,7.696,0.29283765506265735,0.0,0.0
oracle,homo,30,100,123,1000,8.623,8.673,1.0552611333111337,51.738,0.5173800000000074,8.256,0.27348334677414154,0.0,0.0
dcf_self_excl,homo,30,100,456,1000,7.193,8.746,0.8734015928515941,43.158,0.431580000000006,18.202,0.18853348006781584,0.0,0.0
ema_ad_low,homo,30,100,456,1000,9.38,8.746,1.1387623265623263,56.28,0.5628000000000065,11.889,0.18608553031746639,0.012131768101031561,7.367841470563696
consec_L2,homo,30,100,456,1000,9.332,8.746,1.1319777472527466,55.992,0.559920000000007,16.783,0.1318103604904778,0.019726870801908894,7.537380844109498
and,homo,30,100,456,1000,0.023,8.746,0.00265480907980908,0.138,0.0013800000000000006,0.001,0.9985036764705882,0.0,0.0
pnd,homo,30,100,456,1000,8.155,8.746,0.9872379481629495,48.93,0.4893000000000071,7.833,0.29616799375935515,0.0,0.0
oracle,homo,30,100,456,1000,8.691,8.746,1.0528444083694088,52.146,0.5214600000000076,8.256,0.27148182790702124,0.0,0.0
dcf_self_excl,homo,30,100,789,1000,7.237,8.59,0.8895416944166958,43.422,0.4342200000000059,18.288,0.18659485854787825,0.0,0.0
ema_ad_low,homo,30,100,789,1000,9.286,8.59,1.1425477494727487,55.716,0.5571600000000064,11.818,0.1885006512783687,0.012000062774284849,7.559026733697541
consec_L2,homo,30,100,789,1000,9.327,8.59,1.1475318487068484,55.962,0.5596200000000068,16.849,0.13183958476387025,0.019574623832062165,7.543219748075516
and,homo,30,100,789,1000,0.019,8.59,0.0023797369297369297,0.114,0.0011400000000000006,0.002,0.9986948529411765,0.0,0.0
pnd,homo,30,100,789,1000,8.211,8.59,1.010109951159952,49.266,0.49266000000000754,7.747,0.29475976937800774,0.0,0.0
oracle,homo,30,100,789,1000,8.694,8.59,1.0717346126096132,52.164,0.5216400000000077,8.245,0.2710506060082095,0.0,0.0
dcf_self_excl,homo,30,100,1234,1000,7.341,8.764,0.8862795926295939,44.046,0.4404600000000066,18.148,0.1845359791147105,0.0,0.0
ema_ad_low,homo,30,100,1234,1000,9.256,8.764,1.118226776001777,55.536,0.5553600000000068,11.981,0.18844426668016293,0.011853091736913986,7.673154518086504
consec_L2,homo,30,100,1234,1000,9.209,8.764,1.1113025419025426,55.254,0.5525400000000067,17.011,0.13427544445721223,0.01941725632954422,7.715108875993504
and,homo,30,100,1234,1000,0.023,8.764,0.002788239538239538,0.138,0.0013800000000000008,0.002,0.9984448529411765,0.0,0.0
pnd,homo,30,100,1234,1000,8.193,8.764,0.9930788267288271,49.158,0.4915800000000076,7.761,0.2956197607672436,0.0,0.0
oracle,homo,30,100,1234,1000,8.641,8.764,1.0474773754023765,51.846,0.5184600000000085,8.334,0.27129688746929137,0.0,0.0
dcf_self_excl,homo,30,200,42,1000,15.024,17.607,0.8757928568420127,90.144,0.4507199999999997,42.624,0.15621400462889481,0.0,0.0
ema_ad_low,homo,30,200,42,1000,18.978,17.607,1.1068782344918717,113.868,0.569340000000002,26.079,0.1757018490480858,0.018876959006038512,8.212075779848941
consec_L2,homo,30,200,42,1000,19.016,17.607,1.108958483290649,114.096,0.5704800000000027,36.876,0.11955966101492449,0.027117403248760278,6.672377356235926
and,homo,30,200,42,1000,1.116,17.607,0.06532047892106584,6.696,0.033480000000000086,0.254,0.9590014514896985,0.0,0.0
pnd,homo,30,200,42,1000,16.719,17.607,0.9742981664044591,100.314,0.5015700000000006,15.863,0.29204354485248135,0.0,0.0
oracle,homo,30,200,42,1000,17.634,17.607,1.0282411503637114,105.804,0.5290200000000009,17.049,0.2656672121201461,0.0,0.0
dcf_self_excl,homo,30,200,123,1000,14.97,17.665,0.8705617332619533,89.82,0.4490999999999993,42.861,0.1560023107065916,0.0,0.0
ema_ad_low,homo,30,200,123,1000,18.93,17.665,1.0993363654386783,113.58,0.5679000000000021,25.884,0.1772541842599614,0.019134830517178424,8.201141509074374
consec_L2,homo,30,200,123,1000,19.048,17.665,1.1060550357979846,114.288,0.5714400000000021,36.756,0.11957314442712133,0.026962726155899754,6.694712031906912
and,homo,30,200,123,1000,1.113,17.665,0.06502916160958022,6.678,0.03339000000000008,0.219,0.9600669467787236,0.0,0.0
pnd,homo,30,200,123,1000,16.756,17.665,0.9739840197430653,100.536,0.5026800000000007,15.883,0.29071991998667285,0.0,0.0
oracle,homo,30,200,123,1000,17.552,17.665,1.0208576197321635,105.312,0.5265600000000015,16.564,0.27169144294158937,0.0,0.0
dcf_self_excl,homo,30,200,456,1000,15.015,17.713,0.8695393704455558,90.09,0.45044999999999885,42.953,0.15493314080874335,0.0,0.0
ema_ad_low,homo,30,200,456,1000,18.947,17.713,1.0984235543888812,113.682,0.5684100000000023,26.071,0.17613426819169894,0.019196654315895116,8.076639576098787
consec_L2,homo,30,200,456,1000,19.093,17.713,1.1084212218173963,114.558,0.5727900000000019,36.806,0.11863087656652105,0.027367312514904187,6.598265175294067
and,homo,30,200,456,1000,1.163,17.713,0.06712211417099562,6.978,0.0348900000000001,0.248,0.9578010185892649,0.0,0.0
pnd,homo,30,200,456,1000,16.619,17.713,0.9642190928752391,99.714,0.49857000000000096,15.976,0.2932196789191326,0.0,0.0
oracle,homo,30,200,456,1000,17.745,17.713,1.0283464636958524,106.47,0.5323500000000009,16.683,0.26638167648964994,0.0,0.0
dcf_self_excl,homo,30,200,789,1000,15.006,17.521,0.8782646008242142,90.036,0.45017999999999914,42.897,0.1552372395184843,0.0,0.0
ema_ad_low,homo,30,200,789,1000,18.945,17.521,1.1093674173628163,113.67,0.5683500000000019,26.057,0.17613250960165477,0.019263477605441105,8.208347944044775
consec_L2,homo,30,200,789,1000,19.072,17.521,1.1165559971107042,114.432,0.5721600000000022,36.806,0.1190213269773919,0.02734208260231908,6.623325019210895
and,homo,30,200,789,1000,1.157,17.521,0.0677400715762582,6.942,0.03471000000000012,0.232,0.9584209744503983,0.0,0.0
pnd,homo,30,200,789,1000,16.8,17.521,0.9826419690393356,100.8,0.5040000000000003,15.896,0.28976307701401144,0.0,0.0
oracle,homo,30,200,789,1000,17.632,17.521,1.0319870541082168,105.792,0.5289600000000012,16.452,0.2708718062065092,0.0,0.0
dcf_self_excl,homo,30,200,1234,1000,15.098,17.718,0.8748982688618034,90.588,0.45293999999999934,42.644,0.15512634824851573,0.0,0.0
ema_ad_low,homo,30,200,1234,1000,18.843,17.718,1.0919838699409272,113.058,0.5652900000000015,25.941,0.1790761479960918,0.018709393318628177,8.296127045507612
consec_L2,homo,30,200,1234,1000,19.036,17.718,1.1021222980315337,114.216,0.5710800000000029,36.846,0.11951623028443678,0.02706864223216526,6.68493564530926
and,homo,30,200,1234,1000,1.092,17.718,0.06243524113638599,6.552,0.03276000000000006,0.285,0.9589084288260862,0.0,0.0
pnd,homo,30,200,1234,1000,16.852,17.718,0.97566784357458,101.112,0.5055600000000007,15.892,0.2889707493482947,0.0,0.0
oracle,homo,30,200,1234,1000,17.595,17.718,1.0191371293263438,105.57,0.5278500000000014,16.774,0.26898543035936473,0.0,0.0
dcf_self_excl,homo,50,20,42,1000,1.315,1.574,0.8098333333333336,7.89,0.3945000000000049,2.916,0.1850904761904758,0.0,0.0
ema_ad_low,homo,50,20,42,1000,1.572,1.574,0.9633333333333336,9.432,0.471600000000005,1.596,0.28498174603174514,0.0024481904746739658,12.44084444444443
consec_L2,homo,50,20,42,1000,1.585,1.574,0.9531666666666667,9.51,0.47550000000000486,1.998,0.2214333333333327,0.0060341264892891655,7.170580952380981
and,homo,50,20,42,1000,0.0,1.574,0.0,0.0,0.0,0.0,1.0,0.0,0.0
pnd,homo,50,20,42,1000,1.573,1.574,0.9444999999999997,9.438,0.4719000000000051,1.433,0.30130714285714166,0.0,0.0
oracle,homo,50,20,42,1000,1.562,1.574,0.9478333333333329,9.372,0.46860000000000535,1.576,0.295216269841269,0.0,0.0
dcf_self_excl,homo,50,20,123,1000,1.324,1.607,0.8038333333333335,7.944,0.39720000000000494,2.964,0.180915476190476,0.0,0.0
ema_ad_low,homo,50,20,123,1000,1.611,1.607,0.9693333333333335,9.666,0.4833000000000046,1.594,0.27710595238095126,0.0025316855556313652,12.371440476190479
consec_L2,homo,50,20,123,1000,1.612,1.607,0.9838333333333336,9.672,0.48360000000000486,1.993,0.2162857142857137,0.006134379549623977,7.217586507936533
and,homo,50,20,123,1000,0.0,1.607,0.0,0.0,0.0,0.0,1.0,0.0,0.0
pnd,homo,50,20,123,1000,1.588,1.607,0.9693333333333328,9.528,0.47640000000000526,1.447,0.2953214285714275,0.0,0.0
oracle,homo,50,20,123,1000,1.571,1.607,0.9606666666666661,9.426,0.4713000000000051,1.596,0.293960714285713,0.0,0.0
dcf_self_excl,homo,50,20,456,1000,1.295,1.657,0.7866666666666666,7.77,0.3885000000000047,2.94,0.19290238095238074,0.0,0.0
ema_ad_low,homo,50,20,456,1000,1.602,1.657,0.9618333333333332,9.612,0.48060000000000475,1.516,0.284067857142856,0.002458736391889735,11.792766666666662
consec_L2,homo,50,20,456,1000,1.596,1.657,0.9658333333333332,9.576,0.4788000000000045,2.015,0.21676626984126918,0.006098796069911088,7.128220634920663
and,homo,50,20,456,1000,0.0,1.657,0.0,0.0,0.0,0.0,1.0,0.0,0.0
pnd,homo,50,20,456,1000,1.556,1.657,0.9491666666666667,9.336,0.46680000000000504,1.508,0.29632380952380866,0.0,0.0
oracle,homo,50,20,456,1000,1.603,1.657,0.960833333333333,9.618,0.48090000000000555,1.547,0.2889611111111103,0.0,0.0
dcf_self_excl,homo,50,20,789,1000,1.311,1.62,0.7860000000000005,7.866,0.39330000000000453,2.964,0.18294523809523774,0.0,0.0
ema_ad_low,homo,50,20,789,1000,1.576,1.62,0.9428333333333334,9.456,0.47280000000000505,1.49,0.29612380952380835,0.0024510309317354643,11.793173809523815
consec_L2,homo,50,20,789,1000,1.579,1.62,0.9531666666666663,9.474,0.47370000000000456,2.009,0.22029285714285626,0.006110843730390816,7.15620238095241
and,homo,50,20,789,1000,0.0,1.62,0.0,0.0,0.0,0.0,1.0,0.0,0.0
pnd,homo,50,20,789,1000,1.55,1.62,0.9311666666666669,9.3,0.4650000000000054,1.473,0.30028928571428454,0.0,0.0
oracle,homo,50,20,789,1000,1.551,1.62,0.9378333333333329,9.306,0.465300000000005,1.537,0.3028003968253952,0.0,0.0
dcf_self_excl,homo,50,20,1234,1000,1.335,1.683,0.8005000000000004,8.01,0.4005000000000046,2.941,0.1839238095238092,0.0,0.0
ema_ad_low,homo,50,20,1234,1000,1.603,1.683,0.949333333333333,9.618,0.4809000000000055,1.661,0.26494126984126887,0.0024940520645106577,13.003388095238083
consec_L2,homo,50,20,1234,1000,1.6,1.683,0.944166666666666,9.6,0.4800000000000051,2.039,0.21492817460317412,0.0060004425084312285,7.205299206349238
and,homo,50,20,1234,1000,0.0,1.683,0.0,0.0,0.0,0.0,1.0,0.0,0.0
pnd,homo,50,20,1234,1000,1.535,1.683,0.9178333333333331,9.21,0.460500000000005,1.461,0.30910476190476077,0.0,0.0
oracle,homo,50,20,1234,1000,1.625,1.683,0.9785000000000005,9.75,0.48750000000000515,1.504,0.2887722222222213,0.0,0.0
dcf_self_excl,homo,50,50,42,1000,3.687,4.126,1.0248654761904759,22.122,0.44244000000000716,8.845,0.17639512105111957,0.0,0.0
ema_ad_low,homo,50,50,42,1000,4.255,4.126,1.1907404761904754,25.53,0.5106000000000083,4.549,0.2442547080370615,0.003490737946579776,13.316002387563415
consec_L2,homo,50,50,42,1000,4.395,4.126,1.2233333333333327,26.37,0.527400000000009,7.169,0.16125917179226024,0.009023702657811189,11.831591028484766
and,homo,50,50,42,1000,0.0,4.126,0.0,0.0,0.0,0.0,1.0,0.0,0.0
pnd,homo,50,50,42,1000,3.917,4.126,1.0931797619047612,23.502,0.47004000000000795,3.63,0.30029828782328866,0.0,0.0
oracle,homo,50,50,42,1000,4.166,4.126,1.1597190476190462,24.996,0.4999200000000082,4.104,0.2771768669625876,0.0,0.0
dcf_self_excl,homo,50,50,123,1000,3.646,4.209,0.9781702380952376,21.876,0.4375200000000068,8.992,0.1758564174387707,0.0,0.0
ema_ad_low,homo,50,50,123,1000,4.289,4.209,1.1349059523809526,25.734,0.5146800000000077,4.545,0.2444274104979996,0.003632091766744873,13.286029949462296
consec_L2,homo,50,50,123,1000,4.386,4.209,1.1557869047619045,26.316,0.5263200000000089,7.164,0.16120034838742295,0.008958795958308062,11.986122254474106
and,homo,50,50,123,1000,0.0,4.209,0.0,0.0,0.0,0.0,1.0,0.0,0.0
pnd,homo,50,50,123,1000,3.959,4.209,1.0650059523809519,23.754,0.47508000000000733,3.673,0.2956878316128327,0.0,0.0
oracle,homo,50,50,123,1000,4.127,4.209,1.1029488095238076,24.762,0.4952400000000078,4.088,0.2793821951698117,0.0,0.0
dcf_self_excl,homo,50,50,456,1000,3.606,4.228,0.9585499999999993,21.636,0.43272000000000665,8.95,0.1789494413781952,0.0,0.0
ema_ad_low,homo,50,50,456,1000,4.294,4.228,1.147042857142857,25.764,0.5152800000000081,4.525,0.24465507825507912,0.0035856991769332297,13.065461090298598
consec_L2,homo,50,50,456,1000,4.443,4.228,1.1882083333333333,26.658,0.5331600000000092,7.106,0.1595087132294952,0.008910323187008547,11.724532645961702
and,homo,50,50,456,1000,0.0,4.228,0.0,0.0,0.0,0.0,1.0,0.0,0.0
pnd,homo,50,50,456,1000,3.959,4.228,1.0534249999999994,23.754,0.4750800000000078,3.737,0.29314341214341344,0.0,0.0
oracle,homo,50,50,456,1000,4.118,4.228,1.1084797619047608,24.708,0.49416000000000787,4.092,0.2835661809337905,0.0,0.0
dcf_self_excl,homo,50,50,789,1000,3.647,4.194,0.9866309523809511,21.882,0.43764000000000663,9.045,0.17500981710498,0.0,0.0
ema_ad_low,homo,50,50,789,1000,4.247,4.194,1.1577511904761901,25.482,0.5096400000000081,4.481,0.2486398559773569,0.0036062318550272796,13.028930308580309
consec_L2,homo,50,50,789,1000,4.389,4.194,1.1914119047619043,26.334,0.526680000000009,7.275,0.15995937751189326,0.008989274065859367,12.182983164754061
and,homo,50,50,789,1000,0.0,4.194,0.0,0.0,0.0,0.0,1.0,0.0,0.0
pnd,homo,50,50,789,1000,3.874,4.194,1.053695238095237,23.244,0.4648800000000072,3.751,0.30025574148074213,0.0,0.0
oracle,homo,50,50,789,1000,4.133,4.194,1.1224666666666665,24.798,0.4959600000000079,4.025,0.28082488736753547,0.0,0.0
dcf_self_excl,homo,50,50,1234,1000,3.68,4.307,0.9744869047619042,22.08,0.4416000000000069,8.925,0.17538963600469046,0.0,0.0
ema_ad_low,homo,50,50,1234,1000,4.236,4.307,1.109896428571429,25.416,0.5083200000000084,4.611,0.24535425807852376,0.003544888754824587,13.785716958286823
consec_L2,homo,50,50,1234,1000,4.412,4.307,1.1594892857142851,26.472,0.5294400000000089,7.21,0.1589707269983201,0.008895847620170668,12.138310093724627
and,homo,50,50,1234,1000,0.0,4.307,0.0,0.0,0.0,0.0,1.0,0.0,0.0
pnd,homo,50,50,1234,1000,3.851,4.307,1.0183178571428568,23.106,0.4621200000000073,3.735,0.30312039904539984,0.0,0.0
oracle,homo,50,50,1234,1000,4.26,4.307,1.1273392857142859,25.56,0.5112000000000082,3.99,0.27280281075134083,0.0,0.0
dcf_self_excl,homo,50,100,42,1000,7.38,8.63,0.9094101814851832,44.28,0.4428000000000065,18.645,0.17887558568624973,0.0,0.0
ema_ad_low,homo,50,100,42,1000,9.108,8.63,1.1201458069708072,54.648,0.5464800000000071,10.984,0.2063837290218251,0.005275619657008382,13.278517550649724
consec_L2,homo,50,100,42,1000,9.127,8.63,1.1218958596958588,54.762,0.5476200000000072,16.769,0.13943869616333937,0.010677051036242202,13.61605682165218
and,homo,50,100,42,1000,0.0,8.63,0.0,0.0,0.0,0.0,1.0,0.0,0.0
pnd,homo,50,100,42,1000,8.11,8.63,0.994311632811634,48.66,0.48660000000000736,7.583,0.30216518354660515,0.0,0.0
oracle,homo,50,100,42,1000,8.624,8.63,1.0593533688533698,51.744,0.5174400000000079,8.32,0.2730789898387044,0.0,0.0
dcf_self_excl,homo,50,100,123,1000,7.347,8.754,0.8881321317571332,44.082,0.44082000000000626,18.782,0.1785824608482787,0.0,0.0
ema_ad_low,homo,50,100,123,1000,9.112,8.754,1.1006199106449113,54.672,0.546720000000007,10.984,0.20673092185338174,0.005318456204244747,13.407040654432754
consec_L2,homo,50,100,123,1000,9.233,8.754,1.1137945915195906,55.398,0.5539800000000071,16.569,0.1376202054204922,0.010561791988597509,13.532938288284162
and,homo,50,100,123,1000,0.0,8.754,0.0,0.0,0.0,0.0,1.0,0.0,0.0
pnd,homo,50,100,123,1000,8.11,8.754,0.9860920662670676,48.66,0.4866000000000074,7.595,0.3022809206574425,0.0,0.0
oracle,homo,50,100,123,1000,8.563,8.754,1.0396454517704534,51.378,0.5137800000000078,8.481,0.2727809223489964,0.0,0.0
dcf_self_excl,homo,50,100,456,1000,7.347,8.734,0.888777011877012,44.082,0.44082000000000626,18.774,0.1790757257631717,0.0,0.0
ema_ad_low,homo,50,100,456,1000,9.084,8.734,1.0960216061716073,54.504,0.5450400000000076,10.923,0.20793856279987888,0.005346622123232983,13.271479601520966
consec_L2,homo,50,100,456,1000,9.2,8.734,1.1096850316350308,55.2,0.5520000000000077,16.688,0.13738912311796647,0.010592245360327412,13.465236613858663
and,homo,50,100,456,1000,0.0,8.734,0.0,0.0,0.0,0.0,1.0,0.0,0.0
pnd,homo,50,100,456,1000,8.151,8.734,0.9859371239871247,48.906,0.48906000000000743,7.608,0.2995271101961314,0.0,0.0
oracle,homo,50,100,456,1000,8.559,8.734,1.0367626817626827,51.354,0.513540000000008,8.504,0.27262230374810287,0.0,0.0
dcf_self_excl,homo,50,100,789,1000,7.321,8.667,0.8939457403707415,43.926,0.439260000000006,18.799,0.17959031940021544,0.0,0.0
ema_ad_low,homo,50,100,789,1000,9.071,8.667,1.1058898934398929,54.426,0.5442600000000067,10.846,0.2098841873848263,0.005519401543671977,13.051846580380294
consec_L2,homo,50,100,789,1000,9.213,8.667,1.1240215256965254,55.278,0.5527800000000075,16.693,0.13728581614348986,0.01064467049849719,13.492585355295523
and,homo,50,100,789,1000,0.0,8.667,0.0,0.0,0.0,0.0,1.0,0.0,0.0
pnd,homo,50,100,789,1000,8.069,8.667,0.9816176212676223,48.414,0.484140000000007,7.66,0.30281676913475575,0.0,0.0
oracle,homo,50,100,789,1000,8.585,8.667,1.0497299617049616,51.51,0.5151000000000084,8.317,0.2740345446755142,0.0,0.0
dcf_self_excl,homo,50,100,1234,1000,7.34,8.784,0.8854978077478087,44.04,0.4404000000000062,18.794,0.17891061786171308,0.0,0.0
ema_ad_low,homo,50,100,1234,1000,8.998,8.784,1.076542116217116,53.988,0.5398800000000069,10.996,0.21078267506196083,0.0053382142636128485,13.39461559630164
consec_L2,homo,50,100,1234,1000,9.117,8.784,1.0961573870573869,54.702,0.5470200000000074,16.756,0.13967022050132208,0.010567610006527612,13.652084923292131
and,homo,50,100,1234,1000,0.0,8.784,0.0,0.0,0.0,0.0,1.0,0.0,0.0
pnd,homo,50,100,1234,1000,8.061,8.784,0.9673750305250326,48.366,0.48366000000000725,7.654,0.3031986046176895,0.0,0.0
oracle,homo,50,100,1234,1000,8.765,8.784,1.0586481990232004,52.59,0.5259000000000077,8.385,0.26617322910356506,0.0,0.0
dcf_self_excl,homo,50,200,42,1000,14.494,17.641,0.8426778794051124,86.964,0.43481999999999943,37.581,0.18835202231264384,0.0,0.0
ema_ad_low,homo,50,200,42,1000,18.628,17.641,1.0812678070654316,111.768,0.5588400000000019,23.678,0.19611311809709364,0.0073514294149659935,14.735703373383238
consec_L2,homo,50,200,42,1000,18.754,17.641,1.0904156651203898,112.524,0.5626200000000027,36.028,0.12760200747623535,0.012706026931702226,13.046520230549088
and,homo,50,200,42,1000,0.108,17.641,0.0062692500026633085,0.648,0.003239999999999994,0.01,0.9964349376114103,0.0,0.0
pnd,homo,50,200,42,1000,16.405,17.641,0.9532185946920161,98.43,0.4921500000000004,15.362,0.3035273922202424,0.0,0.0
oracle,homo,50,200,42,1000,17.485,17.641,1.015835276545705,104.91,0.5245500000000016,17.061,0.2691366826949862,0.0,0.0
dcf_self_excl,homo,50,200,123,1000,14.363,17.646,0.8339119581826328,86.178,0.43088999999999883,37.847,0.18921573204297626,0.0,0.0
ema_ad_low,homo,50,200,123,1000,18.525,17.646,1.074736094076987,111.15,0.5557500000000017,23.721,0.1975804650509016,0.007480141466014288,14.727873104494076
consec_L2,homo,50,200,123,1000,18.914,17.646,1.0982060880557285,113.484,0.5674200000000026,35.604,0.12698306674684465,0.01256262889791911,12.92864305473118
and,homo,50,200,123,1000,0.116,17.646,0.006631057142480613,0.696,0.003479999999999993,0.017,0.9959857397504484,0.0,0.0
pnd,homo,50,200,123,1000,16.384,17.646,0.9514299826947257,98.304,0.49152000000000046,15.425,0.3032344493056381,0.0,0.0
oracle,homo,50,200,123,1000,17.409,17.646,1.0120237418989853,104.454,0.5222700000000008,17.113,0.2699247745525188,0.0,0.0
dcf_self_excl,homo,50,200,456,1000,14.458,17.729,0.8368860523082844,86.748,0.4337399999999997,37.722,0.18812215608269112,0.0,0.0
ema_ad_low,homo,50,200,456,1000,18.515,17.729,1.072750609151509,111.09,0.5554500000000023,23.598,0.19848885977293163,0.007498617508688014,14.67669329091023
consec_L2,homo,50,200,456,1000,18.769,17.729,1.087695552817307,112.614,0.5630700000000024,35.995,0.12765687741935827,0.012646206765164317,12.979189593312018
and,homo,50,200,456,1000,0.111,17.729,0.006261515377915626,0.666,0.003329999999999994,0.02,0.9960515915457118,0.0,0.0
pnd,homo,50,200,456,1000,16.304,17.729,0.9436510124450275,97.824,0.48912000000000005,15.424,0.3048589824197735,0.0,0.0
oracle,homo,50,200,456,1000,17.403,17.729,1.0090768997915907,104.418,0.5220900000000012,17.234,0.26935978796236215,0.0,0.0
dcf_self_excl,homo,50,200,789,1000,14.516,17.556,0.8479680107593389,87.096,0.43547999999999926,37.78,0.1869299756573897,0.0,0.0
ema_ad_low,homo,50,200,789,1000,18.526,17.556,1.0823389295799017,111.156,0.555780000000002,23.768,0.19732384209468,0.007583743982618867,14.748223563287874
consec_L2,homo,50,200,789,1000,18.892,17.556,1.1040882447993887,113.352,0.5667600000000029,35.746,0.12654109247063391,0.01268290050779611,12.89976046718193
and,homo,50,200,789,1000,0.108,17.556,0.006355434814807538,0.648,0.0032399999999999946,0.015,0.9962887700534783,0.0,0.0
pnd,homo,50,200,789,1000,16.341,17.556,0.9530695626833212,98.046,0.4902299999999998,15.383,0.30458549038553695,0.0,0.0
oracle,homo,50,200,789,1000,17.519,17.556,1.0244581650470295,105.114,0.5255700000000015,16.987,0.2682157868186073,0.0,0.0
dcf_self_excl,homo,50,200,1234,1000,14.411,17.708,0.8325131145070901,86.466,0.43232999999999955,37.791,0.18854497492140693,0.0,0.0
ema_ad_low,homo,50,200,1234,1000,18.457,17.708,1.0677105597361765,110.742,0.5537100000000011,23.653,0.19944881055386884,0.007454532406110389,14.895930519659817
consec_L2,homo,50,200,1234,1000,18.704,17.708,1.0807170146463378,112.224,0.5611200000000028,36.021,0.1283190173613156,0.012614637189341516,13.082772540707774
and,homo,50,200,1234,1000,0.128,17.708,0.007367220819480539,0.768,0.0038399999999999914,0.015,0.9956827094474179,0.0,0.0
pnd,homo,50,200,1234,1000,16.284,17.708,0.9421403179255953,97.704,0.48852000000000056,15.402,0.3056147305737877,0.0,0.0
oracle,homo,50,200,1234,1000,17.722,17.708,1.0266744432769197,106.332,0.531660000000001,16.949,0.26482535461903334,0.0,0.0
dcf_self_excl,uniform,10,20,42,1000,1.39,1.555,0.8282333333333338,8.921,0.4460500000000005,3.078,0.15957344877344853,0.0,0.0
ema_ad_low,uniform,10,20,42,1000,1.481,1.555,0.8712333333333333,9.562,0.4780999999999995,2.319,0.20337031024531016,0.11000238072139709,0.6624436507936509
consec_L2,uniform,10,20,42,1000,1.481,1.555,0.8714833333333336,9.625,0.48124999999999934,2.606,0.16612074314574313,0.12064621834470612,0.6513544372294375
and,uniform,10,20,42,1000,0.178,1.555,0.10783333333333331,0.885,0.044249999999999984,0.083,0.9070928571428565,0.0,0.0
pnd,uniform,10,20,42,1000,1.464,1.555,0.8704166666666671,9.352,0.46759999999999946,2.063,0.21262976190476177,0.0,0.0
oracle,uniform,10,20,42,1000,1.648,1.555,0.9816333333333335,10.359,0.5179499999999991,1.246,0.27727738095238086,0.0,0.0
dcf_self_excl,uniform,10,20,123,1000,1.366,1.523,0.8290000000000003,8.865,0.44325,3.052,0.16181904761904747,0.0,0.0
ema_ad_low,uniform,10,20,123,1000,1.516,1.523,0.8919166666666671,9.913,0.4956499999999997,2.393,0.19592348484848465,0.11047757130320063,0.7002477272727273
consec_L2,uniform,10,20,123,1000,1.401,1.523,0.8180833333333336,9.033,0.4516499999999998,2.713,0.17635678210678188,0.1232017210062789,0.7066436147186145
and,uniform,10,20,123,1000,0.179,1.523,0.10924999999999999,0.864,0.04319999999999999,0.062,0.9128666666666657,0.0,0.0
pnd,uniform,10,20,123,1000,1.456,1.523,0.8734166666666672,9.52,0.4759999999999994,1.905,0.2243249999999998,0.0,0.0
oracle,uniform,10,20,123,1000,1.594,1.523,0.9459999999999997,10.002,0.5000999999999989,1.149,0.29413134920634887,0.0,0.0
dcf_self_excl,uniform,10,20,456,1000,1.337,1.616,0.7280333333333339,8.831,0.4415499999999999,3.102,0.16591078643578638,0.0,0.0
ema_ad_low,uniform,10,20,456,1000,1.491,1.616,0.8175333333333334,9.694,0.48469999999999935,2.317,0.1970480158730155,0.10809565415383487,0.6735095238095238
consec_L2,uniform,10,20,456,1000,1.472,1.616,0.7991000000000008,9.596,0.4797999999999991,2.601,0.16798268398268382,0.12358033566638793,0.6640891774891776
and,uniform,10,20,456,1000,0.17,1.616,0.1068333333333333,0.847,0.042349999999999964,0.056,0.9161666666666652,0.0,0.0
pnd,uniform,10,20,456,1000,1.437,1.616,0.7742833333333335,9.157,0.45784999999999965,1.921,0.23233412698412675,0.0,0.0
oracle,uniform,10,20,456,1000,1.611,1.616,0.8824000000000001,9.893,0.4946499999999994,1.198,0.290774603174603,0.0,0.0
dcf_self_excl,uniform,10,20,789,1000,1.349,1.547,0.8177666666666665,8.755,0.43775,3.071,0.16175992063492034,0.0,0.0
ema_ad_low,uniform,10,20,789,1000,1.494,1.547,0.8922333333333335,9.527,0.4763499999999992,2.414,0.1946190476190472,0.1115302512659771,0.6556320707070705
consec_L2,uniform,10,20,789,1000,1.422,1.547,0.8497833333333337,9.236,0.46179999999999977,2.614,0.1798437590187587,0.1188919172388811,0.6541564574314579
and,uniform,10,20,789,1000,0.17,1.547,0.10058333333333332,0.888,0.04439999999999996,0.067,0.9126666666666657,0.0,0.0
pnd,uniform,10,20,789,1000,1.458,1.547,0.8649000000000001,9.208,0.4603999999999997,1.876,0.2450107142857141,0.0,0.0
oracle,uniform,10,20,789,1000,1.56,1.547,0.9180333333333334,9.983,0.49914999999999987,1.209,0.2977190476190475,0.0,0.0
dcf_self_excl,uniform,10,20,1234,1000,1.34,1.584,0.8030333333333335,8.736,0.436799999999999,3.104,0.16554686147186123,0.0,0.0
ema_ad_low,uniform,10,20,1234,1000,1.491,1.584,0.8923666666666665,9.694,0.48469999999999963,2.348,0.19656313131313083,0.11243772164040829,0.5891393578643582
consec_L2,uniform,10,20,1234,1000,1.436,1.584,0.8491500000000003,9.451,0.47254999999999986,2.601,0.17293849206349185,0.12324651084657708,0.6672380952380953
and,uniform,10,20,1234,1000,0.197,1.584,0.12133333333333327,0.949,0.04744999999999996,0.08,0.9020333333333321,0.0,0.0
pnd,uniform,10,20,1234,1000,1.441,1.584,0.8645999999999996,9.43,0.47150000000000025,1.971,0.229308333333333,0.0,0.0
oracle,uniform,10,20,1234,1000,1.573,1.584,0.9509166666666669,9.968,0.49839999999999945,1.233,0.28690674603174593,0.0,0.0
dcf_self_excl,uniform,10,50,42,1000,3.036,3.619,0.980291666666666,21.647,0.43293999999999994,6.981,0.17871464849649898,0.0,0.0
ema_ad_low,uniform,10,50,42,1000,3.747,3.619,1.2113952380952382,26.776,0.5355200000000004,5.388,0.17517631698796582,0.09347890596255927,1.311556975914523
consec_L2,uniform,10,50,42,1000,3.753,3.619,1.2083166666666658,27.024,0.5404800000000004,6.567,0.13279633887765424,0.10212816130636264,1.665845523733757
and,uniform,10,50,42,1000,0.465,3.619,0.14752619047619056,2.197,0.04393999999999997,0.461,0.8503076839826804,0.0,0.0
pnd,uniform,10,50,42,1000,3.444,3.619,1.1242916666666658,24.528,0.49056000000000083,3.851,0.23638600843600913,0.0,0.0
oracle,uniform,10,50,42,1000,3.731,3.619,1.2177547619047617,26.18,0.5236000000000003,3.014,0.26259396657264356,0.0,0.0
dcf_self_excl,uniform,10,50,123,1000,3.057,3.569,1.0413559523809515,21.66,0.433199999999999,6.94,0.17965535828550583,0.0,0.0
ema_ad_low,uniform,10,50,123,1000,3.76,3.569,1.2709749999999993,26.772,0.53544,5.46,0.17216219623170156,0.0937085652474216,1.35025088022143
consec_L2,uniform,10,50,123,1000,3.633,3.569,1.2353845238095236,26.188,0.5237600000000004,6.845,0.13564249462268105,0.10339930524692417,1.71378953253489
and,uniform,10,50,123,1000,0.471,3.569,0.15321428571428566,2.297,0.04593999999999999,0.474,0.8474746031745986,0.0,0.0
pnd,uniform,10,50,123,1000,3.414,3.569,1.1511202380952383,24.282,0.48564,3.822,0.24053168881771886,0.0,0.0
oracle,uniform,10,50,123,1000,3.653,3.569,1.2302321428571426,25.364,0.5072799999999995,2.907,0.27578374427859775,0.0,0.0
dcf_self_excl,uniform,10,50,456,1000,3.049,3.67,0.9820190476190471,21.724,0.43447999999999976,6.916,0.18037098815786914,0.0,0.0
ema_ad_low,uniform,10,50,456,1000,3.774,3.67,1.1983797619047623,26.629,0.5325799999999997,5.421,0.17517854376016206,0.09201882836694904,1.3269473901184798
consec_L2,uniform,10,50,456,1000,3.774,3.67,1.2133869047619048,26.913,0.5382600000000002,6.698,0.13222272125710915,0.10621326809891202,1.6445174145934156
and,uniform,10,50,456,1000,0.476,3.67,0.14567976190476192,2.36,0.04719999999999998,0.501,0.8424837301587267,0.0,0.0
pnd,uniform,10,50,456,1000,3.396,3.67,1.073553571428571,23.841,0.47682000000000013,3.785,0.24826582029082095,0.0,0.0
oracle,uniform,10,50,456,1000,3.668,3.67,1.1676,25.148,0.5029600000000002,3.036,0.2745750408904823,0.0,0.0
dcf_self_excl,uniform,10,50,789,1000,3.061,3.62,1.0299376984126993,21.766,0.43532000000000026,7.05,0.17665044314131056,0.0,0.0
ema_ad_low,uniform,10,50,789,1000,3.764,3.62,1.2642650793650778,26.682,0.5336400000000007,5.371,0.17247663653426068,0.0936636650662487,1.2894566804712302
consec_L2,uniform,10,50,789,1000,3.674,3.62,1.2358015873015866,26.173,0.523460000000001,6.817,0.13674114409842011,0.1038815705669099,1.669157838979048
and,uniform,10,50,789,1000,0.45,3.62,0.15769523809523817,2.263,0.04525999999999989,0.484,0.8490753968253937,0.0,0.0
pnd,uniform,10,50,789,1000,3.407,3.62,1.1265571428571417,23.799,0.4759799999999997,3.859,0.24725720945721055,0.0,0.0
oracle,uniform,10,50,789,1000,3.644,3.62,1.214302777777778,25.308,0.5061600000000002,2.96,0.2724761409342298,0.0,0.0
dcf_self_excl,uniform,10,50,1234,1000,3.031,3.627,1.002801190476189,21.611,0.43221999999999994,6.936,0.18020118571658864,0.0,0.0
ema_ad_low,uniform,10,50,1234,1000,3.796,3.627,1.2543119047619038,27.319,0.5463799999999998,5.265,0.1711259919346225,0.09176595987876791,1.222679889331515
consec_L2,uniform,10,50,1234,1000,3.666,3.627,1.209353571428571,26.288,0.5257600000000003,6.797,0.13584589091249363,0.10157582206807382,1.7347877543423216
and,uniform,10,50,1234,1000,0.459,3.627,0.15260476190476194,2.259,0.04517999999999996,0.434,0.8514543650793602,0.0,0.0
pnd,uniform,10,50,1234,1000,3.448,3.627,1.1134202380952383,24.496,0.4899199999999999,3.874,0.23866295232545298,0.0,0.0
oracle,uniform,10,50,1234,1000,3.547,3.627,1.1715476190476177,24.787,0.49574000000000024,2.932,0.2859724704217351,0.0,0.0
dcf_self_excl,uniform,10,100,42,1000,6.291,6.956,1.0152051587301587,46.214,0.46214000000000005,17.477,0.1353664424720734,0.0,0.0
ema_ad_low,uniform,10,100,42,1000,7.661,6.956,1.2395543650793652,56.494,0.5649399999999993,13.572,0.12199137065460422,0.13565607488433148,1.9387686240306836
consec_L2,uniform,10,100,42,1000,7.66,6.956,1.2400682539682535,56.455,0.5645500000000009,14.91,0.10183694585591997,0.13486747450913125,1.845986087947723
and,uniform,10,100,42,1000,1.786,6.956,0.29181785714285696,11.892,0.11892000000000007,0.881,0.7758693522980296,0.0,0.0
pnd,uniform,10,100,42,1000,6.952,6.956,1.1207932539682546,50.967,0.5096700000000001,7.357,0.22604359606023003,0.0,0.0
oracle,uniform,10,100,42,1000,7.142,6.956,1.1546765873015878,51.915,0.5191499999999999,5.572,0.25714404821578835,0.0,0.0
dcf_self_excl,uniform,10,100,123,1000,6.287,6.99,0.9948765873015872,45.881,0.45881,17.58,0.13444513102566857,0.0,0.0
ema_ad_low,uniform,10,100,123,1000,7.693,6.99,1.2208380952380964,56.37,0.5637000000000004,13.734,0.12012551461752284,0.1372851145232964,1.9525526089033234
consec_L2,uniform,10,100,123,1000,7.634,6.99,1.2090194444444449,56.314,0.5631399999999993,15.11,0.10189276269040977,0.13249503379657435,1.867891570288825
and,uniform,10,100,123,1000,1.738,6.99,0.268271428571428,11.671,0.11670999999999991,0.975,0.7717297049656573,0.0,0.0
pnd,uniform,10,100,123,1000,6.834,6.99,1.076836904761904,50.004,0.5000400000000003,7.427,0.23029320875656523,0.0,0.0
oracle,uniform,10,100,123,1000,7.076,6.99,1.1196293650793663,51.286,0.5128600000000001,5.537,0.2617600061023316,0.0,0.0
dcf_self_excl,uniform,10,100,456,1000,6.389,7.126,0.9717333333333334,46.182,0.46181999999999956,17.589,0.13348025934783547,0.0,0.0
ema_ad_low,uniform,10,100,456,1000,7.709,7.126,1.1732750000000012,56.341,0.5634099999999996,13.687,0.11979858766273549,0.13705886761296043,1.961665133182123
consec_L2,uniform,10,100,456,1000,7.724,7.126,1.175010714285715,56.556,0.56556,15.042,0.1011341695742333,0.13486969448284686,1.8411078901352318
and,uniform,10,100,456,1000,1.765,7.126,0.2712345238095234,11.753,0.11753000000000002,0.947,0.7724957071394386,0.0,0.0
pnd,uniform,10,100,456,1000,6.859,7.126,1.04255238095238,49.605,0.49604999999999966,7.509,0.231803706737807,0.0,0.0
oracle,uniform,10,100,456,1000,7.137,7.126,1.08544484126984,51.442,0.5144199999999999,5.448,0.26214366569234193,0.0,0.0
dcf_self_excl,uniform,10,100,789,1000,6.285,7.039,0.989155555555556,45.911,0.45910999999999985,17.53,0.13566623857284396,0.0,0.0
ema_ad_low,uniform,10,100,789,1000,7.739,7.039,1.2259845238095253,56.705,0.5670499999999999,13.542,0.12013519673048113,0.13733448598923406,1.9003489638846245
consec_L2,uniform,10,100,789,1000,7.684,7.039,1.212866666666667,56.29,0.5629000000000007,15.173,0.10110653468951263,0.13089112900981437,1.8822070144051786
and,uniform,10,100,789,1000,1.709,7.039,0.26464999999999955,11.217,0.11217000000000009,0.962,0.7769676379906649,0.0,0.0
pnd,uniform,10,100,789,1000,6.93,7.039,1.090894841269841,50.252,0.5025199999999999,7.45,0.22763479009018434,0.0,0.0
oracle,uniform,10,100,789,1000,7.066,7.039,1.1236448412698412,51.055,0.5105500000000001,5.527,0.2642001876189757,0.0,0.0
dcf_self_excl,uniform,10,100,1234,1000,6.258,7.023,0.9849043650793643,46.036,0.4603599999999996,17.607,0.13387943556915374,0.0,0.0
ema_ad_low,uniform,10,100,1234,1000,7.702,7.023,1.212046825396825,56.943,0.5694299999999995,13.797,0.11632548410637654,0.13821032969768499,1.8907135916944096
consec_L2,uniform,10,100,1234,1000,7.601,7.023,1.1919551587301591,56.095,0.5609500000000002,15.177,0.1027919317179852,0.13113237038783207,1.9035328007580214
and,uniform,10,100,1234,1000,1.677,7.023,0.2627337301587296,11.291,0.11291000000000002,0.893,0.7823129471706487,0.0,0.0
pnd,uniform,10,100,1234,1000,6.973,7.023,1.0812940476190482,51.094,0.51094,7.517,0.22341262225024708,0.0,0.0
oracle,uniform,10,100,1234,1000,6.996,7.023,1.0950825396825392,50.83,0.5083000000000003,5.457,0.2662492147416758,0.0,0.0
dcf_self_excl,uniform,10,200,42,1000,9.841,9.906,0.9961960317460302,73.936,0.3696800000000007,40.687,0.07304200587763678,0.0,0.0
ema_ad_low,uniform,10,200,42,1000,9.981,9.906,1.0104611111111108,75.051,0.3752550000000004,19.533,0.0922304808782338,0.19334514127015565,1.8327372713840704
consec_L2,uniform,10,200,42,1000,9.99,9.906,1.0113499999999995,75.124,0.37562000000000056,20.139,0.08394935735845405,0.17521581084302348,1.6315531081903707
and,uniform,10,200,42,1000,6.045,9.906,0.6115571428571421,43.78,0.21890000000000023,6.566,0.5692795170504368,0.0,0.0
pnd,uniform,10,200,42,1000,9.861,9.906,0.9975948412698407,74.013,0.3700650000000005,10.462,0.19281295350293912,0.0,0.0
oracle,uniform,10,200,42,1000,9.913,9.906,1.003491666666666,74.417,0.37208500000000044,7.064,0.23438630459594112,0.0,0.0
dcf_self_excl,uniform,10,200,123,1000,9.853,9.894,0.9998861111111094,73.96,0.3697999999999996,40.107,0.0735769053873003,0.0,0.0
ema_ad_low,uniform,10,200,123,1000,9.969,9.894,1.0116817460317455,74.954,0.37476999999999977,19.695,0.09018261561592966,0.19700896133618126,1.8284026216063638
consec_L2,uniform,10,200,123,1000,9.994,9.894,1.0141484126984124,75.157,0.37578499999999987,20.315,0.08327035867120484,0.17419291211143054,1.6470162995140714
and,uniform,10,200,123,1000,5.912,9.894,0.5989789682539683,42.749,0.2137449999999999,6.38,0.5787629411327015,0.0,0.0
pnd,uniform,10,200,123,1000,9.845,9.894,0.9990448412698409,73.917,0.3695849999999999,10.681,0.19659522381558842,0.0,0.0
oracle,uniform,10,200,123,1000,9.917,9.894,1.0061539682539677,74.479,0.3723949999999997,7.159,0.23863309875593078,0.0,0.0
dcf_self_excl,uniform,10,200,456,1000,9.846,9.91,0.9968932539682525,73.351,0.36675500000000005,40.761,0.0730366951418936,0.0,0.0
ema_ad_low,uniform,10,200,456,1000,9.98,9.91,1.0104912698412696,74.427,0.3721349999999998,19.471,0.08940663508152183,0.19564680502236015,1.8246653140913762
consec_L2,uniform,10,200,456,1000,9.991,9.91,1.0117626984126982,74.529,0.3726449999999999,20.174,0.08360888470905357,0.17676209006359553,1.626537072957219
and,uniform,10,200,456,1000,6.035,9.91,0.6103623015873013,43.42,0.2170999999999999,6.406,0.5764571104603528,0.0,0.0
pnd,uniform,10,200,456,1000,9.846,9.91,0.9968793650793647,73.258,0.3662899999999997,10.693,0.1960333726851185,0.0,0.0
oracle,uniform,10,200,456,1000,9.94,9.91,1.0061547619047615,74.091,0.3704549999999998,6.953,0.23738847948805875,0.0,0.0
dcf_self_excl,uniform,10,200,789,1000,9.869,9.899,1.0002019841269827,73.676,0.3683800000000005,40.184,0.07316190882292672,0.0,0.0
ema_ad_low,uniform,10,200,789,1000,9.99,9.899,1.0124420634920632,74.656,0.37328000000000044,19.449,0.08935924662419528,0.19735031311174925,1.7946359360348554
consec_L2,uniform,10,200,789,1000,9.988,9.899,1.0122960317460314,74.65,0.3732500000000006,20.243,0.083140765583089,0.1740875721230991,1.656216762492937
and,uniform,10,200,789,1000,5.92,9.899,0.5979535714285709,42.451,0.21225500000000022,6.522,0.5785367569421257,0.0,0.0
pnd,uniform,10,200,789,1000,9.829,9.899,0.9960654761904758,73.273,0.36636500000000044,10.565,0.19638260530795337,0.0,0.0
oracle,uniform,10,200,789,1000,9.938,9.899,1.0072738095238087,74.16,0.3708000000000006,7.037,0.2404825227850074,0.0,0.0
dcf_self_excl,uniform,10,200,1234,1000,9.86,9.916,0.9986063492063476,74.265,0.37132499999999985,40.287,0.07345395377901119,0.0,0.0
ema_ad_low,uniform,10,200,1234,1000,9.985,9.916,1.011178571428571,75.253,0.376265,19.569,0.0884723258916779,0.19619079477105192,1.7873538147754628
consec_L2,uniform,10,200,1234,1000,9.985,9.916,1.01116746031746,75.266,0.37633000000000005,20.497,0.08420395820495334,0.17305205589632597,1.6726850086703373
and,uniform,10,200,1234,1000,5.86,9.916,0.5938734126984114,42.76,0.21380000000000016,6.187,0.5867502965645899,0.0,0.0
pnd,uniform,10,200,1234,1000,9.851,9.916,0.9973869047619046,74.139,0.37069499999999994,10.531,0.19234063130821535,0.0,0.0
oracle,uniform,10,200,1234,1000,9.921,9.916,1.0046424603174595,74.673,0.37336499999999984,7.111,0.24216229093008632,0.0,0.0
dcf_self_excl,uniform,20,20,42,1000,1.351,1.549,0.7889499999999997,8.782,0.4390999999999997,3.426,0.1545516594516594,0.0,0.0
ema_ad_low,uniform,20,20,42,1000,1.48,1.549,0.8842,9.561,0.47804999999999936,2.417,0.20452503607503583,0.05998855754611716,2.655661291486292
consec_L2,uniform,20,20,42,1000,1.438,1.549,0.8469500000000008,9.348,0.4673999999999996,2.726,0.17660793650793616,0.06503870238368487,1.0945460317460316
and,uniform,20,20,42,1000,0.025,1.549,0.013583333333333336,0.093,0.0046500000000000005,0.005,0.9891666666666662,0.0,0.0
pnd,uniform,20,20,42,1000,1.424,1.549,0.8177000000000003,9.186,0.4592999999999994,2.204,0.21794603174603144,0.0,0.0
oracle,uniform,20,20,42,1000,1.549,1.549,0.9004000000000001,9.558,0.4778999999999995,1.361,0.3083234487734485,0.0,0.0
dcf_self_excl,uniform,20,20,123,1000,1.299,1.505,0.7430833333333337,8.331,0.4165499999999995,3.559,0.1574180014430013,0.0,0.0
ema_ad_low,uniform,20,20,123,1000,1.456,1.505,0.83475,9.448,0.47240000000000026,2.512,0.20092503607503584,0.05896135881681241,2.8207814768564714
consec_L2,uniform,20,20,123,1000,1.407,1.505,0.8125,9.204,0.46019999999999955,2.754,0.17507705627705603,0.06736609894754052,0.8904457070707072
and,uniform,20,20,123,1000,0.019,1.505,0.008,0.061,0.0030499999999999993,0.01,0.9906666666666664,0.0,0.0
pnd,uniform,20,20,123,1000,1.439,1.505,0.8333333333333333,9.329,0.46644999999999964,2.067,0.22407063492063464,0.0,0.0
oracle,uniform,20,20,123,1000,1.548,1.505,0.9037500000000003,9.751,0.4875499999999994,1.329,0.3034488095238096,0.0,0.0
dcf_self_excl,uniform,20,20,456,1000,1.332,1.541,0.7706666666666667,8.536,0.42679999999999957,3.509,0.15798535353535334,0.0,0.0
ema_ad_low,uniform,20,20,456,1000,1.478,1.541,0.8646666666666668,9.473,0.4736499999999999,2.41,0.2048599567099563,0.05955783616775586,2.7849470779220775
consec_L2,uniform,20,20,456,1000,1.414,1.541,0.8055000000000001,9.054,0.45270000000000027,2.755,0.17844484126984111,0.06428618242878938,1.0985527777777773
and,uniform,20,20,456,1000,0.018,1.541,0.008750000000000003,0.081,0.00405,0.01,0.9896666666666663,0.0,0.0
pnd,uniform,20,20,456,1000,1.425,1.541,0.8497500000000001,9.231,0.46154999999999974,2.14,0.2266591269841265,0.0,0.0
oracle,uniform,20,20,456,1000,1.595,1.541,0.9115000000000001,9.91,0.4954999999999991,1.291,0.2979892857142852,0.0,0.0
dcf_self_excl,uniform,20,20,789,1000,1.381,1.503,0.7628833333333334,9.021,0.45105000000000034,3.434,0.14801948051948044,0.0,0.0
ema_ad_low,uniform,20,20,789,1000,1.448,1.503,0.8351000000000004,9.354,0.46769999999999906,2.465,0.20070753968253946,0.06121737663167051,2.723596067821067
consec_L2,uniform,20,20,789,1000,1.43,1.503,0.79475,9.295,0.4647499999999993,2.727,0.1719682900432898,0.06598231678714837,0.9043490981240973
and,uniform,20,20,789,1000,0.007,1.503,0.00425,0.025,0.0012499999999999998,0.005,0.9958333333333331,0.0,0.0
pnd,uniform,20,20,789,1000,1.413,1.503,0.788566666666667,8.952,0.4475999999999996,2.091,0.23503452380952344,0.0,0.0
oracle,uniform,20,20,789,1000,1.522,1.503,0.8506500000000001,9.668,0.4833999999999998,1.302,0.3102246031746027,0.0,0.0
dcf_self_excl,uniform,20,20,1234,1000,1.327,1.517,0.7675333333333337,8.648,0.4323999999999995,3.452,0.15826717171717164,0.0,0.0
ema_ad_low,uniform,20,20,1234,1000,1.457,1.517,0.849616666666667,9.498,0.47490000000000027,2.427,0.2000476190476188,0.06434175694944734,2.685861435786437
consec_L2,uniform,20,20,1234,1000,1.431,1.517,0.8244000000000006,9.252,0.4626000000000001,2.812,0.1708810245310244,0.06671679277579781,1.0415370490620497
and,uniform,20,20,1234,1000,0.026,1.517,0.015366666666666666,0.105,0.00525,0.006,0.9884999999999997,0.0,0.0
pnd,uniform,20,20,1234,1000,1.427,1.517,0.8145666666666669,9.05,0.4524999999999999,2.132,0.230173809523809,0.0,0.0
oracle,uniform,20,20,1234,1000,1.497,1.517,0.8560833333333338,9.57,0.47849999999999937,1.352,0.3090039682539678,0.0,0.0
dcf_self_excl,uniform,20,50,42,1000,3.059,3.556,1.015038095238095,21.803,0.4360600000000007,7.758,0.1654312687010125,0.0,0.0
ema_ad_low,uniform,20,50,42,1000,3.583,3.556,1.194507142857143,25.488,0.5097600000000005,5.063,0.19695402748266583,0.0452686154217811,2.5538678574693283
consec_L2,uniform,20,50,42,1000,3.647,3.556,1.2219666666666669,25.845,0.5168999999999996,6.803,0.1438002481393741,0.051776768686325955,3.251171202004912
and,uniform,20,50,42,1000,0.211,3.556,0.07043809523809527,0.788,0.015760000000000014,0.223,0.9196999999999954,0.0,0.0
pnd,uniform,20,50,42,1000,3.297,3.556,1.1014916666666656,23.33,0.4665999999999993,3.917,0.2502332417582428,0.0,0.0
oracle,uniform,20,50,42,1000,3.605,3.556,1.2232321428571409,24.763,0.4952600000000012,3.261,0.27548817334626213,0.0,0.0
dcf_self_excl,uniform,20,50,123,1000,2.987,3.481,1.0539365079365075,21.306,0.42612000000000044,7.798,0.16809188008843634,0.0,0.0
ema_ad_low,uniform,20,50,123,1000,3.579,3.481,1.2495666666666656,25.651,0.5130199999999999,5.117,0.19462778673425007,0.04508954192819557,2.68800956326525
consec_L2,uniform,20,50,123,1000,3.608,3.481,1.275068253968253,26.105,0.5221000000000003,6.714,0.14202928691106,0.05219897584105387,3.230419765863652
and,uniform,20,50,123,1000,0.215,3.481,0.07826309523809531,0.79,0.015800000000000012,0.231,0.9176333333333287,0.0,0.0
pnd,uniform,20,50,123,1000,3.224,3.481,1.1302960317460307,22.95,0.4589999999999998,3.829,0.25822584360084466,0.0,0.0
oracle,uniform,20,50,123,1000,3.578,3.481,1.2475599206349206,24.645,0.4929000000000008,3.253,0.27611499815544005,0.0,0.0
dcf_self_excl,uniform,20,50,456,1000,3.041,3.59,1.0277047619047608,21.692,0.43383999999999934,7.747,0.16895181765688763,0.0,0.0
ema_ad_low,uniform,20,50,456,1000,3.58,3.59,1.188332142857143,25.224,0.50448,5.057,0.19811004124014997,0.04551477056330501,2.557510635971357
consec_L2,uniform,20,50,456,1000,3.557,3.59,1.19778492063492,25.553,0.5110600000000001,6.829,0.1471219858613895,0.05142480678159775,3.354840112819198
and,uniform,20,50,456,1000,0.219,3.59,0.07408015873015882,0.788,0.015760000000000014,0.263,0.9121809523809479,0.0,0.0
pnd,uniform,20,50,456,1000,3.264,3.59,1.0982765873015872,22.854,0.45707999999999954,3.936,0.2561111790986798,0.0,0.0
oracle,uniform,20,50,456,1000,3.594,3.59,1.199576587301586,25.131,0.5026199999999995,3.14,0.27947308418705535,0.0,0.0
dcf_self_excl,uniform,20,50,789,1000,3.017,3.475,1.0804809523809513,21.579,0.43158000000000024,7.732,0.16842284309258035,0.0,0.0
ema_ad_low,uniform,20,50,789,1000,3.574,3.475,1.269083333333333,25.338,0.5067600000000005,5.01,0.1983715532833184,0.0460565854105235,2.4380968446586126
consec_L2,uniform,20,50,789,1000,3.676,3.475,1.3198226190476183,26.278,0.5255599999999995,6.674,0.1411170402095329,0.05175895729814687,3.18617475095854
and,uniform,20,50,789,1000,0.239,3.475,0.08182738095238104,0.872,0.01744,0.2,0.9185523809523757,0.0,0.0
pnd,uniform,20,50,789,1000,3.238,3.475,1.1328273809523801,23.016,0.4603200000000005,3.917,0.2560198967698976,0.0,0.0
oracle,uniform,20,50,789,1000,3.601,3.475,1.2771630952380943,24.696,0.49392000000000075,3.163,0.28171802503052584,0.0,0.0
dcf_self_excl,uniform,20,50,1234,1000,2.982,3.48,1.0542857142857134,21.406,0.4281200000000001,7.715,0.17153450525652547,0.0,0.0
ema_ad_low,uniform,20,50,1234,1000,3.563,3.48,1.2675059523809522,25.519,0.5103800000000005,5.07,0.19810240027000936,0.045345373974986856,2.6228364139902047
consec_L2,uniform,20,50,1234,1000,3.565,3.48,1.2554833333333324,25.383,0.5076599999999999,6.851,0.14642538228885016,0.052638741430041054,3.1913373228594577
and,uniform,20,50,1234,1000,0.222,3.48,0.08155238095238103,0.817,0.01634000000000001,0.223,0.9180333333333285,0.0,0.0
pnd,uniform,20,50,1234,1000,3.308,3.48,1.1591630952380947,23.16,0.46320000000000044,3.799,0.25877118437118535,0.0,0.0
oracle,uniform,20,50,1234,1000,3.562,3.48,1.2473249999999985,25.12,0.5024000000000001,3.149,0.27926035582065023,0.0,0.0
dcf_self_excl,uniform,20,100,42,1000,5.741,6.874,0.9228995226995227,41.899,0.41899000000000025,14.688,0.18157891688430736,0.0,0.0
ema_ad_low,uniform,20,100,42,1000,7.414,6.874,1.1996240648240655,54.366,0.5436599999999998,10.645,0.168911327326803,0.04211033645860963,3.924329310020169
consec_L2,uniform,20,100,42,1000,7.426,6.874,1.198207856032858,54.69,0.5469000000000002,14.403,0.12570260629133623,0.04774390094501335,4.345131175562777
and,uniform,20,100,42,1000,0.37,6.874,0.06018511211011226,1.887,0.018869999999999977,0.177,0.9464217948717943,0.0,0.0
pnd,uniform,20,100,42,1000,6.487,6.874,1.038834196359196,47.285,0.47284999999999977,6.966,0.2644666630798704,0.0,0.0
oracle,uniform,20,100,42,1000,6.92,6.874,1.1208275585525591,49.589,0.4958899999999998,6.352,0.2721115002853736,0.0,0.0
dcf_self_excl,uniform,20,100,123,1000,5.783,6.853,0.9398603230103219,42.456,0.42455999999999927,14.582,0.17949243368044906,0.0,0.0
ema_ad_low,uniform,20,100,123,1000,7.368,6.853,1.1877047424797427,54.459,0.5445899999999995,10.873,0.16754076889122888,0.04333526876000026,4.081593917317185
consec_L2,uniform,20,100,123,1000,7.345,6.853,1.1903107004107023,54.405,0.54405,14.365,0.1265308960839445,0.04832583333847831,4.365013969526624
and,uniform,20,100,123,1000,0.351,6.853,0.056511399711399804,1.768,0.017679999999999963,0.206,0.9447282439782441,0.0,0.0
pnd,uniform,20,100,123,1000,6.467,6.853,1.0440616522366526,47.106,0.4710599999999998,6.854,0.26466542477982474,0.0,0.0
oracle,uniform,20,100,123,1000,6.929,6.853,1.1274660617160626,50.071,0.5007099999999999,6.271,0.26966126242868266,0.0,0.0
dcf_self_excl,uniform,20,100,456,1000,5.751,6.915,0.9215280192030195,41.898,0.41897999999999924,14.651,0.18286546779168156,0.0,0.0
ema_ad_low,uniform,20,100,456,1000,7.344,6.915,1.1718030802530808,53.217,0.5321699999999994,10.949,0.17246145121153098,0.04224482032080981,3.9968933003407323
consec_L2,uniform,20,100,456,1000,7.408,6.915,1.1899798479298487,54.233,0.5423299999999999,14.636,0.12585680901463275,0.048354510696301645,4.411487103612987
and,uniform,20,100,456,1000,0.324,6.915,0.052308524808524916,1.667,0.01666999999999997,0.227,0.946136324786324,0.0,0.0
pnd,uniform,20,100,456,1000,6.373,6.915,1.0278410672660683,46.198,0.46198000000000017,6.909,0.270559410548123,0.0,0.0
oracle,uniform,20,100,456,1000,6.998,6.915,1.1293702575202595,50.307,0.5030700000000001,6.157,0.27234215904605436,0.0,0.0
dcf_self_excl,uniform,20,100,789,1000,5.762,6.853,0.9478758574758562,42.206,0.4220600000000002,14.714,0.18001333056378985,0.0,0.0
ema_ad_low,uniform,20,100,789,1000,7.376,6.853,1.2092246780996792,54.123,0.5412300000000003,10.764,0.17080483888515935,0.04184193902407512,3.941879984071764
consec_L2,uniform,20,100,789,1000,7.557,6.853,1.249029503829507,55.386,0.5538599999999994,14.332,0.12251306742452878,0.048288495068050614,4.244988521828656
and,uniform,20,100,789,1000,0.354,6.853,0.05967503607503619,1.826,0.018259999999999988,0.213,0.9438601010101005,0.0,0.0
pnd,uniform,20,100,789,1000,6.392,6.853,1.0573581085581094,46.736,0.4673599999999995,6.928,0.26759257795979835,0.0,0.0
oracle,uniform,20,100,789,1000,6.976,6.853,1.1465969252969255,50.037,0.5003700000000003,6.301,0.2706144746581952,0.0,0.0
dcf_self_excl,uniform,20,100,1234,1000,5.688,6.798,0.9479247391497384,41.641,0.41641000000000017,14.59,0.1844023236120387,0.0,0.0
ema_ad_low,uniform,20,100,1234,1000,7.393,6.798,1.2245904928404936,54.141,0.5414100000000005,10.866,0.16833513854532975,0.04111836495458604,4.052419912563134
consec_L2,uniform,20,100,1234,1000,7.515,6.798,1.254942324342326,54.957,0.5495699999999991,14.549,0.12252037846595461,0.04883994344149243,4.3189576524960955
and,uniform,20,100,1234,1000,0.309,6.798,0.054852500277500424,1.526,0.015259999999999973,0.231,0.9470116161616154,0.0,0.0
pnd,uniform,20,100,1234,1000,6.46,6.798,1.078102303252303,46.896,0.46896000000000015,7.002,0.2639361956909479,0.0,0.0
oracle,uniform,20,100,1234,1000,6.922,6.798,1.1470926268176278,50.035,0.5003500000000004,6.259,0.2732195917267763,0.0,0.0
dcf_self_excl,uniform,20,200,42,1000,12.204,13.6,0.9370577053579364,90.585,0.452925,37.022,0.13354206401853777,0.0,0.0
ema_ad_low,uniform,20,200,42,1000,15.277,13.6,1.1736091773938147,112.793,0.5639650000000005,24.553,0.1413347237917738,0.059580801959262936,4.822756238356731
consec_L2,uniform,20,200,42,1000,15.243,13.6,1.1714543608309482,113.108,0.5655400000000005,30.899,0.1097558799591179,0.0629225159610035,3.9561680120448135
and,uniform,20,200,42,1000,0.524,13.6,0.04052688015888489,3.264,0.01632000000000001,0.261,0.96058181007309,0.0,0.0
pnd,uniform,20,200,42,1000,13.023,13.6,0.9975891621106784,96.174,0.4808700000000003,13.36,0.2639100724923688,0.0,0.0
oracle,uniform,20,200,42,1000,13.693,13.6,1.053157971010758,100.433,0.5021649999999999,12.448,0.26437485870293664,0.0,0.0
dcf_self_excl,uniform,20,200,123,1000,12.255,13.493,0.9550840471791707,91.4,0.4569999999999995,36.919,0.1319876019180629,0.0,0.0
ema_ad_low,uniform,20,200,123,1000,15.143,13.493,1.1771914191544626,112.9,0.5645000000000003,24.17,0.1442392640709448,0.05831889973233163,4.911549157144319
consec_L2,uniform,20,200,123,1000,15.234,13.493,1.1874043119290418,113.507,0.5675349999999996,30.572,0.10892832909814815,0.06254012239253656,3.96064566416274
and,uniform,20,200,123,1000,0.613,13.493,0.047480496094892514,3.642,0.018209999999999997,0.282,0.955062316315475,0.0,0.0
pnd,uniform,20,200,123,1000,12.983,13.493,1.0111553427566593,96.206,0.48102999999999985,13.365,0.26354277184887137,0.0,0.0
oracle,uniform,20,200,123,1000,13.654,13.493,1.065552599069317,100.708,0.5035400000000003,12.185,0.26698562089587824,0.0,0.0
dcf_self_excl,uniform,20,200,456,1000,12.318,13.743,0.9317890543065471,90.997,0.4549850000000001,37.14,0.13259465867143808,0.0,0.0
ema_ad_low,uniform,20,200,456,1000,15.188,13.743,1.1500118575911549,111.644,0.5582199999999998,24.353,0.14579319567068205,0.058343955834075395,4.868377677954538
consec_L2,uniform,20,200,456,1000,15.329,13.743,1.15954921143528,113.242,0.5662100000000007,30.871,0.10890392239734205,0.06370752578988494,3.958464028696515
and,uniform,20,200,456,1000,0.575,13.743,0.04321696319246641,3.514,0.01756999999999999,0.295,0.9562882129201051,0.0,0.0
pnd,uniform,20,200,456,1000,12.999,13.743,0.9835658145174401,95.391,0.4769549999999995,13.446,0.2655834303984694,0.0,0.0
oracle,uniform,20,200,456,1000,13.746,13.743,1.0416228533463432,100.519,0.5025950000000001,12.106,0.2677584364443835,0.0,0.0
dcf_self_excl,uniform,20,200,789,1000,12.246,13.597,0.9467915544852462,90.725,0.45362499999999956,37.339,0.1318971388614278,0.0,0.0
ema_ad_low,uniform,20,200,789,1000,15.189,13.597,1.173772841370017,112.426,0.5621300000000002,24.341,0.1447048371083794,0.05869435012216182,4.845583310260779
consec_L2,uniform,20,200,789,1000,15.367,13.597,1.1909873477485724,114.003,0.5700149999999999,30.744,0.10750719477135194,0.06364726322962996,3.8679244357529177
and,uniform,20,200,789,1000,0.583,13.597,0.04580227232347998,3.441,0.017204999999999995,0.312,0.954884065933323,0.0,0.0
pnd,uniform,20,200,789,1000,13.019,13.597,1.007090490890258,96.638,0.4831900000000003,13.383,0.26420350660669956,0.0,0.0
oracle,uniform,20,200,789,1000,13.735,13.597,1.0617031018774834,101.195,0.5059750000000003,12.209,0.26507690945682566,0.0,0.0
dcf_self_excl,uniform,20,200,1234,1000,12.054,13.549,0.9370209344491076,89.568,0.4478400000000004,36.973,0.1362558799788422,0.0,0.0
ema_ad_low,uniform,20,200,1234,1000,15.286,13.549,1.1849747837602718,113.562,0.5678100000000001,24.206,0.14208080381145305,0.059241698061029156,4.824782940513537
consec_L2,uniform,20,200,1234,1000,15.422,13.549,1.1947820208343418,114.408,0.5720399999999999,30.526,0.10713007867524828,0.06349119883948191,3.885110398178737
and,uniform,20,200,1234,1000,0.557,13.549,0.04337533122622147,3.356,0.01677999999999999,0.326,0.9559697985403899,0.0,0.0
pnd,uniform,20,200,1234,1000,13.047,13.549,1.0125705908513563,96.383,0.48191500000000015,13.284,0.26462435180246696,0.0,0.0
oracle,uniform,20,200,1234,1000,13.681,13.549,1.0618602546447353,100.864,0.5043200000000001,12.283,0.2665096182565262,0.0,0.0
dcf_self_excl,uniform,30,20,42,1000,1.335,1.512,0.7852166666666666,8.771,0.4385499999999999,3.646,0.14452183649683656,0.0,0.0
ema_ad_low,uniform,30,20,42,1000,1.447,1.512,0.8670833333333337,9.255,0.46274999999999966,2.457,0.20878333333333293,0.03900905729296903,3.9786014069264066
consec_L2,uniform,30,20,42,1000,1.374,1.512,0.8211,9.017,0.4508499999999995,2.875,0.1755238095238093,0.04559163384995268,1.326806349206349
and,uniform,30,20,42,1000,0.002,1.512,0.001,0.006,0.0003,0.001,0.999,0.0,0.0
pnd,uniform,30,20,42,1000,1.433,1.512,0.8599666666666667,9.187,0.4593499999999989,2.245,0.21817460317460283,0.0,0.0
oracle,uniform,30,20,42,1000,1.516,1.512,0.8832833333333339,9.567,0.47834999999999944,1.434,0.3005626984126982,0.0,0.0
dcf_self_excl,uniform,30,20,123,1000,1.34,1.484,0.7765000000000004,8.728,0.43639999999999984,3.523,0.15238499278499268,0.0,0.0
ema_ad_low,uniform,30,20,123,1000,1.434,1.484,0.8649166666666667,9.435,0.4717499999999991,2.444,0.19981158008657987,0.038265596460153144,4.161739646464647
consec_L2,uniform,30,20,123,1000,1.424,1.484,0.8534166666666667,9.125,0.45624999999999927,2.752,0.18473618326118282,0.046508240833683795,1.3223034992784988
and,uniform,30,20,123,1000,0.002,1.484,0.0005,0.006,0.0003,0.001,0.9989999999999999,0.0,0.0
pnd,uniform,30,20,123,1000,1.364,1.484,0.811416666666667,8.786,0.4392999999999999,2.145,0.23635396825396776,0.0,0.0
oracle,uniform,30,20,123,1000,1.59,1.484,0.9149166666666663,10.059,0.502949999999999,1.392,0.28520721500721424,0.0,0.0
dcf_self_excl,uniform,30,20,456,1000,1.318,1.504,0.7801666666666669,8.459,0.42294999999999977,3.513,0.16164848484848482,0.0,0.0
ema_ad_low,uniform,30,20,456,1000,1.469,1.504,0.8637499999999998,9.523,0.4761500000000002,2.336,0.20740158730158692,0.040255365676902605,3.8733730158730166
consec_L2,uniform,30,20,456,1000,1.419,1.504,0.8173333333333334,9.036,0.4517999999999995,2.769,0.17497023809523793,0.04302442934115039,1.2943615079365078
and,uniform,30,20,456,1000,0.002,1.504,0.0005,0.006,0.0003,0.001,0.999,0.0,0.0
pnd,uniform,30,20,456,1000,1.351,1.504,0.7918333333333334,8.854,0.4426999999999994,2.151,0.23875119047618973,0.0,0.0
oracle,uniform,30,20,456,1000,1.527,1.504,0.8818333333333335,9.754,0.4876999999999998,1.29,0.3121373376623377,0.0,0.0
dcf_self_excl,uniform,30,20,789,1000,1.329,1.484,0.7827999999999999,8.535,0.4267499999999998,3.616,0.15245156232656232,0.0,0.0
ema_ad_low,uniform,30,20,789,1000,1.444,1.484,0.8571500000000001,9.38,0.46899999999999953,2.313,0.20987539682539638,0.03963312956136876,4.036780952380951
consec_L2,uniform,30,20,789,1000,1.412,1.484,0.8184500000000005,9.185,0.4592499999999998,2.868,0.17087936507936477,0.04514721554800023,1.2673539682539685
and,uniform,30,20,789,1000,0.008,1.484,0.0055,0.024,0.0012,0.001,0.9969999999999999,0.0,0.0
pnd,uniform,30,20,789,1000,1.414,1.484,0.8264166666666672,8.869,0.4434499999999996,2.117,0.2351769841269835,0.0,0.0
oracle,uniform,30,20,789,1000,1.512,1.484,0.8951,9.402,0.4700999999999994,1.32,0.3151567460317456,0.0,0.0
dcf_self_excl,uniform,30,20,1234,1000,1.373,1.556,0.789616666666667,8.854,0.44269999999999976,3.582,0.14720692640692634,0.0,0.0
ema_ad_low,uniform,30,20,1234,1000,1.453,1.556,0.8047,9.421,0.4710499999999998,2.414,0.21001432178932164,0.04091686950285045,3.824002236652235
consec_L2,uniform,30,20,1234,1000,1.39,1.556,0.7737166666666665,9.145,0.4572499999999999,2.792,0.18099007936507902,0.044248411670314715,1.2111043650793658
and,uniform,30,20,1234,1000,0.004,1.556,0.002583333333333333,0.012,0.0006,0.0,0.9986666666666666,0.0,0.0
pnd,uniform,30,20,1234,1000,1.398,1.556,0.8046,9.006,0.4503000000000004,2.13,0.23663611111111077,0.0,0.0
oracle,uniform,30,20,1234,1000,1.513,1.556,0.8479500000000002,9.601,0.4800499999999995,1.441,0.299340512265512,0.0,0.0
dcf_self_excl,uniform,30,50,42,1000,3.068,3.512,1.0487880952380952,22.013,0.44026000000000015,7.9,0.16248748832436946,0.0,0.0
ema_ad_low,uniform,30,50,42,1000,3.526,3.512,1.2194011904761906,25.257,0.5051399999999995,4.92,0.20272685696656334,0.029240338202276478,4.689485153571916
consec_L2,uniform,30,50,42,1000,3.512,3.512,1.2128178571428563,25.379,0.5075800000000004,6.789,0.14850791778311206,0.03468058001233106,4.836828641078562
and,uniform,30,50,42,1000,0.156,3.512,0.053195238095238136,0.514,0.010279999999999996,0.159,0.9398761904761865,0.0,0.0
pnd,uniform,30,50,42,1000,3.224,3.512,1.109320238095238,22.949,0.45898000000000044,3.838,0.25574610944611015,0.0,0.0
oracle,uniform,30,50,42,1000,3.534,3.512,1.215719047619048,24.384,0.4876800000000002,3.24,0.2845865704127319,0.0,0.0
dcf_self_excl,uniform,30,50,123,1000,2.977,3.484,1.021692857142857,21.366,0.4273199999999993,8.013,0.16512826738105413,0.0,0.0
ema_ad_low,uniform,30,50,123,1000,3.565,3.484,1.233301190476189,25.605,0.5121000000000003,4.864,0.20178563713548273,0.028433397440346304,4.5731826375722715
consec_L2,uniform,30,50,123,1000,3.617,3.484,1.2572738095238087,25.727,0.5145399999999997,6.867,0.14257538285587873,0.03570018714043452,4.768182318708985
and,uniform,30,50,123,1000,0.142,3.484,0.04690357142857145,0.467,0.009339999999999992,0.138,0.9465095238095201,0.0,0.0
pnd,uniform,30,50,123,1000,3.219,3.484,1.1200261904761897,22.753,0.4550600000000001,3.867,0.26113457816693203,0.0,0.0
oracle,uniform,30,50,123,1000,3.571,3.484,1.2322154761904773,24.931,0.4986199999999998,3.247,0.27663645696408934,0.0,0.0
dcf_self_excl,uniform,30,50,456,1000,3.001,3.514,1.0318488095238092,21.306,0.42612000000000044,7.914,0.16877750453880513,0.0,0.0
ema_ad_low,uniform,30,50,456,1000,3.478,3.514,1.2135333333333318,24.596,0.49192,4.782,0.21336088251703633,0.029703214809174282,4.271153526903955
consec_L2,uniform,30,50,456,1000,3.64,3.514,1.2366916666666667,25.681,0.5136200000000003,6.747,0.1449544172803467,0.0341279198929155,4.747319935890569
and,uniform,30,50,456,1000,0.138,3.514,0.04265595238095241,0.45,0.008999999999999992,0.154,0.9441714285714249,0.0,0.0
pnd,uniform,30,50,456,1000,3.166,3.514,1.0737595238095232,22.417,0.44833999999999957,3.855,0.2655401523313298,0.0,0.0
oracle,uniform,30,50,456,1000,3.589,3.514,1.2286130952380938,24.803,0.49605999999999945,3.271,0.2805094647999068,0.0,0.0
dcf_self_excl,uniform,30,50,789,1000,3.136,3.429,1.078664285714286,22.195,0.44390000000000035,7.891,0.161256217234778,0.0,0.0
ema_ad_low,uniform,30,50,789,1000,3.493,3.429,1.1839071428571422,24.614,0.49228000000000016,4.788,0.2142644668240262,0.028269222771601914,4.53672036108027
consec_L2,uniform,30,50,789,1000,3.603,3.429,1.2366499999999985,25.89,0.5178000000000009,6.65,0.1471611930767895,0.03335614188232528,4.82502988606251
and,uniform,30,50,789,1000,0.149,3.429,0.04954404761904767,0.496,0.009919999999999995,0.159,0.9412047619047579,0.0,0.0
pnd,uniform,30,50,789,1000,3.284,3.429,1.1321833333333327,22.854,0.4570799999999994,3.888,0.25666369463869554,0.0,0.0
oracle,uniform,30,50,789,1000,3.488,3.429,1.1925904761904758,24.2,0.4839999999999994,3.209,0.2857332370244142,0.0,0.0
dcf_self_excl,uniform,30,50,1234,1000,3.121,3.543,1.0703206349206338,22.22,0.4444000000000001,7.926,0.16116689525215103,0.0,0.0
ema_ad_low,uniform,30,50,1234,1000,3.482,3.543,1.1961162698412684,25.192,0.5038400000000002,4.957,0.20502305865788892,0.029112976160501795,4.566566628018524
consec_L2,uniform,30,50,1234,1000,3.512,3.543,1.1999805555555556,25.276,0.5055200000000001,6.842,0.1482547501303312,0.03508738806394114,4.895958645181781
and,uniform,30,50,1234,1000,0.139,3.543,0.0468218253968254,0.475,0.009499999999999991,0.154,0.9444095238095193,0.0,0.0
pnd,uniform,30,50,1234,1000,3.238,3.543,1.104214285714285,22.856,0.45711999999999997,3.814,0.26049201076701134,0.0,0.0
oracle,uniform,30,50,1234,1000,3.482,3.543,1.1861742063492056,24.412,0.488239999999999,3.247,0.28795925814381745,0.0,0.0
dcf_self_excl,uniform,30,100,42,1000,5.85,6.792,0.9675372571872572,42.507,0.42507,15.186,0.1742545106461408,0.0,0.0
ema_ad_low,uniform,30,100,42,1000,7.342,6.792,1.1991456987456988,53.777,0.5377699999999997,10.098,0.1792812184912879,0.025490725946616468,6.000527502403731
consec_L2,uniform,30,100,42,1000,7.326,6.792,1.2017759879009877,53.705,0.5370500000000001,14.401,0.13011988763663265,0.030469694755233232,6.772138657789347
and,uniform,30,100,42,1000,0.162,6.792,0.026507178932178934,0.649,0.006490000000000002,0.082,0.974748484848485,0.0,0.0
pnd,uniform,30,100,42,1000,6.245,6.792,1.0269527361527369,45.798,0.4579800000000003,6.769,0.2754533551281443,0.0,0.0
oracle,uniform,30,100,42,1000,6.782,6.792,1.1074460844710847,48.972,0.4897199999999999,6.511,0.2738854590549391,0.0,0.0
dcf_self_excl,uniform,30,100,123,1000,5.76,6.796,0.950268475968475,42.292,0.4229200000000002,15.24,0.1742939224650575,0.0,0.0
ema_ad_low,uniform,30,100,123,1000,7.264,6.796,1.197121891996893,53.715,0.5371499999999999,10.007,0.18144327313322067,0.024623792383120607,6.1039005956862065
consec_L2,uniform,30,100,123,1000,7.305,6.796,1.2088449300699318,53.552,0.5355199999999999,14.236,0.1317391175497782,0.030645996058337267,6.70207066444195
and,uniform,30,100,123,1000,0.179,6.796,0.030353391053391025,0.715,0.007150000000000004,0.104,0.9706196969696977,0.0,0.0
pnd,uniform,30,100,123,1000,6.366,6.796,1.056393525918526,46.55,0.4654999999999995,6.713,0.27221237059201037,0.0,0.0
oracle,uniform,30,100,123,1000,6.775,6.796,1.1211609113109113,49.02,0.4902000000000007,6.298,0.2769153634637805,0.0,0.0
dcf_self_excl,uniform,30,100,456,1000,5.832,6.952,0.934609213009212,42.398,0.4239799999999999,15.225,0.1744061239368431,0.0,0.0
ema_ad_low,uniform,30,100,456,1000,7.258,6.952,1.157262576312577,52.98,0.5297999999999998,9.949,0.18532340262679248,0.025644037302403572,5.718275762019999
consec_L2,uniform,30,100,456,1000,7.403,6.952,1.1742913142413152,53.953,0.53953,14.184,0.1305115177133224,0.03012976179010112,6.620010467604892
and,uniform,30,100,456,1000,0.176,6.952,0.028737049062049054,0.722,0.007220000000000006,0.097,0.9718313131313135,0.0,0.0
pnd,uniform,30,100,456,1000,6.239,6.952,0.9931317848817852,45.375,0.45374999999999965,6.849,0.2767554117063081,0.0,0.0
oracle,uniform,30,100,456,1000,6.851,6.952,1.0876522144522136,49.228,0.49228000000000055,6.39,0.27583900437852527,0.0,0.0
dcf_self_excl,uniform,30,100,789,1000,5.814,6.77,0.9532329725829725,42.134,0.4213399999999998,15.336,0.17355976342981014,0.0,0.0
ema_ad_low,uniform,30,100,789,1000,7.208,6.77,1.1764338744588765,52.382,0.5238200000000007,9.992,0.18788740891921832,0.025170045660384485,5.93841333542636
consec_L2,uniform,30,100,789,1000,7.433,6.77,1.216661976911978,54.287,0.5428699999999997,14.33,0.12855339634395246,0.030621690373717984,6.619555234443779
and,uniform,30,100,789,1000,0.176,6.77,0.029792243867243856,0.686,0.006860000000000003,0.112,0.9704686868686869,0.0,0.0
pnd,uniform,30,100,789,1000,6.292,6.77,1.0290969696969698,45.403,0.45403000000000054,6.797,0.2768538107943944,0.0,0.0
oracle,uniform,30,100,789,1000,6.841,6.77,1.1219047979797985,49.28,0.49279999999999974,6.389,0.27460675821879255,0.0,0.0
dcf_self_excl,uniform,30,100,1234,1000,5.888,6.848,0.9575635225885233,43.358,0.4335800000000007,15.205,0.17132761235960187,0.0,0.0
ema_ad_low,uniform,30,100,1234,1000,7.23,6.848,1.1753474664224668,53.348,0.5334800000000003,10.047,0.18397660111020783,0.025200696814428564,5.9818612200954
consec_L2,uniform,30,100,1234,1000,7.31,6.848,1.1967270618270618,53.849,0.5384900000000006,14.207,0.13109972039460205,0.029468824132189934,6.850617112870471
and,uniform,30,100,1234,1000,0.167,6.848,0.027086255411255398,0.67,0.006700000000000001,0.116,0.9709111111111114,0.0,0.0
pnd,uniform,30,100,1234,1000,6.282,6.848,1.028092418692419,45.736,0.4573600000000001,6.824,0.2754220380844224,0.0,0.0
oracle,uniform,30,100,1234,1000,6.742,6.848,1.1015402375402379,48.932,0.48932,6.391,0.2778359247751255,0.0,0.0
dcf_self_excl,uniform,30,200,42,1000,11.038,13.432,0.8619686055964796,81.391,0.4069549999999993,29.611,0.18654906529253523,0.0,0.0
ema_ad_low,uniform,30,200,42,1000,14.808,13.432,1.1541545018525645,109.382,0.5469100000000002,21.296,0.1696563845664556,0.025975506378505653,8.077398443392616
consec_L2,uniform,30,200,42,1000,15.02,13.432,1.1725561766255697,111.447,0.5572350000000003,29.658,0.11992844798712772,0.03158593365411073,6.852689988561262
and,uniform,30,200,42,1000,0.145,13.432,0.01107153300626176,0.619,0.003095000000000001,0.09,0.9874553880244298,0.0,0.0
pnd,uniform,30,200,42,1000,12.415,13.432,0.9687480583218919,91.99,0.4599499999999995,12.624,0.2850450348442038,0.0,0.0
oracle,uniform,30,200,42,1000,13.534,13.432,1.0548131586556304,99.22,0.4960999999999993,12.917,0.26621358249279564,0.0,0.0
dcf_self_excl,uniform,30,200,123,1000,10.954,13.365,0.8595065040437722,81.429,0.4071449999999993,29.472,0.18653992455116006,0.0,0.0
ema_ad_low,uniform,30,200,123,1000,14.679,13.365,1.146372624361362,109.305,0.5465250000000004,21.067,0.17083774806539376,0.025725106352599173,8.090821504415118
consec_L2,uniform,30,200,123,1000,15.033,13.365,1.17449916541577,111.513,0.5575650000000002,29.651,0.11939176818266699,0.03190050261566193,6.880009468987989
and,uniform,30,200,123,1000,0.144,13.365,0.011393893236965985,0.605,0.0030250000000000016,0.098,0.987065179660382,0.0,0.0
pnd,uniform,30,200,123,1000,12.604,13.365,0.9872676367191459,93.495,0.46747500000000036,12.614,0.2799716319851312,0.0,0.0
oracle,uniform,30,200,123,1000,13.289,13.365,1.0404800962968919,98.421,0.49210499999999996,12.46,0.2747972777737693,0.0,0.0
dcf_self_excl,uniform,30,200,456,1000,11.092,13.617,0.8549439737208248,81.564,0.4078199999999997,29.935,0.18428087347383548,0.0,0.0
ema_ad_low,uniform,30,200,456,1000,14.726,13.617,1.1367697888619226,108.991,0.5449549999999994,21.131,0.17132904630350862,0.02575519409546666,7.928392991247017
consec_L2,uniform,30,200,456,1000,15.131,13.617,1.1692715379817673,111.748,0.5587399999999998,29.727,0.1188232252723474,0.031805754553738685,6.780901128632148
and,uniform,30,200,456,1000,0.151,13.617,0.011422834379467159,0.654,0.003270000000000001,0.116,0.9857240659095636,0.0,0.0
pnd,uniform,30,200,456,1000,12.443,13.617,0.9600537039283227,91.623,0.4581149999999997,12.875,0.28422077555641256,0.0,0.0
oracle,uniform,30,200,456,1000,13.595,13.617,1.0481370351295096,99.297,0.4964849999999996,12.73,0.26832415464703413,0.0,0.0
dcf_self_excl,uniform,30,200,789,1000,11.015,13.376,0.8624849432344397,81.175,0.4058749999999998,29.673,0.18606460693751567,0.0,0.0
ema_ad_low,uniform,30,200,789,1000,14.792,13.376,1.1554416647379113,109.334,0.5466699999999999,21.199,0.17048257967129776,0.025734540891243395,8.066867852048347
consec_L2,uniform,30,200,789,1000,15.116,13.376,1.1821368446225267,111.757,0.5587850000000002,29.729,0.11930262099730958,0.03235171110363206,6.795593915413719
and,uniform,30,200,789,1000,0.162,13.376,0.012584833213741873,0.692,0.003460000000000002,0.1,0.9860648698394845,0.0,0.0
pnd,uniform,30,200,789,1000,12.501,13.376,0.97604346410813,91.761,0.4588049999999999,12.763,0.2843275780082939,0.0,0.0
oracle,uniform,30,200,789,1000,13.449,13.376,1.0534255189856605,98.427,0.4921349999999997,12.424,0.27345266743372026,0.0,0.0
dcf_self_excl,uniform,30,200,1234,1000,11.186,13.483,0.8723322607462016,83.239,0.41619500000000004,29.603,0.1833652218440954,0.0,0.0
ema_ad_low,uniform,30,200,1234,1000,14.589,13.483,1.1402868224779759,108.488,0.5424399999999997,21.169,0.17317494067508554,0.025899105615339982,8.158989805257406
consec_L2,uniform,30,200,1234,1000,15.018,13.483,1.168283408558546,111.522,0.5576100000000007,29.655,0.11972295033772934,0.03167777304076413,6.887036849961322
and,uniform,30,200,1234,1000,0.156,13.483,0.012240928799442725,0.674,0.0033699999999999997,0.102,0.9862260135633213,0.0,0.0
pnd,uniform,30,200,1234,1000,12.57,13.483,0.9784928108035981,93.205,0.4660249999999998,12.669,0.2815473083857561,0.0,0.0
oracle,uniform,30,200,1234,1000,13.447,13.483,1.0506269269441453,98.857,0.4942849999999993,12.749,0.27003228168038274,0.0,0.0
dcf_self_excl,uniform,50,20,42,1000,1.356,1.556,0.8039000000000004,8.66,0.4330000000000002,3.504,0.1537357503607503,0.0,0.0
ema_ad_low,uniform,50,20,42,1000,1.409,1.556,0.8207000000000001,9.113,0.4556499999999994,2.354,0.22107391774891738,0.022515131715643878,6.408025216450223
consec_L2,uniform,50,20,42,1000,1.433,1.556,0.8382666666666669,9.3,0.46499999999999936,2.775,0.1762774170274168,0.027201768897261766,2.027440440115439
and,uniform,50,20,42,1000,0.0,1.556,0.0,0.0,0.0,0.0,1.0,0.0,0.0
pnd,uniform,50,20,42,1000,1.42,1.556,0.8234000000000002,9.17,0.45849999999999946,2.155,0.22543571428571407,0.0,0.0
oracle,uniform,50,20,42,1000,1.448,1.556,0.8366500000000001,9.182,0.4590999999999993,1.478,0.3157861111111107,0.0,0.0
dcf_self_excl,uniform,50,20,123,1000,1.33,1.518,0.7407333333333334,8.604,0.43019999999999997,3.706,0.14685490620490624,0.0,0.0
ema_ad_low,uniform,50,20,123,1000,1.46,1.518,0.828666666666667,9.418,0.4708999999999997,2.36,0.21616551226551198,0.022018714244706417,6.5136405483405495
consec_L2,uniform,50,20,123,1000,1.424,1.518,0.8234500000000003,9.286,0.4642999999999996,2.7,0.17846078643578603,0.025922032276476294,2.008394660894659
and,uniform,50,20,123,1000,0.0,1.518,0.0,0.0,0.0,0.0,1.0,0.0,0.0
pnd,uniform,50,20,123,1000,1.406,1.518,0.8011666666666675,9.178,0.45889999999999914,2.151,0.22917857142857115,0.0,0.0
oracle,uniform,50,20,123,1000,1.489,1.518,0.8450833333333334,9.142,0.4570999999999996,1.457,0.3073432900432895,0.0,0.0
dcf_self_excl,uniform,50,20,456,1000,1.257,1.55,0.7501166666666667,8.039,0.4019499999999995,3.699,0.16342795815295794,0.0,0.0
ema_ad_low,uniform,50,20,456,1000,1.457,1.55,0.86945,9.308,0.4654000000000001,2.276,0.21950952380952332,0.02194495629939435,6.446899025974031
consec_L2,uniform,50,20,456,1000,1.418,1.55,0.8300666666666668,9.088,0.45440000000000036,2.869,0.17005093795093779,0.026881463827560303,1.9780250360750347
and,uniform,50,20,456,1000,0.0,1.55,0.0,0.0,0.0,0.0,1.0,0.0,0.0
pnd,uniform,50,20,456,1000,1.458,1.55,0.8806500000000003,9.347,0.46734999999999943,2.175,0.21834011544011525,0.0,0.0
oracle,uniform,50,20,456,1000,1.51,1.55,0.9133166666666669,9.429,0.47144999999999926,1.418,0.3085484126984124,0.0,0.0
dcf_self_excl,uniform,50,20,789,1000,1.304,1.556,0.7371666666666669,8.738,0.43690000000000057,3.576,0.15146677489177499,0.0,0.0
ema_ad_low,uniform,50,20,789,1000,1.408,1.556,0.8277500000000003,9.159,0.45794999999999986,2.291,0.22275436507936494,0.022602322068005425,6.615049639249644
consec_L2,uniform,50,20,789,1000,1.449,1.556,0.8335000000000001,9.264,0.46320000000000006,2.786,0.17616230158730126,0.025768329617361214,2.322285714285714
and,uniform,50,20,789,1000,0.0,1.556,0.0,0.0,0.0,0.0,1.0,0.0,0.0
pnd,uniform,50,20,789,1000,1.397,1.556,0.8051666666666669,8.974,0.44869999999999954,2.129,0.2300476190476186,0.0,0.0
oracle,uniform,50,20,789,1000,1.412,1.556,0.8076666666666665,9.1,0.4549999999999992,1.353,0.32923769841269757,0.0,0.0
dcf_self_excl,uniform,50,20,1234,1000,1.287,1.517,0.7769833333333338,8.528,0.4263999999999997,3.637,0.15345613275613254,0.0,0.0
ema_ad_low,uniform,50,20,1234,1000,1.414,1.517,0.8561500000000003,9.182,0.45909999999999973,2.464,0.20774603174603132,0.02385419518157858,6.62441865079366
consec_L2,uniform,50,20,1234,1000,1.416,1.517,0.8538166666666671,9.214,0.4606999999999995,2.77,0.18059848484848484,0.025764243702552116,2.2766293650793648
and,uniform,50,20,1234,1000,0.0,1.517,0.0,0.0,0.0,0.0,1.0,0.0,0.0
pnd,uniform,50,20,1234,1000,1.37,1.517,0.8202833333333333,8.764,0.43819999999999976,2.138,0.24057103174603145,0.0,0.0
oracle,uniform,50,20,1234,1000,1.502,1.517,0.8989500000000001,9.692,0.48459999999999964,1.418,0.30451587301587246,0.0,0.0
dcf_self_excl,uniform,50,50,42,1000,3.094,3.481,1.0810416666666665,21.879,0.43757999999999964,8.147,0.15868088491166676,0.0,0.0
ema_ad_low,uniform,50,50,42,1000,3.423,3.481,1.1859226190476189,24.485,0.48970000000000025,4.503,0.22554200668612492,0.015486958630951442,10.032598056681886
consec_L2,uniform,50,50,42,1000,3.526,3.481,1.227142857142856,25.132,0.5026399999999998,6.79,0.1518096758246919,0.020172383687412924,7.9323742889979005
and,uniform,50,50,42,1000,0.066,3.481,0.023599999999999986,0.206,0.004120000000000002,0.038,0.9793333333333318,0.0,0.0
pnd,uniform,50,50,42,1000,3.242,3.481,1.1345702380952367,22.933,0.4586599999999998,3.831,0.2580974636474645,0.0,0.0
oracle,uniform,50,50,42,1000,3.445,3.481,1.2006380952380957,24.052,0.48103999999999986,3.346,0.28522279591323757,0.0,0.0
dcf_self_excl,uniform,50,50,123,1000,3.05,3.48,1.0592916666666667,21.809,0.4361799999999998,8.127,0.16057965276897224,0.0,0.0
ema_ad_low,uniform,50,50,123,1000,3.459,3.48,1.1728273809523815,24.582,0.49164000000000074,4.614,0.21793002495870192,0.01585854275036757,10.018474935358743
consec_L2,uniform,50,50,123,1000,3.555,3.48,1.2152916666666662,25.163,0.5032600000000003,6.73,0.15114971904600447,0.019776801021479076,8.139079980932378
and,uniform,50,50,123,1000,0.057,3.48,0.018633333333333335,0.175,0.0035000000000000022,0.046,0.9795999999999988,0.0,0.0
pnd,uniform,50,50,123,1000,3.296,3.48,1.1322261904761908,23.26,0.4651999999999998,3.862,0.25350670995671076,0.0,0.0
oracle,uniform,50,50,123,1000,3.46,3.48,1.2069488095238095,23.939,0.4787799999999998,3.374,0.2860460062984832,0.0,0.0
dcf_self_excl,uniform,50,50,456,1000,3.066,3.557,1.0175988095238095,21.751,0.4350199999999997,8.184,0.1603560043284893,0.0,0.0
ema_ad_low,uniform,50,50,456,1000,3.471,3.557,1.1432130952380952,24.605,0.49210000000000026,4.605,0.21963487990337918,0.015940866115443823,9.798378558889498
consec_L2,uniform,50,50,456,1000,3.585,3.557,1.1836785714285707,25.898,0.5179600000000001,6.545,0.14953535127583176,0.019801863849205206,7.651985799082236
and,uniform,50,50,456,1000,0.071,3.557,0.024042857142857137,0.216,0.004320000000000001,0.054,0.9750999999999975,0.0,0.0
pnd,uniform,50,50,456,1000,3.21,3.557,1.0614535714285702,22.594,0.45188000000000006,3.873,0.2607281635031644,0.0,0.0
oracle,uniform,50,50,456,1000,3.442,3.557,1.136370238095238,23.85,0.47700000000000053,3.297,0.2920285445935221,0.0,0.0
dcf_self_excl,uniform,50,50,789,1000,3.042,3.5,1.0416630952380956,21.916,0.43832000000000015,8.257,0.1576801875992276,0.0,0.0
ema_ad_low,uniform,50,50,789,1000,3.409,3.5,1.1945797619047616,24.226,0.48452000000000023,4.519,0.2267967083570032,0.016476818986801492,9.752261555682875
consec_L2,uniform,50,50,789,1000,3.535,3.5,1.228255952380952,25.033,0.50066,6.848,0.15009186532421884,0.019830450507248947,7.991042388236117
and,uniform,50,50,789,1000,0.05,3.5,0.016650000000000005,0.153,0.0030600000000000024,0.043,0.9815333333333316,0.0,0.0
pnd,uniform,50,50,789,1000,3.189,3.5,1.120172619047619,22.574,0.45148000000000027,3.913,0.26099532273282355,0.0,0.0
oracle,uniform,50,50,789,1000,3.431,3.5,1.1875833333333334,23.997,0.47993999999999987,3.314,0.28748347412391606,0.0,0.0
dcf_self_excl,uniform,50,50,1234,1000,3.105,3.553,1.0647841269841265,22.147,0.4429400000000007,8.163,0.1565740281160715,0.0,0.0
ema_ad_low,uniform,50,50,1234,1000,3.415,3.553,1.1491563492063488,24.32,0.4864000000000008,4.712,0.21715088057367535,0.01636711465844236,10.493892327443797
consec_L2,uniform,50,50,1234,1000,3.526,3.553,1.1931750000000003,25.02,0.5004000000000004,6.892,0.15012177026619808,0.020231937031208767,8.073015580931806
and,uniform,50,50,1234,1000,0.065,3.553,0.022116666666666663,0.2,0.004000000000000003,0.046,0.9780333333333314,0.0,0.0
pnd,uniform,50,50,1234,1000,3.149,3.553,1.0668321428571423,22.368,0.4473600000000002,3.849,0.2664493992119003,0.0,0.0
oracle,uniform,50,50,1234,1000,3.527,3.553,1.2214055555555554,24.979,0.4995799999999996,3.281,0.27901153258506245,0.0,0.0
dcf_self_excl,uniform,50,100,42,1000,5.956,6.748,0.9881232350982345,43.465,0.43465000000000004,15.65,0.16609794106139614,0.0,0.0
ema_ad_low,uniform,50,100,42,1000,7.088,6.748,1.1777334360084368,51.823,0.5182300000000002,9.345,0.1993930990713668,0.012835382277136738,10.929290921437774
consec_L2,uniform,50,100,42,1000,7.23,6.748,1.2009529526029514,53.009,0.5300900000000001,14.087,0.13647838219655692,0.01672907032607035,11.738011453901692
and,uniform,50,100,42,1000,0.095,6.748,0.015442857142857131,0.349,0.0034899999999999983,0.046,0.9850606060606071,0.0,0.0
pnd,uniform,50,100,42,1000,6.187,6.748,1.0262981851481858,45.187,0.45187000000000016,6.679,0.2804964168545227,0.0,0.0
oracle,uniform,50,100,42,1000,6.819,6.748,1.1336585608835614,49.121,0.49121000000000065,6.539,0.272257070700303,0.0,0.0
dcf_self_excl,uniform,50,100,123,1000,5.881,6.778,0.9698852369852362,43.103,0.4310299999999992,15.775,0.16719382371859684,0.0,0.0
ema_ad_low,uniform,50,100,123,1000,7.132,6.778,1.1625995976245984,52.317,0.5231700000000002,9.377,0.19689738709765509,0.013450052421720999,10.670805676343653
consec_L2,uniform,50,100,123,1000,7.376,6.778,1.2030500638250645,53.913,0.5391299999999996,13.964,0.13293910655721392,0.01662748923615405,11.61856635707533
and,uniform,50,100,123,1000,0.1,6.778,0.016029004329004316,0.364,0.0036399999999999965,0.046,0.9845161616161627,0.0,0.0
pnd,uniform,50,100,123,1000,6.339,6.778,1.044111383061384,45.914,0.45913999999999955,6.613,0.27749520388702664,0.0,0.0
oracle,uniform,50,100,123,1000,6.67,6.778,1.0975762931512933,48.46,0.4845999999999995,6.557,0.27745704654583436,0.0,0.0
dcf_self_excl,uniform,50,100,456,1000,5.914,6.911,0.9423396686646692,43.08,0.43079999999999974,15.7,0.16766533625419724,0.0,0.0
ema_ad_low,uniform,50,100,456,1000,7.102,6.911,1.1296747474747477,52.225,0.5222499999999995,9.312,0.20005493710447253,0.013036769745013775,10.713412772766414
consec_L2,uniform,50,100,456,1000,7.32,6.911,1.1702181013431028,53.964,0.5396399999999991,14.007,0.13277270287286996,0.0165479582400264,11.48880485174816
and,uniform,50,100,456,1000,0.109,6.911,0.016689621489621474,0.385,0.0038499999999999962,0.026,0.9855000000000012,0.0,0.0
pnd,uniform,50,100,456,1000,6.294,6.911,0.9975279359529371,45.652,0.4565199999999999,6.798,0.2756963745167734,0.0,0.0
oracle,uniform,50,100,456,1000,6.644,6.911,1.0621451104451098,48.207,0.4820699999999999,6.651,0.2780825101154506,0.0,0.0
dcf_self_excl,uniform,50,100,789,1000,5.875,6.826,0.9553925185925182,43.224,0.4322399999999995,15.648,0.16716510890622358,0.0,0.0
ema_ad_low,uniform,50,100,789,1000,7.037,6.826,1.1465538766788772,51.422,0.51422,9.341,0.20141612309320336,0.013226009467573756,10.53601454590979
consec_L2,uniform,50,100,789,1000,7.294,6.826,1.1861344655344663,53.441,0.5344099999999989,14.074,0.1342406729037612,0.01684630321644857,11.55560593009788
and,uniform,50,100,789,1000,0.104,6.826,0.01749487734487733,0.375,0.0037499999999999955,0.063,0.9823626262626274,0.0,0.0
pnd,uniform,50,100,789,1000,6.168,6.826,1.0032855561105556,44.934,0.4493400000000004,6.712,0.2812744684708744,0.0,0.0
oracle,uniform,50,100,789,1000,6.716,6.826,1.0924295510045516,48.612,0.48612,6.439,0.2795048202511784,0.0,0.0
dcf_self_excl,uniform,50,100,1234,1000,5.912,6.886,0.9496310189810188,43.345,0.4334499999999997,15.707,0.1669483903220508,0.0,0.0
ema_ad_low,uniform,50,100,1234,1000,7.038,6.886,1.1256513347763348,51.228,0.5122799999999998,9.453,0.20160170382727735,0.01365891053867615,10.875628862747257
consec_L2,uniform,50,100,1234,1000,7.238,6.886,1.1625234626484635,52.818,0.5281800000000002,14.125,0.13668840136425955,0.01671674285213601,11.806681622222293
and,uniform,50,100,1234,1000,0.108,6.886,0.01708336940836939,0.39,0.003899999999999997,0.032,0.9850000000000011,0.0,0.0
pnd,uniform,50,100,1234,1000,6.144,6.886,0.9817489732489736,44.709,0.44708999999999893,6.721,0.28312474529329507,0.0,0.0
oracle,uniform,50,100,1234,1000,6.91,6.886,1.1095117160617156,50.38,0.5037999999999999,6.511,0.2674111759459118,0.0,0.0
dcf_self_excl,uniform,50,200,42,1000,11.413,13.508,0.8854616377064163,84.461,0.42230500000000004,30.044,0.17838450741727094,0.0,0.0
ema_ad_low,uniform,50,200,42,1000,14.493,13.508,1.1240756890352832,107.183,0.5359149999999997,19.574,0.18539772197181584,0.012285113456399965,13.678296611622743
consec_L2,uniform,50,200,42,1000,14.763,13.508,1.1472103371013538,109.132,0.5456600000000007,29.314,0.1265921632855295,0.016263411947223114,12.697619592852222
and,uniform,50,200,42,1000,0.05,13.508,0.003740186284303933,0.156,0.0007800000000000004,0.033,0.9954295321637433,0.0,0.0
pnd,uniform,50,200,42,1000,12.275,13.508,0.9546649754557369,90.906,0.4545299999999996,12.346,0.2914408397430194,0.0,0.0
oracle,uniform,50,200,42,1000,13.273,13.508,1.029788777647249,98.035,0.49017499999999997,12.882,0.271840442819313,0.0,0.0
dcf_self_excl,uniform,50,200,123,1000,11.354,13.489,0.88026259143763,84.417,0.4220850000000001,30.217,0.17737799514722075,0.0,0.0
ema_ad_low,uniform,50,200,123,1000,14.317,13.489,1.105771116615584,106.673,0.5333650000000001,19.357,0.18825550238182454,0.012396446365256901,13.611131768086453
consec_L2,uniform,50,200,123,1000,14.824,13.489,1.1479485670933822,110.592,0.5529600000000002,28.85,0.12568421344696987,0.016017014302050978,12.619513945069917
and,uniform,50,200,123,1000,0.049,13.489,0.0036406184286989257,0.154,0.0007700000000000005,0.025,0.9959239766081878,0.0,0.0
pnd,uniform,50,200,123,1000,12.257,13.489,0.9486657049692647,90.393,0.45196500000000006,12.269,0.2932071225439017,0.0,0.0
oracle,uniform,50,200,123,1000,13.27,13.489,1.032428715788855,97.449,0.4872449999999993,13.054,0.271190011367265,0.0,0.0
dcf_self_excl,uniform,50,200,456,1000,11.385,13.573,0.8792921379535802,83.863,0.4193149999999997,30.241,0.1781112803140918,0.0,0.0
ema_ad_low,uniform,50,200,456,1000,14.366,13.573,1.1069215279857454,106.576,0.5328800000000008,19.376,0.18887443271941756,0.012059588662796107,13.698702334976016
consec_L2,uniform,50,200,456,1000,14.847,13.573,1.1448053564279088,110.461,0.5523049999999998,28.839,0.12562958928971618,0.015853317519853003,12.589895339355841
and,uniform,50,200,456,1000,0.047,13.573,0.0036358718465916624,0.153,0.0007650000000000005,0.034,0.9955350877192991,0.0,0.0
pnd,uniform,50,200,456,1000,12.319,13.573,0.9508377363217979,90.703,0.4535149999999999,12.372,0.2918789609540303,0.0,0.0
oracle,uniform,50,200,456,1000,13.178,13.573,1.0191693632715975,96.967,0.48483499999999946,13.049,0.27371867124186317,0.0,0.0
dcf_self_excl,uniform,50,200,789,1000,11.426,13.389,0.8957229524861081,84.574,0.4228699999999994,30.289,0.1758875650792643,0.0,0.0
ema_ad_low,uniform,50,200,789,1000,14.423,13.389,1.127749176288107,106.709,0.5335449999999998,19.574,0.18648470290372612,0.012523758400632298,13.66192638283894
consec_L2,uniform,50,200,789,1000,14.853,13.389,1.1642921897589866,109.846,0.5492299999999999,29.184,0.12566167449744256,0.016181524084700864,12.553744987413
and,uniform,50,200,789,1000,0.032,13.389,0.0026070201856966567,0.107,0.0005350000000000002,0.035,0.9963315789473689,0.0,0.0
pnd,uniform,50,200,789,1000,12.285,13.389,0.9609483811767858,90.689,0.4534449999999999,12.314,0.2923626195663896,0.0,0.0
oracle,uniform,50,200,789,1000,13.321,13.389,1.045357855268226,97.995,0.4899749999999997,12.776,0.2724253799632224,0.0,0.0
dcf_self_excl,uniform,50,200,1234,1000,11.447,13.575,0.8817946070226632,84.844,0.42421999999999954,30.22,0.17722142421213816,0.0,0.0
ema_ad_low,uniform,50,200,1234,1000,14.337,13.575,1.1030673426934259,105.852,0.5292600000000001,19.529,0.18983805381929977,0.012315775135375004,13.954283326106262
consec_L2,uniform,50,200,1234,1000,14.761,13.575,1.1353815477608054,109.2,0.5460000000000004,29.43,0.12645103780717631,0.01631162651926617,12.726724476075768
and,uniform,50,200,1234,1000,0.058,13.575,0.0043291824360709805,0.181,0.0009050000000000005,0.033,0.9950175438596498,0.0,0.0
pnd,uniform,50,200,1234,1000,12.234,13.575,0.9416206314583252,90.115,0.4505749999999999,12.371,0.29289006583376687,0.0,0.0
oracle,uniform,50,200,1234,1000,13.512,13.575,1.0436640607070957,99.973,0.4998649999999999,12.858,0.2667910512070842,0.0,0.0
dcf_self_excl,bimodal,10,20,42,1000,1.385,1.523,0.8436333333333333,8.724,0.43620000000000003,2.803,0.1626183982683982,0.0,0.0
ema_ad_low,bimodal,10,20,42,1000,1.509,1.523,0.9390333333333333,9.396,0.4698000000000001,2.235,0.18509823232323233,0.09023925925864346,0.9935652597402598
consec_L2,bimodal,10,20,42,1000,1.462,1.523,0.9141833333333332,9.272,0.4636000000000011,2.492,0.16275313852813864,0.09961581385277249,1.084142388167388
and,bimodal,10,20,42,1000,0.456,1.523,0.2865,1.872,0.09360000000000059,0.139,0.8039999999999993,0.0,0.0
pnd,bimodal,10,20,42,1000,1.49,1.523,0.9313500000000002,9.008,0.45040000000000013,2.029,0.19888134920634937,0.0,0.0
oracle,bimodal,10,20,42,1000,1.599,1.523,1.0016166666666666,9.884,0.49420000000000097,1.248,0.27111587301587303,0.0,0.0
dcf_self_excl,bimodal,10,20,123,1000,1.344,1.482,0.801283333333334,8.544,0.4272000000000006,2.748,0.16804065656565634,0.0,0.0
ema_ad_low,bimodal,10,20,123,1000,1.536,1.482,0.894166666666667,9.648,0.48240000000000116,2.362,0.17123864746364742,0.08897887188473291,1.0787845737595736
consec_L2,bimodal,10,20,123,1000,1.431,1.482,0.8501333333333331,8.836,0.4418000000000007,2.547,0.16240981240981234,0.09938708067903226,1.1375854978354978
and,bimodal,10,20,123,1000,0.413,1.482,0.24341666666666675,1.692,0.08460000000000047,0.114,0.8253833333333316,0.0,0.0
pnd,bimodal,10,20,123,1000,1.473,1.482,0.8614500000000004,9.324,0.4662000000000004,1.884,0.20401746031746046,0.0,0.0
oracle,bimodal,10,20,123,1000,1.486,1.482,0.8913166666666664,9.328,0.4664000000000008,1.189,0.2982634920634919,0.0,0.0
dcf_self_excl,bimodal,10,20,456,1000,1.318,1.59,0.7663333333333338,8.464,0.42320000000000124,2.822,0.17066237373737378,0.0,0.0
ema_ad_low,bimodal,10,20,456,1000,1.508,1.59,0.8840833333333333,9.424,0.4712000000000011,2.274,0.17947308802308792,0.08558700281929194,1.0720134199134197
consec_L2,bimodal,10,20,456,1000,1.503,1.59,0.8820833333333337,9.364,0.4682000000000007,2.387,0.15872608225108228,0.09754612218617086,1.0746170995670998
and,bimodal,10,20,456,1000,0.403,1.59,0.23291666666666674,1.684,0.08420000000000048,0.133,0.822749999999998,0.0,0.0
pnd,bimodal,10,20,456,1000,1.474,1.59,0.8874166666666666,8.896,0.4447999999999999,1.92,0.21208055555555563,0.0,0.0
oracle,bimodal,10,20,456,1000,1.539,1.59,0.8923333333333334,9.348,0.46740000000000026,1.237,0.2865190476190476,0.0,0.0
dcf_self_excl,bimodal,10,20,789,1000,1.332,1.522,0.7945833333333335,8.464,0.42320000000000085,2.745,0.17598257575757567,0.0,0.0
ema_ad_low,bimodal,10,20,789,1000,1.534,1.522,0.9017500000000005,9.336,0.46680000000000094,2.282,0.183930266955267,0.08790824026983332,1.0188670634920636
consec_L2,bimodal,10,20,789,1000,1.423,1.522,0.8391666666666668,8.844,0.4422000000000001,2.419,0.17174512987013002,0.09470004509710479,1.0807597763347774
and,bimodal,10,20,789,1000,0.356,1.522,0.1957500000000001,1.448,0.07240000000000035,0.126,0.8400833333333311,0.0,0.0
pnd,bimodal,10,20,789,1000,1.471,1.522,0.8856666666666669,8.764,0.43819999999999903,1.798,0.2204015873015875,0.0,0.0
oracle,bimodal,10,20,789,1000,1.553,1.522,0.9300000000000002,9.708,0.4854000000000004,1.246,0.2839234126984124,0.0,0.0
dcf_self_excl,bimodal,10,20,1234,1000,1.311,1.571,0.7868333333333334,8.268,0.41339999999999993,2.879,0.17395440115440072,0.0,0.0
ema_ad_low,bimodal,10,20,1234,1000,1.525,1.571,0.9166666666666669,9.508,0.4754000000000006,2.311,0.17526886724386742,0.09102483395144637,0.9789084415584417
consec_L2,bimodal,10,20,1234,1000,1.445,1.571,0.8442500000000005,9.116,0.45580000000000104,2.482,0.16296525974025974,0.10027334413100238,1.0975562049062049
and,bimodal,10,20,1234,1000,0.441,1.571,0.2760833333333333,1.796,0.08980000000000059,0.136,0.8095999999999987,0.0,0.0
pnd,bimodal,10,20,1234,1000,1.454,1.571,0.8785,9.096,0.4548000000000009,1.92,0.21220519480519484,0.0,0.0
oracle,bimodal,10,20,1234,1000,1.551,1.571,0.9254166666666667,9.58,0.47900000000000026,1.284,0.2768834054834055,0.0,0.0
dcf_self_excl,bimodal,10,50,42,1000,3.034,3.456,1.062402380952381,21.824,0.43647999999999965,6.879,0.1715956966348449,0.0,0.0
ema_ad_low,bimodal,10,50,42,1000,3.65,3.456,1.2727297619047606,26.568,0.5313599999999988,5.285,0.17265560878749767,0.08418648427808442,1.3810851272695315
consec_L2,bimodal,10,50,42,1000,3.709,3.456,1.3144369047619047,26.884,0.5376799999999984,6.554,0.12917037652129743,0.09805249617357674,1.7424321444277528
and,bimodal,10,50,42,1000,0.201,3.456,0.07199047619047617,0.972,0.019439999999999985,0.08,0.9571474025974029,0.0,0.0
pnd,bimodal,10,50,42,1000,3.431,3.456,1.217409523809523,24.58,0.4915999999999986,3.829,0.2316659032101375,0.0,0.0
oracle,bimodal,10,50,42,1000,3.574,3.456,1.2669690476190476,25.696,0.5139200000000006,2.933,0.26837946293902176,0.0,0.0
dcf_self_excl,bimodal,10,50,123,1000,3.021,3.445,1.0781726190476189,21.612,0.4322399999999995,6.884,0.17242927966688,0.0,0.0
ema_ad_low,bimodal,10,50,123,1000,3.679,3.445,1.3088876984126983,26.46,0.5292000000000002,5.397,0.17192293398017794,0.08391497652755095,1.4377341426790116
consec_L2,bimodal,10,50,123,1000,3.545,3.445,1.2568980158730143,26.1,0.5219999999999987,6.645,0.1350468289347773,0.09498355275308866,1.7736196778102624
and,bimodal,10,50,123,1000,0.201,3.445,0.07223214285714287,0.956,0.019119999999999988,0.119,0.9532579975579973,0.0,0.0
pnd,bimodal,10,50,123,1000,3.344,3.445,1.1929797619047615,24.0,0.47999999999999926,3.746,0.24384394380129748,0.0,0.0
oracle,bimodal,10,50,123,1000,3.529,3.445,1.2565587301587289,24.772,0.49543999999999977,2.94,0.2798477798474317,0.0,0.0
dcf_self_excl,bimodal,10,50,456,1000,3.039,3.508,1.052487301587301,21.876,0.4375199999999995,6.804,0.17217397089476,0.0,0.0
ema_ad_low,bimodal,10,50,456,1000,3.688,3.508,1.2391658730158726,26.456,0.5291199999999996,5.368,0.1719343741110302,0.08529635991437354,1.3991629369259633
consec_L2,bimodal,10,50,456,1000,3.681,3.508,1.2592880952380945,26.756,0.5351199999999979,6.389,0.13338201877018074,0.09642380834816122,1.7312630040596992
and,bimodal,10,50,456,1000,0.204,3.508,0.06484206349206352,1.08,0.02159999999999997,0.08,0.9556666666666669,0.0,0.0
pnd,bimodal,10,50,456,1000,3.348,3.508,1.143642857142856,23.68,0.47359999999999886,3.762,0.2473700431104846,0.0,0.0
oracle,bimodal,10,50,456,1000,3.497,3.508,1.192611507936508,24.308,0.48615999999999954,2.977,0.2824643690416911,0.0,0.0
dcf_self_excl,bimodal,10,50,789,1000,3.057,3.51,1.0736678571428575,21.82,0.43639999999999873,6.96,0.1708727396440709,0.0,0.0
ema_ad_low,bimodal,10,50,789,1000,3.703,3.51,1.2775948412698404,26.468,0.5293599999999989,5.316,0.17168246036299487,0.08518494578750996,1.373994188040201
consec_L2,bimodal,10,50,789,1000,3.589,3.51,1.2610369047619037,25.9,0.517999999999999,6.615,0.13746717804021186,0.0945432262696585,1.7740609274796255
and,bimodal,10,50,789,1000,0.238,3.51,0.08446071428571426,1.104,0.022079999999999964,0.084,0.950509920634921,0.0,0.0
pnd,bimodal,10,50,789,1000,3.35,3.51,1.1501849206349195,23.48,0.4695999999999996,3.692,0.24667740278297598,0.0,0.0
oracle,bimodal,10,50,789,1000,3.507,3.51,1.2207281746031744,24.684,0.4936800000000002,2.89,0.2778457889332892,0.0,0.0
dcf_self_excl,bimodal,10,50,1234,1000,3.029,3.438,1.0504011904761896,21.78,0.4355999999999985,6.798,0.17343065729681784,0.0,0.0
ema_ad_low,bimodal,10,50,1234,1000,3.7,3.438,1.2812892857142868,27.0,0.5399999999999993,5.257,0.168516818548669,0.08734784890154235,1.2628715683525293
consec_L2,bimodal,10,50,1234,1000,3.615,3.438,1.2519904761904765,26.092,0.5218399999999984,6.693,0.13365909676633123,0.09879462992265349,1.7820255500657634
and,bimodal,10,50,1234,1000,0.193,3.438,0.06513095238095246,0.98,0.019599999999999982,0.095,0.9564335137085138,0.0,0.0
pnd,bimodal,10,50,1234,1000,3.415,3.438,1.174947619047619,24.5,0.48999999999999905,3.752,0.23760490196078488,0.0,0.0
oracle,bimodal,10,50,1234,1000,3.415,3.438,1.1946083333333326,24.58,0.49160000000000037,2.836,0.2841834480062423,0.0,0.0
dcf_self_excl,bimodal,10,100,42,1000,5.921,6.627,1.0160099206349202,45.228,0.4522799999999999,16.434,0.1416543634035743,0.0,0.0
ema_ad_low,bimodal,10,100,42,1000,7.302,6.627,1.2535916666666669,56.192,0.5619200000000003,12.865,0.12437490082788692,0.13396697622351889,1.9001388545352527
consec_L2,bimodal,10,100,42,1000,7.326,6.627,1.261882142857141,56.344,0.5634400000000004,14.161,0.10348784642744424,0.1320414460145632,1.8755130030075862
and,bimodal,10,100,42,1000,1.611,6.627,0.2777607142857141,10.668,0.10668000000000033,0.724,0.7917335276488281,0.0,0.0
pnd,bimodal,10,100,42,1000,6.624,6.627,1.141988888888889,50.464,0.5046399999999992,7.139,0.22547178915210492,0.0,0.0
oracle,bimodal,10,100,42,1000,6.781,6.627,1.1723182539682548,50.996,0.5099600000000003,5.328,0.25788371684733585,0.0,0.0
dcf_self_excl,bimodal,10,100,123,1000,5.945,6.638,0.9924928571428567,44.852,0.4485199999999995,16.504,0.13976112763693355,0.0,0.0
ema_ad_low,bimodal,10,100,123,1000,7.32,6.638,1.2240361111111129,55.84,0.5584000000000002,13.014,0.12248005427643276,0.1355203735104958,1.9068327833546033
consec_L2,bimodal,10,100,123,1000,7.3,6.638,1.2280523809523802,56.12,0.5612000000000009,14.406,0.10343542102467537,0.1297728959293867,1.8909384707904353
and,bimodal,10,100,123,1000,1.595,6.638,0.26690992063492025,10.764,0.10764000000000015,0.759,0.7899728523908431,0.0,0.0
pnd,bimodal,10,100,123,1000,6.517,6.638,1.0943484126984135,49.164,0.4916399999999998,7.206,0.22990906422975668,0.0,0.0
oracle,bimodal,10,100,123,1000,6.733,6.638,1.1321099206349203,50.356,0.5035600000000002,5.296,0.2626436740537471,0.0,0.0
dcf_self_excl,bimodal,10,100,456,1000,6.016,6.78,0.98652142857143,45.104,0.45103999999999955,16.484,0.13961202052089108,0.0,0.0
ema_ad_low,bimodal,10,100,456,1000,7.37,6.78,1.1976559523809522,55.936,0.5593600000000013,13.022,0.12267135118299963,0.1342126988506041,1.9211129121546453
consec_L2,bimodal,10,100,456,1000,7.36,6.78,1.2041579365079362,56.04,0.5604000000000007,14.322,0.10331299151837733,0.13033077484982322,1.8670979403289096
and,bimodal,10,100,456,1000,1.562,6.78,0.25567857142857103,10.6,0.10600000000000008,0.756,0.7936693824020896,0.0,0.0
pnd,bimodal,10,100,456,1000,6.578,6.78,1.0740619047619047,48.848,0.4884800000000005,7.234,0.2289777413963368,0.0,0.0
oracle,bimodal,10,100,456,1000,6.782,6.78,1.1098083333333324,50.608,0.5060800000000006,5.196,0.2625672276337243,0.0,0.0
dcf_self_excl,bimodal,10,100,789,1000,5.991,6.721,0.98524365079365,45.1,0.45099999999999907,16.566,0.14134228055900147,0.0,0.0
ema_ad_low,bimodal,10,100,789,1000,7.395,6.721,1.227018253968254,56.004,0.56004,12.905,0.12283970872300343,0.1341686351255699,1.8758201572006525
consec_L2,bimodal,10,100,789,1000,7.346,6.721,1.2155392857142848,55.888,0.5588800000000004,14.514,0.10343438462198658,0.12874962049158045,1.9056569756142376
and,bimodal,10,100,789,1000,1.565,6.721,0.25574246031745973,10.212,0.10212000000000013,0.736,0.7960492184844808,0.0,0.0
pnd,bimodal,10,100,789,1000,6.612,6.721,1.0927269841269844,49.432,0.4943199999999994,7.182,0.228356938732271,0.0,0.0
oracle,bimodal,10,100,789,1000,6.749,6.721,1.1289170634920653,49.98,0.49979999999999997,5.274,0.2644225455846418,0.0,0.0
dcf_self_excl,bimodal,10,100,1234,1000,5.916,6.71,0.9781476190476183,45.136,0.4513599999999995,16.564,0.13991390046210742,0.0,0.0
ema_ad_low,bimodal,10,100,1234,1000,7.334,6.71,1.2151932539682546,56.496,0.56496,12.945,0.11984821569345652,0.1337709335867929,1.8480651489968467
consec_L2,bimodal,10,100,1234,1000,7.261,6.71,1.2003523809523817,55.812,0.5581200000000006,14.434,0.10434887647260509,0.12781977131934802,1.9294541351241123
and,bimodal,10,100,1234,1000,1.558,6.71,0.2564293650793646,10.248,0.10248000000000025,0.759,0.7948748653694151,0.0,0.0
pnd,bimodal,10,100,1234,1000,6.676,6.71,1.0906773809523802,50.44,0.5043999999999993,7.223,0.2230072924865614,0.0,0.0
oracle,bimodal,10,100,1234,1000,6.652,6.71,1.0989329365079357,50.04,0.5004000000000001,5.234,0.2663996416031114,0.0,0.0
dcf_self_excl,bimodal,10,200,42,1000,9.755,9.797,1.0025079365079343,77.844,0.3892199999999995,39.643,0.07440837625739372,0.0,0.0
ema_ad_low,bimodal,10,200,42,1000,9.947,9.797,1.0225376984126977,79.54,0.39769999999999955,19.478,0.0926088999555143,0.1927742771578332,1.8378008609641865
consec_L2,bimodal,10,200,42,1000,9.972,9.797,1.0250821428571422,79.728,0.3986399999999995,20.094,0.08411252299428167,0.1748406298588738,1.6337592270644865
and,bimodal,10,200,42,1000,5.354,9.797,0.5484253968253969,39.688,0.19844000000000012,5.122,0.6080470881441066,0.0,0.0
pnd,bimodal,10,200,42,1000,9.781,9.797,1.0046412698412688,77.876,0.3893799999999996,10.388,0.19377153637574654,0.0,0.0
oracle,bimodal,10,200,42,1000,9.84,9.797,1.0111305555555548,78.36,0.3917999999999996,7.021,0.23518034052456088,0.0,0.0
dcf_self_excl,bimodal,10,200,123,1000,9.766,9.815,1.0020646825396804,77.712,0.3885599999999992,39.01,0.07501242655829447,0.0,0.0
ema_ad_low,bimodal,10,200,123,1000,9.942,9.815,1.0200880952380944,79.368,0.39683999999999936,19.646,0.09049775984591749,0.196478559392799,1.8336452433877333
consec_L2,bimodal,10,200,123,1000,9.981,9.815,1.0239325396825387,79.7,0.39849999999999935,20.288,0.08335504641397937,0.17394626400841115,1.6486952715909127
and,bimodal,10,200,123,1000,5.184,9.815,0.5295396825396829,38.664,0.19332000000000016,4.961,0.6203290835177815,0.0,0.0
pnd,bimodal,10,200,123,1000,9.738,9.815,0.9987539682539673,77.376,0.3868799999999991,10.616,0.1975014615518158,0.0,0.0
oracle,bimodal,10,200,123,1000,9.801,9.815,1.0050619047619038,77.932,0.3896599999999991,7.124,0.24005414550084028,0.0,0.0
dcf_self_excl,bimodal,10,200,456,1000,9.774,9.832,1.0002674603174584,77.336,0.38667999999999936,39.619,0.07447454910283796,0.0,0.0
ema_ad_low,bimodal,10,200,456,1000,9.954,9.832,1.0189511904761896,78.936,0.3946799999999996,19.417,0.0898302097157412,0.1950545227335408,1.8309194427249147
consec_L2,bimodal,10,200,456,1000,9.974,9.832,1.021121031746031,79.16,0.3957999999999996,20.145,0.08371381880073184,0.1765578263308822,1.6280982560807975
and,bimodal,10,200,456,1000,5.323,9.832,0.5438626984126982,39.172,0.19585999999999995,5.068,0.6146218295480764,0.0,0.0
pnd,bimodal,10,200,456,1000,9.72,9.832,0.9950626984126972,76.6,0.38299999999999945,10.585,0.19745157646485567,0.0,0.0
oracle,bimodal,10,200,456,1000,9.847,9.832,1.0076150793650775,77.86,0.38929999999999954,6.913,0.2383351119734274,0.0,0.0
dcf_self_excl,bimodal,10,200,789,1000,9.785,9.798,1.005551190476188,77.244,0.3862199999999986,39.048,0.07476765588757715,0.0,0.0
ema_ad_low,bimodal,10,200,789,1000,9.971,9.798,1.0249476190476179,78.924,0.39461999999999847,19.403,0.08959422328011593,0.19690376143319419,1.7977597389980073
consec_L2,bimodal,10,200,789,1000,9.969,9.798,1.0249603174603166,78.86,0.3942999999999985,20.208,0.08321247501743484,0.17390304356391628,1.6581507348737345
and,bimodal,10,200,789,1000,5.2,9.798,0.5319674603174603,37.856,0.1892800000000001,5.182,0.6169339947602313,0.0,0.0
pnd,bimodal,10,200,789,1000,9.725,9.798,0.9995948412698398,76.516,0.3825799999999986,10.468,0.19752037691823898,0.0,0.0
oracle,bimodal,10,200,789,1000,9.837,9.798,1.0112952380952367,77.58,0.3878999999999984,6.994,0.24164818885926634,0.0,0.0
dcf_self_excl,bimodal,10,200,1234,1000,9.778,9.823,1.003140476190474,78.2,0.3909999999999993,39.28,0.07492529555953772,0.0,0.0
ema_ad_low,bimodal,10,200,1234,1000,9.948,9.823,1.0207841269841262,79.68,0.39839999999999914,19.535,0.08884007764731523,0.1957897162959641,1.7910719324972193
consec_L2,bimodal,10,200,1234,1000,9.96,9.823,1.0217654761904753,79.784,0.3989199999999992,20.467,0.08432329157288825,0.17281706565974062,1.6744549413581276
and,bimodal,10,200,1234,1000,5.176,9.823,0.5302357142857137,38.328,0.1916400000000001,4.858,0.6248882257761134,0.0,0.0
pnd,bimodal,10,200,1234,1000,9.726,9.823,0.9970186507936496,77.544,0.3877199999999993,10.438,0.19365798209341795,0.0,0.0
oracle,bimodal,10,200,1234,1000,9.815,9.823,1.0067214285714272,78.316,0.3915799999999994,7.074,0.24327520911987122,0.0,0.0
dcf_self_excl,bimodal,20,20,42,1000,1.352,1.442,0.8540666666666666,8.68,0.4340000000000007,2.876,0.16299466089466083,0.0,0.0
ema_ad_low,bimodal,20,20,42,1000,1.467,1.442,0.9321666666666668,9.164,0.45820000000000033,2.127,0.19512348484848513,0.03456603989187734,3.8783144300144254
consec_L2,bimodal,20,20,42,1000,1.448,1.442,0.9140833333333335,8.992,0.4496000000000003,2.437,0.1707410173160173,0.04057562082034031,2.409184054834055
and,bimodal,20,20,42,1000,0.047,1.442,0.03266666666666667,0.188,0.009399999999999999,0.007,0.9819999999999995,0.0,0.0
pnd,bimodal,20,20,42,1000,1.4,1.442,0.9039500000000003,8.736,0.4368000000000002,1.909,0.2152214285714289,0.0,0.0
oracle,bimodal,20,20,42,1000,1.493,1.442,0.9119166666666666,9.132,0.45659999999999973,1.37,0.2856115800865799,0.0,0.0
dcf_self_excl,bimodal,20,20,123,1000,1.313,1.457,0.7729,8.18,0.409,3.065,0.16606381673881707,0.0,0.0
ema_ad_low,bimodal,20,20,123,1000,1.492,1.457,0.8893666666666666,9.352,0.4676000000000011,2.199,0.18922240259740258,0.034555650978406446,4.074546212121209
consec_L2,bimodal,20,20,123,1000,1.43,1.457,0.8807833333333336,9.008,0.4504000000000008,2.4,0.17203239538239537,0.041976558716002796,2.208155952380952
and,bimodal,20,20,123,1000,0.045,1.457,0.026666666666666665,0.18,0.009,0.014,0.9803333333333327,0.0,0.0
pnd,bimodal,20,20,123,1000,1.448,1.457,0.8801166666666665,8.912,0.44560000000000033,1.831,0.21311865079365122,0.0,0.0
oracle,bimodal,20,20,123,1000,1.498,1.457,0.9147833333333337,9.336,0.46680000000000105,1.358,0.28791114718614746,0.0,0.0
dcf_self_excl,bimodal,20,20,456,1000,1.34,1.456,0.8296666666666677,8.368,0.41840000000000066,3.005,0.1661404040404039,0.0,0.0
ema_ad_low,bimodal,20,20,456,1000,1.525,1.456,0.9220833333333333,9.124,0.4562000000000007,2.165,0.19108152958152988,0.03480984026977071,3.9592847763347723
consec_L2,bimodal,20,20,456,1000,1.399,1.456,0.8399166666666669,8.62,0.4310000000000006,2.441,0.18093676046176033,0.04095105514434604,2.3973256493506496
and,bimodal,20,20,456,1000,0.046,1.456,0.028666666666666663,0.184,0.0092,0.011,0.9809999999999993,0.0,0.0
pnd,bimodal,20,20,456,1000,1.418,1.456,0.8600000000000008,8.928,0.4464000000000004,1.819,0.222696428571429,0.0,0.0
oracle,bimodal,20,20,456,1000,1.491,1.456,0.9165833333333336,9.228,0.4613999999999999,1.32,0.28889880952380953,0.0,0.0
dcf_self_excl,bimodal,20,20,789,1000,1.354,1.433,0.8081499999999999,8.768,0.43840000000000123,2.908,0.15957655122655115,0.0,0.0
ema_ad_low,bimodal,20,20,789,1000,1.48,1.433,0.8860333333333337,9.08,0.4539999999999999,2.129,0.19261341991341993,0.033840923032510836,3.9991800865800813
consec_L2,bimodal,20,20,789,1000,1.443,1.433,0.867566666666667,9.044,0.45220000000000043,2.334,0.17289343434343415,0.04021978752839627,2.173374025974027
and,bimodal,20,20,789,1000,0.042,1.433,0.030166666666666665,0.168,0.008400000000000003,0.007,0.983666666666666,0.0,0.0
pnd,bimodal,20,20,789,1000,1.427,1.433,0.8521666666666671,8.724,0.4362000000000004,1.865,0.22720674603174623,0.0,0.0
oracle,bimodal,20,20,789,1000,1.468,1.433,0.8890000000000003,9.16,0.4580000000000009,1.301,0.29880797258297254,0.0,0.0
dcf_self_excl,bimodal,20,20,1234,1000,1.308,1.461,0.7860333333333337,8.336,0.41680000000000045,2.967,0.16797608225108213,0.0,0.0
ema_ad_low,bimodal,20,20,1234,1000,1.487,1.461,0.8935166666666668,9.292,0.4646000000000003,2.052,0.19917788600288613,0.03468876167831829,3.84109224386724
consec_L2,bimodal,20,20,1234,1000,1.431,1.461,0.8542333333333335,8.916,0.44580000000000036,2.439,0.17112730880230867,0.040966929343806385,2.2020613275613274
and,bimodal,20,20,1234,1000,0.057,1.461,0.03233333333333333,0.228,0.011399999999999997,0.008,0.9784999999999993,0.0,0.0
pnd,bimodal,20,20,1234,1000,1.433,1.461,0.8459333333333338,8.716,0.43579999999999985,1.834,0.2244646825396829,0.0,0.0
oracle,bimodal,20,20,1234,1000,1.46,1.461,0.877233333333333,9.168,0.4584000000000007,1.361,0.29007063492063484,0.0,0.0
dcf_self_excl,bimodal,20,50,42,1000,2.999,3.361,1.0769349206349204,21.572,0.4314399999999996,7.369,0.16509671411749677,0.0,0.0
ema_ad_low,bimodal,20,50,42,1000,3.505,3.361,1.2692623015873012,25.26,0.5051999999999992,4.722,0.19951315830712174,0.027841757781145827,3.166463352076199
consec_L2,bimodal,20,50,42,1000,3.514,3.361,1.2826559523809526,25.592,0.5118399999999989,6.215,0.14894607905424545,0.03640498735055146,3.770187053533841
and,bimodal,20,50,42,1000,0.005,3.361,0.00215,0.02,0.0004,0.0,0.9991666666666666,0.0,0.0
pnd,bimodal,20,50,42,1000,3.229,3.361,1.1732261904761907,23.092,0.46183999999999914,3.594,0.2546890639589177,0.0,0.0
oracle,bimodal,20,50,42,1000,3.408,3.361,1.2326916666666667,24.04,0.4807999999999997,3.136,0.2829984477940365,0.0,0.0
dcf_self_excl,bimodal,20,50,123,1000,2.961,3.285,1.1109742063492065,21.22,0.42439999999999933,7.409,0.16726612024026952,0.0,0.0
ema_ad_low,bimodal,20,50,123,1000,3.516,3.285,1.3178960317460315,25.408,0.5081599999999997,4.799,0.19880930205415545,0.02837520410713609,3.253183961708228
consec_L2,bimodal,20,50,123,1000,3.521,3.285,1.3124658730158714,25.916,0.5183199999999983,6.231,0.14698513585358827,0.03750896709620944,3.7699642330308856
and,bimodal,20,50,123,1000,0.004,3.285,0.0018333333333333333,0.016,0.00032,0.0,0.9993333333333334,0.0,0.0
pnd,bimodal,20,50,123,1000,3.207,3.285,1.2161575396825395,22.636,0.452719999999999,3.599,0.26045884834120203,0.0,0.0
oracle,bimodal,20,50,123,1000,3.309,3.285,1.2374932539682535,23.572,0.47144000000000014,3.184,0.28534784643461164,0.0,0.0
dcf_self_excl,bimodal,20,50,456,1000,2.992,3.391,1.059723412698412,21.592,0.43184000000000017,7.367,0.16599029850998898,0.0,0.0
ema_ad_low,bimodal,20,50,456,1000,3.491,3.391,1.2484714285714282,24.876,0.4975199999999989,4.739,0.20490355334809704,0.027542569145826888,3.150661121583953
consec_L2,bimodal,20,50,456,1000,3.5,3.391,1.2507249999999985,25.512,0.5102399999999988,6.309,0.1505895110436527,0.03637850066363245,3.851504936137137
and,bimodal,20,50,456,1000,0.002,3.391,0.00045,0.008,0.00016,0.003,0.9992619047619048,0.0,0.0
pnd,bimodal,20,50,456,1000,3.191,3.391,1.1585845238095234,22.892,0.45783999999999914,3.575,0.26147668997669066,0.0,0.0
oracle,bimodal,20,50,456,1000,3.426,3.391,1.230277380952383,24.664,0.49327999999999983,3.069,0.28034020391373365,0.0,0.0
dcf_self_excl,bimodal,20,50,789,1000,3.011,3.255,1.1492373015873008,21.564,0.4312799999999991,7.338,0.1656280458447648,0.0,0.0
ema_ad_low,bimodal,20,50,789,1000,3.509,3.255,1.3328992063492069,25.356,0.507119999999999,4.505,0.2072031107809128,0.026685839510334416,3.069348345210077
consec_L2,bimodal,20,50,789,1000,3.558,3.255,1.3642420634920622,25.904,0.518079999999999,6.195,0.14744697723587127,0.03557165682039971,3.8151585825165557
and,bimodal,20,50,789,1000,0.001,3.255,0.0002,0.004,8e-05,0.001,0.9996904761904761,0.0,0.0
pnd,bimodal,20,50,789,1000,3.173,3.255,1.195837698412699,22.66,0.45319999999999944,3.596,0.2631699397824404,0.0,0.0
oracle,bimodal,20,50,789,1000,3.432,3.255,1.2955400793650806,24.112,0.48223999999999984,3.079,0.2850856782106788,0.0,0.0
dcf_self_excl,bimodal,20,50,1234,1000,2.949,3.297,1.1003166666666662,21.476,0.4295199999999998,7.262,0.16856471291417857,0.0,0.0
ema_ad_low,bimodal,20,50,1234,1000,3.457,3.297,1.2807103174603187,25.236,0.5047199999999998,4.658,0.20202240179840864,0.0273761825224789,3.216738954681371
consec_L2,bimodal,20,50,1234,1000,3.456,3.297,1.2892694444444441,25.152,0.5030399999999988,6.305,0.15265852744270506,0.03728080943184871,3.756743213201225
and,bimodal,20,50,1234,1000,0.002,3.297,0.0006666666666666666,0.008,0.00016,0.0,0.9996666666666666,0.0,0.0
pnd,bimodal,20,50,1234,1000,3.243,3.297,1.194413095238095,22.988,0.45975999999999867,3.477,0.2638108481387901,0.0,0.0
oracle,bimodal,20,50,1234,1000,3.327,3.297,1.237180952380951,24.308,0.48616,3.058,0.28738345796360515,0.0,0.0
dcf_self_excl,bimodal,20,100,42,1000,5.51,6.465,0.9689579059829052,41.912,0.41911999999999994,13.793,0.1821971313540314,0.0,0.0
ema_ad_low,bimodal,20,100,42,1000,7.071,6.465,1.2493981379731385,53.852,0.5385199999999999,9.899,0.1723628241931844,0.03102849553880744,4.093095538078739
consec_L2,bimodal,20,100,42,1000,7.09,6.465,1.2509255772005794,54.376,0.54376,13.545,0.1275000712824738,0.03935060361215175,4.5596885636446265
and,bimodal,20,100,42,1000,0.276,6.465,0.049013825063825144,1.52,0.015199999999999908,0.076,0.9621326728826781,0.0,0.0
pnd,bimodal,20,100,42,1000,6.219,6.465,1.0929157231657232,46.692,0.46691999999999895,6.395,0.26658963749064407,0.0,0.0
oracle,bimodal,20,100,42,1000,6.445,6.465,1.141620840270841,48.444,0.4844400000000006,6.056,0.27629464770409107,0.0,0.0
dcf_self_excl,bimodal,20,100,123,1000,5.585,6.424,0.9807121350871345,42.46,0.4246000000000002,13.719,0.17939230786781094,0.0,0.0
ema_ad_low,bimodal,20,100,123,1000,7.027,6.424,1.2300405178155203,54.044,0.54044,10.017,0.17193915995303277,0.0308576201152603,4.20657153478429
consec_L2,bimodal,20,100,123,1000,7.027,6.424,1.232910561660563,54.444,0.5444399999999995,13.376,0.12884313800480288,0.03810456691069949,4.633986786780272
and,bimodal,20,100,123,1000,0.283,6.424,0.04993623043623048,1.46,0.014599999999999912,0.061,0.96264646464647,0.0,0.0
pnd,bimodal,20,100,123,1000,6.175,6.424,1.0811783827283847,46.332,0.46331999999999923,6.428,0.26618815957173003,0.0,0.0
oracle,bimodal,20,100,123,1000,6.508,6.424,1.1378374764124755,49.0,0.4900000000000001,6.009,0.2733503528152578,0.0,0.0
dcf_self_excl,bimodal,20,100,456,1000,5.529,6.476,0.9769582473082474,41.956,0.41955999999999977,13.738,0.18293428226567607,0.0,0.0
ema_ad_low,bimodal,20,100,456,1000,7.01,6.476,1.2366802475302476,52.824,0.5282400000000002,10.05,0.17706059752721393,0.03065861352145313,4.122178966415892
consec_L2,bimodal,20,100,456,1000,7.042,6.476,1.2542017232767249,53.792,0.5379200000000004,13.577,0.12998036124689716,0.038888720128306686,4.629526572219782
and,bimodal,20,100,456,1000,0.27,6.476,0.0525950216450217,1.448,0.014479999999999917,0.079,0.9621064491064544,0.0,0.0
pnd,bimodal,20,100,456,1000,6.125,6.476,1.0854260378510387,46.212,0.4621199999999993,6.411,0.269364015538948,0.0,0.0
oracle,bimodal,20,100,456,1000,6.584,6.476,1.178110611610612,49.28,0.49280000000000074,5.872,0.27483909632694664,0.0,0.0
dcf_self_excl,bimodal,20,100,789,1000,5.537,6.476,0.9706644966144969,42.068,0.4206799999999999,13.822,0.18103555593530257,0.0,0.0
ema_ad_low,bimodal,20,100,789,1000,7.04,6.476,1.2343756549006566,53.608,0.5360799999999997,10.015,0.17512993102615876,0.030779010731083484,4.074560133671141
consec_L2,bimodal,20,100,789,1000,7.279,6.476,1.2879828310578332,55.444,0.5544399999999999,13.293,0.12472145963198988,0.038481273886662996,4.496263239872149
and,bimodal,20,100,789,1000,0.266,6.476,0.05197071817071827,1.448,0.01447999999999991,0.073,0.9632045454545507,0.0,0.0
pnd,bimodal,20,100,789,1000,6.158,6.476,1.0829984903984902,46.624,0.466239999999999,6.384,0.26936928942535293,0.0,0.0
oracle,bimodal,20,100,789,1000,6.512,6.476,1.143784143634143,48.904,0.4890399999999996,6.058,0.27367121575256254,0.0,0.0
dcf_self_excl,bimodal,20,100,1234,1000,5.457,6.416,0.9899747169497176,41.78,0.41779999999999984,13.646,0.18390196104297474,0.0,0.0
ema_ad_low,bimodal,20,100,1234,1000,7.023,6.416,1.2588573371073402,53.692,0.5369199999999994,10.075,0.1715855443765133,0.030921607889073582,4.197678763114793
consec_L2,bimodal,20,100,1234,1000,7.211,6.416,1.3045934565434572,54.828,0.5482800000000005,13.511,0.12539948267433607,0.038931623367713046,4.54575916020023
and,bimodal,20,100,1234,1000,0.244,6.416,0.05018685481185489,1.304,0.013039999999999934,0.079,0.9646590909090956,0.0,0.0
pnd,bimodal,20,100,1234,1000,6.157,6.416,1.108620326895328,46.46,0.46459999999999907,6.412,0.267293240796672,0.0,0.0
oracle,bimodal,20,100,1234,1000,6.477,6.416,1.1683902430902442,49.412,0.49411999999999967,5.948,0.2746075371097878,0.0,0.0
dcf_self_excl,bimodal,20,200,42,1000,11.411,12.813,0.934053555208121,88.892,0.44445999999999924,34.084,0.1410441084465048,0.0,0.0
ema_ad_low,bimodal,20,200,42,1000,14.493,12.813,1.1909191735466125,112.476,0.5623800000000007,23.15,0.14274036972275936,0.05573893157936696,4.87181122942908
consec_L2,bimodal,20,200,42,1000,14.512,12.813,1.191986275390416,113.36,0.5667999999999999,29.161,0.11052229928507479,0.058584119640137176,4.072467406946974
and,bimodal,20,200,42,1000,0.583,12.813,0.049846402595512686,3.5,0.017499999999999884,0.131,0.9610548859035768,0.0,0.0
pnd,bimodal,20,200,42,1000,12.296,12.813,1.0046788502562103,94.976,0.4748799999999998,12.535,0.26496085573974104,0.0,0.0
oracle,bimodal,20,200,42,1000,12.884,12.813,1.05904913356767,99.192,0.49595999999999996,11.826,0.2649470665422761,0.0,0.0
dcf_self_excl,bimodal,20,200,123,1000,11.479,12.686,0.9585894867902988,89.916,0.4495799999999995,33.883,0.13935509426165343,0.0,0.0
ema_ad_low,bimodal,20,200,123,1000,14.333,12.686,1.1967390484945053,112.596,0.5629800000000007,22.773,0.14602677793390673,0.053347173445861214,4.983614822465589
consec_L2,bimodal,20,200,123,1000,14.45,12.686,1.2080157708089978,113.36,0.5668,29.013,0.11051610688061198,0.05871072278104138,4.071435798809125
and,bimodal,20,200,123,1000,0.616,12.686,0.05272877105264901,3.592,0.01795999999999987,0.16,0.9577718557758093,0.0,0.0
pnd,bimodal,20,200,123,1000,12.286,12.686,1.0273451337620052,95.288,0.4764399999999995,12.51,0.2631962275978399,0.0,0.0
oracle,bimodal,20,200,123,1000,12.801,12.686,1.0724142090279858,99.212,0.49605999999999995,11.523,0.26929795642979126,0.0,0.0
dcf_self_excl,bimodal,20,200,456,1000,11.485,12.916,0.9276907324959183,89.452,0.4472599999999989,34.01,0.1400068521376834,0.0,0.0
ema_ad_low,bimodal,20,200,456,1000,14.364,12.916,1.1629015705613637,110.808,0.5540400000000008,22.913,0.14759727207236303,0.05334090072276178,4.928410274299166
consec_L2,bimodal,20,200,456,1000,14.568,12.916,1.1793630893401412,113.096,0.5654800000000005,29.131,0.11026306349809556,0.05933056296967517,4.0762198577941975
and,bimodal,20,200,456,1000,0.598,12.916,0.04956488593965395,3.552,0.017759999999999877,0.185,0.9576069062389493,0.0,0.0
pnd,bimodal,20,200,456,1000,12.255,12.916,0.9919071741425066,94.644,0.4732199999999996,12.576,0.26686509141134257,0.0,0.0
oracle,bimodal,20,200,456,1000,12.978,12.916,1.0518648620299547,99.752,0.49875999999999987,11.422,0.2675796931153911,0.0,0.0
dcf_self_excl,bimodal,20,200,789,1000,11.512,12.822,0.9530395493953934,88.968,0.44483999999999957,34.511,0.13885780081347743,0.0,0.0
ema_ad_low,bimodal,20,200,789,1000,14.415,12.822,1.193911720799839,111.98,0.5599000000000003,23.053,0.14645311826236823,0.05456338684609459,4.896586458991451
consec_L2,bimodal,20,200,789,1000,14.654,12.822,1.2152247926308286,114.048,0.5702400000000001,29.011,0.10882380500320123,0.05939021112392835,3.9819052409426
and,bimodal,20,200,789,1000,0.595,12.822,0.050539548695199034,3.452,0.017259999999999883,0.156,0.9590139249639315,0.0,0.0
pnd,bimodal,20,200,789,1000,12.319,12.822,1.0195975302045726,95.124,0.4756199999999998,12.672,0.2651310655189368,0.0,0.0
oracle,bimodal,20,200,789,1000,12.88,12.822,1.0674628027330426,99.28,0.49640000000000023,11.613,0.26774772735849384,0.0,0.0
dcf_self_excl,bimodal,20,200,1234,1000,11.281,12.693,0.943452502421038,88.324,0.44161999999999946,33.727,0.14434778598990813,0.0,0.0
ema_ad_low,bimodal,20,200,1234,1000,14.424,12.693,1.206521316862531,112.92,0.5646000000000005,22.713,0.14409865578011413,0.054183223686926664,4.897769876057774
consec_L2,bimodal,20,200,1234,1000,14.657,12.693,1.2231402791609847,114.452,0.5722600000000007,28.895,0.10812121530708109,0.059434348416706535,3.9974886833194017
and,bimodal,20,200,1234,1000,0.611,12.693,0.05375526829551621,3.644,0.01821999999999988,0.162,0.957859058631434,0.0,0.0
pnd,bimodal,20,200,1234,1000,12.289,12.693,1.0281940607466151,95.42,0.4770999999999996,12.39,0.26564883567083736,0.0,0.0
oracle,bimodal,20,200,1234,1000,12.856,12.693,1.0761223893366698,99.8,0.49899999999999967,11.653,0.267077358636722,0.0,0.0
dcf_self_excl,bimodal,30,20,42,1000,1.309,1.434,0.7965166666666667,8.532,0.42660000000000076,2.953,0.16282077922077928,0.0,0.0
ema_ad_low,bimodal,30,20,42,1000,1.443,1.434,0.8691333333333333,8.94,0.4470000000000009,2.141,0.1990612554112556,0.02045262315809341,6.2250581890331915
consec_L2,bimodal,30,20,42,1000,1.41,1.434,0.8436833333333336,8.888,0.4444000000000003,2.366,0.17614509379509402,0.025655140572025635,3.3554408730158736
and,bimodal,30,20,42,1000,0.001,1.434,0.001,0.004,0.0002,0.0,0.9996666666666667,0.0,0.0
pnd,bimodal,30,20,42,1000,1.423,1.434,0.8648666666666669,8.844,0.44219999999999976,1.902,0.21272063492063523,0.0,0.0
oracle,bimodal,30,20,42,1000,1.444,1.434,0.8840500000000002,9.0,0.4500000000000001,1.436,0.2831892857142854,0.0,0.0
dcf_self_excl,bimodal,30,20,123,1000,1.326,1.41,0.8021,8.56,0.4280000000000004,2.963,0.1621595959595958,0.0,0.0
ema_ad_low,bimodal,30,20,123,1000,1.453,1.41,0.8983499999999998,9.148,0.45740000000000086,2.152,0.19470248917748942,0.021110130598176426,6.374924531024531
consec_L2,bimodal,30,20,123,1000,1.446,1.41,0.893116666666667,8.88,0.4440000000000001,2.356,0.1780974386724386,0.026256741978008338,3.3522655844155853
and,bimodal,30,20,123,1000,0.004,1.41,0.0025,0.016,0.0008,0.0,0.9986666666666667,0.0,0.0
pnd,bimodal,30,20,123,1000,1.378,1.41,0.8438666666666667,8.528,0.4263999999999995,1.801,0.22889246031746044,0.0,0.0
oracle,bimodal,30,20,123,1000,1.522,1.41,0.9351833333333336,9.504,0.47520000000000034,1.332,0.2794499999999998,0.0,0.0
dcf_self_excl,bimodal,30,20,456,1000,1.309,1.457,0.7958333333333335,8.228,0.41140000000000054,2.983,0.1686397186147185,0.0,0.0
ema_ad_low,bimodal,30,20,456,1000,1.484,1.457,0.8999000000000001,9.28,0.4640000000000005,1.956,0.19953780663780693,0.020468550826088366,6.012824747474745
consec_L2,bimodal,30,20,456,1000,1.402,1.457,0.8400833333333334,8.584,0.42920000000000014,2.46,0.17518279220779218,0.025576929302262952,3.5441834415584417
and,bimodal,30,20,456,1000,0.003,1.457,0.0008333333333333333,0.012,0.0006000000000000001,0.0,0.999,0.0,0.0
pnd,bimodal,30,20,456,1000,1.348,1.457,0.819816666666667,8.472,0.4235999999999999,1.901,0.22850119047619058,0.0,0.0
oracle,bimodal,30,20,456,1000,1.447,1.457,0.8583500000000005,9.252,0.4626000000000006,1.288,0.30189256854256835,0.0,0.0
dcf_self_excl,bimodal,30,20,789,1000,1.346,1.417,0.8129999999999998,8.504,0.4252000000000004,3.013,0.16283639693639687,0.0,0.0
ema_ad_low,bimodal,30,20,789,1000,1.463,1.417,0.88475,9.1,0.4550000000000008,2.054,0.2035454184704184,0.02068680913388897,6.011714177489179
consec_L2,bimodal,30,20,789,1000,1.391,1.417,0.8432500000000002,8.924,0.44620000000000115,2.392,0.17542539682539676,0.025446809278453233,3.4070766955266953
and,bimodal,30,20,789,1000,0.004,1.417,0.003,0.016,0.0008,0.001,0.9983333333333333,0.0,0.0
pnd,bimodal,30,20,789,1000,1.404,1.417,0.8400000000000002,8.4,0.4199999999999996,1.843,0.23007341269841278,0.0,0.0
oracle,bimodal,30,20,789,1000,1.437,1.417,0.8685000000000005,8.828,0.4414000000000002,1.303,0.3040999999999998,0.0,0.0
dcf_self_excl,bimodal,30,20,1234,1000,1.37,1.503,0.8331833333333335,8.728,0.4364000000000009,2.975,0.16070144300144304,0.0,0.0
ema_ad_low,bimodal,30,20,1234,1000,1.508,1.503,0.8951333333333339,9.288,0.4644000000000003,2.102,0.1965522727272732,0.021465869230363616,5.938227922077923
consec_L2,bimodal,30,20,1234,1000,1.409,1.503,0.8405499999999999,8.98,0.44900000000000045,2.385,0.17602759740259738,0.02585283474628445,3.3881812049062066
and,bimodal,30,20,1234,1000,0.002,1.503,0.0015,0.008,0.0004,0.001,0.999,0.0,0.0
pnd,bimodal,30,20,1234,1000,1.435,1.503,0.8809999999999998,8.652,0.43259999999999976,1.899,0.221969047619048,0.0,0.0
oracle,bimodal,30,20,1234,1000,1.413,1.503,0.8341999999999999,9.004,0.4502000000000006,1.448,0.28828178210678207,0.0,0.0
dcf_self_excl,bimodal,30,50,42,1000,3.015,3.316,1.115562698412699,22.076,0.4415200000000002,7.42,0.16211674775602858,0.0,0.0
ema_ad_low,bimodal,30,50,42,1000,3.435,3.316,1.279280952380952,24.916,0.49831999999999904,4.499,0.20903146159396224,0.015730117945719505,5.485914395326895
consec_L2,bimodal,30,50,42,1000,3.461,3.316,1.2725630952380946,25.052,0.5010399999999985,6.352,0.1535096738083421,0.022859555259591265,5.889767770705014
and,bimodal,30,50,42,1000,0.0,3.316,0.0,0.0,0.0,0.0,1.0,0.0,0.0
pnd,bimodal,30,50,42,1000,3.226,3.316,1.1865218253968244,23.152,0.4630399999999998,3.419,0.25934293729146735,0.0,0.0
oracle,bimodal,30,50,42,1000,3.324,3.316,1.2325718253968247,23.904,0.47808,3.159,0.2868760991029955,0.0,0.0
dcf_self_excl,bimodal,30,50,123,1000,2.96,3.215,1.1116023809523812,21.248,0.4249599999999995,7.585,0.1619864851078244,0.0,0.0
ema_ad_low,bimodal,30,50,123,1000,3.477,3.215,1.3026738095238088,25.404,0.508079999999999,4.479,0.2047631601413726,0.015735314117651226,5.429575202927451
consec_L2,bimodal,30,50,123,1000,3.502,3.215,1.3234988095238087,25.432,0.5086399999999983,6.191,0.1499851265347856,0.022579079304307866,5.841983877113604
and,bimodal,30,50,123,1000,0.0,3.215,0.0,0.0,0.0,0.0,1.0,0.0,0.0
pnd,bimodal,30,50,123,1000,3.169,3.215,1.203638095238096,22.532,0.45063999999999965,3.471,0.269911975743555,0.0,0.0
oracle,bimodal,30,50,123,1000,3.383,3.215,1.2664845238095244,24.292,0.485839999999999,3.153,0.2806672856941828,0.0,0.0
dcf_self_excl,bimodal,30,50,456,1000,2.982,3.337,1.077927777777777,21.384,0.4276800000000003,7.422,0.16715523486213105,0.0,0.0
ema_ad_low,bimodal,30,50,456,1000,3.439,3.337,1.2557138888888877,24.492,0.4898399999999988,4.298,0.21868836846847736,0.015727219138711546,5.054235471979865
consec_L2,bimodal,30,50,456,1000,3.496,3.337,1.2680658730158731,25.368,0.507359999999998,6.046,0.1516147440348128,0.022163330827664814,5.772409392673931
and,bimodal,30,50,456,1000,0.0,3.337,0.0,0.0,0.0,0.0,1.0,0.0,0.0
pnd,bimodal,30,50,456,1000,3.104,3.337,1.1298857142857128,22.504,0.4500799999999995,3.53,0.2699404345654354,0.0,0.0
oracle,bimodal,30,50,456,1000,3.361,3.337,1.22771507936508,24.204,0.48407999999999907,3.143,0.28593527567204086,0.0,0.0
dcf_self_excl,bimodal,30,50,789,1000,3.072,3.29,1.1288476190476182,21.944,0.43887999999999927,7.53,0.15889772645655095,0.0,0.0
ema_ad_low,bimodal,30,50,789,1000,3.419,3.29,1.2610714285714284,24.46,0.48919999999999875,4.456,0.21738314136843637,0.015788807152559283,5.38719917239623
consec_L2,bimodal,30,50,789,1000,3.538,3.29,1.2926976190476187,25.576,0.5115199999999988,6.248,0.15022946137110285,0.022551083291585138,5.761886272881743
and,bimodal,30,50,789,1000,0.0,3.29,0.0,0.0,0.0,0.0,1.0,0.0,0.0
pnd,bimodal,30,50,789,1000,3.189,3.29,1.1771785714285716,22.316,0.4463199999999994,3.428,0.27005200355200426,0.0,0.0
oracle,bimodal,30,50,789,1000,3.278,3.29,1.1765833333333335,23.464,0.4692799999999995,3.187,0.2884680534334948,0.0,0.0
dcf_self_excl,bimodal,30,50,1234,1000,3.063,3.378,1.070048015873016,22.156,0.44312000000000024,7.426,0.16078428184564347,0.0,0.0
ema_ad_low,bimodal,30,50,1234,1000,3.436,3.378,1.2170238095238093,24.968,0.499359999999999,4.472,0.21008046504149486,0.015485001100895505,5.355033479265826
consec_L2,bimodal,30,50,1234,1000,3.405,3.378,1.1956238095238094,24.948,0.4989599999999986,6.224,0.15444435878878682,0.022611511647243187,5.963315076478384
and,bimodal,30,50,1234,1000,0.0,3.378,0.0,0.0,0.0,0.0,1.0,0.0,0.0
pnd,bimodal,30,50,1234,1000,3.194,3.378,1.1221841269841262,22.808,0.4561599999999991,3.406,0.2652781510972694,0.0,0.0
oracle,bimodal,30,50,1234,1000,3.265,3.378,1.1508853174603169,23.924,0.4784799999999998,3.108,0.29011994500597477,0.0,0.0
dcf_self_excl,bimodal,30,100,42,1000,5.66,6.374,1.0111772477522476,42.784,0.4278399999999994,14.137,0.17453666960576308,0.0,0.0
ema_ad_low,bimodal,30,100,42,1000,6.981,6.374,1.237745587745587,53.18,0.5318,9.185,0.1844231168007005,0.015879496164914995,6.452919537977788
consec_L2,bimodal,30,100,42,1000,6.975,6.374,1.2392185786435816,53.228,0.5322799999999996,13.271,0.13378495458092496,0.022506229382694906,7.3002362256873
and,bimodal,30,100,42,1000,0.067,6.374,0.011622655122655118,0.292,0.0029200000000000016,0.018,0.9905555555555573,0.0,0.0
pnd,bimodal,30,100,42,1000,5.995,6.374,1.0696668914418914,45.5,0.4549999999999992,6.16,0.27769897082111394,0.0,0.0
oracle,bimodal,30,100,42,1000,6.357,6.374,1.121976234876235,48.06,0.4806,6.215,0.27523213207077163,0.0,0.0
dcf_self_excl,bimodal,30,100,123,1000,5.539,6.37,0.9864032967032955,42.348,0.42347999999999986,14.126,0.17483529330726597,0.0,0.0
ema_ad_low,bimodal,30,100,123,1000,6.923,6.37,1.2359810273060288,53.396,0.5339599999999997,9.161,0.18584115267157295,0.01574185713707165,6.442044931672431
consec_L2,bimodal,30,100,123,1000,6.99,6.37,1.2469297147297176,53.488,0.5348799999999999,13.066,0.13393765950808761,0.022669471043435176,7.213043677218245
and,bimodal,30,100,123,1000,0.081,6.37,0.015111147186147174,0.356,0.003560000000000003,0.012,0.9897070707070724,0.0,0.0
pnd,bimodal,30,100,123,1000,6.09,6.37,1.0929826229326236,46.088,0.46087999999999935,6.124,0.274296562492139,0.0,0.0
oracle,bimodal,30,100,123,1000,6.35,6.37,1.143575735375736,48.16,0.4815999999999989,5.999,0.2795350463419299,0.0,0.0
dcf_self_excl,bimodal,30,100,456,1000,5.669,6.49,0.9962399572649556,42.62,0.4262,14.259,0.1733746430197482,0.0,0.0
ema_ad_low,bimodal,30,100,456,1000,6.943,6.49,1.2161243062493077,52.716,0.5271599999999999,9.057,0.18904782077019877,0.01579836429620257,6.1420196236006195
consec_L2,bimodal,30,100,456,1000,7.061,6.49,1.2331782301032326,53.476,0.5347599999999999,13.097,0.13406267688455695,0.022611395238139875,7.166674384171545
and,bimodal,30,100,456,1000,0.09,6.49,0.01592622655122654,0.424,0.0042400000000000024,0.016,0.9882424242424261,0.0,0.0
pnd,bimodal,30,100,456,1000,5.965,6.49,1.0396678932178935,45.228,0.45227999999999924,6.171,0.28153285878452605,0.0,0.0
oracle,bimodal,30,100,456,1000,6.457,6.49,1.1271294982794986,48.636,0.4863600000000002,6.094,0.2766255796919298,0.0,0.0
dcf_self_excl,bimodal,30,100,789,1000,5.594,6.325,0.9944769425019421,42.104,0.4210399999999996,14.304,0.17413620124072296,0.0,0.0
ema_ad_low,bimodal,30,100,789,1000,6.899,6.325,1.2227559107559125,51.964,0.5196399999999994,9.108,0.1931641156716474,0.01575389940566211,6.3362778051159685
consec_L2,bimodal,30,100,789,1000,7.126,6.325,1.2688165029415033,54.272,0.54272,13.184,0.1323003315532088,0.022494605382916456,7.113817211053881
and,bimodal,30,100,789,1000,0.075,6.325,0.014416341991341989,0.332,0.003320000000000002,0.013,0.990222222222224,0.0,0.0
pnd,bimodal,30,100,789,1000,6.063,6.325,1.080489804639804,45.044,0.4504399999999993,6.215,0.27992973004452587,0.0,0.0
oracle,bimodal,30,100,789,1000,6.389,6.325,1.1380577478077483,48.188,0.48188000000000003,6.079,0.2769607441905423,0.0,0.0
dcf_self_excl,bimodal,30,100,1234,1000,5.624,6.443,0.9869822483072485,43.176,0.43175999999999987,14.047,0.17448897459797696,0.0,0.0
ema_ad_low,bimodal,30,100,1234,1000,6.904,6.443,1.1993193584193593,52.936,0.5293599999999995,9.117,0.1880846035759963,0.015637131100746698,6.298620117069505
consec_L2,bimodal,30,100,1234,1000,7.01,6.443,1.2273212537462552,53.544,0.5354399999999998,13.281,0.13288554030932428,0.022464186298947416,7.385193224757878
and,bimodal,30,100,1234,1000,0.085,6.443,0.014561183261183254,0.356,0.0035600000000000024,0.025,0.9877979797979818,0.0,0.0
pnd,bimodal,30,100,1234,1000,6.049,6.443,1.0595964257964248,45.46,0.4545999999999992,6.227,0.277199452612357,0.0,0.0
oracle,bimodal,30,100,1234,1000,6.327,6.443,1.1145283466533455,48.3,0.482999999999999,6.073,0.2778903034636556,0.0,0.0
dcf_self_excl,bimodal,30,200,42,1000,10.495,12.544,0.8834533517799477,81.34,0.4066999999999991,27.382,0.18785936458917352,0.0,0.0
ema_ad_low,bimodal,30,200,42,1000,14.04,12.544,1.177279058891672,109.176,0.545880000000001,19.815,0.17009012231447102,0.019420557758001455,8.202127970839477
consec_L2,bimodal,30,200,42,1000,14.157,12.544,1.1918366550568538,110.716,0.553580000000001,27.722,0.12218001236602992,0.026289556674421587,7.108987581914195
and,bimodal,30,200,42,1000,0.164,12.544,0.014599988633657364,0.744,0.003720000000000003,0.033,0.9890611111111131,0.0,0.0
pnd,bimodal,30,200,42,1000,11.76,12.544,0.9878475787561023,90.984,0.4549199999999992,11.628,0.2860113985719511,0.0,0.0
oracle,bimodal,30,200,42,1000,12.6,12.544,1.0585621372140512,97.992,0.48995999999999973,12.114,0.26798191883649164,0.0,0.0
dcf_self_excl,bimodal,30,200,123,1000,10.346,12.481,0.8742460545082262,81.072,0.40535999999999933,27.138,0.18858994260320688,0.0,0.0
ema_ad_low,bimodal,30,200,123,1000,13.866,12.481,1.1696024673975085,109.0,0.5450000000000005,19.593,0.17223932711336334,0.019537588742846196,8.201984580498252
consec_L2,bimodal,30,200,123,1000,14.201,12.481,1.1958894920728542,111.332,0.5566600000000003,27.567,0.12130360926846542,0.026153910523882436,7.147185212527944
and,bimodal,30,200,123,1000,0.168,12.481,0.015071371009451499,0.768,0.003840000000000003,0.034,0.9887833333333355,0.0,0.0
pnd,bimodal,30,200,123,1000,11.872,12.481,1.0043227002135535,92.52,0.46259999999999984,11.641,0.2816303180753049,0.0,0.0
oracle,bimodal,30,200,123,1000,12.403,12.481,1.0474310783936807,97.004,0.48501999999999973,11.768,0.27575892600831875,0.0,0.0
dcf_self_excl,bimodal,30,200,456,1000,10.553,12.658,0.8808274906981555,81.356,0.4067799999999997,27.664,0.18584548790111521,0.0,0.0
ema_ad_low,bimodal,30,200,456,1000,13.919,12.658,1.1630003079093263,108.716,0.5435800000000012,19.624,0.17208856758052993,0.01928245209986674,8.017497135058896
consec_L2,bimodal,30,200,456,1000,14.369,12.658,1.199834894796467,111.604,0.5580200000000004,27.762,0.12007122529074903,0.026489838790510454,7.020270838913044
and,bimodal,30,200,456,1000,0.149,12.658,0.012706837400645446,0.692,0.0034600000000000026,0.046,0.9891780701754406,0.0,0.0
pnd,bimodal,30,200,456,1000,11.76,12.658,0.9833440401188068,91.248,0.45623999999999904,11.758,0.28606407666870276,0.0,0.0
oracle,bimodal,30,200,456,1000,12.7,12.658,1.058456384710061,97.936,0.48967999999999934,11.985,0.26997211417631817,0.0,0.0
dcf_self_excl,bimodal,30,200,789,1000,10.495,12.51,0.8854705363527529,80.9,0.40449999999999875,27.451,0.1876166351892355,0.0,0.0
ema_ad_low,bimodal,30,200,789,1000,14.0,12.51,1.1810848816694597,108.624,0.54312,19.911,0.17186605253077028,0.019600829015496486,8.17505693908172
consec_L2,bimodal,30,200,789,1000,14.352,12.51,1.2115145160873304,111.6,0.5580000000000009,27.786,0.1212590935415637,0.02637707591498871,7.041538465573342
and,bimodal,30,200,789,1000,0.164,12.51,0.014377796425280944,0.728,0.0036400000000000026,0.027,0.989400000000002,0.0,0.0
pnd,bimodal,30,200,789,1000,11.86,12.51,1.0006175722243318,90.856,0.45427999999999985,11.814,0.28516998915702335,0.0,0.0
oracle,bimodal,30,200,789,1000,12.483,12.51,1.0532643280441905,96.572,0.48285999999999946,11.772,0.27600252069708103,0.0,0.0
dcf_self_excl,bimodal,30,200,1234,1000,10.646,12.657,0.8909223824544463,83.352,0.4167599999999987,27.361,0.1849720172668714,0.0,0.0
ema_ad_low,bimodal,30,200,1234,1000,13.825,12.657,1.1582487990376311,108.3,0.5415000000000006,19.723,0.17357307978402836,0.01917536455049705,8.253788131314439
consec_L2,bimodal,30,200,1234,1000,14.25,12.657,1.188053874751615,111.432,0.55716,27.692,0.12114810657887039,0.026052777196587634,7.135359779075384
and,bimodal,30,200,1234,1000,0.158,12.657,0.013674246831599766,0.712,0.003560000000000003,0.029,0.989611111111113,0.0,0.0
pnd,bimodal,30,200,1234,1000,11.831,12.657,0.9856962738518946,91.988,0.4599399999999993,11.798,0.2829945454158467,0.0,0.0
oracle,bimodal,30,200,1234,1000,12.539,12.657,1.0495483176541007,97.516,0.48757999999999935,12.019,0.27146870627358827,0.0,0.0
dcf_self_excl,bimodal,50,20,42,1000,1.343,1.441,0.8224500000000005,8.412,0.42060000000000075,2.974,0.16776093073593096,0.0,0.0
ema_ad_low,bimodal,50,20,42,1000,1.436,1.441,0.886666666666667,8.936,0.44680000000000075,1.981,0.2125751082251083,0.01163415748003791,10.464720995670993
consec_L2,bimodal,50,20,42,1000,1.46,1.441,0.887866666666667,9.144,0.45720000000000044,2.278,0.17895259740259753,0.014528039103711728,5.427454653679657
and,bimodal,50,20,42,1000,0.0,1.441,0.0,0.0,0.0,0.0,1.0,0.0,0.0
pnd,bimodal,50,20,42,1000,1.443,1.441,0.8657666666666668,8.94,0.44699999999999956,1.783,0.22086666666666696,0.0,0.0
oracle,bimodal,50,20,42,1000,1.373,1.441,0.8432000000000003,8.684,0.4342,1.441,0.30144375901875853,0.0,0.0
dcf_self_excl,bimodal,50,20,123,1000,1.309,1.434,0.7749166666666667,8.46,0.42300000000000015,3.011,0.1647512987012988,0.0,0.0
ema_ad_low,bimodal,50,20,123,1000,1.518,1.434,0.9087500000000003,9.312,0.4656000000000004,2.005,0.2025623376623379,0.011573268675950136,10.010082178932171
consec_L2,bimodal,50,20,123,1000,1.423,1.434,0.86325,8.868,0.44340000000000035,2.337,0.18059642857142869,0.014891180219003918,5.700269372294373
and,bimodal,50,20,123,1000,0.0,1.434,0.0,0.0,0.0,0.0,1.0,0.0,0.0
pnd,bimodal,50,20,123,1000,1.398,1.434,0.8645833333333333,8.832,0.4416000000000007,1.843,0.22467658730158735,0.0,0.0
oracle,bimodal,50,20,123,1000,1.407,1.434,0.8587500000000002,8.564,0.4282000000000001,1.385,0.3011365079365075,0.0,0.0
dcf_self_excl,bimodal,50,20,456,1000,1.283,1.511,0.7953333333333336,8.028,0.4014000000000005,2.986,0.17665768398268394,0.0,0.0
ema_ad_low,bimodal,50,20,456,1000,1.457,1.511,0.8642833333333331,9.004,0.4502000000000005,1.971,0.2118382034632034,0.011565650095753164,10.309406349206345
consec_L2,bimodal,50,20,456,1000,1.415,1.511,0.8546500000000006,8.724,0.43619999999999987,2.384,0.17759310966810987,0.014727285659131582,5.6358755411255395
and,bimodal,50,20,456,1000,0.0,1.511,0.0,0.0,0.0,0.0,1.0,0.0,0.0
pnd,bimodal,50,20,456,1000,1.421,1.511,0.8499000000000001,8.748,0.43740000000000007,1.899,0.22324606782106823,0.0,0.0
oracle,bimodal,50,20,456,1000,1.467,1.511,0.8956500000000001,8.956,0.44780000000000025,1.394,0.2901909812409807,0.0,0.0
dcf_self_excl,bimodal,50,20,789,1000,1.257,1.462,0.7702500000000001,8.38,0.4190000000000008,2.987,0.1663916056166056,0.0,0.0
ema_ad_low,bimodal,50,20,789,1000,1.417,1.462,0.8804000000000007,8.732,0.43660000000000043,1.964,0.2216647907647909,0.01139208975212631,10.344871897546884
consec_L2,bimodal,50,20,789,1000,1.444,1.462,0.896166666666667,8.952,0.44760000000000044,2.361,0.17888113275613274,0.014621555879431336,5.8114051948051975
and,bimodal,50,20,789,1000,0.0,1.462,0.0,0.0,0.0,0.0,1.0,0.0,0.0
pnd,bimodal,50,20,789,1000,1.36,1.462,0.8452833333333332,8.464,0.4231999999999998,1.854,0.22966468253968292,0.0,0.0
oracle,bimodal,50,20,789,1000,1.397,1.462,0.8521666666666668,8.708,0.4353999999999996,1.315,0.30624848484848427,0.0,0.0
dcf_self_excl,bimodal,50,20,1234,1000,1.281,1.468,0.7912499999999998,8.332,0.41660000000000047,2.983,0.16919562104562058,0.0,0.0
ema_ad_low,bimodal,50,20,1234,1000,1.454,1.468,0.8722500000000002,9.008,0.45040000000000024,2.044,0.20496349206349204,0.011342224940236704,10.345260714285711
consec_L2,bimodal,50,20,1234,1000,1.436,1.468,0.8855833333333332,8.92,0.44600000000000034,2.368,0.18057644300144288,0.014235270088815146,5.8131367965367975
and,bimodal,50,20,1234,1000,0.0,1.468,0.0,0.0,0.0,0.0,1.0,0.0,0.0
pnd,bimodal,50,20,1234,1000,1.391,1.468,0.8513333333333338,8.524,0.4262000000000004,1.776,0.22940793650793712,0.0,0.0
oracle,bimodal,50,20,1234,1000,1.466,1.468,0.881916666666667,9.208,0.4604000000000006,1.414,0.28908023088023066,0.0,0.0
dcf_self_excl,bimodal,50,50,42,1000,3.033,3.309,1.0989765873015862,21.676,0.4335200000000002,7.524,0.16136472333547378,0.0,0.0
ema_ad_low,bimodal,50,50,42,1000,3.402,3.309,1.2383634920634912,24.488,0.48975999999999953,4.107,0.22828636722754422,0.007932705950700676,11.591210500447259
consec_L2,bimodal,50,50,42,1000,3.425,3.309,1.2422234126984126,24.764,0.4952799999999989,6.173,0.157915967370264,0.012826814608165187,9.852539573618683
and,bimodal,50,50,42,1000,0.0,3.309,0.0,0.0,0.0,0.0,1.0,0.0,0.0
pnd,bimodal,50,50,42,1000,3.156,3.309,1.1612880952380942,22.624,0.45247999999999994,3.386,0.2678189255189263,0.0,0.0
oracle,bimodal,50,50,42,1000,3.304,3.309,1.189255555555555,23.576,0.47152000000000005,3.238,0.2861264361455536,0.0,0.0
dcf_self_excl,bimodal,50,50,123,1000,3.012,3.35,1.0624404761904767,21.88,0.4375999999999995,7.624,0.15726981392491457,0.0,0.0
ema_ad_low,bimodal,50,50,123,1000,3.386,3.35,1.1700119047619044,24.408,0.4881599999999987,4.218,0.22557854490281024,0.008027090553213566,11.679502144832288
consec_L2,bimodal,50,50,123,1000,3.471,3.35,1.2054999999999996,24.916,0.4983199999999981,6.079,0.15605422617458298,0.012804342946619031,9.920454872307769
and,bimodal,50,50,123,1000,0.0,3.35,0.0,0.0,0.0,0.0,1.0,0.0,0.0
pnd,bimodal,50,50,123,1000,3.215,3.35,1.1204547619047625,23.124,0.46247999999999967,3.444,0.2619051837051842,0.0,0.0
oracle,bimodal,50,50,123,1000,3.264,3.35,1.1538904761904765,23.4,0.46800000000000014,3.24,0.2907231051628113,0.0,0.0
dcf_self_excl,bimodal,50,50,456,1000,2.973,3.359,1.0724809523809524,21.404,0.4280799999999998,7.659,0.16219779436100673,0.0,0.0
ema_ad_low,bimodal,50,50,456,1000,3.363,3.359,1.2060892857142855,24.372,0.4874399999999992,4.192,0.22731828073457364,0.008026919263562242,11.667722567001281
consec_L2,bimodal,50,50,456,1000,3.504,3.359,1.255346428571429,25.64,0.5127999999999993,5.958,0.15347157376077747,0.012607682932782496,9.514376650078498
and,bimodal,50,50,456,1000,0.0,3.359,0.0,0.0,0.0,0.0,1.0,0.0,0.0
pnd,bimodal,50,50,456,1000,3.122,3.359,1.1132642857142847,22.472,0.4494399999999994,3.449,0.26797916250416315,0.0,0.0
oracle,bimodal,50,50,456,1000,3.254,3.359,1.164113095238095,23.416,0.46831999999999935,3.183,0.2961717846481008,0.0,0.0
dcf_self_excl,bimodal,50,50,789,1000,2.987,3.335,1.0706285714285708,21.836,0.4367200000000005,7.624,0.15873373086434137,0.0,0.0
ema_ad_low,bimodal,50,50,789,1000,3.331,3.335,1.2089380952380937,24.036,0.4807199999999997,4.056,0.23476882904677063,0.008009208334726868,11.395840436605875
consec_L2,bimodal,50,50,789,1000,3.419,3.335,1.236059523809523,24.588,0.49175999999999825,6.129,0.1602496112461677,0.012655614528549738,10.070586078614372
and,bimodal,50,50,789,1000,0.0,3.335,0.0,0.0,0.0,0.0,1.0,0.0,0.0
pnd,bimodal,50,50,789,1000,3.153,3.335,1.1448047619047637,22.532,0.450639999999999,3.433,0.2678247016872022,0.0,0.0
oracle,bimodal,50,50,789,1000,3.239,3.335,1.1804642857142844,23.356,0.4671199999999993,3.197,0.2911096440109603,0.0,0.0
dcf_self_excl,bimodal,50,50,1234,1000,3.047,3.363,1.0980595238095232,22.084,0.4416799999999996,7.618,0.15685127471427832,0.0,0.0
ema_ad_low,bimodal,50,50,1234,1000,3.356,3.363,1.2117797619047617,24.144,0.4828799999999987,4.219,0.22352911224482505,0.007921918927499747,12.292083998840004
consec_L2,bimodal,50,50,1234,1000,3.444,3.363,1.2428452380952388,24.92,0.4983999999999981,6.06,0.1586983655747276,0.012524047848918038,9.949262521809672
and,bimodal,50,50,1234,1000,0.0,3.363,0.0,0.0,0.0,0.0,1.0,0.0,0.0
pnd,bimodal,50,50,1234,1000,3.088,3.363,1.1140690476190485,22.12,0.4423999999999994,3.456,0.2714735986235993,0.0,0.0
oracle,bimodal,50,50,1234,1000,3.326,3.363,1.2028119047619052,24.336,0.4867199999999999,3.156,0.28253000651309496,0.0,0.0
dcf_self_excl,bimodal,50,100,42,1000,5.663,6.367,1.0215547036297035,43.1,0.43099999999999977,14.458,0.17008231658787706,0.0,0.0
ema_ad_low,bimodal,50,100,42,1000,6.772,6.367,1.22899678099678,51.584,0.5158400000000002,8.588,0.20162734729060347,0.007451522875322395,11.702205057461892
consec_L2,bimodal,50,100,42,1000,6.92,6.367,1.2521552752802756,52.936,0.5293599999999996,12.936,0.13863935574246938,0.012342234481522855,12.641800093623173
and,bimodal,50,100,42,1000,0.009,6.367,0.0018011904761904762,0.036,0.00035999999999999997,0.002,0.9987777777777781,0.0,0.0
pnd,bimodal,50,100,42,1000,5.907,6.367,1.0757038517038506,44.676,0.44675999999999927,6.038,0.28519481176452843,0.0,0.0
oracle,bimodal,50,100,42,1000,6.354,6.367,1.1477863386613407,48.152,0.4815199999999994,6.185,0.2757760657324912,0.0,0.0
dcf_self_excl,bimodal,50,100,123,1000,5.676,6.348,1.0073296398046396,43.24,0.4323999999999998,14.737,0.1675645539246121,0.0,0.0
ema_ad_low,bimodal,50,100,123,1000,6.793,6.348,1.1861483849483851,51.868,0.5186799999999995,8.539,0.20187100815026332,0.007759879813585532,11.34483276122076
consec_L2,bimodal,50,100,123,1000,6.96,6.348,1.217744916194916,53.36,0.5335999999999994,12.824,0.13722902877568274,0.012177422183272649,12.624799219737755
and,bimodal,50,100,123,1000,0.011,6.348,0.002176190476190476,0.044,0.00043999999999999996,0.0,0.998777777777778,0.0,0.0
pnd,bimodal,50,100,123,1000,6.03,6.348,1.0637335886335872,45.336,0.4533599999999995,6.133,0.2790452276851497,0.0,0.0
oracle,bimodal,50,100,123,1000,6.254,6.348,1.102822136197137,47.64,0.4764,6.224,0.2784614513196411,0.0,0.0
dcf_self_excl,bimodal,50,100,456,1000,5.678,6.478,0.9873272560772568,42.984,0.4298399999999996,14.526,0.16995940301475013,0.0,0.0
ema_ad_low,bimodal,50,100,456,1000,6.735,6.478,1.1620702075702092,51.556,0.5155599999999995,8.523,0.20529666864109575,0.007542523767857274,11.510445767531213
consec_L2,bimodal,50,100,456,1000,6.992,6.478,1.2109608141858146,53.592,0.5359199999999997,12.963,0.1356009212262927,0.012336670509089643,12.492513898156496
and,bimodal,50,100,456,1000,0.013,6.478,0.002486904761904762,0.052,0.00052,0.001,0.9984444444444448,0.0,0.0
pnd,bimodal,50,100,456,1000,5.989,6.478,1.0313620324120312,45.364,0.4536399999999993,6.135,0.2795347091265929,0.0,0.0
oracle,bimodal,50,100,456,1000,6.236,6.478,1.0820993201243214,47.464,0.4746400000000004,6.243,0.28110042328904,0.0,0.0
dcf_self_excl,bimodal,50,100,789,1000,5.622,6.395,0.994935381285381,43.168,0.43168,14.595,0.16782534939876392,0.0,0.0
ema_ad_low,bimodal,50,100,789,1000,6.741,6.395,1.1995962370962365,50.876,0.5087599999999995,8.489,0.20626085042354247,0.00767902357464997,11.313600950318405
consec_L2,bimodal,50,100,789,1000,6.953,6.395,1.2328661921411945,52.884,0.5288400000000004,12.972,0.13758650294666663,0.012349561555753497,12.5960688284922
and,bimodal,50,100,789,1000,0.011,6.395,0.0018107142857142857,0.044,0.00043999999999999996,0.002,0.9985555555555558,0.0,0.0
pnd,bimodal,50,100,789,1000,5.901,6.395,1.0438814491064508,44.468,0.44467999999999913,6.141,0.28401188925278126,0.0,0.0
oracle,bimodal,50,100,789,1000,6.314,6.395,1.1204634199134194,48.016,0.48015999999999975,6.089,0.2786133226467904,0.0,0.0
dcf_self_excl,bimodal,50,100,1234,1000,5.674,6.472,0.9984274586524585,43.248,0.4324800000000001,14.595,0.1684364514632452,0.0,0.0
ema_ad_low,bimodal,50,100,1234,1000,6.694,6.472,1.167949525474524,50.864,0.5086399999999998,8.607,0.20530773379985678,0.00758186916110088,11.741200588208565
consec_L2,bimodal,50,100,1234,1000,6.922,6.472,1.2093009074259067,52.816,0.5281600000000001,12.909,0.139486306244037,0.0120981909983007,12.726074480520355
and,bimodal,50,100,1234,1000,0.009,6.472,0.0019218253968253966,0.036,0.00035999999999999997,0.001,0.998888888888889,0.0,0.0
pnd,bimodal,50,100,1234,1000,5.873,6.472,1.025438186813187,44.324,0.44323999999999886,6.11,0.2858591964403328,0.0,0.0
oracle,bimodal,50,100,1234,1000,6.491,6.472,1.1393120546120548,49.628,0.49627999999999955,6.107,0.2701170997234142,0.0,0.0
dcf_self_excl,bimodal,50,200,42,1000,10.851,12.534,0.9148480574636922,84.196,0.420979999999999,28.168,0.17813117188725158,0.0,0.0
ema_ad_low,bimodal,50,200,42,1000,13.736,12.534,1.1566764623182106,106.784,0.5339200000000001,18.186,0.18616377334536213,0.008237197776928488,13.987732424546941
consec_L2,bimodal,50,200,42,1000,13.97,12.534,1.1777259059748317,108.648,0.5432400000000001,27.141,0.1286174808327537,0.013073683451513956,13.231057013135006
and,bimodal,50,200,42,1000,0.018,12.534,0.001570997058497058,0.072,0.00036,0.001,0.9989444444444446,0.0,0.0
pnd,bimodal,50,200,42,1000,11.567,12.534,0.9775359323777347,90.188,0.45093999999999884,11.281,0.2936474622453795,0.0,0.0
oracle,bimodal,50,200,42,1000,12.444,12.534,1.04820652699038,97.128,0.4856399999999999,12.086,0.2719643334297434,0.0,0.0
dcf_self_excl,bimodal,50,200,123,1000,10.805,12.599,0.9050649072007911,84.428,0.422139999999999,28.371,0.17665535320042905,0.0,0.0
ema_ad_low,bimodal,50,200,123,1000,13.535,12.599,1.1300859786573054,106.356,0.5317799999999996,17.825,0.1896477657605205,0.008304352188088702,13.82852541251204
consec_L2,bimodal,50,200,123,1000,14.016,12.599,1.1711443274292745,110.32,0.5516000000000003,26.735,0.12730130401601322,0.012907450407573701,13.150310704185175
and,bimodal,50,200,123,1000,0.019,12.599,0.001561421911421911,0.076,0.0003800000000000001,0.001,0.998888888888889,0.0,0.0
pnd,bimodal,50,200,123,1000,11.544,12.599,0.9688243513988514,89.32,0.44659999999999933,11.312,0.29493669445793885,0.0,0.0
oracle,bimodal,50,200,123,1000,12.354,12.599,1.038523643776504,95.928,0.47963999999999934,12.234,0.2735332611895158,0.0,0.0
dcf_self_excl,bimodal,50,200,456,1000,10.829,12.705,0.8998424301274909,83.78,0.41889999999999944,28.271,0.17817412164909885,0.0,0.0
ema_ad_low,bimodal,50,200,456,1000,13.66,12.705,1.1309468714421111,106.8,0.5340000000000007,17.965,0.18882514094201724,0.008261611295515614,13.895396188717804
consec_L2,bimodal,50,200,456,1000,14.038,12.705,1.1630590248932358,110.48,0.5524,26.825,0.12663511514878165,0.012940065100528128,13.09684288518439
and,bimodal,50,200,456,1000,0.015,12.705,0.0012482710100357158,0.06,0.0003,0.001,0.9991111111111113,0.0,0.0
pnd,bimodal,50,200,456,1000,11.606,12.705,0.9629288263379204,89.696,0.44847999999999955,11.361,0.2935104992460029,0.0,0.0
oracle,bimodal,50,200,456,1000,12.4,12.705,1.0298307110373282,96.216,0.48107999999999945,12.208,0.2731470302794028,0.0,0.0
dcf_self_excl,bimodal,50,200,789,1000,10.783,12.497,0.9120261566700147,84.116,0.4205799999999993,28.31,0.177001207522984,0.0,0.0
ema_ad_low,bimodal,50,200,789,1000,13.613,12.497,1.1484051385464855,105.844,0.52922,18.212,0.18789257070216986,0.00851962010252415,13.932914450477682
consec_L2,bimodal,50,200,789,1000,14.076,12.497,1.190206362244266,109.544,0.5477200000000009,27.041,0.12748674542032834,0.01308774849060208,13.098257601247917
and,bimodal,50,200,789,1000,0.011,12.497,0.0009974839487997382,0.044,0.00021999999999999998,0.006,0.9990555555555558,0.0,0.0
pnd,bimodal,50,200,789,1000,11.595,12.497,0.9770776373870662,89.868,0.44933999999999874,11.393,0.2927966661480568,0.0,0.0
oracle,bimodal,50,200,789,1000,12.4,12.497,1.0497381790344753,96.528,0.48264000000000035,12.009,0.2746870892992521,0.0,0.0
dcf_self_excl,bimodal,50,200,1234,1000,10.817,12.698,0.8976370220686191,84.484,0.4224199999999995,28.275,0.17775426093023522,0.0,0.0
ema_ad_low,bimodal,50,200,1234,1000,13.591,12.698,1.1262268374843913,105.308,0.5265400000000001,18.16,0.19020463422347383,0.00834035358473482,14.209812040177008
consec_L2,bimodal,50,200,1234,1000,13.954,12.698,1.1578106757152682,108.6,0.5430000000000001,27.216,0.12906075840349346,0.013016787306720554,13.278388860000417
and,bimodal,50,200,1234,1000,0.018,12.698,0.0014918623043623045,0.072,0.00036,0.002,0.998888888888889,0.0,0.0
pnd,bimodal,50,200,1234,1000,11.434,12.698,0.9477811387794091,89.112,0.4455599999999994,11.303,0.29559485419746134,0.0,0.0
oracle,bimodal,50,200,1234,1000,12.612,12.698,1.0491570198795832,98.864,0.49431999999999976,11.991,0.2682102938776875,0.0,0.0
