n_vis,n_nat,w_eff,access,eps_idle,eps_coll,c_idle,c_coll,T,rho,J_a0.0,J_a0.05,J_a0.1,J_a0.2,J_a0.5
10,10,420,rts,0.05,0.05,1.0512710963760241,1.0512710963760241,0.7183234126984127,0.14009695195215932,-0.33083537583642597,-0.5239792790647149,-0.7171231822930038,-1.1034109887495815,-2.262274408119315
10,10,420,rts,0.05,0.087055,1.0512710963760241,1.0909566806856736,0.7194990079365079,0.1322017773059131,-0.3292001314791427,-0.5339127516536516,-0.7386253718281606,-1.1480506121771783,-2.376326333224232
10,10,420,rts,0.05,0.151572,1.0512710963760241,1.1636620824634731,0.7167956349206349,0.1230398737768674,-0.332964507015412,-0.5524674644715227,-0.7719704219276334,-1.2109763368398547,-2.527994081576519
10,10,420,rts,0.05,0.263902,1.0512710963760241,1.3020005939902721,0.7165079365079365,0.10442512184315463,-0.333365955002143,-0.5885843909698293,-0.8438028269375155,-1.3542396988728882,-2.885550314679006
10,10,420,rts,0.05,0.459479,1.0512710963760241,1.583248897402281,0.7156051587301587,0.08908543939667005,-0.33462671841581737,-0.6270014569302795,-0.9193761954447416,-1.5041256724736658,-3.2583741035604383
10,10,420,rts,0.05,0.8,1.0512710963760241,2.225540928492468,0.7186904761904762,0.07651427309369996,-0.3303245060349788,-0.6606409505439075,-0.9909573950528361,-1.6515902840706933,-3.633488951124265
10,10,420,rts,0.087055,0.05,1.0909566806856736,1.0512710963760241,0.7183978174603175,0.20744464161183188,-0.33073180005511305,-0.45443106756443075,-0.5781303350737484,-0.8255288700923837,-1.5677244751482897
10,10,420,rts,0.087055,0.087055,1.0909566806856736,1.0909566806856736,0.7212698412698413,0.17516230193661972,-0.32674195197863676,-0.4784775198966613,-0.6302130878146859,-0.9336842236507349,-1.844097631158882
10,10,420,rts,0.087055,0.151572,1.0909566806856736,1.1636620824634731,0.718561507936508,0.1623476135908658,-0.3305039710915433,-0.49576298531379265,-0.661021999536042,-0.9915400279805408,-1.9830941133140367
10,10,420,rts,0.087055,0.263902,1.0909566806856736,1.3020005939902721,0.7179861111111111,0.1284456910726376,-0.3313050539773989,-0.5418913727181024,-0.7524776914588059,-1.173650328940213,-2.437168241384434
10,10,420,rts,0.087055,0.459479,1.0909566806856736,1.583248897402281,0.7173065476190477,0.10659087608655063,-0.3322519877455185,-0.5828537138385709,-0.8334554399316232,-1.334658892117728,-2.8382692486760424
10,10,420,rts,0.087055,0.8,1.0909566806856736,2.225540928492468,0.7163244047619047,0.08401022082805326,-0.33362213535451124,-0.6403532111211758,-0.9470842868878403,-1.5605464384211694,-3.400932893021156
10,10,420,rts,0.151572,0.05,1.1636620824634731,1.0512710963760241,0.7178720238095239,0.27142886756078854,-0.3314639656401219,-0.4164919602041774,-0.5015199547682329,-0.6715759438963438,-1.1817439112806767
10,10,420,rts,0.151572,0.087055,1.1636620824634731,1.0909566806856736,0.7230357142857143,0.2687357646606844,-0.32429666069107943,-0.4106299651183357,-0.496963269545592,-0.6696298784001047,-1.1876297049636424
10,10,420,rts,0.151572,0.151572,1.1636620824634731,1.1636620824634731,0.719280753968254,0.24484335238988464,-0.3295035190798121,-0.4285051967989378,-0.5275068745180634,-0.7255102299563148,-1.3195202962710688
10,10,420,rts,0.151572,0.263902,1.1636620824634731,1.3020005939902721,0.7188293650793651,0.1989566369483011,-0.33013127198653824,-0.46048897130477384,-0.5908466706230096,-0.8515620692594807,-1.6337082651688943
10,10,420,rts,0.151572,0.459479,1.1636620824634731,1.583248897402281,0.717906746031746,0.14583016651696262,-0.3314155985477004,-0.5167570245825504,-0.7020984506174003,-1.0727813026871003,-2.1848298588961996
10,10,420,rts,0.151572,0.8,1.1636620824634731,2.225540928492468,0.7187748015873016,0.12101721817742658,-0.3302071809096687,-0.5531968827689998,-0.7761865846283309,-1.222165988346993,-2.5601041995029794
10,10,420,rts,0.263902,0.05,1.3020005939902721,1.0512710963760241,0.7226240079365079,0.5014655308516554,-0.324866236441179,-0.34868644688706607,-0.37250665733295313,-0.4201470782247273,-0.5630683409000496
10,10,420,rts,0.263902,0.087055,1.3020005939902721,1.0909566806856736,0.7224603174603175,0.5177414039327695,-0.3250927844342806,-0.3467593716450505,-0.3684259588558204,-0.41175913327736025,-0.5417586565419797
10,10,420,rts,0.263902,0.151572,1.3020005939902721,1.1636620824634731,0.7218005952380953,0.48371645534824587,-0.326006362115857,-0.3523787785897997,-0.3787511950637424,-0.4314960280116278,-0.5897305268552839
10,10,420,rts,0.263902,0.263902,1.3020005939902721,1.3020005939902721,0.7203769841269841,0.42392651554796595,-0.32798061493170716,-0.364805560805209,-0.40163050667871086,-0.47528039842571457,-0.6962300736667256
10,10,420,rts,0.263902,0.459479,1.3020005939902721,1.583248897402281,0.7243700396825397,0.32085898392829015,-0.3224529126319606,-0.38706334484695565,-0.45167377706195067,-0.5808946414919408,-0.9685572347819111
10,10,420,rts,0.263902,0.8,1.3020005939902721,2.225540928492468,0.7196180555555556,0.21572290194726865,-0.32903468612054154,-0.4466557583120099,-0.5642768305034782,-0.799518974886415,-1.505245408035225
10,10,420,rts,0.459479,0.05,1.583248897402281,1.0512710963760241,0.7110019841269841,0.9308487630635282,-0.34108005856818496,-0.34133680531689004,-0.34159355206559516,-0.34210704556300536,-0.3436475260552359
10,10,420,rts,0.459479,0.087055,1.583248897402281,1.0909566806856736,0.703859126984127,0.9557851414396257,-0.35117704656324306,-0.3512792986543942,-0.3513815507455454,-0.3515860549278477,-0.3521995674747547
10,10,420,rts,0.459479,0.151572,1.583248897402281,1.1636620824634731,0.7133581349206349,0.9386912170666073,-0.3377716916584333,-0.33797183805417924,-0.33817198444992513,-0.338572277241417,-0.33977315561589255
10,10,420,rts,0.459479,0.263902,1.583248897402281,1.3020005939902721,0.7170684523809524,0.8571053050269436,-0.3325839723942778,-0.3337727694560954,-0.33496156651791303,-0.33733916064154834,-0.34447194301245415
10,10,420,rts,0.459479,0.459479,1.583248897402281,1.583248897402281,0.7138640873015873,0.7794739950665324,-0.3370626886815049,-0.34016612481255426,-0.34326956094360367,-0.34947643320570243,-0.36809704999199866
10,10,420,rts,0.459479,0.8,1.583248897402281,2.225540928492468,0.7204910714285714,0.5476175723402937,-0.32782225580730884,-0.3459531787932015,-0.36408410177909417,-0.4003459477508795,-0.5091314856662355
10,10,420,rts,0.8,0.05,2.225540928492468,1.0512710963760241,0.6358928571428571,1.2861399731660894,-0.45272519344546286,-0.455891465416079,-0.4590577373866952,-0.4653902813279275,-0.48438791315162444
10,10,420,rts,0.8,0.087055,2.225540928492468,1.0909566806856736,0.6554017857142858,1.2808543166148234,-0.4225068181036708,-0.4255703060721524,-0.42863379404063395,-0.4347607699775971,-0.4531416977884866
10,10,420,rts,0.8,0.151572,2.225540928492468,1.1636620824634731,0.6701636904761905,1.2463195292550238,-0.40023328229339766,-0.4026575704846719,-0.40508185867594604,-0.40993043505849447,-0.42447616420613965
10,10,420,rts,0.8,0.263902,2.225540928492468,1.3020005939902721,0.6748660714285715,1.2731509044269513,-0.3932410204944234,-0.39615700874186643,-0.3990729969893094,-0.40490497348419546,-0.4224009029688536
10,10,420,rts,0.8,0.459479,2.225540928492468,1.583248897402281,0.6859920634920635,1.2300717302018858,-0.37688922057672786,-0.37903317127730085,-0.3811771219778739,-0.38546502337901994,-0.398328727582458
10,10,420,rts,0.8,0.8,2.225540928492468,2.225540928492468,0.7007787698412699,1.1617743864889543,-0.35556303399510336,-0.35668726132677275,-0.35781148865844215,-0.360059943321781,-0.3668053073117974
10,10,420,rts,0.151572,0.263901,1.1636620824634731,1.301999291990329,0.7188293650793651,0.1989566369483011,-0.33013127198653824,-0.46048897130477384,-0.5908466706230096,-0.8515620692594807,-1.6337082651688943
10,10,420,rts,0.151572,0.34822,1.1636620824634731,1.4165438551103002,0.7182440476190476,0.19526512797138082,-0.3309458684956824,-0.4643451586414763,-0.5977444487872701,-0.8645430290788578,-1.6649387699536207
10,10,420,rts,0.151572,0.606286,1.1636620824634731,1.8336087141345103,0.718640873015873,0.14124987920871354,-0.3303935272452242,-0.5219299661085735,-0.7134664049719226,-1.096539282698621,-2.245757915878716
10,10,420,rts,0.151572,0.799999,1.1636620824634731,2.225538702952652,0.7187748015873016,0.12101721817742658,-0.3302071809096687,-0.5531968827689998,-0.7761865846283309,-1.222165988346993,-2.5601041995029794
10,10,420,rts,0.2,0.263901,1.2214027581601699,1.301999291990329,0.7205059523809524,0.26878433640381677,-0.32780160211804277,-0.41411116039074863,-0.5004207186634545,-0.6730398352088662,-1.190897184845101
10,10,420,rts,0.2,0.34822,1.2214027581601699,1.4165438551103002,0.7205753968253968,0.24660627254453837,-0.32770522387466816,-0.42569993929117245,-0.5236946547076768,-0.7196840855406854,-1.3076523780397111
10,10,420,rts,0.2,0.459479,1.2214027581601699,1.583248897402281,0.7204761904761905,0.21148656091650142,-0.3278429099231584,-0.44852559846530227,-0.5692082870074462,-0.8105736640917339,-1.5346697953445971
10,10,420,rts,0.2,0.606286,1.2214027581601699,1.8336087141345103,0.7202430555555556,0.17717508832583798,-0.32816654677789187,-0.47791827838917383,-0.6276700100004557,-0.9271734732230197,-1.8256838628907115
10,10,420,rts,0.2,0.799999,1.2214027581601699,2.225538702952652,0.7214037698412699,0.1503764568363874,-0.3265562847968406,-0.5060342847360391,-0.6855122846752375,-1.0444682845536342,-2.121336284188825
10,10,420,rts,0.263902,0.263901,1.3020005939902721,1.301999291990329,0.7203769841269841,0.42392651554796595,-0.32798061493170716,-0.364805560805209,-0.40163050667871086,-0.47528039842571457,-0.6962300736667256
10,10,420,rts,0.263902,0.34822,1.3020005939902721,1.4165438551103002,0.7224107142857142,0.35810708743597136,-0.3251614454753463,-0.37789000947772977,-0.43061857348011323,-0.5360757014848803,-0.852447085499181
10,10,420,rts,0.263902,0.606286,1.3020005939902721,1.8336087141345103,0.7179166666666666,0.2701959483735456,-0.33140177980810737,-0.4170245048639374,-0.5026472299197675,-0.6738926800314275,-1.1876290303664079
10,10,420,rts,0.263902,0.799999,1.3020005939902721,2.225538702952652,0.7196180555555556,0.21572290194726865,-0.32903468612054154,-0.4466557583120099,-0.5642768305034782,-0.799518974886415,-1.505245408035225
10,10,420,rts,0.348221,0.263901,1.4165452716548637,1.301999291990329,0.7205803571428572,0.5896784585837309,-0.32769834006985155,-0.3416469335095162,-0.3555955269491808,-0.38349271382851,-0.4671842744664978
10,10,420,rts,0.348221,0.34822,1.4165452716548637,1.4165438551103002,0.719672619047619,0.5419819968846064,-0.3289588661446987,-0.34771805643816905,-0.36647724673163934,-0.40399562731857996,-0.5165507690794019
10,10,420,rts,0.348221,0.459479,1.4165452716548637,1.583248897402281,0.7198958333333333,0.4959243717744658,-0.3286487533645333,-0.3532420708645256,-0.3778353883645178,-0.42702202336450235,-0.5745819283644559
10,10,420,rts,0.348221,0.606286,1.4165452716548637,1.8336087141345103,0.7216765873015873,0.43042133479964256,-0.32617818046991615,-0.361709846624289,-0.39724151277866193,-0.46830484508740766,-0.681494842013645
10,10,420,rts,0.348221,0.799999,1.4165452716548637,2.225538702952652,0.7182688492063493,0.3394542930740385,-0.33091133822817287,-0.38927627176586205,-0.4476412053035512,-0.5643710723789296,-0.9145606736050647
10,10,420,rts,0.45948,0.263901,1.58325048065197,1.301999291990329,0.7170684523809524,0.8571053050269436,-0.3325839723942778,-0.3337727694560954,-0.33496156651791303,-0.33733916064154834,-0.34447194301245415
10,10,420,rts,0.45948,0.34822,1.58325048065197,1.4165438551103002,0.7192509920634921,0.8088358011324059,-0.32954489724869607,-0.33179547669057236,-0.3340460561324487,-0.33854721501620133,-0.35205069166745917
10,10,420,rts,0.45948,0.459479,1.58325048065197,1.583248897402281,0.7138640873015873,0.7794739950665324,-0.3370626886815049,-0.34016612481255426,-0.34326956094360367,-0.34947643320570243,-0.36809704999199866
10,10,420,rts,0.45948,0.606286,1.58325048065197,1.8336087141345103,0.7198214285714286,0.645938421676452,-0.32875211360607476,-0.33830279690389153,-0.34785348020170836,-0.3669548467973419,-0.4242589465842427
10,10,420,rts,0.45948,0.799999,1.58325048065197,2.225538702952652,0.7204910714285714,0.5476175723402937,-0.32782225580730884,-0.3459531787932015,-0.36408410177909417,-0.4003459477508795,-0.5091314856662355
10,10,420,rts,0.263901,0.151572,1.301999291990329,1.1636620824634731,0.7218005952380953,0.48371645534824587,-0.326006362115857,-0.3523787785897997,-0.3787511950637424,-0.4314960280116278,-0.5897305268552839
10,10,420,rts,0.263901,0.2,1.301999291990329,1.2214027581601699,0.7217609126984127,0.4333124866844894,-0.3260613407772779,-0.36103090188156883,-0.3960004629858598,-0.4659395851944417,-0.6757569518201874
10,10,420,rts,0.263901,0.263902,1.301999291990329,1.3020005939902721,0.7203769841269841,0.42392651554796595,-0.32798061493170716,-0.364805560805209,-0.40163050667871086,-0.47528039842571457,-0.6962300736667256
10,10,420,rts,0.263901,0.348221,1.301999291990329,1.4165452716548637,0.7224107142857142,0.35810708743597136,-0.3251614454753463,-0.37789000947772977,-0.43061857348011323,-0.5360757014848803,-0.852447085499181
10,10,420,rts,0.263901,0.45948,1.301999291990329,1.58325048065197,0.7243700396825397,0.32085898392829015,-0.3224529126319606,-0.38706334484695565,-0.45167377706195067,-0.5808946414919408,-0.9685572347819111
10,10,420,rts,0.34822,0.151572,1.4165438551103002,1.1636620824634731,0.7166865079365079,0.6843664350377896,-0.33311676141897273,-0.34030873634794895,-0.34750071127692517,-0.36188466113487755,-0.4050365107087348
10,10,420,rts,0.34822,0.2,1.4165438551103002,1.2214027581601699,0.7201884920634921,0.6785866795233831,-0.32824230670161714,-0.3357595405821839,-0.3432767744627506,-0.3583112422238841,-0.40341464550728456
10,10,420,rts,0.34822,0.263902,1.4165438551103002,1.3020005939902721,0.7205803571428572,0.5896784585837309,-0.32769834006985155,-0.3416469335095162,-0.3555955269491808,-0.38349271382851,-0.4671842744664978
10,10,420,rts,0.34822,0.348221,1.4165438551103002,1.4165452716548637,0.719672619047619,0.5419819968846064,-0.3289588661446987,-0.34771805643816905,-0.36647724673163934,-0.40399562731857996,-0.5165507690794019
10,10,420,rts,0.34822,0.45948,1.4165438551103002,1.58325048065197,0.7198958333333333,0.4959243717744658,-0.3286487533645333,-0.3532420708645256,-0.3778353883645178,-0.42702202336450235,-0.5745819283644559
10,10,420,rts,0.459479,0.2,1.583248897402281,1.2214027581601699,0.7104265873015873,0.9225119045956627,-0.34188966218582945,-0.34221492362449707,-0.3425401850631647,-0.3431907079404999,-0.34514227657250557
10,10,420,rts,0.459479,0.348221,1.583248897402281,1.4165452716548637,0.7192509920634921,0.8088358011324059,-0.32954489724869607,-0.33179547669057236,-0.3340460561324487,-0.33854721501620133,-0.35205069166745917
10,10,420,rts,0.459479,0.45948,1.583248897402281,1.58325048065197,0.7138640873015873,0.7794739950665324,-0.3370626886815049,-0.34016612481255426,-0.34326956094360367,-0.34947643320570243,-0.36809704999199866
10,10,420,rts,0.606286,0.151572,1.8336087141345103,1.1636620824634731,0.6904414682539682,1.1312925218940608,-0.37042407691766766,-0.3711849713126392,-0.37194586570761073,-0.37346765449755387,-0.37803302086738316
10,10,420,rts,0.606286,0.2,1.8336087141345103,1.2214027581601699,0.6966815476190477,1.1235947056268734,-0.3614268627007876,-0.3621058609202533,-0.3627848591397191,-0.36414285557865056,-0.36821684489544493
10,10,420,rts,0.606286,0.263902,1.8336087141345103,1.3020005939902721,0.7044196428571429,1.1032243981100056,-0.3503810168074622,-0.3508635438173303,-0.35134607082719843,-0.35231112484693466,-0.35520628690614336
10,10,420,rts,0.606286,0.348221,1.8336087141345103,1.4165452716548637,0.7027480158730158,1.059545152956788,-0.3527568925747703,-0.3529241642066215,-0.35309143583847263,-0.353425979102175,-0.3544296088932821
10,10,420,rts,0.606286,0.45948,1.8336087141345103,1.58325048065197,0.7051984126984127,1.0443278374880423,-0.34927607931402843,-0.34937014216889445,-0.3494642050237605,-0.34965233073349256,-0.35021670786268877
10,10,420,rts,0.799999,0.151572,2.225538702952652,1.1636620824634731,0.6701636904761905,1.2463195292550238,-0.40023328229339766,-0.4026575704846719,-0.40508185867594604,-0.40993043505849447,-0.42447616420613965
10,10,420,rts,0.799999,0.2,2.225538702952652,1.2214027581601699,0.670858134920635,1.2779917926725572,-0.3991975877306871,-0.40220594531495246,-0.40521430289921784,-0.41123101806774864,-0.42928116357334095
10,10,420,rts,0.799999,0.263902,2.225538702952652,1.3020005939902721,0.6748660714285715,1.2731509044269513,-0.3932410204944234,-0.39615700874186643,-0.3990729969893094,-0.40490497348419546,-0.4224009029688536
10,10,420,rts,0.799999,0.348221,2.225538702952652,1.4165452716548637,0.6840277777777778,1.2336185641769397,-0.3797567513979574,-0.3819607387366525,-0.38416472607534763,-0.38857270075273787,-0.4017966247849085
10,10,420,rts,0.799999,0.45948,2.225538702952652,1.58325048065197,0.6859920634920635,1.2300717302018858,-0.37688922057672786,-0.37903317127730085,-0.3811771219778739,-0.38546502337901994,-0.398328727582458
10,10,420,rts,0.263901,0.087055,1.301999291990329,1.0909566806856736,0.7224603174603175,0.5177414039327695,-0.3250927844342806,-0.3467593716450505,-0.3684259588558204,-0.41175913327736025,-0.5417586565419797
10,10,420,rts,0.263901,0.11487,1.301999291990329,1.1217276035044739,0.7211111111111111,0.4986517719568567,-0.3269620466202207,-0.35117221837922574,-0.37538239013823077,-0.4238027336562408,-0.569063764210271
10,10,420,rts,0.34822,0.087055,1.4165438551103002,1.0909566806856736,0.7174603174603175,0.7050608407079646,-0.3320376395533472,-0.33814414487141303,-0.34425065018947887,-0.35646366082561054,-0.3931026927340055
10,10,420,rts,0.34822,0.11487,1.4165438551103002,1.1217276035044739,0.715218253968254,0.7255804921352679,-0.3351675325622748,-0.3403126277396912,-0.3454577229171076,-0.3557479132719404,-0.38661848433643886
10,10,420,rts,0.459479,0.11487,1.583248897402281,1.1217276035044739,0.710952380952381,0.9483422638981915,-0.3411498261723239,-0.341290487212839,-0.341431148253354,-0.3417124703343841,-0.3425564365774744
10,10,420,rts,0.606286,0.087055,1.8336087141345103,1.0909566806856736,0.6915228174603174,1.1121504042005295,-0.3688591313713643,-0.36942406742360756,-0.36998900347585084,-0.37111887558033735,-0.374508491893797
10,10,420,rts,0.606286,0.11487,1.8336087141345103,1.1217276035044739,0.6929166666666666,1.1441743263751682,-0.36684553714310936,-0.36775251623051464,-0.36865949531791997,-0.3704734534927306,-0.37591532801716243
10,10,420,rts,0.799999,0.087055,2.225538702952652,1.0909566806856736,0.6554017857142858,1.2808543166148234,-0.4225068181036708,-0.4255703060721524,-0.42863379404063395,-0.4347607699775971,-0.4531416977884866
10,10,420,rts,0.799999,0.11487,2.225538702952652,1.1217276035044739,0.6548809523809523,1.2962491668181544,-0.42330181195594696,-0.4266681715284659,-0.43003453110098494,-0.4367672502460229,-0.4569654076811368
10,10,420,basic,0.05,0.05,1.0512710963760241,1.0512710963760241,0.638953373015873,0.13891455055002214,-0.44792379594320075,-0.642737121981089,-0.8375504480189773,-1.227177100094754,-2.3960570563220838
10,10,420,basic,0.05,0.087055,1.0512710963760241,1.0909566806856736,0.6347767857142858,0.1245594705050363,-0.4544818604467567,-0.6714204785834512,-0.8883590967201458,-1.322236332993535,-2.623868041813702
10,10,420,basic,0.05,0.151572,1.0512710963760241,1.1636620824634731,0.6372271825396826,0.11548670844198809,-0.45062904250320485,-0.6836067046848364,-0.9165843668664679,-1.3825396912297312,-2.7804056643195203
10,10,420,basic,0.05,0.263902,1.0512710963760241,1.3020005939902721,0.6382837301587302,0.10645176331618458,-0.4489723763780089,-0.6998665609402414,-0.9507607455024738,-1.4525491146269387,-2.9579142220003334
10,10,420,basic,0.05,0.459479,1.0512710963760241,1.583248897402281,0.6319097222222222,0.09851404708264976,-0.45900873962363054,-0.7275620606394394,-0.9961153816552483,-1.533222023686866,-3.1445419497817193
10,10,420,basic,0.05,0.8,1.0512710963760241,2.225540928492468,0.637624007936508,0.0853553230386246,-0.45000649861321035,-0.7528159283568403,-1.0556253581004704,-1.6612442175877304,-3.4781007960495103
10,10,420,basic,0.087055,0.05,1.0909566806856736,1.0512710963760241,0.6418253968253969,0.15606838135278842,-0.4434389798437472,-0.6159470529567226,-0.7884551260696979,-1.1334712722956488,-2.168519710973501
10,10,420,basic,0.087055,0.087055,1.0909566806856736,1.0909566806856736,0.6402182539682539,0.1534230018284935,-0.445946138937749,-0.621644234004216,-0.7973423290706829,-1.148738519203617,-2.2029270896024187
10,10,420,basic,0.087055,0.151572,1.0909566806856736,1.1636620824634731,0.628249007936508,0.13619675496427303,-0.4648186816499999,-0.6635516369985492,-0.8622845923470985,-1.2597505030441971,-2.452148235135493
10,10,420,basic,0.087055,0.263902,1.0909566806856736,1.3020005939902721,0.6374355158730158,0.12684133938229045,-0.4503021586374609,-0.6634758829915182,-0.8766496073455754,-1.3029970560536897,-2.582039402178033
10,10,420,basic,0.087055,0.459479,1.0909566806856736,1.583248897402281,0.6327430555555555,0.11530169879508627,-0.45769085463798215,-0.6910147302147951,-0.9243386057916081,-1.390986356945234,-2.7909296104061116
10,10,420,basic,0.087055,0.8,1.0909566806856736,2.225540928492468,0.640530753968254,0.08911880183689432,-0.4454581432348203,-0.7377423457978376,-1.030026548360855,-1.6145949534868898,-3.3683001688649936
10,10,420,basic,0.151572,0.05,1.1636620824634731,1.0512710963760241,0.6237400793650794,0.2461151845784359,-0.4720215368684158,-0.5702955152612341,-0.6685694936540525,-0.8651174504396892,-1.4547613207965995
10,10,420,basic,0.151572,0.087055,1.1636620824634731,1.0909566806856736,0.6252331349206349,0.23519798170523692,-0.4696306829258447,-0.5743685484061829,-0.679106413886521,-0.8885821448471973,-1.5170093377292262
10,10,420,basic,0.151572,0.151572,1.1636620824634731,1.1636620824634731,0.6375744047619047,0.21426070720037343,-0.45008429540802175,-0.568750820299291,-0.6874173451905602,-0.9247503949730986,-1.636749544320714
10,10,420,basic,0.151572,0.263902,1.1636620824634731,1.3020005939902721,0.6232936507936508,0.1794263704080983,-0.47273752165648225,-0.6203120634335201,-0.7678866052105578,-1.0630356887646335,-1.9484829394268601
10,10,420,basic,0.151572,0.459479,1.1636620824634731,1.583248897402281,0.6178373015873015,0.16268987443398952,-0.48153012222499875,-0.6464064880656476,-0.8112828539062965,-1.1410355855875942,-2.1302937806314874
10,10,420,basic,0.151572,0.8,1.1636620824634731,2.225540928492468,0.6250446428571429,0.12967327730558928,-0.46993220322520585,-0.6785709755325066,-0.8872097478398073,-1.3044872924544086,-2.556319926298213
10,10,420,basic,0.263902,0.05,1.3020005939902721,1.0512710963760241,0.6223363095238095,0.4247148561727362,-0.4742746418106779,-0.5109403171150657,-0.5476059924194535,-0.620937343028229,-0.8409313948545558
10,10,420,basic,0.263902,0.087055,1.3020005939902721,1.0909566806856736,0.621984126984127,0.4203298456041853,-0.4748407058867048,-0.512400496318984,-0.5499602867512632,-0.6250798676158216,-0.8504386102094967
10,10,420,basic,0.263902,0.151572,1.3020005939902721,1.1636620824634731,0.6375545634920635,0.3851522200869829,-0.4501154158206809,-0.49563234452804783,-0.5411492732354148,-0.6321831306501488,-0.9052847028943505
10,10,420,basic,0.263902,0.263902,1.3020005939902721,1.3020005939902721,0.6270436507936508,0.3443976837641996,-0.4667391222817999,-0.5235524698868529,-0.5803658174919059,-0.6939925127020119,-1.0348725983323297
10,10,420,basic,0.263902,0.459479,1.3020005939902721,1.583248897402281,0.6344593253968254,0.27693558601171164,-0.45498209885204843,-0.5374110907203273,-0.6198400825886063,-0.7846980663251641,-1.2792720175348378
10,10,420,basic,0.263902,0.8,1.3020005939902721,2.225540928492468,0.6376488095238095,0.23626604434072346,-0.44996760248531503,-0.5540507331304585,-0.658133863775602,-0.866300125065889,-1.4907989089367502
10,10,420,basic,0.459479,0.05,1.583248897402281,1.0512710963760241,0.5769196428571428,0.7467134394318484,-0.5500522893179399,-0.5543176440440066,-0.5585829987700733,-0.5671137082222067,-0.5927058365786069
10,10,420,basic,0.459479,0.087055,1.583248897402281,1.0909566806856736,0.5670585317460317,0.7263009648439892,-0.5672927499896474,-0.5724060577117986,-0.57751936543395,-0.5877459808782526,-0.6184258272111604
10,10,420,basic,0.459479,0.151572,1.583248897402281,1.1636620824634731,0.5760168650793651,0.7188460710441335,-0.5516183390632109,-0.5570669046942206,-0.5625154703252302,-0.5734126015872496,-0.6061039953733076
10,10,420,basic,0.459479,0.263902,1.583248897402281,1.3020005939902721,0.5812152777777778,0.6513275242590016,-0.5426340610214173,-0.5518250741820712,-0.5610160873427251,-0.5793981136640328,-0.6345441926279562
10,10,420,basic,0.459479,0.459479,1.583248897402281,1.583248897402281,0.5915277777777778,0.6033441787139838,-0.5250466350809332,-0.5378113957809205,-0.550576156480908,-0.5761056778808826,-0.652694242080807
10,10,420,basic,0.459479,0.8,1.583248897402281,2.225540928492468,0.5870436507936508,0.45225943826680637,-0.5326560994083166,-0.5641381552005595,-0.5956202109928024,-0.6585843225772883,-0.8474766573307456
10,10,420,basic,0.8,0.05,2.225540928492468,1.0512710963760241,0.47444444444444445,1.0374916359986617,-0.7456107500956862,-0.7456784838513935,-0.7457462176071008,-0.7458816851185153,-0.7462880876527589
10,10,420,basic,0.8,0.087055,2.225540928492468,1.0909566806856736,0.49607142857142855,1.050895928325734,-0.7010353534089515,-0.7011585751061556,-0.7012817968033597,-0.7015282401977679,-0.7022675703809925
10,10,420,basic,0.8,0.151572,2.225540928492468,1.1636620824634731,0.4817013888888889,1.0255274891618869,-0.7304308820433117,-0.7304626519473848,-0.730494421851458,-0.7305579616596042,-0.7307485810840427
10,10,420,basic,0.8,0.263902,2.225540928492468,1.3020005939902721,0.4868948412698413,1.0225554717903789,-0.7197071109002541,-0.7197319862361191,-0.7197568615719842,-0.7198066122437142,-0.7199558642589043
10,10,420,basic,0.8,0.459479,2.225540928492468,1.583248897402281,0.5119543650793651,0.9972095727158221,-0.6695197886193716,-0.6695201790327598,-0.669520569446148,-0.6695213502729246,-0.6695236927532541
10,10,420,basic,0.8,0.8,2.225540928492468,2.225540928492468,0.5161359126984127,0.9330437373261703,-0.6613851514810454,-0.6616252981649758,-0.6618654448489064,-0.6623457382167675,-0.6637866183203505
10,10,420,basic,0.027778,0.027778,1.0281674059193349,1.0281674059193349,0.6352876984126984,0.11488670612302262,-0.45367731432747355,-0.6877807405531706,-0.9218841667788678,-1.390091019230262,-2.794711576584445
10,10,420,basic,0.027778,0.044893,1.0281674059193349,1.0459159409154797,0.6357688492063492,0.1190284853828089,-0.4529202263481316,-0.6794229456106953,-0.905925664873259,-1.3589311033983864,-2.7179474189737687
10,10,420,basic,0.027778,0.072555,1.0281674059193349,1.0752519433207488,0.6362003968253969,0.1189477459495704,-0.4522416759241302,-0.6788888403675934,-0.9055360048110566,-1.3588303336979828,-2.718713320358762
10,10,420,basic,0.027778,0.11726,1.0281674059193349,1.1244117387407861,0.6306795634920634,0.11561602894333242,-0.4609573687357831,-0.693693511600215,-0.926429654464647,-1.3919019401935109,-2.7883187973801027
10,10,420,basic,0.027778,0.189512,1.0281674059193349,1.2086596278179438,0.6295287698412698,0.09917029776303452,-0.4627837238553836,-0.7298005298665924,-0.9968173358778011,-1.5308509479002186,-3.1329517839674708
10,10,420,basic,0.027778,0.306281,1.0281674059193349,1.358363953194875,0.6320089285714285,0.09579870185930792,-0.45885175744863405,-0.733921711172615,-1.008991664896596,-1.5591315723445578,-3.2095512946884432
10,10,420,basic,0.027778,0.495,1.0281674059193349,1.640498239057044,0.6370287698412699,0.08965544091882421,-0.4509404598438819,-0.7417749335254473,-1.0326094072070127,-1.6142783545701436,-3.3592851966595356
10,10,420,basic,0.027778,0.8,1.0281674059193349,2.225540928492468,0.6421081349206349,0.08027871980471074,-0.4429985550198486,-0.7610859851586651,-1.0791734152974815,-1.7153482755751144,-3.623872856408013
10,10,420,basic,0.044893,0.027778,1.0459159409154797,1.0281674059193349,0.6424156746031746,0.13453683470902086,-0.4425197165800536,-0.6437049179597704,-0.8448901193394871,-1.2472605220989206,-2.454371730377221
10,10,420,basic,0.044893,0.044893,1.0459159409154797,1.0459159409154797,0.6363740079365079,0.12649170258704684,-0.45196882568993024,-0.6657128818460218,-0.8794569380021134,-1.3069450503142965,-2.589409387250846
10,10,420,basic,0.044893,0.072555,1.0459159409154797,1.0752519433207488,0.6342361111111111,0.11560901597034302,-0.45533397887241306,-0.688083209044408,-0.9208324392164031,-1.3863308995603931,-2.7828262805923627
10,10,420,basic,0.044893,0.11726,1.0459159409154797,1.1244117387407861,0.6300248015873016,0.10932739168431578,-0.4619960927725509,-0.7069549090254128,-0.9519137252782748,-1.4418313577839987,-2.9115842553011704
10,10,420,basic,0.044893,0.189512,1.0459159409154797,1.2086596278179438,0.635109126984127,0.116980896296412,-0.4539584413362594,-0.6841694437042205,-0.9143804460721817,-1.374802450808104,-2.756068465015871
10,10,420,basic,0.044893,0.306281,1.0459159409154797,1.358363953194875,0.6324007936507936,0.09639820537759232,-0.45823191866532803,-0.7318405858641578,-1.0054492530629875,-1.5526665874606471,-3.1943185906536256
10,10,420,basic,0.044893,0.495,1.0459159409154797,1.640498239057044,0.6296230158730158,0.09266378848517316,-0.46263402620496324,-0.7455631492497374,-1.0284922722945118,-1.5943505183840603,-3.2919252566527053
10,10,420,basic,0.044893,0.8,1.0459159409154797,2.225540928492468,0.6393948412698413,0.08625157096088501,-0.4472331104686409,-0.7474774395808761,-1.0477217686931115,-1.648210426917582,-3.4496764015909935
10,10,420,basic,0.072555,0.027778,1.0752519433207488,1.0281674059193349,0.6408680555555556,0.15116216069783822,-0.444931684816746,-0.6234237008175436,-0.8019157168183413,-1.1588997488199366,-2.2298518448247227
10,10,420,basic,0.072555,0.044893,1.0752519433207488,1.0459159409154797,0.6373462301587302,0.14718769700129972,-0.4504422386389351,-0.6340039781014835,-0.8175657175640316,-1.1846891964891282,-2.286059633264418
10,10,420,basic,0.072555,0.072555,1.0752519433207488,1.0752519433207488,0.6324503968253968,0.1351508211635896,-0.4581534854472512,-0.6584263645297352,-0.8586992436122192,-1.2592450017771872,-2.4608822762720908
10,10,420,basic,0.072555,0.11726,1.0752519433207488,1.1244117387407861,0.6336904761904761,0.1377199574174964,-0.4561946516586477,-0.6527164964925594,-0.849238341326471,-1.2422820309942944,-2.421413099997764
10,10,420,basic,0.072555,0.189512,1.0752519433207488,1.2086596278179438,0.6283829365079365,0.13386274293111886,-0.4646055268395914,-0.666799573454419,-0.8689936200692465,-1.2733817132989016,-2.4865459929878666
10,10,420,basic,0.072555,0.306281,1.0752519433207488,1.358363953194875,0.6349801587301588,0.1078336405961941,-0.4541615266718529,-0.7021748581183866,-0.9501881895649203,-1.4462148524579879,-2.93429484113719
10,10,420,basic,0.072555,0.495,1.0752519433207488,1.640498239057044,0.6386904761904761,0.10408511960236098,-0.4483353297666062,-0.7042911079926071,-0.960246886218608,-1.4721584426706098,-3.0078931120266152
10,10,420,basic,0.072555,0.8,1.0752519433207488,2.225540928492468,0.6409027777777778,0.0944228596195223,-0.4448775062985152,-0.7233509167831356,-1.001824327267756,-1.558771148236997,-3.2296116111447195
10,10,420,basic,0.11726,0.027778,1.1244117387407861,1.0281674059193349,0.6274603174603175,0.1910732355173286,-0.4660748490829385,-0.6030424000599913,-0.7400099510370441,-1.0139450529911498,-1.835750358853467
10,10,420,basic,0.11726,0.044893,1.1244117387407861,1.0459159409154797,0.6233333333333333,0.1922746371275783,-0.47267385780161447,-0.608605963189142,-0.7445380685766694,-1.0164022793517242,-1.831994911676889
10,10,420,basic,0.11726,0.072555,1.1244117387407861,1.0752519433207488,0.6266468253968254,0.2030839375613463,-0.4673721739283015,-0.5944356372923029,-0.7214991006563042,-0.9756260273843069,-1.7380068075683148
10,10,420,basic,0.11726,0.11726,1.1244117387407861,1.1244117387407861,0.6263095238095238,0.17875245517328772,-0.46791058310059785,-0.6161323151245134,-0.7643540471484289,-1.06079751119626,-1.9501279033397527
10,10,420,basic,0.11726,0.189512,1.1244117387407861,1.2086596278179438,0.6351736111111111,0.16185738494818472,-0.45385691413273904,-0.6196661883556056,-0.7854754625784721,-1.1170940110242051,-2.1119496563614044
10,10,420,basic,0.11726,0.306281,1.1244117387407861,1.358363953194875,0.6311755952380952,0.1398876183740029,-0.46017117426940585,-0.6536090830636829,-0.84704699185796,-1.233922809446514,-2.3945502622121757
10,10,420,basic,0.11726,0.495,1.1244117387407861,1.640498239057044,0.6281051587301587,0.11485792807164405,-0.46504767632490035,-0.6992053138762659,-0.9333629514276315,-1.4016782265303627,-2.806624051838556
10,10,420,basic,0.11726,0.8,1.1244117387407861,2.225540928492468,0.6273313492063493,0.10407211196331145,-0.46628041030532846,-0.7222644663842774,-0.9782485224632262,-1.490216634621124,-3.0261209710948176
10,10,420,basic,0.189512,0.027778,1.2086596278179438,1.0281674059193349,0.6294345238095238,0.2870900121361136,-0.4629334439185457,-0.5408035872616569,-0.618673730604768,-0.7744140172909906,-1.2416348773496577
10,10,420,basic,0.189512,0.044893,1.2086596278179438,1.0459159409154797,0.6351240079365079,0.29662373770901507,-0.45393501106669315,-0.5277815998946846,-0.6016281887226761,-0.7493213663786591,-1.192400899346608
10,10,420,basic,0.189512,0.072555,1.2086596278179438,1.0752519433207488,0.6413244047619048,0.27901400716213814,-0.4442198584104272,-0.5256916148329012,-0.6071633712553751,-0.770106884100323,-1.2589374226351666
10,10,420,basic,0.189512,0.11726,1.2086596278179438,1.1244117387407861,0.6224603174603175,0.2753251306897871,-0.4740753997269028,-0.5572549353026176,-0.6404344708783325,-0.8067935420297621,-1.305870755484051
10,10,420,basic,0.189512,0.189512,1.2086596278179438,1.2086596278179438,0.6332291666666666,0.263013183559326,-0.4569228897072052,-0.5461077294751322,-0.6352925692430591,-0.813662248778913,-1.3487712873864748
10,10,420,basic,0.189512,0.306281,1.2086596278179438,1.358363953194875,0.634890873015873,0.20061877900526587,-0.4543021483762636,-0.5833199707196347,-0.7123377930630059,-0.9703734377497482,-1.744480371809975
10,10,420,basic,0.189512,0.495,1.2086596278179438,1.640498239057044,0.6332440476190476,0.1895473985994266,-0.4568993898775778,-0.5951971581598672,-0.7334949264421566,-1.0100904630067353,-1.8398770727004716
10,10,420,basic,0.189512,0.8,1.2086596278179438,2.225540928492468,0.6333085317460317,0.15475230076365773,-0.45679756366350593,-0.630882208595491,-0.8049668535274761,-1.1531361433914462,-2.1976440129833565
10,10,420,basic,0.306281,0.027778,1.358363953194875,1.0281674059193349,0.617296626984127,0.5085056289022636,-0.4824056137408618,-0.5052732776226688,-0.5281409415044758,-0.5738762692680897,-0.7110822525589313
10,10,420,basic,0.306281,0.044893,1.358363953194875,1.0459159409154797,0.6105357142857143,0.4986350784829872,-0.4934184870839393,-0.5176309884410513,-0.5418434897981632,-0.5902684925123872,-0.735543500655059
10,10,420,basic,0.306281,0.072555,1.358363953194875,1.0752519433207488,0.5987003968253968,0.4789474556330677,-0.5129939782392969,-0.5400908782198683,-0.5671877782004396,-0.6213815781615823,-0.7839629780450105
10,10,420,basic,0.306281,0.11726,1.358363953194875,1.1244117387407861,0.6031845238095238,0.47629150836334927,-0.5055321194319824,-0.5330399330233092,-0.5605477466146361,-0.6155633737972899,-0.780610255345251
10,10,420,basic,0.306281,0.189512,1.358363953194875,1.2086596278179438,0.6036458333333333,0.4230905131681663,-0.5047676216820756,-0.5417621694711994,-0.5787567172603233,-0.652745812838571,-0.8747130995733142
10,10,420,basic,0.306281,0.306281,1.358363953194875,1.358363953194875,0.620203373015873,0.4315820623355434,-0.4777078337367804,-0.5130128371797908,-0.5483178406228013,-0.6189278475088223,-0.8307578681668852
10,10,420,basic,0.306281,0.495,1.358363953194875,1.640498239057044,0.613829365079365,0.332983159323787,-0.4880382964951759,-0.5485012720783982,-0.6089642476616204,-0.7298901988280648,-1.0926680523273982
10,10,420,basic,0.306281,0.8,1.358363953194875,2.225540928492468,0.6348511904761904,0.2934383448189646,-0.45436465325947795,-0.5295292094086902,-0.6046937655579026,-0.755022877856327,-1.2060102147516008
10,10,420,basic,0.495,0.027778,1.640498239057044,1.0281674059193349,0.550625,0.8429274093292255,-0.5967012822916931,-0.598161185911989,-0.5996210895322849,-0.6025408967728767,-0.6113003184946522
10,10,420,basic,0.495,0.044893,1.640498239057044,1.0459159409154797,0.565515873015873,0.8273980773279068,-0.5700169148263025,-0.5718118465313159,-0.5736067782363293,-0.5771966416463563,-0.587966231876437
10,10,420,basic,0.495,0.072555,1.640498239057044,1.0752519433207488,0.5655803571428571,0.7939765481797213,-0.569902894241078,-0.5725640499887646,-0.5752252057364513,-0.5805475172318245,-0.5965144517179444
10,10,420,basic,0.495,0.11726,1.640498239057044,1.1244117387407861,0.566235119047619,0.7920772997643514,-0.5687458823578183,-0.5714625764067927,-0.574179270455767,-0.5796126585537157,-0.5959128228475618
10,10,420,basic,0.495,0.189512,1.640498239057044,1.2086596278179438,0.5780902777777778,0.7777901718678942,-0.5480252325791851,-0.5511827792121368,-0.5543403258450884,-0.5606554191109918,-0.5796006989087018
10,10,420,basic,0.495,0.306281,1.640498239057044,1.358363953194875,0.5816617063492063,0.7239112081389697,-0.5418662608164883,-0.5470855062652467,-0.5523047517140052,-0.5627432426115221,-0.5940587153040727
10,10,420,basic,0.495,0.495,1.640498239057044,1.640498239057044,0.5798462301587302,0.6166454228936585,-0.5449923310082849,-0.5566790627463631,-0.5683657944844414,-0.5917392579605978,-0.6618596483890672
10,10,420,basic,0.495,0.8,1.640498239057044,2.225540928492468,0.601765873015873,0.5505951399650499,-0.5078868245764933,-0.5256926816978841,-0.543498538819275,-0.5791102530620567,-0.6859453957904018
10,10,420,basic,0.8,0.027778,2.225540928492468,1.0281674059193349,0.47080853174603177,1.023041668861613,-0.7533037819547083,-0.7533297288716905,-0.7533556757886728,-0.7534075696226372,-0.7535632511245308
10,10,420,basic,0.8,0.044893,2.225540928492468,1.0459159409154797,0.4837748015873016,1.0434639953244675,-0.7261357665212634,-0.7262262743853085,-0.7263167822493537,-0.7264977979774438,-0.7270408451617145
10,10,420,basic,0.8,0.072555,2.225540928492468,1.0752519433207488,0.49169146825396826,1.072,-0.7099038562422015,-0.7101455499115724,-0.7103872435809434,-0.7108706309196853,-0.7123207929359108
10,10,420,basic,0.8,0.11726,2.225540928492468,1.1244117387407861,0.4602579365079365,1.0098935207138855,-0.7759682151111897,-0.775973061214246,-0.7759779073173023,-0.7759875995234148,-0.7760166761417525
10,10,420,basic,0.8,0.189512,2.225540928492468,1.2086596278179438,0.4831845238095238,1.0009855251000923,-0.7273566614143493,-0.7273567099295186,-0.727356758444688,-0.7273568554750265,-0.7273571465660423
10,10,420,basic,0.8,0.306281,2.225540928492468,1.358363953194875,0.49669146825396826,1.0349634985469325,-0.6997862338756913,-0.6998452855198811,-0.6999043371640709,-0.7000224404524505,-0.7003767503175893
10,10,420,basic,0.8,0.495,2.225540928492468,1.640498239057044,0.5158730158730159,0.9730769230769231,-0.6618946370558407,-0.6619318801073741,-0.6619691231589077,-0.6620436092619745,-0.6622670675711751
10,10,420,basic,0.027778,0.017188,1.0281674059193349,1.0173365636219565,0.6360912698412698,0.11890576749118813,-0.45241321989828914,-0.6791355419683002,-0.9058578640383113,-1.3593025081783332,-2.7196364405983995
10,10,420,basic,0.027778,0.02185,1.0281674059193349,1.0220904594024351,0.6360912698412698,0.11890576749118813,-0.45241321989828914,-0.6791355419683002,-0.9058578640383113,-1.3593025081783332,-2.7196364405983995
10,10,420,basic,0.027778,0.035314,1.0281674059193349,1.0359449444475108,0.6352876984126984,0.11488670612302262,-0.45367731432747355,-0.6877807405531706,-0.9218841667788678,-1.390091019230262,-2.794711576584445
10,10,420,basic,0.027778,0.044894,1.0281674059193349,1.0459169868319436,0.6357688492063492,0.1190284853828089,-0.4529202263481316,-0.6794229456106953,-0.905925664873259,-1.3589311033983864,-2.7179474189737687
10,10,420,basic,0.035313,0.017188,1.0359439085030844,1.0173365636219565,0.6360119047619047,0.11809390110747153,-0.4525379976381024,-0.6807215839051635,-0.9089051701722246,-1.365272342706347,-2.7343738603087133
10,10,420,basic,0.035313,0.02185,1.0359439085030844,1.0220904594024351,0.6360119047619047,0.11809390110747153,-0.4525379976381024,-0.6807215839051635,-0.9089051701722246,-1.365272342706347,-2.7343738603087133
10,10,420,basic,0.035313,0.027778,1.0359439085030844,1.0281674059193349,0.6361607142857143,0.1180662768031189,-0.4523040521463346,-0.6805376183451156,-0.9087711845438966,-1.3652383169414586,-2.7346397141341448
10,10,420,basic,0.035313,0.035314,1.0359439085030844,1.0359449444475108,0.6330654761904762,0.113002052873239,-0.45718142428764513,-0.6948775763524098,-0.9325737284171745,-1.4079660325467038,-2.834142944935292
10,10,420,basic,0.035313,0.044894,1.0359439085030844,1.0459169868319436,0.6330654761904762,0.113002052873239,-0.45718142428764513,-0.6948775763524098,-0.9325737284171745,-1.4079660325467038,-2.834142944935292
10,10,420,basic,0.044893,0.017188,1.0459159409154797,1.0173365636219565,0.6412301587301588,0.13399653443901233,-0.4443668245272668,-0.646360034393286,-0.8483532442593054,-1.252339663991344,-2.4642989231874597
10,10,420,basic,0.044893,0.02185,1.0459159409154797,1.0220904594024351,0.6412301587301588,0.13399653443901233,-0.4443668245272668,-0.646360034393286,-0.8483532442593054,-1.252339663991344,-2.4642989231874597
10,10,420,basic,0.044893,0.035314,1.0459159409154797,1.0359449444475108,0.6424156746031746,0.13453683470902086,-0.4425197165800536,-0.6437049179597704,-0.8448901193394871,-1.2472605220989206,-2.454371730377221
10,10,420,basic,0.044893,0.044894,1.0459159409154797,1.0459169868319436,0.6363740079365079,0.12649170258704684,-0.45196882568993024,-0.6657128818460218,-0.8794569380021134,-1.3069450503142965,-2.589409387250846
10,10,420,basic,0.057072,0.017188,1.0587320363579502,1.0173365636219565,0.6375793650793651,0.14212360739403745,-0.4500765154561796,-0.6404079058942145,-0.8307392963322495,-1.2114020772083194,-2.3533904198365287
10,10,420,basic,0.057072,0.02185,1.0587320363579502,1.0220904594024351,0.6375793650793651,0.14212360739403745,-0.4500765154561796,-0.6404079058942145,-0.8307392963322495,-1.2114020772083194,-2.3533904198365287
10,10,420,basic,0.057072,0.027778,1.0587320363579502,1.0281674059193349,0.6375793650793651,0.14212360739403745,-0.4500765154561796,-0.6404079058942145,-0.8307392963322495,-1.2114020772083194,-2.3533904198365287
10,10,420,basic,0.057072,0.035314,1.0587320363579502,1.0359449444475108,0.6355704365079365,0.14224504608564673,-0.4532323581327041,-0.6433971464523187,-0.8335619347719334,-1.2138915114111626,-2.3548802413288503
10,10,420,basic,0.057072,0.044894,1.0587320363579502,1.0459169868319436,0.6342261904761904,0.13963710308149538,-0.45534962085863284,-0.649140247766115,-0.8429308746735973,-1.2305121284885616,-2.393255889933455
10,10,420,basic,0.072554,0.017188,1.0752508680693431,1.0173365636219565,0.642906746031746,0.15197901396497185,-0.4417555947619299,-0.6192308126369415,-0.7967060305119531,-1.1516564662619764,-2.216507773512046
10,10,420,basic,0.072554,0.02185,1.0752508680693431,1.0220904594024351,0.6388789682539683,0.1524557834748987,-0.4480402505978307,-0.6249258552246331,-0.8018114598514354,-1.1555826691050402,-2.216896296865854
10,10,420,basic,0.072554,0.027778,1.0752508680693431,1.0281674059193349,0.6408680555555556,0.15116216069783822,-0.444931684816746,-0.6234237008175436,-0.8019157168183413,-1.1588997488199366,-2.2298518448247227
10,10,420,basic,0.072554,0.035314,1.0752508680693431,1.0359449444475108,0.6391071428571429,0.1498556393778523,-0.44768316595721475,-0.6278190916938857,-0.8079550174305566,-1.1682268689038986,-2.249042423323924
10,10,420,basic,0.072554,0.044894,1.0752508680693431,1.0459169868319436,0.6373462301587302,0.14718769700129972,-0.4504422386389351,-0.6340039781014835,-0.8175657175640316,-1.1846891964891282,-2.286059633264418
10,10,420,basic,0.189511,0.017188,1.2086584191589202,1.0173365636219565,0.6272222222222222,0.2957421232443376,-0.466454379734594,-0.5406631538033561,-0.6148719278721181,-0.7632894760096423,-1.2085421204222144
10,10,420,basic,0.189511,0.02185,1.2086584191589202,1.0220904594024351,0.6281994047619047,0.29844052272099175,-0.4648976394076407,-0.538004011654051,-0.6111103839004612,-0.7573231283932818,-1.1959613618717435
10,10,420,basic,0.189511,0.027778,1.2086584191589202,1.0281674059193349,0.6294345238095238,0.2870900121361136,-0.4629334439185457,-0.5408035872616569,-0.618673730604768,-0.7744140172909906,-1.2416348773496577
10,10,420,basic,0.189511,0.035314,1.2086584191589202,1.0359449444475108,0.6334176587301588,0.3004455860356939,-0.4566252659953635,-0.5289242099952357,-0.6012231539951078,-0.7458210419948523,-1.1796147059940854
10,10,420,basic,0.189511,0.044894,1.2086584191589202,1.0459169868319436,0.6351240079365079,0.29662373770901507,-0.45393501106669315,-0.5277815998946846,-0.6016281887226761,-0.7493213663786591,-1.192400899346608
10,10,420,basic,0.240923,0.017188,1.2724230549608022,1.0173365636219565,0.6188541666666667,0.4144564407146464,-0.4798856291001861,-0.5186749511834485,-0.5574642732667109,-0.6350429174332357,-0.8677788499328101
10,10,420,basic,0.240923,0.02185,1.2724230549608022,1.0220904594024351,0.6197470238095238,0.4061917224930167,-0.47844391032197614,-0.5190276542835165,-0.5596113982450568,-0.6407788861681374,-0.8842813499373794
10,10,420,basic,0.240923,0.027778,1.2724230549608022,1.0281674059193349,0.6211408730158731,0.39831658973662776,-0.47619737411812385,-0.5185641357521422,-0.5609308973861606,-0.6456644206541975,-0.8998649904583078
10,10,420,basic,0.240923,0.035314,1.2724230549608022,1.0359449444475108,0.6232093253968254,0.39347654788720066,-0.4728728208070897,-0.5163724389780251,-0.5598720571489605,-0.6468712934908312,-0.9078690025164434
10,10,420,basic,0.240923,0.044894,1.2724230549608022,1.0459169868319436,0.6269593253968254,0.3924047628466316,-0.466873612228879,-0.5106280150485115,-0.5543824178681439,-0.6418912235074088,-0.9044176404252036
10,10,420,basic,0.306281,0.017188,1.358363953194875,1.0173365636219565,0.622624007936508,0.4813059169382016,-0.47381246094630036,-0.5005489506112053,-0.5272854402761102,-0.5807584196059201,-0.7411773575953498
10,10,420,basic,0.306281,0.02185,1.358363953194875,1.0220904594024351,0.6191964285714285,0.5075062084434832,-0.479332724534254,-0.5023336290646733,-0.5253345335950925,-0.5713363426559311,-0.7093417698384468
10,10,420,basic,0.306281,0.035314,1.358363953194875,1.0359449444475108,0.6171279761904762,0.4982598281530065,-0.48267885974433006,-0.506943778010283,-0.5312086962762359,-0.5797385328081418,-0.7253280424038594
10,10,420,basic,0.306281,0.044894,1.358363953194875,1.0459169868319436,0.6105357142857143,0.4986350784829872,-0.4934184870839393,-0.5176309884410513,-0.5418434897981632,-0.5902684925123872,-0.735543500655059
10,10,420,basic,0.38937,0.017188,1.4760505890277924,1.0173365636219565,0.5931349206349207,0.6493610758011641,-0.5223333837137001,-0.5316544931873389,-0.5409756026609779,-0.5596178216082556,-0.615544478450089
10,10,420,basic,0.38937,0.02185,1.4760505890277924,1.0220904594024351,0.6009523809523809,0.6495146592709984,-0.509239580610356,-0.5185504821766505,-0.5278613837429449,-0.5464831868755338,-0.6023485962733005
10,10,420,basic,0.38937,0.027778,1.4760505890277924,1.0281674059193349,0.6016865079365079,0.6637757625721352,-0.5080187202472092,-0.5164159686692323,-0.5248132170912555,-0.5416077139353019,-0.591991204467441
10,10,420,basic,0.38937,0.035314,1.4760505890277924,1.0359449444475108,0.5962896825396825,0.6487705054403886,-0.5170286854685008,-0.5263891217884393,-0.5357495581083779,-0.5544704307482551,-0.6106330486678864
10,10,420,basic,0.38937,0.044894,1.4760505890277924,1.0459169868319436,0.6001438492063492,0.6563737199249519,-0.5105859038238634,-0.5194490045550251,-0.5283121052861868,-0.5460383067485102,-0.5992169111354803
10,10,420,basic,0.494999,0.017188,1.6404965985596252,1.0173365636219565,0.5479017857142857,0.8270367654381343,-0.6016592312456229,-0.603462448128708,-0.605265665011793,-0.6088720987779632,-0.6196914000764736
10,10,420,basic,0.494999,0.02185,1.6404965985596252,1.0220904594024351,0.5521180555555556,0.8327598443943328,-0.5939933868116403,-0.5956680194584886,-0.5973426521053369,-0.6006919173990336,-0.6107397132801236
10,10,420,basic,0.494999,0.027778,1.6404965985596252,1.0281674059193349,0.550625,0.8429274093292255,-0.5967012822916931,-0.598161185911989,-0.5996210895322849,-0.6025408967728767,-0.6113003184946522
10,10,420,basic,0.494999,0.035314,1.6404965985596252,1.0359449444475108,0.5660863095238096,0.8602122271584168,-0.56900872207967,-0.570142380842986,-0.5712760396063019,-0.5735433571329338,-0.5803453097128294
10,10,420,basic,0.494999,0.044894,1.6404965985596252,1.0459169868319436,0.565515873015873,0.8273980773279068,-0.5700169148263025,-0.5718118465313159,-0.5736067782363293,-0.5771966416463563,-0.587966231876437
10,10,420,basic,0.306281,0.117261,1.358363953194875,1.1244128631530872,0.6031845238095238,0.47629150836334927,-0.5055321194319824,-0.5330399330233092,-0.5605477466146361,-0.6155633737972899,-0.780610255345251
10,10,420,basic,0.306281,0.149071,1.358363953194875,1.160755399916865,0.6031646825396826,0.4577213441010543,-0.5055650141688274,-0.5361017123988976,-0.5666384106289678,-0.6277118070891081,-0.8109319964695294
10,10,420,basic,0.306281,0.240923,1.358363953194875,1.2724230549608022,0.6143303571428571,0.42991061696097665,-0.4872224545778496,-0.5228542759376071,-0.5584860972973646,-0.6297497400168797,-0.8435406681754247
10,10,420,basic,0.306281,0.306282,1.358363953194875,1.3583653115595076,0.620203373015873,0.4315820623355434,-0.4777078337367804,-0.5130128371797908,-0.5483178406228013,-0.6189278475088223,-0.8307578681668852
10,10,420,basic,0.38937,0.117261,1.4760505890277924,1.1244128631530872,0.5995982142857142,0.5806136715227624,-0.5114954909340561,-0.5262743270053837,-0.5410531630767113,-0.5706108352193663,-0.6592838516473316
10,10,420,basic,0.38937,0.149071,1.4760505890277924,1.160755399916865,0.5903720238095238,0.5552054713953234,-0.5270023919650564,-0.5443141211432755,-0.5616258503214946,-0.5962493086779327,-0.7001196837472472
10,10,420,basic,0.38937,0.189512,1.4760505890277924,1.2086596278179438,0.5899503968253968,0.5945650528864749,-0.5277168187940131,-0.5412329265778872,-0.5547490343617614,-0.5817812499295096,-0.6628778966327545
10,10,420,basic,0.38937,0.240923,1.4760505890277924,1.2724230549608022,0.5952678571428571,0.5539223038848058,-0.5187437946651259,-0.536191941390213,-0.5536400881153001,-0.5885363815654744,-0.6932252619159971
10,10,420,basic,0.38937,0.306282,1.4760505890277924,1.3583653115595076,0.6075446428571428,0.5256325470889363,-0.4983296202828137,-0.5190119022813943,-0.539694184279975,-0.5810587482771361,-0.7051524402686198
10,10,420,basic,0.495,0.117261,1.640498239057044,1.1244128631530872,0.566235119047619,0.7920772997643514,-0.5687458823578183,-0.5714625764067927,-0.574179270455767,-0.5796126585537157,-0.5959128228475618
10,10,420,basic,0.495,0.149071,1.640498239057044,1.160755399916865,0.5678769841269842,0.724275881345865,-0.5658504609584483,-0.571053447572085,-0.5762564341857218,-0.5866624074129954,-0.6178803270948159
10,10,420,basic,0.495,0.240923,1.640498239057044,1.2724230549608022,0.565828373015873,0.7440979740687818,-0.5694644746489759,-0.5738329273518595,-0.5782013800547432,-0.5869382854605104,-0.6131490016778124
10,10,420,basic,0.495,0.306282,1.640498239057044,1.3583653115595076,0.5816617063492063,0.7239112081389697,-0.5418662608164883,-0.5470855062652467,-0.5523047517140052,-0.5627432426115221,-0.5940587153040727
10,10,420,basic,0.629285,0.117261,1.8762685675265378,1.1244128631530872,0.5470089285714286,0.9292418183302048,-0.6032901538936847,-0.6035594311574822,-0.6038287084212798,-0.6043672629488749,-0.6059829265316602
10,10,420,basic,0.629285,0.149071,1.8762685675265378,1.160755399916865,0.5459275793650794,0.9259942394533841,-0.6052689505599947,-0.6055645331378604,-0.6058601157157261,-0.6064512808714574,-0.6082247763386515
10,10,420,basic,0.629285,0.189512,1.8762685675265378,1.2086596278179438,0.532797619047619,0.9203254757382788,-0.6296136285204114,-0.6299583100755907,-0.63030299163077,-0.6309923547411286,-0.6330604440722045
10,10,420,basic,0.629285,0.240923,1.8762685675265378,1.2724230549608022,0.5440029761904762,0.8780443325947607,-0.6088005612027846,-0.6096463178930321,-0.6104920745832797,-0.6121835879637747,-0.6172581281052599
10,10,420,basic,0.629285,0.306282,1.8762685675265378,1.3583653115595076,0.5477579365079365,0.8887963197739703,-0.6019218113227367,-0.6026166806988762,-0.6033115500750157,-0.6047012888272948,-0.6088705050841319
10,10,420,basic,0.8,0.117261,2.225540928492468,1.1244128631530872,0.4602579365079365,1.0098935207138855,-0.7759682151111897,-0.775973061214246,-0.7759779073173023,-0.7759875995234148,-0.7760166761417525
10,10,420,basic,0.8,0.149071,2.225540928492468,1.160755399916865,0.47771825396825396,1.0220750093450182,-0.7387341471156312,-0.7387579852230516,-0.7387818233304719,-0.7388294995453125,-0.7389725281898345
10,10,420,basic,0.8,0.240923,2.225540928492468,1.2724230549608022,0.4984623015873016,0.998586924072047,-0.6962273161363463,-0.6962274161167885,-0.6962275160972307,-0.6962277160581152,-0.6962283159407685
10,10,420,basic,0.8,0.306282,2.225540928492468,1.3583653115595076,0.49669146825396826,1.0349634985469325,-0.6997862338756913,-0.6998452855198811,-0.6999043371640709,-0.7000224404524505,-0.7003767503175893
50,10,420,rts,0.05,0.05,1.0512710963760241,1.0512710963760241,0.7277777777777777,0.36244547437295527,-0.31775952768905885,-0.36925872339402604,-0.42075791909899324,-0.5237563105089276,-0.8327514847387307
50,10,420,rts,0.05,0.087055,1.0512710963760241,1.0909566806856736,0.7287152777777778,0.33475416754589576,-0.31647218872661603,-0.3763532527820572,-0.4362343168374984,-0.5559964449483807,-0.915282829281028
50,10,420,rts,0.05,0.151572,1.0512710963760241,1.1636620824634731,0.7219593253968254,0.3011480827499021,-0.32578647769172103,-0.3978048587777139,-0.46982323986370667,-0.6138600020356924,-1.045970288551649
50,10,420,rts,0.05,0.263902,1.0512710963760241,1.3020005939902721,0.7208978174603174,0.28080890093784616,-0.32725787509690085,-0.40791315084641844,-0.488568426595936,-0.6498789780949712,-1.1338106325920767
50,10,420,rts,0.05,0.459479,1.0512710963760241,1.583248897402281,0.7173164682539682,0.220630519116803,-0.3322381574433263,-0.4464343787632077,-0.5606306000830891,-0.7890230427228517,-1.4742003706421398
50,10,420,rts,0.05,0.8,1.0512710963760241,2.225540928492468,0.7219890873015873,0.1848646197604996,-0.32574525474427446,-0.4682346539682266,-0.6107240531921788,-0.8957028516400831,-1.7506392469837964
50,10,420,rts,0.087055,0.05,1.0909566806856736,1.0512710963760241,0.728030753968254,0.42325527522466966,-0.31741198721583586,-0.3543730519615519,-0.39133411670726787,-0.4652562461986999,-0.687022634672996
50,10,420,rts,0.087055,0.087055,1.0909566806856736,1.0909566806856736,0.7272073412698413,0.39114082057228605,-0.31854364091426735,-0.3626003641487012,-0.40665708738313505,-0.49477053385200276,-0.7591108732586058
50,10,420,rts,0.087055,0.151572,1.0909566806856736,1.1636620824634731,0.7294990079365079,0.3672040634540719,-0.31539727094276027,-0.3655811951976041,-0.415765119452448,-0.5161329679621358,-0.817236513491199
50,10,420,rts,0.087055,0.263902,1.0909566806856736,1.3020005939902721,0.7252430555555556,0.30355997236832205,-0.32124843126872016,-0.3923126222072698,-0.46337681314581947,-0.6055051950229189,-1.0318903406542168
50,10,420,rts,0.087055,0.459479,1.0909566806856736,1.583248897402281,0.7216021825396826,0.25850214813541844,-0.3262812856544799,-0.4177916142769411,-0.5093019428994023,-0.6923226001443247,-1.2413845718790917
50,10,420,rts,0.087055,0.8,1.0909566806856736,2.225540928492468,0.7193601190476191,0.19325210483854285,-0.32939318566591536,-0.46449048319749503,-0.5995877807290747,-0.869782375792234,-1.680366160981712
50,10,420,rts,0.151572,0.05,1.1636620824634731,1.0512710963760241,0.7270535714285714,0.5158541078226697,-0.31875511581605465,-0.3406627674670483,-0.36257041911804194,-0.40638572242002924,-0.5378316323259912
50,10,420,rts,0.151572,0.087055,1.1636620824634731,1.0909566806856736,0.7269097222222223,0.4903995359787096,-0.3189529876707935,-0.3443382826221272,-0.3697235775734609,-0.42049416747612833,-0.5728059371841305
50,10,420,rts,0.151572,0.151572,1.1636620824634731,1.1636620824634731,0.7247222222222223,0.46346985708810157,-0.3219668393074729,-0.3515359604835825,-0.3811050816596921,-0.4402433240119113,-0.6176580510685689
50,10,420,rts,0.151572,0.263902,1.1636620824634731,1.3020005939902721,0.7248561507936508,0.41238888394659584,-0.3217820565122784,-0.36101311823191057,-0.4002441799515427,-0.478706303390807,-0.7140926737085997
50,10,420,rts,0.151572,0.459479,1.1636620824634731,1.583248897402281,0.7243005952380952,0.3274094467158383,-0.3225487859696588,-0.3848822844494845,-0.44721578292931025,-0.5718827798889616,-0.945883770767916
50,10,420,rts,0.151572,0.8,1.1636620824634731,2.225540928492468,0.7256894841269841,0.2769533626340576,-0.3206330634644887,-0.40305381393874884,-0.48547456441300896,-0.6503160653615292,-1.14484056820709
50,10,420,rts,0.263902,0.05,1.3020005939902721,1.0512710963760241,0.717906746031746,0.6694064810336489,-0.3314155985477004,-0.33947024388224406,-0.34752488921678765,-0.36363417988587493,-0.41196205189313667
50,10,420,rts,0.263902,0.087055,1.3020005939902721,1.0909566806856736,0.7210813492063493,0.6477127330260715,-0.32700331975897995,-0.33643449144826587,-0.34586566313755185,-0.3647280065161237,-0.4213150366518394
50,10,420,rts,0.263902,0.151572,1.3020005939902721,1.1636620824634731,0.7216418650793651,0.6181588226803132,-0.32622629489978666,-0.3377948191664903,-0.3493633434331939,-0.37250039196660123,-0.44191153756682305
50,10,420,rts,0.263902,0.263902,1.3020005939902721,1.3020005939902721,0.7267013888888889,0.568395186446694,-0.3192396301340595,-0.3351973971780133,-0.35115516422196713,-0.3830706983098748,-0.4788173005735977
50,10,420,rts,0.263902,0.459479,1.3020005939902721,1.583248897402281,0.7211011904761905,0.49037104296504186,-0.32697580414386673,-0.35236523932802594,-0.37775467451218514,-0.4285335448805036,-0.5808701559854589
50,10,420,rts,0.263902,0.8,1.3020005939902721,2.225540928492468,0.7242013888888889,0.3732354331194049,-0.3226857638274023,-0.37125079696703134,-0.41981583010666035,-0.5169458963859184,-0.8083360952236922
50,10,420,rts,0.459479,0.05,1.583248897402281,1.0512710963760241,0.6929464285714285,0.806889146587639,-0.3668025864290472,-0.3691045788946182,-0.3714065713601892,-0.3760105562913311,-0.3898225110847571
50,10,420,rts,0.459479,0.087055,1.583248897402281,1.0909566806856736,0.6890625,0.8218896447467875,-0.37242330090687153,-0.3743470252624844,-0.37627074961809737,-0.38011819832932314,-0.3916605444630006
50,10,420,rts,0.459479,0.151572,1.583248897402281,1.1636620824634731,0.702093253968254,0.8078817594777521,-0.35368904336821383,-0.35596473194152256,-0.3582404205148313,-0.3627917976614487,-0.3764459291013011
50,10,420,rts,0.459479,0.263902,1.583248897402281,1.3020005939902721,0.7085664682539683,0.7912185765189328,-0.34451140879100906,-0.3472534462981824,-0.3499954838053557,-0.3554795588197024,-0.37193178386274245
50,10,420,rts,0.459479,0.459479,1.583248897402281,1.583248897402281,0.7115575396825397,0.7193809689787382,-0.3402989937698398,-0.34572303265074306,-0.35114707153164626,-0.3619951492934527,-0.39453938257887217
50,10,420,rts,0.459479,0.8,1.583248897402281,2.225540928492468,0.7151686507936508,0.5701202680020531,-0.3352368888664439,-0.35102391573820224,-0.36681094260996056,-0.3983849963534771,-0.49310715758402696
50,10,420,rts,0.8,0.05,2.225540928492468,1.0512710963760241,0.6205902777777778,0.9353134416638025,-0.4770841929336588,-0.4773077966796055,-0.47753140042555225,-0.47797860791744573,-0.4793202303931261
50,10,420,rts,0.8,0.087055,2.225540928492468,1.0909566806856736,0.6349950396825397,0.9231699410225365,-0.4541380916435151,-0.4544576273585189,-0.45477716307352267,-0.4554162345035303,-0.4573334487935531
50,10,420,rts,0.8,0.151572,2.225540928492468,1.1636620824634731,0.6512599206349207,0.940557832041068,-0.4288464528099772,-0.4290342278526531,-0.4292220028953291,-0.4295975529806809,-0.43072420323673655
50,10,420,rts,0.8,0.263902,2.225540928492468,1.3020005939902721,0.6617212301587302,0.9144262123040712,-0.41291091421293624,-0.41331105538109886,-0.4137111965492615,-0.41451147888558676,-0.4169123258945625
50,10,420,rts,0.8,0.459479,2.225540928492468,1.583248897402281,0.6824107142857143,0.9052989663744602,-0.3821235820403018,-0.3826184954457549,-0.38311340885120804,-0.3841032356621143,-0.387072716094833
50,10,420,rts,0.8,0.8,2.225540928492468,2.225540928492468,0.6902678571428571,0.8175828913896435,-0.37067555796271123,-0.37270371608419245,-0.37473187420567367,-0.3787881904486361,-0.39095713917752334
50,10,420,rts,0.05,0.11487,1.0512710963760241,1.1217276035044739,0.7241666666666666,0.32516850238369227,-0.3227337105106997,-0.38583640987620543,-0.4489391092417111,-0.5751445079727225,-0.9537607041657568
50,10,420,rts,0.05,0.2,1.0512710963760241,1.2214027581601699,0.7224751984126984,0.2922245641979801,-0.3250721870412233,-0.40074581391707187,-0.4764194407929204,-0.6277666945446175,-1.0818084557997087
50,10,420,rts,0.065975,0.087055,1.0682000118318822,1.0909566806856736,0.7325843253968254,0.3683713749839189,-0.3111768247210468,-0.36104328186201307,-0.41090973900297934,-0.5106426532849118,-0.8098413961307094
50,10,420,rts,0.065975,0.11487,1.0682000118318822,1.1217276035044739,0.7283184523809524,0.3467135238951433,-0.317016891842849,-0.3731180999625081,-0.4292193080821672,-0.5414217243214854,-0.87802897303944
50,10,420,rts,0.065975,0.151572,1.0682000118318822,1.1636620824634731,0.727078373015873,0.339904079029056,-0.31872100393590685,-0.37694296191654375,-0.4351649198971806,-0.5516088358584543,-0.9009405837422755
50,10,420,rts,0.065975,0.2,1.0682000118318822,1.2214027581601699,0.7239186507936508,0.3128969042496334,-0.3230762536916165,-0.3905746872607242,-0.4580731208298319,-0.5930699879680473,-0.9980605893826935
50,10,420,rts,0.065975,0.263902,1.0682000118318822,1.3020005939902721,0.7221478174603174,0.2940220489748257,-0.3255254277197785,-0.4004465316211383,-0.47536763552249817,-0.6252098433252178,-1.0747364667333767
50,10,420,rts,0.087055,0.11487,1.0909566806856736,1.1217276035044739,0.7297916666666666,0.3901716895722034,-0.31499617369849553,-0.3592860722207737,-0.40357597074305185,-0.49215576778760817,-0.7578951589212772
50,10,420,rts,0.087055,0.2,1.0909566806856736,1.2214027581601699,0.7269593253968254,0.3500801746784484,-0.31888475157387186,-0.37396703327631137,-0.4290493149787508,-0.5392138783836298,-0.8697075685982667
50,10,420,rts,0.11487,0.087055,1.1217276035044739,1.0909566806856736,0.7260863095238095,0.4233394134404525,-0.3200863875818302,-0.35703036458129433,-0.39397434158075845,-0.4678622955796866,-0.6895261575764713
50,10,420,rts,0.11487,0.11487,1.1217276035044739,1.1217276035044739,0.727485119047619,0.42346636120031905,-0.3181617350630563,-0.35507994396822185,-0.39199815287338746,-0.4658345706837186,-0.6873438241147121
50,10,420,rts,0.11487,0.151572,1.1217276035044739,1.1636620824634731,0.7279265873015873,0.40974991482112433,-0.3175550774890077,-0.3573568572738706,-0.3971586370587335,-0.4767621966284593,-0.7155728753376368
50,10,420,rts,0.11487,0.2,1.1217276035044739,1.2214027581601699,0.7243998015873016,0.40006847485945535,-0.3224118268722791,-0.3643755792258763,-0.40633933157947355,-0.490266836286668,-0.7420493504082513
50,10,420,rts,0.11487,0.263902,1.1217276035044739,1.3020005939902721,0.7241170634920635,0.36405584250113027,-0.3228022097606596,-0.3738524687706787,-0.4249027277806978,-0.527003245800736,-0.8333047998608505
50,10,420,rts,0.151572,0.11487,1.1636620824634731,1.1217276035044739,0.7265873015873016,0.4835472419442927,-0.31939663583095834,-0.3457944687281667,-0.3721923016253751,-0.42498796741979183,-0.583374964803042
50,10,420,rts,0.151572,0.2,1.1636620824634731,1.2214027581601699,0.7245039682539682,0.42667944680268377,-0.3222680400052499,-0.35853958022185434,-0.39481112043845884,-0.4673542008716678,-0.6849834421712946
50,10,420,rts,0.151572,0.348221,1.1636620824634731,1.4165452716548637,0.7215228174603174,0.381138327638716,-0.32639127623664727,-0.37291324986307667,-0.419435223489506,-0.5124791707423648,-0.791611012500941
50,10,420,rts,0.151572,0.45948,1.1636620824634731,1.58325048065197,0.7243005952380952,0.3274094467158383,-0.3225487859696588,-0.3848822844494845,-0.44721578292931025,-0.5718827798889616,-0.945883770767916
50,10,420,rts,0.2,0.151572,1.2214027581601699,1.1636620824634731,0.7224652777777778,0.531258024428592,-0.32508591858945546,-0.3450892025609483,-0.3650924865324412,-0.4050990544754269,-0.5251187583043839
50,10,420,rts,0.2,0.2,1.2214027581601699,1.2214027581601699,0.7261557539682539,0.5185002015123673,-0.31999075002078836,-0.3415610382118515,-0.36313132640291473,-0.40627190278504105,-0.5356936319314201
50,10,420,rts,0.2,0.263902,1.2214027581601699,1.3020005939902721,0.7237400793650793,0.4868230230422327,-0.3233229574564708,-0.34923249146446994,-0.3751420254724691,-0.42696109348846734,-0.582418297536462
50,10,420,rts,0.2,0.348221,1.2214027581601699,1.4165452716548637,0.7281498015873016,0.45175653121700327,-0.31724848054235555,-0.34881888348955137,-0.38038928643674724,-0.44353009233113894,-0.6329525100143139
50,10,420,rts,0.2,0.45948,1.2214027581601699,1.58325048065197,0.7258085317460318,0.4070255530572774,-0.32046902931767934,-0.36086823015753244,-0.40126743099738554,-0.4820658326770917,-0.7244610377162102
50,10,420,rts,0.263902,0.2,1.3020005939902721,1.2214027581601699,0.7226984126984127,0.6213485613880957,-0.3247632770448419,-0.3360855598303959,-0.34740784261594987,-0.37005240818705787,-0.43798610490038176
50,10,420,rts,0.263902,0.348221,1.3020005939902721,1.4165452716548637,0.7275545634920635,0.5633679904550878,-0.31806628138529,-0.33452987954739466,-0.3509934777094994,-0.3839206740337088,-0.482702263006337
50,10,420,rts,0.263902,0.45948,1.3020005939902721,1.58325048065197,0.7211011904761905,0.49037104296504186,-0.32697580414386673,-0.35236523932802594,-0.37775467451218514,-0.4285335448805036,-0.5808701559854589
50,10,420,rts,0.348221,0.151572,1.4165452716548637,1.1636620824634731,0.7185664682539683,0.718634848097858,-0.3304970679937781,-0.33595533913498316,-0.3414136102761882,-0.35233015255859834,-0.38507977940582877
50,10,420,rts,0.348221,0.2,1.4165452716548637,1.2214027581601699,0.7087599206349207,0.7230771384180396,-0.3442384266696427,-0.349494985134651,-0.3547515435996592,-0.36526466052967577,-0.3968040113197253
50,10,420,rts,0.348221,0.263902,1.4165452716548637,1.3020005939902721,0.716765873015873,0.6705301038062285,-0.33300602864472667,-0.34099350074199974,-0.3489809728392728,-0.36495591703381897,-0.4128807496174574
50,10,420,rts,0.348221,0.348221,1.4165452716548637,1.4165452716548637,0.7212053571428572,0.6437057670483854,-0.3268313595845326,-0.33653396856356477,-0.34623657754259696,-0.36564179550066134,-0.42385744937485453
50,10,420,rts,0.348221,0.45948,1.4165452716548637,1.58325048065197,0.7157886904761904,0.603189122887258,-0.3343702806127079,-0.3471480313548318,-0.35992578209695564,-0.38548128358120337,-0.4621477880339466
50,10,420,rts,0.45948,0.151572,1.58325048065197,1.1636620824634731,0.702093253968254,0.8078817594777521,-0.35368904336821383,-0.35596473194152256,-0.3582404205148313,-0.3627917976614487,-0.3764459291013011
50,10,420,rts,0.45948,0.2,1.58325048065197,1.2214027581601699,0.7003720238095238,0.8002379687665994,-0.3561436225299203,-0.35862664251497656,-0.36110966250003285,-0.3660757024701453,-0.38097382238048283
50,10,420,rts,0.45948,0.263902,1.58325048065197,1.3020005939902721,0.7085664682539683,0.7912185765189328,-0.34451140879100906,-0.3472534462981824,-0.3499954838053557,-0.3554795588197024,-0.37193178386274245
50,10,420,rts,0.45948,0.348221,1.58325048065197,1.4165452716548637,0.7075297619047619,0.7339250410129138,-0.3459755840530229,-0.3507604050493242,-0.35554522604562555,-0.3651148680382281,-0.39382379401603596
50,10,420,rts,0.45948,0.45948,1.58325048065197,1.58325048065197,0.7115575396825397,0.7193809689787382,-0.3402989937698398,-0.34572303265074306,-0.35114707153164626,-0.3619951492934527,-0.39453938257887217
50,10,420,rts,0.151572,0.065975,1.1636620824634731,1.0682000118318822,0.7264583333333333,0.5069441599410054,-0.31957415022033114,-0.34265027159455325,-0.3657263929687754,-0.4118786357172196,-0.5503353639625523
50,10,420,rts,0.2,0.05,1.2214027581601699,1.0512710963760241,0.7197371031746032,0.5841501319788558,-0.32886926812957945,-0.3433198084988595,-0.3577703488681396,-0.3866714296066997,-0.47337467182238
50,10,420,rts,0.2,0.065975,1.2214027581601699,1.0682000118318822,0.7226884920634921,0.5836177193295536,-0.3247770043518877,-0.3392766069276861,-0.3537762095034845,-0.38277541465508125,-0.4697730301098715
50,10,420,rts,0.2,0.087055,1.2214027581601699,1.0909566806856736,0.726374007936508,0.5693479107056276,-0.3196902343609779,-0.3355535279151038,-0.3514168214692297,-0.3831434085774816,-0.4783231699022371
50,10,420,rts,0.2,0.11487,1.2214027581601699,1.1217276035044739,0.7244295634920634,0.5527255298024581,-0.32237074280056793,-0.33994689156272306,-0.35752304032487825,-0.39267533784918857,-0.49813223042211946
50,10,420,rts,0.263902,0.065975,1.3020005939902721,1.0682000118318822,0.7211011904761905,0.6615708448553387,-0.32697580414386673,-0.33550996291890534,-0.3440441216939439,-0.36111243924402103,-0.4123173918942525
50,10,420,rts,0.263902,0.11487,1.3020005939902721,1.1217276035044739,0.7230704365079365,0.6269724430785272,-0.32424863901271267,-0.33514621070896145,-0.3460437824052103,-0.3678389257977078,-0.4332243559752006
50,10,420,rts,0.348221,0.05,1.4165452716548637,1.0512710963760241,0.7081845238095238,0.7676234503046858,-0.3450505923960848,-0.34854744027132983,-0.3520442881465749,-0.3590379838970649,-0.3800190711485351
50,10,420,rts,0.348221,0.065975,1.4165452716548637,1.0682000118318822,0.7130009920634921,0.7540228605617046,-0.33827246717541204,-0.3422580518115944,-0.34624363644777684,-0.35421480572014163,-0.37812831353723597
50,10,420,rts,0.348221,0.087055,1.4165452716548637,1.0909566806856736,0.709593253968254,0.7303731458050806,-0.3430633548410695,-0.3479994279429194,-0.35293550104476923,-0.36280764724846903,-0.3924240858595683
50,10,420,rts,0.348221,0.11487,1.4165452716548637,1.1217276035044739,0.7098164682539683,0.7388982452707566,-0.342748837779421,-0.34732702629552026,-0.35190521481161957,-0.36106159184381814,-0.38853072294041385
50,10,420,rts,0.45948,0.05,1.58325048065197,1.0512710963760241,0.6929464285714285,0.806889146587639,-0.3668025864290472,-0.3691045788946182,-0.3714065713601892,-0.3760105562913311,-0.3898225110847571
50,10,420,rts,0.45948,0.065975,1.58325048065197,1.0682000118318822,0.6903819444444445,0.8255437164555507,-0.37051029186595613,-0.372347986724649,-0.374185681583342,-0.37786107130072777,-0.38888724045288525
50,10,420,rts,0.45948,0.087055,1.58325048065197,1.0909566806856736,0.6890625,0.8218896447467875,-0.37242330090687153,-0.3743470252624844,-0.37627074961809737,-0.38011819832932314,-0.3916605444630006
50,10,420,rts,0.45948,0.11487,1.58325048065197,1.1217276035044739,0.6936160714285714,0.82127394820965,-0.3658366827511301,-0.36777513467960843,-0.36971358660808673,-0.37359049046504333,-0.38522120203591315
50,10,420,rts,0.263901,0.151572,1.301999291990329,1.1636620824634731,0.7216418650793651,0.6181588226803132,-0.32622629489978666,-0.3377948191664903,-0.3493633434331939,-0.37250039196660123,-0.44191153756682305
50,10,420,rts,0.263901,0.2,1.301999291990329,1.2214027581601699,0.7226984126984127,0.6213485613880957,-0.3247632770448419,-0.3360855598303959,-0.34740784261594987,-0.37005240818705787,-0.43798610490038176
50,10,420,rts,0.263901,0.263902,1.301999291990329,1.3020005939902721,0.7267013888888889,0.568395186446694,-0.3192396301340595,-0.3351973971780133,-0.35115516422196713,-0.3830706983098748,-0.4788173005735977
50,10,420,rts,0.263901,0.348221,1.301999291990329,1.4165452716548637,0.7275545634920635,0.5633679904550878,-0.31806628138529,-0.33452987954739466,-0.3509934777094994,-0.3839206740337088,-0.482702263006337
50,10,420,rts,0.263901,0.45948,1.301999291990329,1.58325048065197,0.7211011904761905,0.49037104296504186,-0.32697580414386673,-0.35236523932802594,-0.37775467451218514,-0.4285335448805036,-0.5808701559854589
50,10,420,rts,0.34822,0.151572,1.4165438551103002,1.1636620824634731,0.7185664682539683,0.718634848097858,-0.3304970679937781,-0.33595533913498316,-0.3414136102761882,-0.35233015255859834,-0.38507977940582877
50,10,420,rts,0.34822,0.2,1.4165438551103002,1.2214027581601699,0.7087599206349207,0.7230771384180396,-0.3442384266696427,-0.349494985134651,-0.3547515435996592,-0.36526466052967577,-0.3968040113197253
50,10,420,rts,0.34822,0.263902,1.4165438551103002,1.3020005939902721,0.716765873015873,0.6705301038062285,-0.33300602864472667,-0.34099350074199974,-0.3489809728392728,-0.36495591703381897,-0.4128807496174574
50,10,420,rts,0.34822,0.348221,1.4165438551103002,1.4165452716548637,0.7212053571428572,0.6437057670483854,-0.3268313595845326,-0.33653396856356477,-0.34623657754259696,-0.36564179550066134,-0.42385744937485453
50,10,420,rts,0.34822,0.45948,1.4165438551103002,1.58325048065197,0.7157886904761904,0.603189122887258,-0.3343702806127079,-0.3471480313548318,-0.35992578209695564,-0.38548128358120337,-0.4621477880339466
50,10,420,rts,0.459479,0.2,1.583248897402281,1.2214027581601699,0.7003720238095238,0.8002379687665994,-0.3561436225299203,-0.35862664251497656,-0.36110966250003285,-0.3660757024701453,-0.38097382238048283
50,10,420,rts,0.459479,0.348221,1.583248897402281,1.4165452716548637,0.7075297619047619,0.7339250410129138,-0.3459755840530229,-0.3507604050493242,-0.35554522604562555,-0.3651148680382281,-0.39382379401603596
50,10,420,rts,0.459479,0.45948,1.583248897402281,1.58325048065197,0.7115575396825397,0.7193809689787382,-0.3402989937698398,-0.34572303265074306,-0.35114707153164626,-0.3619951492934527,-0.39453938257887217
50,10,420,rts,0.606286,0.151572,1.8336087141345103,1.1636620824634731,0.6719444444444445,0.8747091478178703,-0.3975796138341741,-0.39847559035605307,-0.399371566877932,-0.4011635199216899,-0.40653937905296367
50,10,420,rts,0.606286,0.2,1.8336087141345103,1.2214027581601699,0.6794940476190476,0.876641408611099,-0.3864068053718419,-0.38727348700317166,-0.38814016863450135,-0.3898735318971608,-0.3950736216851391
50,10,420,rts,0.606286,0.263902,1.8336087141345103,1.3020005939902721,0.6907192460317461,0.8506488376936279,-0.37002183874415173,-0.37133008701594084,-0.37263833528773,-0.37525483183130826,-0.38310432146204304
50,10,420,rts,0.606286,0.348221,1.8336087141345103,1.4165452716548637,0.6953621031746032,0.8267446588436709,-0.36332255733482893,-0.3651324890626795,-0.36694242079052997,-0.37056228424623106,-0.3814218746133342
50,10,420,rts,0.606286,0.45948,1.8336087141345103,1.58325048065197,0.7056498015873016,0.8082806711701895,-0.3486361962993708,-0.3509013654859576,-0.3531665346725444,-0.35769687304571796,-0.3712878881652386
50,10,420,rts,0.799999,0.151572,2.225538702952652,1.1636620824634731,0.6512599206349207,0.940557832041068,-0.4288464528099772,-0.4290342278526531,-0.4292220028953291,-0.4295975529806809,-0.43072420323673655
50,10,420,rts,0.799999,0.2,2.225538702952652,1.2214027581601699,0.6601636904761905,0.9126524355882153,-0.41526745883950217,-0.4156851582541727,-0.4161028576688432,-0.4169382564981842,-0.41944445298620736
50,10,420,rts,0.799999,0.263902,2.225538702952652,1.3020005939902721,0.6617212301587302,0.9144262123040712,-0.41291091421293624,-0.41331105538109886,-0.4137111965492615,-0.41451147888558676,-0.4169123258945625
50,10,420,rts,0.799999,0.348221,2.225538702952652,1.4165452716548637,0.6823710317460318,0.9056918133841211,-0.3821817342537368,-0.3826723407187039,-0.38316294718367094,-0.38414416011360514,-0.38708779890340755
50,10,420,rts,0.799999,0.45948,2.225538702952652,1.58325048065197,0.6824107142857143,0.9052989663744602,-0.3821235820403018,-0.3826184954457549,-0.38311340885120804,-0.3841032356621143,-0.387072716094833
10,10,105,rts,0.05,0.05,1.0512710963760241,1.0512710963760241,0.6853174603174603,0.22113491603937463,-0.3778731023587904,-0.4917244790172883,-0.6055758556757862,-0.8332786089927819,-1.5163868689437692
10,10,105,rts,0.05,0.087055,1.0512710963760241,1.0909566806856736,0.6855753968253968,0.21977831157931293,-0.3774967979530357,-0.49227864004685784,-0.60706048214068,-0.8366241663283243,-1.525315218891257
10,10,105,rts,0.05,0.151572,1.0512710963760241,1.1636620824634731,0.6861507936507937,0.21774333468278295,-0.3766578595947253,-0.49285346210634506,-0.6090490646179648,-0.8414402696412042,-1.5386138847109225
10,10,105,rts,0.05,0.263902,1.0512710963760241,1.3020005939902721,0.6936904761904762,0.20542303071906642,-0.3657294176883308,-0.4909738279744271,-0.6162182382605235,-0.8667070588327163,-1.6181735205492944
10,10,105,rts,0.05,0.459479,1.0512710963760241,1.583248897402281,0.6962698412698413,0.18631027014704207,-0.3620179908111855,-0.5031954318171161,-0.6443728728230468,-0.926727754834908,-1.773792400870492
10,10,105,rts,0.05,0.8,1.0512710963760241,2.225540928492468,0.693234126984127,0.15472680958241505,-0.366387491273259,-0.5405028761455138,-0.7146182610177687,-1.0628490307622784,-2.107541339995808
10,10,105,rts,0.087055,0.05,1.0909566806856736,1.0512710963760241,0.6930952380952381,0.26640329783579525,-0.3665878605258365,-0.45407043986100226,-0.541553019196168,-0.7165181778664997,-1.2414136538774945
10,10,105,rts,0.087055,0.087055,1.0909566806856736,1.0909566806856736,0.6885912698412698,0.24325025212505402,-0.37310740628577593,-0.4730297752434468,-0.5729521442011176,-0.7727968821164592,-1.3723310958624844
10,10,105,rts,0.087055,0.151572,1.0909566806856736,1.1636620824634731,0.6885912698412698,0.24325025212505402,-0.37310740628577593,-0.4730297752434468,-0.5729521442011176,-0.7727968821164592,-1.3723310958624844
10,10,105,rts,0.087055,0.263902,1.0909566806856736,1.3020005939902721,0.6944047619047619,0.24818561060632036,-0.36470025807776746,-0.4618032935402544,-0.5589063290027413,-0.7531123999277152,-1.3357306127026365
10,10,105,rts,0.087055,0.459479,1.0909566806856736,1.583248897402281,0.6951190476190476,0.196437746189416,-0.36367215654786733,-0.49609527494581174,-0.6285183933437561,-0.8933646301396451,-1.6879033405273116
10,10,105,rts,0.087055,0.8,1.0909566806856736,2.225540928492468,0.6924206349206349,0.18121382314172732,-0.3675616541012848,-0.5134381087605866,-0.6593145634198885,-0.9510674727384922,-1.826326200694303
10,10,105,rts,0.151572,0.05,1.1636620824634731,1.0512710963760241,0.6917857142857143,0.27379108587162276,-0.36847903275629934,-0.4523807854823082,-0.536282538208317,-0.7040860436603347,-1.2074965600163876
10,10,105,rts,0.151572,0.087055,1.1636620824634731,1.0909566806856736,0.6936309523809524,0.267913841929117,-0.3658152288180869,-0.45255151055667936,-0.5392877922952718,-0.7127603557724567,-1.233178046204011
10,10,105,rts,0.151572,0.151572,1.1636620824634731,1.1636620824634731,0.691031746031746,0.2593889973584472,-0.36956951411095385,-0.46061709776452464,-0.5516646814180954,-0.7337598487252371,-1.280045350646662
10,10,105,rts,0.151572,0.263902,1.1636620824634731,1.3020005939902721,0.6882142857142857,0.23836706452170905,-0.37365502774892895,-0.4764647265984826,-0.5792744254480362,-0.7848938231471434,-1.4017520162444652
10,10,105,rts,0.151572,0.459479,1.1636620824634731,1.583248897402281,0.6940873015873016,0.2397232862615059,-0.3651575315924515,-0.46715529048565313,-0.5691530493788547,-0.7731485671652579,-1.3851351205244675
10,10,105,rts,0.151572,0.8,1.1636620824634731,2.225540928492468,0.6925793650793651,0.18804790007448577,-0.367332440874678,-0.5069542765850366,-0.646576112295395,-0.9258197837161122,-1.7635507979782634
10,10,105,rts,0.263902,0.05,1.3020005939902721,1.0512710963760241,0.6893650793650794,0.31211144370250976,-0.37198427984480215,-0.4397750614072005,-0.5075658429695988,-0.6431474060943956,-1.0498920954687856
10,10,105,rts,0.263902,0.087055,1.3020005939902721,1.0909566806856736,0.6892460317460317,0.3095745293338707,-0.3721569864455021,-0.4409014132057561,-0.5096458399660101,-0.6471346934865181,-1.059601254048042
10,10,105,rts,0.263902,0.151572,1.3020005939902721,1.1636620824634731,0.6882142857142857,0.30669434353918007,-0.37365502774892895,-0.44349983976226265,-0.5133446517755964,-0.6530342758022638,-1.072103147882266
10,10,105,rts,0.263902,0.263902,1.3020005939902721,1.3020005939902721,0.6887698412698413,0.3035662844961687,-0.372848111278633,-0.44390982329219564,-0.5149715353057583,-0.6570949593328836,-1.0834652314142597
10,10,105,rts,0.263902,0.459479,1.3020005939902721,1.583248897402281,0.6835119047619047,0.28302708351476097,-0.38051120561516105,-0.4601702486547885,-0.539829291694416,-0.6991473777736709,-1.1771016360114355
10,10,105,rts,0.263902,0.8,1.3020005939902721,2.225540928492468,0.6883531746031746,0.25146283111866946,-0.37345323758119076,-0.46873674046892383,-0.5640202433566569,-0.754587249132123,-1.3262882664585214
10,10,105,rts,0.459479,0.05,1.583248897402281,1.0512710963760241,0.6799801587301587,0.39981325318782646,-0.3856916595756825,-0.42771389432730467,-0.4697361290789268,-0.5537805985821711,-0.805914007091904
10,10,105,rts,0.459479,0.087055,1.583248897402281,1.0909566806856736,0.6796428571428571,0.38874292053482806,-0.38618782886714587,-0.43082367919916814,-0.4754595295311904,-0.564731230195235,-0.8325463321873687
10,10,105,rts,0.459479,0.151572,1.583248897402281,1.1636620824634731,0.676765873015873,0.36963851182972235,-0.39042989599237826,-0.43995400835549625,-0.4894781207186142,-0.5885263454448502,-0.8856710196235579
10,10,105,rts,0.459479,0.263902,1.583248897402281,1.3020005939902721,0.6836904761904762,0.3281095826803645,-0.38024998396710846,-0.44234520257561843,-0.5044404211841285,-0.6286308584011484,-1.0012021700522082
10,10,105,rts,0.459479,0.459479,1.583248897402281,1.583248897402281,0.6802777777777778,0.31318905675786035,-0.38525406749203367,-0.45264411009931615,-0.5200341527065986,-0.6548142379211634,-1.0591544935648582
10,10,105,rts,0.459479,0.8,1.583248897402281,2.225540928492468,0.6894642857142858,0.3202969869636536,-0.3718403804590042,-0.43665024771052063,-0.501460114962037,-0.6310798494650698,-1.0199390529741683
10,10,105,rts,0.8,0.05,2.225540928492468,1.0512710963760241,0.6870833333333334,0.5219324843339398,-0.375299693776438,-0.3964388037201251,-0.4175779136638121,-0.45985613355118615,-0.5866907932133084
10,10,105,rts,0.8,0.087055,2.225540928492468,1.0909566806856736,0.6705357142857142,0.5069388962864328,-0.3996783125250056,-0.4227551392891249,-0.4458319660532442,-0.49198561958148285,-0.6304465801661987
10,10,105,rts,0.8,0.151572,2.225540928492468,1.1636620824634731,0.675,0.45796590241034685,-0.3930425881096072,-0.4235375568710474,-0.4540325256324876,-0.5150224631553679,-0.6979922757240091
10,10,105,rts,0.8,0.263902,2.225540928492468,1.3020005939902721,0.6736111111111112,0.500559646539028,-0.3951023210726177,-0.4190474942421647,-0.44299266741171167,-0.4908830137508056,-0.6345540527680874
10,10,105,rts,0.8,0.459479,2.225540928492468,1.583248897402281,0.6779761904761905,0.49212759730757977,-0.38864310895012244,-0.4137783821312797,-0.438913655312437,-0.4891842016747515,-0.639995840761695
10,10,105,rts,0.8,0.8,2.225540928492468,2.225540928492468,0.6799206349206349,0.4831913155130151,-0.3857792009755254,-0.4122305642559507,-0.4386819275363761,-0.49158465409722674,-0.6502928337797786
10,10,105,rts,0.027778,0.027778,1.0281674059193349,1.0281674059193349,0.6863492063492064,0.20178075855689176,-0.37636873362052514,-0.5044605140162559,-0.6325522944119867,-0.8887358552034482,-1.657286537577833
10,10,105,rts,0.027778,0.048561,1.0281674059193349,1.0497594051910042,0.6863492063492064,0.20178075855689176,-0.37636873362052514,-0.5044605140162559,-0.6325522944119867,-0.8887358552034482,-1.657286537577833
10,10,105,rts,0.027778,0.084896,1.0281674059193349,1.0886038460110399,0.6871626984126984,0.19033869430889613,-0.3751841903256441,-0.5127899773264591,-0.6503957643272742,-0.9256073383289043,-1.7512420603337946
10,10,105,rts,0.027778,0.148416,1.0281674059193349,1.1599953540721066,0.6903571428571429,0.201069149853423,-0.37054621695496437,-0.4992040842359695,-0.6278619515169747,-0.885177686078985,-1.657124889765016
10,10,105,rts,0.027778,0.259462,1.0281674059193349,1.2962325259398064,0.6945436507936508,0.1935723468075989,-0.36450026664816204,-0.4993255359556922,-0.6341508052632223,-0.9038013438782825,-1.712752959723463
10,10,105,rts,0.027778,0.453594,1.0281674059193349,1.5739588404457006,0.6938888888888889,0.1750543291776278,-0.3654434337586784,-0.5172864359847541,-0.6691294382108299,-0.9728154426629814,-1.883873456019436
10,10,105,rts,0.027778,0.792979,1.0281674059193349,2.209970130881297,0.6897619047619048,0.1418709009319986,-0.3714088065021092,-0.562087576891062,-0.752766347280015,-1.1341238880579207,-2.2781965103916377
10,10,105,rts,0.027778,1.386294,1.0281674059193349,3.999998555520698,0.6893452380952381,0.13234320582563394,-0.37201306220697267,-0.5765093905844734,-0.781005718961974,-1.1899983757169754,-2.4169763459819795
10,10,105,rts,0.048561,0.027778,1.0497594051910042,1.0281674059193349,0.6853174603174603,0.22113491603937463,-0.3778731023587904,-0.4917244790172883,-0.6055758556757862,-0.8332786089927819,-1.5163868689437692
10,10,105,rts,0.048561,0.048561,1.0497594051910042,1.0497594051910042,0.6853174603174603,0.22113491603937463,-0.3778731023587904,-0.4917244790172883,-0.6055758556757862,-0.8332786089927819,-1.5163868689437692
10,10,105,rts,0.048561,0.084896,1.0497594051910042,1.0886038460110399,0.6855753968253968,0.21977831157931293,-0.3774967979530357,-0.49227864004685784,-0.60706048214068,-0.8366241663283243,-1.525315218891257
10,10,105,rts,0.048561,0.148416,1.0497594051910042,1.1599953540721066,0.6861507936507937,0.21774333468278295,-0.3766578595947253,-0.49285346210634506,-0.6090490646179648,-0.8414402696412042,-1.5386138847109225
10,10,105,rts,0.048561,0.259462,1.0497594051910042,1.2962325259398064,0.6936904761904762,0.20542303071906642,-0.3657294176883308,-0.4909738279744271,-0.6162182382605235,-0.8667070588327163,-1.6181735205492944
10,10,105,rts,0.048561,0.453594,1.0497594051910042,1.5739588404457006,0.6962698412698413,0.18631027014704207,-0.3620179908111855,-0.5031954318171161,-0.6443728728230468,-0.926727754834908,-1.773792400870492
10,10,105,rts,0.048561,0.792979,1.0497594051910042,2.209970130881297,0.693234126984127,0.15472680958241505,-0.366387491273259,-0.5405028761455138,-0.7146182610177687,-1.0628490307622784,-2.107541339995808
10,10,105,rts,0.048561,1.386294,1.0497594051910042,3.999998555520698,0.690595238095238,0.14830776302936274,-0.37020138936534075,-0.5523134527949284,-0.7344255162245161,-1.0986496430836914,-2.1913220236612174
10,10,105,rts,0.084896,0.027778,1.0886038460110399,1.0281674059193349,0.6928373015873016,0.2726882213121796,-0.3669600814002718,-0.45138550164118885,-0.5358109218821059,-0.7046617623639401,-1.2112142838094424
10,10,105,rts,0.084896,0.048561,1.0886038460110399,1.0497594051910042,0.6930952380952381,0.26640329783579525,-0.3665878605258365,-0.45407043986100226,-0.541553019196168,-0.7165181778664997,-1.2414136538774945
10,10,105,rts,0.084896,0.084896,1.0886038460110399,1.0886038460110399,0.6885912698412698,0.24325025212505402,-0.37310740628577593,-0.4730297752434468,-0.5729521442011176,-0.7727968821164592,-1.3723310958624844
10,10,105,rts,0.084896,0.148416,1.0886038460110399,1.1599953540721066,0.6885912698412698,0.24325025212505402,-0.37310740628577593,-0.4730297752434468,-0.5729521442011176,-0.7727968821164592,-1.3723310958624844
10,10,105,rts,0.084896,0.259462,1.0886038460110399,1.2962325259398064,0.6944047619047619,0.24818561060632036,-0.36470025807776746,-0.4618032935402544,-0.5589063290027413,-0.7531123999277152,-1.3357306127026365
10,10,105,rts,0.084896,0.453594,1.0886038460110399,1.5739588404457006,0.6951190476190476,0.196437746189416,-0.36367215654786733,-0.49609527494581174,-0.6285183933437561,-0.8933646301396451,-1.6879033405273116
10,10,105,rts,0.084896,0.792979,1.0886038460110399,2.209970130881297,0.6924206349206349,0.18121382314172732,-0.3675616541012848,-0.5134381087605866,-0.6593145634198885,-0.9510674727384922,-1.826326200694303
10,10,105,rts,0.084896,1.386294,1.0886038460110399,3.999998555520698,0.688670634920635,0.15333198882134316,-0.37299215575981776,-0.5488015031503968,-0.7246108505409758,-1.076229545322134,-2.1310856296656087
10,10,105,rts,0.148416,0.027778,1.1599953540721066,1.0281674059193349,0.6919444444444445,0.2702299707518495,-0.36824960918202093,-0.45385585841465836,-0.5394621076472959,-0.7106746061125706,-1.224312101508395
10,10,105,rts,0.148416,0.048561,1.1599953540721066,1.0497594051910042,0.6917857142857143,0.27379108587162276,-0.36847903275629934,-0.4523807854823082,-0.536282538208317,-0.7040860436603347,-1.2074965600163876
10,10,105,rts,0.148416,0.084896,1.1599953540721066,1.0886038460110399,0.6912896825396826,0.2710025544616974,-0.3691963208642908,-0.4544294182103591,-0.5396625155564274,-0.710128710248564,-1.2215272943249742
10,10,105,rts,0.148416,0.148416,1.1599953540721066,1.1599953540721066,0.691031746031746,0.2593889973584472,-0.36956951411095385,-0.46061709776452464,-0.5516646814180954,-0.7337598487252371,-1.280045350646662
10,10,105,rts,0.148416,0.259462,1.1599953540721066,1.2962325259398064,0.6882142857142857,0.23836706452170905,-0.37365502774892895,-0.4764647265984826,-0.5792744254480362,-0.7848938231471434,-1.4017520162444652
10,10,105,rts,0.148416,0.453594,1.1599953540721066,1.5739588404457006,0.6940873015873016,0.2397232862615059,-0.3651575315924515,-0.46715529048565313,-0.5691530493788547,-0.7731485671652579,-1.3851351205244675
10,10,105,rts,0.148416,0.792979,1.1599953540721066,2.209970130881297,0.6925793650793651,0.18804790007448577,-0.367332440874678,-0.5069542765850366,-0.646576112295395,-0.9258197837161122,-1.7635507979782634
10,10,105,rts,0.148416,1.386294,1.1599953540721066,3.999998555520698,0.6902380952380952,0.1522364033574796,-0.37071867534980424,-0.5478752326732896,-0.7250317899967749,-1.0793449046437456,-2.1422842485846574
10,10,105,rts,0.259462,0.027778,1.2962325259398064,1.0281674059193349,0.6895833333333333,0.302977988778593,-0.37166772852487373,-0.4429608863538122,-0.5142540441827507,-0.6568403598406276,-1.0845993068142583
10,10,105,rts,0.259462,0.048561,1.2962325259398064,1.0497594051910042,0.6893650793650794,0.31211144370250976,-0.37198427984480215,-0.4397750614072005,-0.5075658429695988,-0.6431474060943956,-1.0498920954687856
10,10,105,rts,0.259462,0.084896,1.2962325259398064,1.0886038460110399,0.6892261904761905,0.30538043008895416,-0.37218577377907724,-0.44253893610646605,-0.5128920984338549,-0.6535984230886325,-1.0757173970529654
10,10,105,rts,0.259462,0.148416,1.2962325259398064,1.1599953540721066,0.6888888888888889,0.3034562211981567,-0.3726752852851735,-0.4437802353993664,-0.5148851855135592,-0.6570950857419451,-1.0837247864271022
10,10,105,rts,0.259462,0.259462,1.2962325259398064,1.2962325259398064,0.6887698412698413,0.3035662844961687,-0.372848111278633,-0.44390982329219564,-0.5149715353057583,-0.6570949593328836,-1.0834652314142597
10,10,105,rts,0.259462,0.453594,1.2962325259398064,1.5739588404457006,0.6835119047619047,0.28302708351476097,-0.38051120561516105,-0.4601702486547885,-0.539829291694416,-0.6991473777736709,-1.1771016360114355
10,10,105,rts,0.259462,0.792979,1.2962325259398064,2.209970130881297,0.6898611111111111,0.2549972676809802,-0.3712649898967961,-0.4646314370334959,-0.5579978841701957,-0.7447307784435953,-1.3049294612637938
10,10,105,rts,0.259462,1.386294,1.2962325259398064,3.999998555520698,0.6854761904761905,0.16822970938983442,-0.37764151365928383,-0.5364934426664744,-0.6953453716736648,-1.013049229688046,-1.966160803731189
10,10,105,rts,0.453594,0.027778,1.5739588404457006,1.0281674059193349,0.679781746031746,0.39671930183006915,-0.38598349404924154,-0.428720937709891,-0.47145838137054047,-0.5569332686918393,-0.8133579306557361
10,10,105,rts,0.453594,0.048561,1.5739588404457006,1.0497594051910042,0.6810912698412699,0.3820899000786553,-0.384058958551163,-0.43034071724046863,-0.4766224759297742,-0.5691859933083854,-0.8468765454442189
10,10,105,rts,0.453594,0.084896,1.5739588404457006,1.0886038460110399,0.6776190476190476,0.3678847505270555,-0.3891700256216621,-0.4391685824100026,-0.48916713919834315,-0.5891642527750243,-0.8891555935050675
10,10,105,rts,0.453594,0.148416,1.5739588404457006,1.1599953540721066,0.6820833333333334,0.3436018268028042,-0.382603438964902,-0.43966366793215284,-0.4967238968994036,-0.6108443548339052,-0.95320572863741
10,10,105,rts,0.453594,0.259462,1.5739588404457006,1.2962325259398064,0.6830555555555555,0.3199326090745367,-0.38117908222800884,-0.4461186073617668,-0.5110581324955248,-0.6409371827630406,-1.0305743335655884
10,10,105,rts,0.453594,0.453594,1.5739588404457006,1.5739588404457006,0.6789484126984127,0.3191794032555013,-0.3872101297170635,-0.45241855145143195,-0.5176269731858004,-0.6480438166545375,-1.0392943470607483
10,10,105,rts,0.453594,0.792979,1.5739588404457006,2.209970130881297,0.6885119047619047,0.3209705772167949,-0.37322267009594884,-0.43779357946129366,-0.5023644888266384,-0.6315063075573281,-1.0189317637493969
10,10,105,rts,0.453594,1.386294,1.5739588404457006,3.999998555520698,0.6878571428571428,0.27697011653397946,-0.3741741038052245,-0.45658708788962243,-0.5390000719740204,-0.7038260401428164,-1.198303944649204
10,10,105,rts,0.792979,0.027778,2.209970130881297,1.0281674059193349,0.6826190476190476,0.556039995349378,-0.38181833838808993,-0.39904180237390363,-0.4162652663597174,-0.45071219433134485,-0.5540529782462272
10,10,105,rts,0.792979,0.048561,2.209970130881297,1.0497594051910042,0.6792857142857143,0.524944502862484,-0.3867134530579597,-0.4074800636282072,-0.4282466741984548,-0.46977989533894987,-0.5943795587604352
10,10,105,rts,0.792979,0.084896,2.209970130881297,1.0886038460110399,0.6683730158730159,0.518197470759366,-0.40290885430112866,-0.42451751944059346,-0.4461261845800583,-0.4893435148589879,-0.6189955056957768
10,10,105,rts,0.792979,0.148416,2.209970130881297,1.1599953540721066,0.6748611111111111,0.46247023197012904,-0.39324837059824364,-0.42298376713543184,-0.45271916367262005,-0.5121899567469964,-0.6906023359701257
10,10,105,rts,0.792979,0.259462,2.209970130881297,1.2962325259398064,0.6704166666666667,0.49424368877445324,-0.3998558693436538,-0.42468784741632876,-0.44951982548900365,-0.4991837816343535,-0.6481756500704031
10,10,105,rts,0.792979,0.453594,2.209970130881297,1.5739588404457006,0.6826785714285715,0.4756008951666812,-0.38173114302682776,-0.40934668861607576,-0.43696223420532376,-0.4921933253838197,-0.6578865989193077
10,10,105,rts,0.792979,0.792979,2.209970130881297,2.209970130881297,0.6799206349206349,0.4831913155130151,-0.3857792009755254,-0.4122305642559507,-0.4386819275363761,-0.49158465409722674,-0.6502928337797786
10,10,105,rts,0.792979,1.386294,2.209970130881297,3.999998555520698,0.679265873015873,0.371724842996933,-0.3867426625042967,-0.4357082058581599,-0.48467374921202305,-0.5826048359197494,-0.8763980960429286
10,10,105,rts,1.386294,0.027778,3.999998555520698,1.0281674059193349,0.6370436507936508,0.7280032391690285,-0.4509171001790143,-0.45595581836415794,-0.46099453654930156,-0.47107197291958874,-0.5013042820304504
10,10,105,rts,1.386294,0.048561,3.999998555520698,1.0497594051910042,0.6403174603174603,0.7320277640059494,-0.445791193865467,-0.450656423372178,-0.455521652878889,-0.46525211189231097,-0.49444348893257695
10,10,105,rts,1.386294,0.084896,3.999998555520698,1.0886038460110399,0.649265873015873,0.7453473092320386,-0.43191298050421173,-0.43623198743658076,-0.4405509943689498,-0.44918900823368785,-0.4751030498279021
10,10,105,rts,1.386294,0.148416,3.999998555520698,1.1599953540721066,0.6434920634920634,0.763320177602368,-0.44084558536767876,-0.44449268372706685,-0.448139782086455,-0.4554339788052312,-0.47731656896155983
10,10,105,rts,1.386294,0.259462,3.999998555520698,1.2962325259398064,0.6351785714285715,0.7248305375941024,-0.4538491047747853,-0.4590274264869554,-0.46420574819912547,-0.4745623916234657,-0.5056323218964862
10,10,105,rts,1.386294,0.453594,3.999998555520698,1.5739588404457006,0.6464682539682539,0.733533853047695,-0.4362311864333454,-0.44103251455600784,-0.4458338426786702,-0.45543649892399507,-0.48424446765996954
10,10,105,rts,1.386294,0.792979,3.999998555520698,2.209970130881297,0.6463293650793651,0.6796623177283193,-0.43644605206641407,-0.44390199828877225,-0.45135794451113037,-0.46626983695584673,-0.5110055142899956
10,10,105,rts,1.386294,1.386294,3.999998555520698,3.999998555520698,0.6561111111111111,0.6665658642796661,-0.4214251276868938,-0.42965135776600694,-0.43787758784512015,-0.4543300480033465,-0.5036874284780255
10,10,105,rts,0.027778,0.34306,1.0281674059193349,1.409253314588721,0.6942658730158731,0.18993455459975422,-0.36490028951194525,-0.5028589161652253,-0.6408175428185052,-0.9167347961250654,-1.7444865560447453
10,10,105,rts,0.027778,0.599742,1.0281674059193349,1.8216487543785511,0.6930753968253969,0.17623314534367754,-0.36661648798243196,-0.5172921691065258,-0.6679678502306196,-0.9693192124788071,-1.8733732992233696
10,10,105,rts,0.027778,0.792978,1.0281674059193349,2.209967920912271,0.6897619047619048,0.1418709009319986,-0.3714088065021092,-0.562087576891062,-0.752766347280015,-1.1341238880579207,-2.2781965103916377
10,10,105,rts,0.036727,0.259462,1.0374097693090611,1.2962325259398064,0.6944444444444444,0.20434285714285713,-0.3646431135879093,-0.49072333023517567,-0.616803546882442,-0.8689639801769748,-1.625445280060573
10,10,105,rts,0.036727,0.34306,1.0374097693090611,1.409253314588721,0.6962698412698413,0.20397811467001026,-0.3620179908111855,-0.4883820630602925,-0.6147461353093995,-0.8674742798076134,-1.6256587133022553
10,10,105,rts,0.036727,0.453594,1.0374097693090611,1.5739588404457006,0.6962103174603175,0.18051241129698767,-0.3621034840358995,-0.5086431073225897,-0.6551827306092799,-0.9482619771826604,-1.8274997169028013
10,10,105,rts,0.036727,0.599742,1.0374097693090611,1.8216487543785511,0.6953968253968253,0.18169367724263866,-0.3632726245657257,-0.5086977278303939,-0.6541228310950621,-0.9449730376243985,-1.8175236572124076
10,10,105,rts,0.036727,0.792978,1.0374097693090611,2.209967920912271,0.6917460317460318,0.14737264800367142,-0.36853639687505885,-0.5518576024886683,-0.7351788081022776,-1.1018212193294965,-2.2017484530111533
10,10,105,rts,0.048561,0.34306,1.0497594051910042,1.409253314588721,0.6962698412698413,0.20397811467001026,-0.3620179908111855,-0.4883820630602925,-0.6147461353093995,-0.8674742798076134,-1.6256587133022553
10,10,105,rts,0.048561,0.599742,1.0497594051910042,1.8216487543785511,0.697202380952381,0.17849113520589657,-0.36067955032147564,-0.509153278337906,-0.6576270063543366,-0.9545744623871975,-1.84541683048578
10,10,105,rts,0.048561,0.792978,1.0497594051910042,2.209967920912271,0.693234126984127,0.15472680958241505,-0.366387491273259,-0.5405028761455138,-0.7146182610177687,-1.0628490307622784,-2.107541339995808
10,10,105,rts,0.064207,0.259462,1.0663131027301216,1.2962325259398064,0.6964285714285714,0.21116809116809115,-0.36179004460550285,-0.48270697294233106,-0.6036239012791592,-0.8454577579528156,-1.5709593279737848
10,10,105,rts,0.064207,0.34306,1.0663131027301216,1.409253314588721,0.6959920634920634,0.20143679799304406,-0.3624170217413769,-0.49078201827502654,-0.6191470148086762,-0.8758770078759753,-1.646066987077873
10,10,105,rts,0.064207,0.453594,1.0663131027301216,1.5739588404457006,0.6962698412698413,0.18631027014704207,-0.3620179908111855,-0.5031954318171161,-0.6443728728230468,-0.926727754834908,-1.773792400870492
10,10,105,rts,0.064207,0.599742,1.0663131027301216,1.8216487543785511,0.6963492063492064,0.180476407567814,-0.36190401121341004,-0.5084777853539725,-0.6550515594945349,-0.9481991077756597,-1.827641752619034
10,10,105,rts,0.064207,0.792978,1.0663131027301216,2.209967920912271,0.6935714285714286,0.1546515619636114,-0.365901047312025,-0.5401072190428834,-0.7143133907737418,-1.0627257342354586,-2.107962764620609
10,10,105,rts,0.084895,0.259462,1.0886027574077382,1.2962325259398064,0.6944047619047619,0.24818561060632036,-0.36470025807776746,-0.4618032935402544,-0.5589063290027413,-0.7531123999277152,-1.3357306127026365
10,10,105,rts,0.084895,0.34306,1.0886027574077382,1.409253314588721,0.6950198412698413,0.24573924462588143,-0.36381488523514843,-0.46230329234692663,-0.5607916994587048,-0.7577685136822612,-1.3486989563529304
10,10,105,rts,0.084895,0.453594,1.0886027574077382,1.5739588404457006,0.6951190476190476,0.196437746189416,-0.36367215654786733,-0.49609527494581174,-0.6285183933437561,-0.8933646301396451,-1.6879033405273116
10,10,105,rts,0.084895,0.599742,1.0886027574077382,1.8216487543785511,0.6937103174603174,0.18299345021880273,-0.36570081561467854,-0.5099127953288429,-0.6541247750430074,-0.9425487344713361,-1.8078206127563226
10,10,105,rts,0.084895,0.792978,1.0886027574077382,2.209967920912271,0.6924206349206349,0.18121382314172732,-0.3675616541012848,-0.5134381087605866,-0.6593145634198885,-0.9510674727384922,-1.826326200694303
10,10,105,rts,0.453594,0.015889,1.5739588404457006,1.0160159013816439,0.679781746031746,0.39671930183006915,-0.38598349404924154,-0.428720937709891,-0.47145838137054047,-0.5569332686918393,-0.8133579306557361
10,10,105,rts,0.453594,0.021009,1.5739588404457006,1.021231242677353,0.679781746031746,0.39671930183006915,-0.38598349404924154,-0.428720937709891,-0.47145838137054047,-0.5569332686918393,-0.8133579306557361
10,10,105,rts,0.453594,0.036728,1.5739588404457006,1.0374108067193493,0.6810912698412699,0.3820899000786553,-0.384058958551163,-0.43034071724046863,-0.4766224759297742,-0.5691859933083854,-0.8468765454442189
10,10,105,rts,0.453594,0.048562,1.5739588404457006,1.0497604549509343,0.6810912698412699,0.3820899000786553,-0.384058958551163,-0.43034071724046863,-0.4766224759297742,-0.5691859933083854,-0.8468765454442189
10,10,105,rts,0.599742,0.015889,1.8216487543785511,1.0160159013816439,0.6691666666666667,0.4710312518531697,-0.40172212182933,-0.43005983513845925,-0.45839754844758857,-0.5150729750658471,-0.6850992549206228
10,10,105,rts,0.599742,0.021009,1.8216487543785511,1.021231242677353,0.6680357142857143,0.5026582316077104,-0.40341364237509447,-0.42707016580874413,-0.4507266892423938,-0.49803973610969304,-0.6399788767115909
10,10,105,rts,0.599742,0.027778,1.8216487543785511,1.0281674059193349,0.6680357142857143,0.5026582316077104,-0.40341364237509447,-0.42707016580874413,-0.4507266892423938,-0.49803973610969304,-0.6399788767115909
10,10,105,rts,0.599742,0.036728,1.8216487543785511,1.0374108067193493,0.6680357142857143,0.5026582316077104,-0.40341364237509447,-0.42707016580874413,-0.4507266892423938,-0.49803973610969304,-0.6399788767115909
10,10,105,rts,0.599742,0.048562,1.8216487543785511,1.0497604549509343,0.671984126984127,0.4821660564544703,-0.39752055929729213,-0.4241266432594964,-0.4507327272217007,-0.5039448951461093,-0.663581398919335
10,10,105,rts,0.792979,0.015889,2.209970130881297,1.0160159013816439,0.6812301587301587,0.5683578959631852,-0.3838550582285855,-0.39981653197857797,-0.41577800572857043,-0.4477009532285554,-0.5434697957285102
10,10,105,rts,0.792979,0.021009,2.209970130881297,1.021231242677353,0.6826190476190476,0.556039995349378,-0.38181833838808993,-0.39904180237390363,-0.4162652663597174,-0.45071219433134485,-0.5540529782462272
10,10,105,rts,0.792979,0.036728,2.209970130881297,1.0374108067193493,0.6812103174603175,0.5123350712142837,-0.383884184300791,-0.4062472801025336,-0.4286103759042762,-0.4733365675077613,-0.6075151423182168
10,10,105,rts,0.792979,0.048562,2.209970130881297,1.0497604549509343,0.6792857142857143,0.524944502862484,-0.3867134530579597,-0.4074800636282072,-0.4282466741984548,-0.46977989533894987,-0.5943795587604352
10,10,105,rts,1.048476,0.015889,2.853299374630003,1.0160159013816439,0.6562103174603174,0.6359870589302452,-0.4212739355365022,-0.431515235454236,-0.4417565353719697,-0.4622391352074372,-0.5236869347138396
10,10,105,rts,1.048476,0.021009,2.853299374630003,1.021231242677353,0.660218253968254,0.6210067618332081,-0.4151848107961476,-0.4265332928213544,-0.43788177484656116,-0.46057873889697465,-0.5286696310482153
10,10,105,rts,1.048476,0.027778,2.853299374630003,1.0281674059193349,0.6605555555555556,0.6126997476871321,-0.4146740471934742,-0.4266731811919458,-0.43867231519041744,-0.4626705831873606,-0.5346653871781902
10,10,105,rts,1.048476,0.036728,2.853299374630003,1.0374108067193493,0.6609722222222222,0.6159157085822352,-0.41404346388303626,-0.4257875105126984,-0.4375315571423606,-0.4610196504016849,-0.5314839301796579
10,10,105,rts,1.048476,0.048562,2.853299374630003,1.0497604549509343,0.6616269841269842,0.6216037905595874,-0.41305334993905574,-0.4243560983107507,-0.4356588466824457,-0.4582643434258356,-0.5260808336560054
10,10,105,rts,1.386294,0.015889,3.999998555520698,1.0160159013816439,0.6335119047619048,0.7401421904851389,-0.456476487350306,-0.46100391788342077,-0.4655313484165356,-0.4745862094827652,-0.501750792681454
10,10,105,rts,1.386294,0.021009,3.999998555520698,1.021231242677353,0.6348412698412699,0.7405300662582823,-0.45438028009074743,-0.4588919589621081,-0.46340363783346883,-0.4724269955761902,-0.4994970688043544
10,10,105,rts,1.386294,0.036728,3.999998555520698,1.0374108067193493,0.6366269841269842,0.7463068004737269,-0.4515713771484388,-0.4558526565526338,-0.46013393595682883,-0.46869649476521885,-0.4943841711903889
10,10,105,rts,1.386294,0.048562,3.999998555520698,1.0497604549509343,0.6403174603174603,0.7320277640059494,-0.445791193865467,-0.450656423372178,-0.455521652878889,-0.46525211189231097,-0.49444348893257695
10,10,105,rts,0.792978,0.048562,2.209967920912271,1.0497604549509343,0.6792857142857143,0.524944502862484,-0.3867134530579597,-0.4074800636282072,-0.4282466741984548,-0.46977989533894987,-0.5943795587604352
10,10,105,rts,0.792978,0.064208,2.209967920912271,1.0663141690437574,0.6769642857142857,0.523168908819133,-0.3901367612069058,-0.4111223010041432,-0.4321078408013806,-0.4740789203958553,-0.5999921591792796
10,10,105,rts,0.792978,0.084896,2.209967920912271,1.0886038460110399,0.6683730158730159,0.518197470759366,-0.40290885430112866,-0.42451751944059346,-0.4461261845800583,-0.4893435148589879,-0.6189955056957768
10,10,105,rts,0.792978,0.112249,2.209967920912271,1.1187914050246819,0.6753769841269841,0.4634096183789183,-0.39248424900695833,-0.4220633668056506,-0.4516424846043428,-0.5108007202017273,-0.6882754269938808
10,10,105,rts,0.792978,0.148416,2.209967920912271,1.1599953540721066,0.6748611111111111,0.46247023197012904,-0.39324837059824364,-0.42298376713543184,-0.45271916367262005,-0.5121899567469964,-0.6906023359701257
10,10,105,rts,0.911822,0.048562,2.488853095129057,1.0497604549509343,0.6571428571428571,0.5545893719806764,-0.419853845560264,-0.4372309679854994,-0.4546080904107348,-0.48936233526120554,-0.5936250698126179
10,10,105,rts,0.911822,0.064208,2.488853095129057,1.0663141690437574,0.6638095238095238,0.5500358680057389,-0.40976003239104514,-0.42762658793697483,-0.4454931434829045,-0.48122625457476387,-0.5884255878503419
10,10,105,rts,0.911822,0.084896,2.488853095129057,1.0886038460110399,0.6742063492063493,0.5841082989994114,-0.3942190588335369,-0.40867344951405615,-0.42312784019457544,-0.45203662155561397,-0.5387629656387295
10,10,105,rts,0.911822,0.112249,2.488853095129057,1.1187914050246819,0.6699603174603175,0.5766155304152105,-0.400536796022321,-0.41569368859869077,-0.43085058117506053,-0.46116436632780006,-0.5521057217860186
10,10,105,rts,0.911822,0.148416,2.488853095129057,1.1599953540721066,0.6664087301587301,0.5601572036799952,-0.4058520877370281,-0.4226452916176837,-0.43943849549833935,-0.4730249032596507,-0.5737841265435846
10,10,105,rts,1.048476,0.064208,2.853299374630003,1.0663141690437574,0.6637698412698413,0.6319124768338614,-0.4098198141875059,-0.42035406525101593,-0.43088831631452595,-0.45195681844154595,-0.515162324822606
10,10,105,rts,1.048476,0.084896,2.853299374630003,1.0886038460110399,0.6609722222222222,0.6374088193798217,-0.41404346388303626,-0.4241839516283638,-0.43432443937369136,-0.45460541486434647,-0.5154483413363119
10,10,105,rts,1.048476,0.112249,2.853299374630003,1.1187914050246819,0.6656547619047619,0.6676801096903038,-0.40698411836316195,-0.41514274086170194,-0.423301363360242,-0.43961860835732197,-0.48857034334856203
10,10,105,rts,1.048476,0.148416,2.853299374630003,1.1599953540721066,0.662063492063492,0.6531407336370175,-0.4123938181826789,-0.42146602732729566,-0.43053823647191247,-0.448682654761146,-0.5031159096288467
10,10,105,rts,1.20561,0.048562,3.3387951220353123,1.0497604549509343,0.6525992063492063,0.6411480344167098,-0.42679211096033065,-0.43667089702430023,-0.44654968308826976,-0.46630725521620886,-0.5255799716000262
10,10,105,rts,1.20561,0.064208,3.3387951220353123,1.0663141690437574,0.6564285714285715,0.6339015838471769,-0.4209413932476629,-0.43133188166648945,-0.441722370085316,-0.4625033469229691,-0.5248462774359285
10,10,105,rts,1.20561,0.084896,3.3387951220353123,1.0886038460110399,0.6521230158730159,0.6305412724008884,-0.4275220602004428,-0.4381562560600972,-0.4487904519197517,-0.47005884363906053,-0.5338640187969872
10,10,105,rts,1.20561,0.112249,3.3387951220353123,1.1187914050246819,0.6461904761904762,0.6534635224760501,-0.4366609638766452,-0.44571213891705685,-0.45476331395746855,-0.4728656640382919,-0.5271727142807618
10,10,105,rts,1.20561,0.148416,3.3387951220353123,1.1599953540721066,0.6584126984126984,0.6648987463837994,-0.41792334303020606,-0.42625146060499486,-0.4345795781797836,-0.4512358133293612,-0.5012045187780938
10,10,105,rts,1.386294,0.064208,3.999998555520698,1.0663141690437574,0.6475793650793651,0.7603407071511735,-0.43451392136858,-0.43826741031034716,-0.44202089925211435,-0.4495278771356487,-0.4720488107862516
10,10,105,rts,1.386294,0.112249,3.999998555520698,1.1187914050246819,0.6543452380952381,0.7435034415840384,-0.42412017981248645,-0.4285122908764895,-0.4329044019404925,-0.44168862406849857,-0.46804129045251675
10,10,1680,rts,0.05,0.05,1.0512710963760241,1.0512710963760241,0.7390066964285714,0.14482451945262487,-0.30244829660195716,-0.48912441446531085,-0.6758005323286644,-1.0491527680553718,-2.1692094752354936
10,10,1680,rts,0.05,0.087055,1.0512710963760241,1.0909566806856736,0.7387562003968254,0.11916076497357038,-0.30278731720490143,-0.529053695450795,-0.7553200736966885,-1.2078528301884757,-2.565451099663837
10,10,1680,rts,0.05,0.151572,1.0512710963760241,1.1636620824634731,0.7376488095238095,0.07539170197027772,-0.30428743549662135,-0.6384136950719634,-0.9725399546473055,-1.6407924737979895,-3.6455500312500413
10,10,1680,rts,0.05,0.263902,1.0512710963760241,1.3020005939902721,0.737609126984127,0.03872510120912967,-0.30434123292242754,-0.8328781789453369,-1.3614151249682462,-2.418489017014065,-5.58971069315152
10,10,1680,rts,0.05,0.459479,1.0512710963760241,1.583248897402281,0.7372891865079365,0.015251871163064503,-0.3047750804335163,-1.1796717357112962,-2.0545683909890764,-3.8043617015446367,-9.053741633211317
10,10,1680,rts,0.05,0.8,1.0512710963760241,2.225540928492468,0.7365959821428572,0.010454703859149381,-0.30571572958439613,-1.3457164462489748,-2.3857171629135534,-4.46571859624271,-10.705722896230181
10,10,1680,rts,0.087055,0.05,1.0909566806856736,1.0512710963760241,0.7417832341269841,0.4388188052305851,-0.29869821579033845,-0.33261972178428056,-0.3665412277782226,-0.43438423976610685,-0.6379132757297594
10,10,1680,rts,0.087055,0.087055,1.0909566806856736,1.0909566806856736,0.739688740079365,0.38259805359732435,-0.301525802784336,-0.34767978214531864,-0.3938337615063012,-0.4861417202282665,-0.7630655963941623
10,10,1680,rts,0.087055,0.151572,1.0909566806856736,1.1636620824634731,0.741985367063492,0.2553109702391796,-0.29842575694790685,-0.3916242732172398,-0.48482278948657276,-0.6712198220252387,-1.2304109196412363
10,10,1680,rts,0.087055,0.263902,1.0909566806856736,1.3020005939902721,0.7397941468253968,0.13373786814623598,-0.30138331144882535,-0.5037650811247033,-0.7061468508005813,-1.1109103901523372,-2.3252010082076047
10,10,1680,rts,0.087055,0.459479,1.0909566806856736,1.583248897402281,0.7371875,0.03983393555246035,-0.3049130093801429,-0.8243110873592124,-1.343709165338282,-2.382505321296421,-5.498893789170838
10,10,1680,rts,0.087055,0.8,1.0909566806856736,2.225540928492468,0.7361817956349206,0.015527484726028667,-0.30627818581520744,-1.1736992534117938,-2.04112032100838,-3.775962456201553,-8.98048886178107
10,10,1680,rts,0.151572,0.05,1.1636620824634731,1.0512710963760241,0.7348487103174604,0.9415270797965514,-0.3080906372592746,-0.30827215345214315,-0.3084536696450117,-0.30881670203074874,-0.30990579918795996
10,10,1680,rts,0.151572,0.087055,1.1636620824634731,1.0909566806856736,0.7396006944444444,0.8959145828233408,-0.3016448405236313,-0.30224885315125466,-0.302852865778878,-0.3040608910341247,-0.3076849667998649
10,10,1680,rts,0.151572,0.151572,1.1636620824634731,1.1636620824634731,0.7410181051587301,0.7732852263466079,-0.29973022057194987,-0.303035429072192,-0.3063406375724342,-0.3129510545729185,-0.3327823055743714
10,10,1680,rts,0.151572,0.263902,1.1636620824634731,1.3020005939902721,0.7427393353174603,0.6173421599646044,-0.2974101231168407,-0.3090423240124031,-0.3206745249079655,-0.3439389266990903,-0.41373213207246484
10,10,1680,rts,0.151572,0.459479,1.1636620824634731,1.583248897402281,0.7410739087301588,0.30985505403261704,-0.2996549167838826,-0.36829318006012324,-0.4369314433363638,-0.574207969888845,-0.9860375495462885
10,10,1680,rts,0.151572,0.8,1.1636620824634731,2.225540928492468,0.7382341269841269,0.060915956674819256,-0.3034942594573496,-0.6950072455976737,-1.0865202317379978,-1.8695462040186461,-4.218624120860591
10,10,1680,rts,0.263902,0.05,1.3020005939902721,1.0512710963760241,0.689547371031746,1.3298204661083246,-0.37171988065444583,-0.3757823831901598,-0.37984488572587366,-0.3879698907973015,-0.412344906011585
10,10,1680,rts,0.263902,0.087055,1.3020005939902721,1.0909566806856736,0.7040327380952381,1.3273516377445695,-0.350930420929134,-0.3549401281684948,-0.3589498354078556,-0.36696924988657714,-0.3910274933227419
10,10,1680,rts,0.263902,0.151572,1.3020005939902721,1.1636620824634731,0.7203484623015873,1.2766501001051835,-0.32802020863149395,-0.3310028562281377,-0.3339855038247814,-0.3399507990180689,-0.35784668459793134
10,10,1680,rts,0.263902,0.263902,1.3020005939902721,1.3020005939902721,0.7313715277777778,1.1765240480316321,-0.31283370241154507,-0.3141550611197146,-0.31547641982788405,-0.3181191372442231,-0.3260472894932401
10,10,1680,rts,0.263902,0.459479,1.3020005939902721,1.583248897402281,0.7385218253968254,0.9619272463495561,-0.3031046237617908,-0.303179959634981,-0.3032552955081712,-0.3034059672545516,-0.3038579824936927
10,10,1680,rts,0.263902,0.8,1.3020005939902721,2.225540928492468,0.7374553571428571,0.6132063415191934,-0.30454972528799057,-0.31650840578108347,-0.3284670862741763,-0.3523844472603621,-0.4241365302189194
10,10,1680,rts,0.459479,0.05,1.583248897402281,1.0512710963760241,0.5899516369047619,1.5390940792917096,-0.5277147167900675,-0.5370111293445481,-0.5463075418990287,-0.56490036700799,-0.6206788423348735
10,10,1680,rts,0.459479,0.087055,1.583248897402281,1.0909566806856736,0.6295076884920635,1.558474100485585,-0.4628172119232926,-0.47266101597220433,-0.48250482002111605,-0.5021924281189395,-0.5612552524124098
10,10,1680,rts,0.459479,0.151572,1.583248897402281,1.1636620824634731,0.6627715773809524,1.5570661173261187,-0.41132487699714565,-0.4211286176241599,-0.4309323582511741,-0.45053983950520254,-0.5093622832672879
10,10,1680,rts,0.459479,0.263902,1.583248897402281,1.3020005939902721,0.6881684027777778,1.5145196138674701,-0.3737216995211163,-0.38233702954237103,-0.3909523595636258,-0.40818301960613523,-0.4598749997336637
10,10,1680,rts,0.459479,0.459479,1.583248897402281,1.583248897402281,0.7011842757936508,1.4429209369777252,-0.3549845508960633,-0.36170687655149175,-0.36842920220692016,-0.3818738535177771,-0.4222078074503477
10,10,1680,rts,0.459479,0.8,1.583248897402281,2.225540928492468,0.6882998511904762,1.2602473673305767,-0.37353070577648173,-0.37620587589732096,-0.3788810460181602,-0.38423138625983866,-0.4002824069848741
10,10,1680,rts,0.8,0.05,2.225540928492468,1.0512710963760241,0.4534201388888889,1.6421761414295013,-0.7909361244075115,-0.8032380294095952,-0.8155399344116789,-0.8401437444158464,-0.9139551744283486
10,10,1680,rts,0.8,0.087055,2.225540928492468,1.0909566806856736,0.5054861111111111,1.669577846250466,-0.6822347164458341,-0.6953711580960847,-0.7085075997463353,-0.7347804830468365,-0.81359913294834
10,10,1680,rts,0.8,0.151572,2.225540928492468,1.1636620824634731,0.5281832837301588,1.691214691719473,-0.6383119272341409,-0.6521166559464043,-0.6659213846586679,-0.6935308420831949,-0.776359214356776
10,10,1680,rts,0.8,0.263902,2.225540928492468,1.3020005939902721,0.5600210813492064,1.6918740215367105,-0.5797808506950675,-0.593606067867451,-0.6074312850398346,-0.6350817193846016,-0.7180330224189028
10,10,1680,rts,0.8,0.459479,2.225540928492468,1.583248897402281,0.5420696924603174,1.650241921647126,-0.6123607019335643,-0.6249068392454591,-0.6374529765573538,-0.6625452511811433,-0.7378220750525118
10,10,1680,rts,0.8,0.8,2.225540928492468,2.225540928492468,0.5322780257936508,1.5891563710746477,-0.6305893212755784,-0.6413171857241676,-0.6520450501727567,-0.6735007790699351,-0.73786796576147
10,10,1680,rts,0.087055,0.2,1.0909566806856736,1.2214027581601699,0.7406324404761905,0.20125375473423013,-0.300250808496526,-0.428761509815639,-0.5572722111347519,-0.8142936137729779,-1.5853578216876556
10,10,1680,rts,0.087055,0.348221,1.0909566806856736,1.4165452716548637,0.7386458333333333,0.08133717455392818,-0.3029367241519309,-0.6177289410502476,-0.9325211579485642,-1.5621055917451974,-3.4508588931350963
10,10,1680,rts,0.087055,0.45948,1.0909566806856736,1.58325048065197,0.7371875,0.03983393555246035,-0.3049130093801429,-0.8243110873592124,-1.343709165338282,-2.382505321296421,-5.498893789170838
10,10,1680,rts,0.11487,0.151572,1.1217276035044739,1.1636620824634731,0.7422408234126984,0.5148502279702545,-0.29808152861752435,-0.3201183108886361,-0.3421550931597479,-0.3862286577019715,-0.5184493513286422
10,10,1680,rts,0.11487,0.2,1.1217276035044739,1.2214027581601699,0.7411098710317461,0.41525623670793516,-0.29960639068059447,-0.3382260927227864,-0.37684579476497837,-0.45408519884936227,-0.685803411102514
10,10,1680,rts,0.11487,0.263902,1.1217276035044739,1.3020005939902721,0.7397123015873016,0.3303582205651597,-0.30149395001787854,-0.36283036769655747,-0.4241667853752364,-0.5468396207325943,-0.9148581268046678
10,10,1680,rts,0.11487,0.348221,1.1217276035044739,1.4165452716548637,0.7394357638888889,0.1996810228734439,-0.3018678648518146,-0.43163940378837284,-0.5614109427249312,-0.8209540205980477,-1.5995832542173973
10,10,1680,rts,0.11487,0.45948,1.1217276035044739,1.58325048065197,0.7378422619047619,0.10703601368748697,-0.30402521448314745,-0.5536948210462287,-0.8033644276093099,-1.3027036407354724,-2.8007212801139594
10,10,1680,rts,0.151572,0.2,1.1636620824634731,1.2214027581601699,0.7427095734126984,0.711542924692906,-0.2974501943769035,-0.3032410636181105,-0.30903193285931746,-0.3206136713417314,-0.3553588867889732
10,10,1680,rts,0.151572,0.348221,1.1636620824634731,1.4165452716548637,0.7419878472222222,0.4919786275004638,-0.29842241435559275,-0.32357915772194545,-0.3487359010882981,-0.3990493878210035,-0.5499898480191197
10,10,1680,rts,0.151572,0.45948,1.1636620824634731,1.58325048065197,0.7410739087301588,0.30985505403261704,-0.2996549167838826,-0.36829318006012324,-0.4369314433363638,-0.574207969888845,-0.9860375495462885
10,10,1680,rts,0.2,0.151572,1.2214027581601699,1.1636620824634731,0.7345250496031746,1.0589291954869067,-0.30853117965678944,-0.3086951047564806,-0.30885902985617175,-0.30918688005555406,-0.3101704306537009
10,10,1680,rts,0.2,0.2,1.2214027581601699,1.2214027581601699,0.7392323908730158,0.9928118137882328,-0.3021429407929586,-0.30214554298786633,-0.30214814518277405,-0.3021533495725895,-0.30216896274203575
10,10,1680,rts,0.2,0.263902,1.2214027581601699,1.3020005939902721,0.7407713293650794,0.9162344858527047,-0.3000632986600812,-0.3004459620583748,-0.3008286254566684,-0.30159395225325564,-0.3038899326430173
10,10,1680,rts,0.2,0.348221,1.2214027581601699,1.4165452716548637,0.742672371031746,0.8191407117488825,-0.29750028571011156,-0.2994902862534838,-0.301480286796856,-0.3054602878836004,-0.3174002911438337
10,10,1680,rts,0.2,0.45948,1.2214027581601699,1.58325048065197,0.7410689484126984,0.6531079421283204,-0.29966161022431104,-0.30873595813186483,-0.3178103060394187,-0.33595900185452626,-0.3904050892998492
10,10,1680,rts,0.263902,0.2,1.3020005939902721,1.2214027581601699,0.7259598214285714,1.2431817483012022,-0.3202606080736751,-0.32262970700755494,-0.3249988059414347,-0.3297370038091943,-0.3439515974124731
10,10,1680,rts,0.263902,0.348221,1.3020005939902721,1.4165452716548637,0.7357775297619048,1.0957458821467276,-0.3068274752910853,-0.3072454960163021,-0.30766351674151887,-0.3084995581919524,-0.3110076825432531
10,10,1680,rts,0.263902,0.45948,1.3020005939902721,1.58325048065197,0.7385218253968254,0.9619272463495561,-0.3031046237617908,-0.303179959634981,-0.3032552955081712,-0.3034059672545516,-0.3038579824936927
10,10,1680,rts,0.087055,0.065975,1.0909566806856736,1.0682000118318822,0.7416889880952381,0.42445552401111525,-0.2988252771946048,-0.3355432753317173,-0.37226127346882976,-0.4456972697430548,-0.6660052585657297
10,10,1680,rts,0.087055,0.11487,1.0909566806856736,1.1217276035044739,0.7426376488095238,0.32933742775893654,-0.2975470398850174,-0.3592267030575992,-0.4209063662301809,-0.5442656925753444,-0.9143436716108349
10,10,1680,rts,0.11487,0.05,1.1217276035044739,1.0512710963760241,0.7424714781746031,0.6826026466063946,-0.29777082227594726,-0.30506100187183316,-0.312351181467719,-0.32693154065949076,-0.370672618234806
10,10,1680,rts,0.11487,0.065975,1.1217276035044739,1.0682000118318822,0.7446316964285714,0.6502595462561889,-0.29486555005230713,-0.3041270562493213,-0.31338856244633545,-0.33191157484036377,-0.3874806120224487
10,10,1680,rts,0.11487,0.087055,1.1217276035044739,1.0909566806856736,0.742249503968254,0.6153470887979283,-0.29806983361972533,-0.3098586865160098,-0.3216475394122942,-0.3452252452048631,-0.4159583625825697
10,10,1680,rts,0.11487,0.11487,1.1217276035044739,1.1217276035044739,0.7425049603174603,0.5715650448596757,-0.29772572776536116,-0.3133708584975369,-0.3290159892297126,-0.36030625069406397,-0.4541770350871182
10,10,1680,rts,0.151572,0.065975,1.1636620824634731,1.0682000118318822,0.7359908234126984,0.9118471178747201,-0.30653762852025784,-0.3069634355421184,-0.30738924256397904,-0.3082408566077002,-0.31079569873886376
10,10,1680,rts,0.151572,0.11487,1.1636620824634731,1.1217276035044739,0.7406448412698413,0.8369710810774609,-0.30023406511727635,-0.30181765569986585,-0.30340124628245535,-0.3065684274476344,-0.31606997094317146
10,10,1680,rts,0.2,0.05,1.2214027581601699,1.0512710963760241,0.719155505952381,1.1589596621643758,-0.3296776637668995,-0.33076581199914573,-0.33185396023139196,-0.33403025669588443,-0.34055914608936183
10,10,1680,rts,0.2,0.065975,1.2214027581601699,1.0682000118318822,0.720515873015873,1.165965605551578,-0.32778783322884764,-0.32896670705341624,-0.33014558087798485,-0.33250332852712206,-0.33957657147453363
10,10,1680,rts,0.2,0.087055,1.2214027581601699,1.0909566806856736,0.7248524305555556,1.1322638536511092,-0.32178718890666874,-0.3225587073877424,-0.32333022586881605,-0.32487326283096335,-0.3295023737174053
10,10,1680,rts,0.2,0.11487,1.2214027581601699,1.1217276035044739,0.7306894841269841,1.1145430970693857,-0.31376669179395117,-0.3143547027340357,-0.31494271367412024,-0.31611873555428927,-0.31964680119479644
10,10,1680,rts,0.263902,0.065975,1.3020005939902721,1.0682000118318822,0.7009672619047619,1.3239854226373704,-0.3552940950284728,-0.35923221644930675,-0.3631703378701407,-0.3710465807118085,-0.3946753092368121
10,10,1680,rts,0.263902,0.11487,1.3020005939902721,1.1217276035044739,0.7129439484126984,1.285115442550068,-0.33835247538499286,-0.34149872520889935,-0.34464497503280583,-0.3509374746806188,-0.3698149736240578
10,10,1680,rts,0.151572,0.263901,1.1636620824634731,1.301999291990329,0.7427393353174603,0.6173421599646044,-0.2974101231168407,-0.3090423240124031,-0.3206745249079655,-0.3439389266990903,-0.41373213207246484
10,10,1680,rts,0.151572,0.34822,1.1636620824634731,1.4165438551103002,0.7419878472222222,0.4919786275004638,-0.29842241435559275,-0.32357915772194545,-0.3487359010882981,-0.3990493878210035,-0.5499898480191197
10,10,1680,rts,0.151572,0.606286,1.1636620824634731,1.8336087141345103,0.7399702380952381,0.1609151483462709,-0.3011453123829376,-0.4680194886767313,-0.634893664970525,-0.9686420175581124,-1.9698870753208744
10,10,1680,rts,0.151572,0.799999,1.1636620824634731,2.225538702952652,0.7382341269841269,0.060915956674819256,-0.3034942594573496,-0.6950072455976737,-1.0865202317379978,-1.8695462040186461,-4.218624120860591
10,10,1680,rts,0.2,0.263901,1.2214027581601699,1.301999291990329,0.7407713293650794,0.9162344858527047,-0.3000632986600812,-0.3004459620583748,-0.3008286254566684,-0.30159395225325564,-0.3038899326430173
10,10,1680,rts,0.2,0.34822,1.2214027581601699,1.4165438551103002,0.742672371031746,0.8191407117488825,-0.29750028571011156,-0.2994902862534838,-0.301480286796856,-0.3054602878836004,-0.3174002911438337
10,10,1680,rts,0.2,0.459479,1.2214027581601699,1.583248897402281,0.7410689484126984,0.6531079421283204,-0.29966161022431104,-0.30873595813186483,-0.3178103060394187,-0.33595900185452626,-0.3904050892998492
10,10,1680,rts,0.2,0.606286,1.2214027581601699,1.8336087141345103,0.7412810019841269,0.45768850509143166,-0.2993755056201746,-0.32991781110693474,-0.3604601165936948,-0.42154472756721506,-0.6047985604877757
10,10,1680,rts,0.2,0.799999,1.2214027581601699,2.225538702952652,0.7394357638888889,0.2305926232766095,-0.3018678648518146,-0.4094873757355944,-0.5171068866193742,-0.7323459083869339,-1.3780629736896128
10,10,1680,rts,0.263902,0.263901,1.3020005939902721,1.301999291990329,0.7313715277777778,1.1765240480316321,-0.31283370241154507,-0.3141550611197146,-0.31547641982788405,-0.3181191372442231,-0.3260472894932401
10,10,1680,rts,0.263902,0.34822,1.3020005939902721,1.4165438551103002,0.7357775297619048,1.0957458821467276,-0.3068274752910853,-0.3072454960163021,-0.30766351674151887,-0.3084995581919524,-0.3110076825432531
10,10,1680,rts,0.263902,0.606286,1.3020005939902721,1.8336087141345103,0.7396106150793651,0.830556216906821,-0.3016314271122317,-0.3033549026129194,-0.30507837811360716,-0.30852532911498265,-0.3188661821191091
10,10,1680,rts,0.263902,0.799999,1.3020005939902721,2.225538702952652,0.7374553571428571,0.6132063415191934,-0.30454972528799057,-0.31650840578108347,-0.3284670862741763,-0.3523844472603621,-0.4241365302189194
10,10,1680,rts,0.348221,0.263901,1.4165452716548637,1.301999291990329,0.7150434027777778,1.3732620432145761,-0.33541203494479005,-0.3404424768593118,-0.34547291877383357,-0.35553380260287704,-0.38571645409000754
10,10,1680,rts,0.348221,0.34822,1.4165452716548637,1.4165438551103002,0.7205270337301587,1.3323649431271545,-0.32777234345511,-0.331889516860923,-0.33600669026673596,-0.3442410370783619,-0.3689440775132397
10,10,1680,rts,0.348221,0.459479,1.4165452716548637,1.583248897402281,0.7251066468253968,1.2510782828196454,-0.32143653587595666,-0.32394546592580864,-0.3264543959756606,-0.3314722560753646,-0.34652583637447654
10,10,1680,rts,0.348221,0.606286,1.4165452716548637,1.8336087141345103,0.7279960317460318,1.147270447793737,-0.31745968169861527,-0.31840342181788317,-0.31934716193715107,-0.32123464217568687,-0.3268970828912943
10,10,1680,rts,0.348221,0.799999,1.4165452716548637,2.225538702952652,0.7267807539682539,1.0068864788866974,-0.3191304233167155,-0.31913277826964803,-0.3191351332225805,-0.31913984312844557,-0.31915397284604075
10,10,1680,rts,0.45948,0.263901,1.58325048065197,1.301999291990329,0.6891257440476191,1.5133153743582546,-0.37233152237380596,-0.38091386520453246,-0.389496208035259,-0.40666089369671204,-0.45815495068107115
10,10,1680,rts,0.45948,0.34822,1.58325048065197,1.4165438551103002,0.692078373015873,1.491445854805301,-0.36805607397413703,-0.3760459180715041,-0.38403576216887114,-0.40001545036360525,-0.4479545149478076
10,10,1680,rts,0.45948,0.459479,1.58325048065197,1.583248897402281,0.7011842757936508,1.4429209369777252,-0.3549845508960633,-0.36170687655149175,-0.36842920220692016,-0.3818738535177771,-0.4222078074503477
10,10,1680,rts,0.45948,0.606286,1.58325048065197,1.8336087141345103,0.6986272321428572,1.3723838380611069,-0.35863796634587475,-0.36364813790462,-0.3686583094633652,-0.37867865258085565,-0.408739681933327
10,10,1680,rts,0.45948,0.799999,1.58325048065197,2.225538702952652,0.6882998511904762,1.2602473673305767,-0.37353070577648173,-0.37620587589732096,-0.3788810460181602,-0.38423138625983866,-0.4002824069848741
10,0,420,rts,0.05,0.05,1.0512710963760241,1.0512710963760241,0.6993849206349206,1.0,-0.3575540150157734,-0.3575540150157734,-0.3575540150157734,-0.3575540150157734,-0.3575540150157734
10,0,420,rts,0.05,0.087055,1.0512710963760241,1.0909566806856736,0.7007093253968254,1.0,-0.35566213500743055,-0.35566213500743055,-0.35566213500743055,-0.35566213500743055,-0.35566213500743055
10,0,420,rts,0.05,0.151572,1.0512710963760241,1.1636620824634731,0.6983085317460317,1.0,-0.35909425132417266,-0.35909425132417266,-0.35909425132417266,-0.35909425132417266,-0.35909425132417266
10,0,420,rts,0.05,0.263902,1.0512710963760241,1.3020005939902721,0.6965426587301587,1.0,-0.36162624035833335,-0.36162624035833335,-0.36162624035833335,-0.36162624035833335,-0.36162624035833335
10,0,420,rts,0.05,0.459479,1.0512710963760241,1.583248897402281,0.6957986111111111,1.0,-0.36269501236989343,-0.36269501236989343,-0.36269501236989343,-0.36269501236989343,-0.36269501236989343
10,0,420,rts,0.05,0.8,1.0512710963760241,2.225540928492468,0.6972519841269841,1.0,-0.3606084068321421,-0.3606084068321421,-0.3606084068321421,-0.3606084068321421,-0.3606084068321421
10,0,420,rts,0.087055,0.05,1.0909566806856736,1.0512710963760241,0.7261904761904762,1.0,-0.3199429346700024,-0.3199429346700024,-0.3199429346700024,-0.3199429346700024,-0.3199429346700024
10,0,420,rts,0.087055,0.087055,1.0909566806856736,1.0909566806856736,0.724905753968254,1.0,-0.3217136271040293,-0.3217136271040293,-0.3217136271040293,-0.3217136271040293,-0.3217136271040293
10,0,420,rts,0.087055,0.151572,1.0909566806856736,1.1636620824634731,0.7301339285714286,1.0,-0.3145272978706469,-0.3145272978706469,-0.3145272978706469,-0.3145272978706469,-0.3145272978706469
10,0,420,rts,0.087055,0.263902,1.0909566806856736,1.3020005939902721,0.7271478174603174,1.0,-0.3186254968614888,-0.3186254968614888,-0.3186254968614888,-0.3186254968614888,-0.3186254968614888
10,0,420,rts,0.087055,0.459479,1.0909566806856736,1.583248897402281,0.7232490079365079,1.0,-0.3240017068012088,-0.3240017068012088,-0.3240017068012088,-0.3240017068012088,-0.3240017068012088
10,0,420,rts,0.087055,0.8,1.0909566806856736,2.225540928492468,0.7204365079365079,1.0,-0.3278979896510785,-0.3278979896510785,-0.3278979896510785,-0.3278979896510785,-0.3278979896510785
10,0,420,rts,0.151572,0.05,1.1636620824634731,1.0512710963760241,0.7392559523809524,1.0,-0.3021110683631947,-0.3021110683631947,-0.3021110683631947,-0.3021110683631947,-0.3021110683631947
10,0,420,rts,0.151572,0.087055,1.1636620824634731,1.0909566806856736,0.7350644841269841,1.0,-0.3077970501115585,-0.3077970501115585,-0.3077970501115585,-0.3077970501115585,-0.3077970501115585
10,0,420,rts,0.151572,0.151572,1.1636620824634731,1.1636620824634731,0.7394593253968254,1.0,-0.30183600118804405,-0.30183600118804405,-0.30183600118804405,-0.30183600118804405,-0.30183600118804405
10,0,420,rts,0.151572,0.263902,1.1636620824634731,1.3020005939902721,0.7381597222222223,1.0,-0.30359505202297515,-0.30359505202297515,-0.30359505202297515,-0.30359505202297515,-0.30359505202297515
10,0,420,rts,0.151572,0.459479,1.1636620824634731,1.583248897402281,0.7410267857142857,1.0,-0.29971850627691177,-0.29971850627691177,-0.29971850627691177,-0.29971850627691177,-0.29971850627691177
10,0,420,rts,0.151572,0.8,1.1636620824634731,2.225540928492468,0.7372668650793651,1.0,-0.30480535588971086,-0.30480535588971086,-0.30480535588971086,-0.30480535588971086,-0.30480535588971086
10,0,420,rts,0.263902,0.05,1.3020005939902721,1.0512710963760241,0.7260267857142857,1.0,-0.3201683699146834,-0.3201683699146834,-0.3201683699146834,-0.3201683699146834,-0.3201683699146834
10,0,420,rts,0.263902,0.087055,1.3020005939902721,1.0909566806856736,0.7253323412698413,1.0,-0.3211253274099427,-0.3211253274099427,-0.3211253274099427,-0.3211253274099427,-0.3211253274099427
10,0,420,rts,0.263902,0.151572,1.3020005939902721,1.1636620824634731,0.7255059523809524,1.0,-0.3208860021692187,-0.3208860021692187,-0.3208860021692187,-0.3208860021692187,-0.3208860021692187
10,0,420,rts,0.263902,0.263902,1.3020005939902721,1.3020005939902721,0.7279613095238096,1.0,-0.31750737845626686,-0.31750737845626686,-0.31750737845626686,-0.31750737845626686,-0.31750737845626686
10,0,420,rts,0.263902,0.459479,1.3020005939902721,1.583248897402281,0.7351488095238096,1.0,-0.3076823383247966,-0.3076823383247966,-0.3076823383247966,-0.3076823383247966,-0.3076823383247966
10,0,420,rts,0.263902,0.8,1.3020005939902721,2.225540928492468,0.733655753968254,1.0,-0.3097153604257918,-0.3097153604257918,-0.3097153604257918,-0.3097153604257918,-0.3097153604257918
10,0,420,rts,0.459479,0.05,1.583248897402281,1.0512710963760241,0.6771527777777778,1.0,-0.3898583627289729,-0.3898583627289729,-0.3898583627289729,-0.3898583627289729,-0.3898583627289729
10,0,420,rts,0.459479,0.087055,1.583248897402281,1.0909566806856736,0.6793154761904762,1.0,-0.3866696404881264,-0.3866696404881264,-0.3866696404881264,-0.3866696404881264,-0.3866696404881264
10,0,420,rts,0.459479,0.151572,1.583248897402281,1.1636620824634731,0.6883928571428571,1.0,-0.37339559072581074,-0.37339559072581074,-0.37339559072581074,-0.37339559072581074,-0.37339559072581074
10,0,420,rts,0.459479,0.263902,1.583248897402281,1.3020005939902721,0.6973263888888889,1.0,-0.36050170108735924,-0.36050170108735924,-0.36050170108735924,-0.36050170108735924,-0.36050170108735924
10,0,420,rts,0.459479,0.459479,1.583248897402281,1.583248897402281,0.7098809523809524,1.0,-0.3426579957082991,-0.3426579957082991,-0.3426579957082991,-0.3426579957082991,-0.3426579957082991
10,0,420,rts,0.459479,0.8,1.583248897402281,2.225540928492468,0.7109375,1.0,-0.34117075740276714,-0.34117075740276714,-0.34117075740276714,-0.34117075740276714,-0.34117075740276714
10,0,420,rts,0.8,0.05,2.225540928492468,1.0512710963760241,0.5679315476190476,1.0,-0.5657543822786701,-0.5657543822786701,-0.5657543822786701,-0.5657543822786701,-0.5657543822786701
10,0,420,rts,0.8,0.087055,2.225540928492468,1.0909566806856736,0.5832886904761905,1.0,-0.5390730342735486,-0.5390730342735486,-0.5390730342735486,-0.5390730342735486,-0.5390730342735486
10,0,420,rts,0.8,0.151572,2.225540928492468,1.1636620824634731,0.5937152777777778,1.0,-0.5213554048754443,-0.5213554048754443,-0.5213554048754443,-0.5213554048754443,-0.5213554048754443
10,0,420,rts,0.8,0.263902,2.225540928492468,1.3020005939902721,0.6216021825396826,1.0,-0.475454968770638,-0.475454968770638,-0.475454968770638,-0.475454968770638,-0.475454968770638
10,0,420,rts,0.8,0.459479,2.225540928492468,1.583248897402281,0.646984126984127,1.0,-0.4354335180370086,-0.4354335180370086,-0.4354335180370086,-0.4354335180370086,-0.4354335180370086
10,0,420,rts,0.8,0.8,2.225540928492468,2.225540928492468,0.638154761904762,1.0,-0.4491744515351105,-0.4491744515351105,-0.4491744515351105,-0.4491744515351105,-0.4491744515351105
10,0,420,rts,0.087055,0.263901,1.0909566806856736,1.301999291990329,0.7271478174603174,1.0,-0.3186254968614888,-0.3186254968614888,-0.3186254968614888,-0.3186254968614888,-0.3186254968614888
10,0,420,rts,0.087055,0.34822,1.0909566806856736,1.4165438551103002,0.7262103174603175,1.0,-0.3199156126388808,-0.3199156126388808,-0.3199156126388808,-0.3199156126388808,-0.3199156126388808
10,0,420,rts,0.087055,0.606286,1.0909566806856736,1.8336087141345103,0.7231944444444445,1.0,-0.3240771518412476,-0.3240771518412476,-0.3240771518412476,-0.3240771518412476,-0.3240771518412476
10,0,420,rts,0.087055,0.799999,1.0909566806856736,2.225538702952652,0.7204365079365079,1.0,-0.3278979896510785,-0.3278979896510785,-0.3278979896510785,-0.3278979896510785,-0.3278979896510785
10,0,420,rts,0.11487,0.263901,1.1217276035044739,1.301999291990329,0.732703373015873,1.0,-0.3110143342839286,-0.3110143342839286,-0.3110143342839286,-0.3110143342839286,-0.3110143342839286
10,0,420,rts,0.11487,0.34822,1.1217276035044739,1.4165438551103002,0.7325843253968254,1.0,-0.3111768247210468,-0.3111768247210468,-0.3111768247210468,-0.3111768247210468,-0.3111768247210468
10,0,420,rts,0.11487,0.459479,1.1217276035044739,1.583248897402281,0.7321230158730159,1.0,-0.3118067246690631,-0.3118067246690631,-0.3118067246690631,-0.3118067246690631,-0.3118067246690631
10,0,420,rts,0.11487,0.606286,1.1217276035044739,1.8336087141345103,0.7317559523809524,1.0,-0.3123082189971007,-0.3123082189971007,-0.3123082189971007,-0.3123082189971007,-0.3123082189971007
10,0,420,rts,0.11487,0.799999,1.1217276035044739,2.225538702952652,0.7318799603174603,1.0,-0.31213876710578164,-0.31213876710578164,-0.31213876710578164,-0.31213876710578164,-0.31213876710578164
10,0,420,rts,0.151572,0.263901,1.1636620824634731,1.301999291990329,0.7381597222222223,1.0,-0.30359505202297515,-0.30359505202297515,-0.30359505202297515,-0.30359505202297515,-0.30359505202297515
10,0,420,rts,0.151572,0.34822,1.1636620824634731,1.4165438551103002,0.7364285714285714,1.0,-0.3059430315863901,-0.3059430315863901,-0.3059430315863901,-0.3059430315863901,-0.3059430315863901
10,0,420,rts,0.151572,0.606286,1.1636620824634731,1.8336087141345103,0.7352232142857142,1.0,-0.30758113296892287,-0.30758113296892287,-0.30758113296892287,-0.30758113296892287,-0.30758113296892287
10,0,420,rts,0.151572,0.799999,1.1636620824634731,2.225538702952652,0.7372668650793651,1.0,-0.30480535588971086,-0.30480535588971086,-0.30480535588971086,-0.30480535588971086,-0.30480535588971086
10,0,420,rts,0.2,0.263901,1.2214027581601699,1.301999291990329,0.7394742063492064,1.0,-0.30181587729192283,-0.30181587729192283,-0.30181587729192283,-0.30181587729192283,-0.30181587729192283
10,0,420,rts,0.2,0.34822,1.2214027581601699,1.4165438551103002,0.7382837301587302,1.0,-0.303427070057124,-0.303427070057124,-0.303427070057124,-0.303427070057124,-0.303427070057124
10,0,420,rts,0.2,0.459479,1.2214027581601699,1.583248897402281,0.7411855158730158,1.0,-0.29950432621759515,-0.29950432621759515,-0.29950432621759515,-0.29950432621759515,-0.29950432621759515
10,0,420,rts,0.2,0.606286,1.2214027581601699,1.8336087141345103,0.745813492063492,1.0,-0.2932797206749966,-0.2932797206749966,-0.2932797206749966,-0.2932797206749966,-0.2932797206749966
10,0,420,rts,0.2,0.799999,1.2214027581601699,2.225538702952652,0.7404960317460317,1.0,-0.30043500417313707,-0.30043500417313707,-0.30043500417313707,-0.30043500417313707,-0.30043500417313707
10,0,420,rts,0.263902,0.263901,1.3020005939902721,1.301999291990329,0.7279613095238096,1.0,-0.31750737845626686,-0.31750737845626686,-0.31750737845626686,-0.31750737845626686,-0.31750737845626686
10,0,420,rts,0.263902,0.34822,1.3020005939902721,1.4165438551103002,0.7343154761904762,1.0,-0.3088165386327167,-0.3088165386327167,-0.3088165386327167,-0.3088165386327167,-0.3088165386327167
10,0,420,rts,0.263902,0.606286,1.3020005939902721,1.8336087141345103,0.7391914682539683,1.0,-0.30219830058549085,-0.30219830058549085,-0.30219830058549085,-0.30219830058549085,-0.30219830058549085
10,0,420,rts,0.263902,0.799999,1.3020005939902721,2.225538702952652,0.733655753968254,1.0,-0.3097153604257918,-0.3097153604257918,-0.3097153604257918,-0.3097153604257918,-0.3097153604257918
20,20,840,basic,0.05,0.05,1.0512710963760241,1.0512710963760241,0.43528025793650793,0.16537420586308083,-0.8317651842285815,-0.9936831971517333,-1.155601210074885,-1.4794372359211887,-2.450945313460099
20,20,840,basic,0.05,0.087055,1.0512710963760241,1.0909566806856736,0.4354141865079365,0.14220860223628523,-0.8314575480116758,-1.021672311159819,-1.211887074307962,-1.592316600604248,-2.733605179493106
20,20,840,basic,0.05,0.151572,1.0512710963760241,1.1636620824634731,0.43359126984126983,0.10749096233926692,-0.8356529631893077,-1.0843756861472431,-1.3330984091051787,-1.8305438550210495,-3.322880192768662
20,20,840,basic,0.05,0.263902,1.0512710963760241,1.3020005939902721,0.43410714285714286,0.07889985831162302,-0.8344639024071172,-1.1569361765223343,-1.4794084506375513,-2.1243529988679857,-4.059186643559287
20,20,840,basic,0.05,0.459479,1.0512710963760241,1.583248897402281,0.438859126984127,0.048534032597147184,-0.8235768126574227,-1.2812563069487712,-1.7389358012401201,-2.6542947898228175,-5.400371755570909
20,20,840,basic,0.05,0.8,1.0512710963760241,2.225540928492468,0.4459126984126984,0.031135979353920085,-0.8076320895916123,-1.409465867038371,-2.01129964448513,-3.2149671993786475,-6.8259698640592
20,20,840,basic,0.087055,0.05,1.0909566806856736,1.0512710963760241,0.4370684523809524,0.22567612043625798,-0.827665454549552,-0.9384700511263311,-1.0492746477031103,-1.2708838408566683,-1.9357114203173431
20,20,840,basic,0.087055,0.087055,1.0909566806856736,1.0909566806856736,0.4395907738095238,0.18372516827180763,-0.8219110443673563,-0.9654460898082903,-1.1089811352492243,-1.396051226131092,-2.2572614987766957
20,20,840,basic,0.087055,0.151572,1.0909566806856736,1.1636620824634731,0.4393799603174603,0.15343365809051807,-0.8223907269959598,-0.9980758026971563,-1.1737608783983529,-1.5251310298007459,-2.5792414840079245
20,20,840,basic,0.087055,0.263902,1.0909566806856736,1.3020005939902721,0.42428323412698415,0.10585078710009295,-0.8573540417497465,-1.1095180458196574,-1.361682049889568,-1.8660100580293897,-3.3789940824488545
20,20,840,basic,0.087055,0.459479,1.0909566806856736,1.583248897402281,0.43488839285714287,0.057987875469782776,-0.8326658489571893,-1.2380847363116207,-1.643503623666052,-2.4543413983749147,-4.886854722501503
20,20,840,basic,0.087055,0.8,1.0909566806856736,2.225540928492468,0.4447197420634921,0.035413332143594094,-0.8103109883346356,-1.3683137603564373,-1.926316532378239,-3.0423220764218426,-6.390338708552653
20,20,840,basic,0.151572,0.05,1.1636620824634731,1.0512710963760241,0.42947420634920636,0.3683444595874431,-0.8451935944270804,-0.8950673489304595,-0.9449411034338386,-1.0446886124405967,-1.3439311394608715
20,20,840,basic,0.151572,0.087055,1.1636620824634731,1.0909566806856736,0.4339360119047619,0.3325160176723079,-0.8348581937592447,-0.8954756478355675,-0.9560931019118903,-1.077328010064536,-1.441032734522473
20,20,840,basic,0.151572,0.151572,1.1636620824634731,1.1636620824634731,0.43484375,0.24243564955027405,-0.8327685078218725,-0.933165645392737,-1.0335627829636016,-1.2343570581053307,-1.836739883530518
20,20,840,basic,0.151572,0.263902,1.1636620824634731,1.3020005939902721,0.4378373015873016,0.1656319390945756,-0.8259078951763793,-0.9875457913531048,-1.1491836875298302,-1.4724594798832813,-2.4422868569436345
20,20,840,basic,0.151572,0.459479,1.1636620824634731,1.583248897402281,0.4381547619047619,0.08351446814291537,-0.8251830933326444,-1.1333818444095065,-1.4415805954863687,-2.0579780976400928,-3.9071706041012653
20,20,840,basic,0.151572,0.8,1.1636620824634731,2.225540928492468,0.442405753968254,0.05018556099967485,-0.8155278226012374,-1.2631393772455946,-1.7107509318899519,-2.6059740411786665,-5.29164336904481
20,20,840,basic,0.263902,0.05,1.3020005939902721,1.0512710963760241,0.4201388888888889,0.721995277449823,-0.8671699345392049,-0.8724751538079176,-0.8777803730766304,-0.8883908116140559,-0.9202221272263323
20,20,840,basic,0.263902,0.087055,1.3020005939902721,1.0909566806856736,0.41805555555555557,0.641373991457048,-0.8721409472612253,-0.8820040771504307,-0.8918672070396362,-0.9115934668180471,-0.97077224615328
20,20,840,basic,0.263902,0.151572,1.3020005939902721,1.1636620824634731,0.43452132936507937,0.5478455927259859,-0.8335102460337142,-0.8516161090402745,-0.869721972046835,-0.9059336980599558,-1.0145688760993183
20,20,840,basic,0.263902,0.263902,1.3020005939902721,1.3020005939902721,0.432358630952381,0.3622502538333133,-0.838499870892148,-0.8900537594144786,-0.9416076479368094,-1.0447154249814707,-1.3540387561154552
20,20,840,basic,0.263902,0.459479,1.3020005939902721,1.583248897402281,0.43406001984126985,0.19206573225988927,-0.8345724598784061,-0.9706838658718339,-1.1067952718652616,-1.379018083852117,-2.195686519812684
20,20,840,basic,0.263902,0.8,1.3020005939902721,2.225540928492468,0.4269593253968254,0.06610514086552426,-0.8510665269726261,-1.2200375194255704,-1.5890085118785147,-2.326950496784403,-4.540776451502069
20,20,840,basic,0.459479,0.05,1.583248897402281,1.0512710963760241,0.42561755952380953,1.1049653572947806,-0.8542140835261742,-0.8547122250924172,-0.8552103666586601,-0.856206649791146,-0.8591954991886037
20,20,840,basic,0.459479,0.087055,1.583248897402281,1.0909566806856736,0.419781746031746,1.055619889398308,-0.8680203550761426,-0.8681668480007109,-0.8683133409252792,-0.8686063267744158,-0.8694852843218256
20,20,840,basic,0.459479,0.151572,1.583248897402281,1.1636620824634731,0.41471974206349205,1.009694106389977,-0.8801523072118606,-0.8801569608475126,-0.8801616144831645,-0.8801709217544686,-0.8801988435683806
20,20,840,basic,0.459479,0.263902,1.583248897402281,1.3020005939902721,0.4257043650793651,0.9283983127869311,-0.8540101523143782,-0.8542861353707825,-0.8545621184271868,-0.8551140845399953,-0.8567699828784211
20,20,840,basic,0.459479,0.459479,1.583248897402281,1.583248897402281,0.42839781746031746,0.646697157413304,-0.8477030350519658,-0.8572024802468216,-0.8667019254416775,-0.885700815831389,-0.942697487000524
20,20,840,basic,0.459479,0.8,1.583248897402281,2.225540928492468,0.4292237103174603,0.25087973743665604,-0.845777026700502,-0.9413812727600335,-1.036985518819565,-1.2281940109386278,-1.8018194872958166
20,20,840,basic,0.8,0.05,2.225540928492468,1.0512710963760241,0.3377405753968254,1.3317814315192726,-1.0854772066116127,-1.0895818195908824,-1.093686432570152,-1.1018956585286914,-1.1265233364043097
20,20,840,basic,0.8,0.087055,2.225540928492468,1.0909566806856736,0.33593501984126983,1.2759341154235173,-1.0908375310513883,-1.0938064928356737,-1.0967754546199588,-1.1027133781885297,-1.1205271488942414
20,20,840,basic,0.8,0.151572,2.225540928492468,1.1636620824634731,0.3477827380952381,1.3163892573417197,-1.0561773099922158,-1.059955606448246,-1.0637339029042763,-1.071290495816337,-1.0939602745525185
20,20,840,basic,0.8,0.263902,2.225540928492468,1.3020005939902721,0.3692361111111111,1.2438405115666729,-0.9963189720597535,-0.9986996165392336,-1.0010802610187137,-1.0058415499776738,-1.0201254168545544
20,20,840,basic,0.8,0.459479,2.225540928492468,1.583248897402281,0.39264632936507937,1.1746581183084357,-0.9348459975684301,-0.936141679582628,-0.9374373615968258,-0.9400287256252214,-0.9478028177104083
20,20,840,basic,0.8,0.8,2.225540928492468,2.225540928492468,0.40530257936507935,0.9415609051634459,-0.9031213812795995,-0.90330268107853,-0.9034839808774604,-0.9038465804753213,-0.904934379268904
20,20,840,basic,0.027778,0.027778,1.0281674059193349,1.0281674059193349,0.4353025793650794,0.1652061943776565,-0.8317139049530894,-0.9938148867105632,-1.155915868468037,-1.4801178319829846,-2.4527237225278276
20,20,840,basic,0.027778,0.048561,1.0281674059193349,1.0497594051910042,0.4385193452380952,0.13960669867824965,-0.8243513512944551,-1.0181848516427432,-1.2120183519910315,-1.5996853526876078,-2.762686354777337
20,20,840,basic,0.027778,0.084896,1.0281674059193349,1.0886038460110399,0.44047619047619047,0.12238738738738739,-0.8198988861990892,-1.0405173333726898,-1.2611357805462904,-1.7023726748934915,-3.0260833579350948
20,20,840,basic,0.027778,0.148416,1.0281674059193349,1.1599953540721066,0.43142857142857144,0.08381622516556292,-0.840653317668535,-1.1479572664111266,-1.4552612151537183,-2.0698691126389015,-3.9136928050944513
20,20,840,basic,0.027778,0.259462,1.0281674059193349,1.2962325259398064,0.4393973214285714,0.07017187367708069,-0.8223512150252387,-1.1752825749179785,-1.5282139348107184,-2.234076654596198,-4.351664813952637
20,20,840,basic,0.027778,0.453594,1.0281674059193349,1.5739588404457006,0.44111855158730157,0.04623887461416065,-0.8184416152011108,-1.2908952477763374,-1.763348880351564,-2.708256145502017,-5.542977940953376
20,20,840,basic,0.027778,0.792979,1.0281674059193349,2.209970130881297,0.4449578373015873,0.029987681640069784,-0.8097757489416203,-1.4247171847811337,-2.039658620620647,-3.2695414922996737,-6.959190107336752
20,20,840,basic,0.027778,1.386294,1.0281674059193349,3.999998555520698,0.44320436507936506,0.027554560716284274,-0.8137242945917765,-1.4586992303238655,-2.1036741660559546,-3.3936240375201328,-7.263473651912667
20,20,840,basic,0.048561,0.027778,1.0497594051910042,1.0281674059193349,0.4345262896825397,0.18241905011957693,-0.8334988305085999,-0.9782452255642343,-1.122991620619869,-1.4124844107311378,-2.280962781064945
20,20,840,basic,0.048561,0.048561,1.0497594051910042,1.0497594051910042,0.4429613095238095,0.17350309626991858,-0.814272850169173,-0.9676709427414577,-1.1210690353137425,-1.427865220458312,-2.3482537758920206
20,20,840,basic,0.048561,0.084896,1.0497594051910042,1.0886038460110399,0.4363938492063492,0.14178705798106322,-0.8292101195167983,-1.0200043504202008,-1.2107985813236033,-1.5923870431304084,-2.7371524285508233
20,20,840,basic,0.048561,0.148416,1.0497594051910042,1.1599953540721066,0.4340451388888889,0.10815567377304908,-0.8346067436336234,-1.0819563926136624,-1.3293060415937012,-1.824005339553779,-3.308103233434012
20,20,840,basic,0.048561,0.259462,1.0497594051910042,1.2962325259398064,0.43410714285714286,0.07933406462818228,-0.8344639024071172,-1.1555439198946758,-1.4766239373822345,-2.1187839723573516,-4.045264077282703
20,20,840,basic,0.048561,0.453594,1.0497594051910042,1.5739588404457006,0.43830853174603174,0.05196745244050111,-0.8248322062071676,-1.2620653664614836,-1.6992985267157998,-2.573764847224432,-5.197163808750329
20,20,840,basic,0.048561,0.792979,1.0497594051910042,2.209970130881297,0.4459126984126984,0.031135979353920085,-0.8076320895916123,-1.409465867038371,-2.01129964448513,-3.2149671993786475,-6.8259698640592
20,20,840,basic,0.048561,1.386294,1.0497594051910042,3.999998555520698,0.4429439484126984,0.028634620230129623,-0.8143120442273588,-1.4455518092888546,-2.0767915743503504,-3.3392711044733425,-7.126709694842318
20,20,840,basic,0.084896,0.027778,1.0886038460110399,1.0281674059193349,0.4344816468253968,0.23768288018814612,-0.8336015749262436,-0.9368238631214612,-1.0400461513166785,-1.2464907277071136,-1.8658244568784181
20,20,840,basic,0.084896,0.048561,1.0886038460110399,1.0497594051910042,0.4369816468253968,0.22014745361567845,-0.8278640828797124,-0.9423917953975295,-1.0569195079153466,-1.2859749329509809,-1.9731412080578834
20,20,840,basic,0.084896,0.084896,1.0886038460110399,1.0886038460110399,0.4380406746031746,0.17273437588467766,-0.8254435085265119,-0.9796203548723872,-1.1337972012182624,-1.442150893910013,-2.3672119719852645
20,20,840,basic,0.084896,0.148416,1.0886038460110399,1.1599953540721066,0.43939236111111113,0.15828361452447745,-0.8223625040004255,-0.9922625668446794,-1.1621626296889334,-1.501962755377441,-2.521363132442964
20,20,840,basic,0.084896,0.259462,1.0886038460110399,1.2962325259398064,0.42437003968253967,0.09867567472794642,-0.8571494692616948,-1.125323005021263,-1.393496540780831,-1.9298436122999676,-3.5388848268573767
20,20,840,basic,0.084896,0.453594,1.0886038460110399,1.5739588404457006,0.4362921626984127,0.06167821593628669,-0.829443162116335,-1.2174840622954957,-1.6055249624746564,-2.381606762832978,-4.709852163907942
20,20,840,basic,0.084896,0.792979,1.0886038460110399,2.209970130881297,0.4447172619047619,0.037398918074842455,-0.8103165652528863,-1.3502436631340715,-1.8901707610152567,-2.9700249567776273,-6.209587544064738
20,20,840,basic,0.084896,1.386294,1.0886038460110399,3.999998555520698,0.44531498015873017,0.035577635323668484,-0.8089734266213228,-1.3654309234373823,-1.9218884202534419,-3.0348034138855606,-6.373548394781918
20,20,840,basic,0.148416,0.027778,1.1599953540721066,1.0281674059193349,0.4309895833333333,0.4204172061573874,-0.8416713577706093,-0.8792131385837679,-0.9167549193969267,-0.9918384810232439,-1.2170891659021958
20,20,840,basic,0.148416,0.048561,1.1599953540721066,1.0497594051910042,0.43316468253968254,0.36030506378398186,-0.8366372940955081,-0.888739355544115,-0.9408414169927217,-1.0450455398899354,-1.357657908581576
20,20,840,basic,0.148416,0.084896,1.1599953540721066,1.0886038460110399,0.43696676587301586,0.32657717739875697,-0.827898137412374,-0.8905161446987145,-0.9531341519850551,-1.0783701665577363,-1.4540782102757797
20,20,840,basic,0.148416,0.148416,1.1599953540721066,1.1599953540721066,0.43364583333333334,0.2290701531633552,-0.8355271302609522,-0.9441206903463455,-1.0527142504317388,-1.2699013706025255,-1.9214627311148853
20,20,840,basic,0.148416,0.259462,1.1599953540721066,1.2962325259398064,0.4363194444444444,0.16025101748482298,-0.829380633161145,-0.9970112161472288,-1.1646417991333127,-1.4999029651054803,-2.5056864630219833
20,20,840,basic,0.148416,0.453594,1.1599953540721066,1.5739588404457006,0.4390674603174603,0.07877671833340864,-0.823102209563594,-1.1459712700028433,-1.4688403304420925,-2.114578451320591,-4.051792813956086
20,20,840,basic,0.148416,0.792979,1.1599953540721066,2.209970130881297,0.442405753968254,0.05018556099967485,-0.8155278226012374,-1.2631393772455946,-1.7107509318899519,-2.6059740411786665,-5.29164336904481
20,20,840,basic,0.148416,1.386294,1.1599953540721066,3.999998555520698,0.44615575396825397,0.037978764800711544,-0.8070871637825641,-1.3419702778404716,-1.8768533918983792,-2.9466196200141943,-6.15591830436164
20,20,840,basic,0.259462,0.027778,1.2962325259398064,1.0281674059193349,0.4301512896825397,0.7349066231542289,-0.8436182957034436,-0.8483618601104035,-0.8531054245173634,-0.8625925533312832,-0.8910539397730426
20,20,840,basic,0.259462,0.048561,1.2962325259398064,1.0497594051910042,0.43253968253968256,0.7112614678899083,-0.8380812052822796,-0.8438855466391113,-0.849689887995943,-0.8612985707096064,-0.8961246188505966
20,20,840,basic,0.259462,0.084896,1.2962325259398064,1.0886038460110399,0.42112103174603177,0.6178119625904026,-0.864835000283416,-0.8764305382096131,-0.8880260761358103,-0.9112171519882046,-0.9807903795453875
20,20,840,basic,0.259462,0.148416,1.2962325259398064,1.1599953540721066,0.4325124007936508,0.5402978398866901,-0.8381442806659852,-0.8570945870824064,-0.8760448934988275,-0.9139455063316698,-1.0276473448301968
20,20,840,basic,0.259462,0.259462,1.2962325259398064,1.2962325259398064,0.43296875,0.36652861553619404,-0.8370897244847848,-0.8874582694043547,-0.9378268143239247,-1.0385639041630645,-1.340775173680484
20,20,840,basic,0.259462,0.453594,1.2962325259398064,1.5739588404457006,0.4372048611111111,0.18801799399821875,-0.8273534040061794,-0.9670018186666103,-1.1066502333270412,-1.3859470626479031,-2.2238375506104884
20,20,840,basic,0.259462,0.792979,1.2962325259398064,2.209970130881297,0.4269593253968254,0.06610514086552426,-0.8510665269726261,-1.2200375194255704,-1.5890085118785147,-2.326950496784403,-4.540776451502069
20,20,840,basic,0.259462,1.386294,1.2962325259398064,3.999998555520698,0.44132688492063493,0.04726232557616765,-0.8179694424670585,-1.2837174000075822,-1.7494653575481058,-2.680961272629153,-5.475449017872295
20,20,840,basic,0.453594,0.027778,1.5739588404457006,1.0281674059193349,0.4094394841269841,1.1031704687253916,-0.8929661665192244,-0.8934482134199634,-0.8939302603207024,-0.8948943541221804,-0.8977866355266144
20,20,840,basic,0.453594,0.048561,1.5739588404457006,1.0497594051910042,0.4059300595238095,1.1071723151932842,-0.9015744014028351,-0.9020926580936549,-0.9026109147844747,-0.9036474281661144,-0.9067569683110336
20,20,840,basic,0.453594,0.084896,1.5739588404457006,1.0886038460110399,0.4144097222222222,1.043246154766892,-0.8809001273511068,-0.8809897490843479,-0.8810793708175891,-0.8812586142840714,-0.8817963446835183
20,20,840,basic,0.453594,0.148416,1.5739588404457006,1.1599953540721066,0.4273189484126984,1.0309643344264199,-0.8502245927969795,-0.8502710888627488,-0.8503175849285182,-0.850410577060057,-0.850689553454673
20,20,840,basic,0.453594,0.259462,1.5739588404457006,1.2962325259398064,0.4267137896825397,0.8907126375318946,-0.8516417722666838,-0.852311483495751,-0.8529811947248183,-0.8543206171829527,-0.858338884557356
20,20,840,basic,0.453594,0.453594,1.5739588404457006,1.5739588404457006,0.42709821428571426,0.6314065711996097,-0.8507412821649639,-0.8613123276564113,-0.8718833731478586,-0.8930254641307532,-0.9564517370794373
20,20,840,basic,0.453594,0.792979,1.5739588404457006,2.209970130881297,0.44132688492063493,0.27052483098520314,-0.8179694424670585,-0.90343305457587,-0.9888966666846815,-1.1598238909023044,-1.6726055635551735
20,20,840,basic,0.453594,1.386294,1.5739588404457006,3.999998555520698,0.441264880952381,0.07691183578952102,-0.8181099467653161,-1.1470956937091743,-1.4760814406530325,-2.1340529345407493,-4.107967416203898
20,20,840,basic,0.792979,0.027778,2.209970130881297,1.0281674059193349,0.3245386904761905,1.3144267657083466,-1.1253505188940147,-1.1290879146917123,-1.13282531048941,-1.140300102084805,-1.1627244768709906
20,20,840,basic,0.792979,0.048561,2.209970130881297,1.0497594051910042,0.3232688492063492,1.2764419757253993,-1.1292709514869919,-1.132249618401782,-1.1352282853165723,-1.1411856191461527,-1.1590576206348941
20,20,840,basic,0.792979,0.084896,2.209970130881297,1.0886038460110399,0.34700396825396823,1.3073074503973927,-1.0584190632102688,-1.0620094496255554,-1.065599836040842,-1.0727806088714156,-1.0943229273631356
20,20,840,basic,0.792979,0.148416,2.209970130881297,1.1599953540721066,0.3575892857142857,1.304508253571924,-1.0283701977807262,-1.0319033749503663,-1.0354365521200066,-1.042502906459287,-1.0637019694771281
20,20,840,basic,0.792979,0.259462,2.209970130881297,1.2962325259398064,0.3623065476190476,1.2718062458071495,-1.0152646088760742,-1.0181551336140944,-1.0210456583521146,-1.0268267078281548,-1.044169856256276
20,20,840,basic,0.792979,0.453594,2.209970130881297,1.5739588404457006,0.3911532738095238,1.1997996360477576,-0.9386557911825738,-0.9403148056038602,-0.9419738200251466,-0.9452918488677194,-0.9552459353954379
20,20,840,basic,0.792979,0.792979,2.209970130881297,2.209970130881297,0.4097767857142857,0.9486145912771907,-0.8921426926240402,-0.8922818349061802,-0.8924209771883201,-0.8926992617526002,-0.8935341154454399
20,20,840,basic,0.792979,1.386294,2.209970130881297,3.999998555520698,0.42176587301587304,0.368408053817566,-0.8633049221863344,-0.9131614365977501,-0.9630179510091658,-1.062730979831997,-1.3618700663004915
20,20,840,basic,1.386294,0.027778,3.999998555520698,1.0281674059193349,0.2209672619047619,1.34065144678654,-1.5097407246151795,-1.5140377363758177,-1.518334748136456,-1.5269287716577322,-1.5527108422215614
20,20,840,basic,1.386294,0.048561,3.999998555520698,1.0497594051910042,0.2140079365079365,1.3378221768959762,-1.5417421781622878,-1.545977481030423,-1.5502127838985584,-1.558683389634829,-1.584095206843641
20,20,840,basic,1.386294,0.084896,3.999998555520698,1.0886038460110399,0.23040922619047619,1.3684459801293851,-1.4678983067326523,-1.472817931321785,-1.477737555910918,-1.4875768050891836,-1.5170945526239805
20,20,840,basic,1.386294,0.148416,3.999998555520698,1.1599953540721066,0.2405877976190476,1.40285552291119,-1.424670193190493,-1.430399638053663,-1.436129082916833,-1.447587972643173,-1.4819646418221928
20,20,840,basic,1.386294,0.259462,3.999998555520698,1.2962325259398064,0.258953373015873,1.415898860262427,-1.35110726045514,-1.3571542701356467,-1.3632012798161535,-1.3752952991771668,-1.411577357260207
20,20,840,basic,1.386294,0.453594,3.999998555520698,1.5739588404457006,0.30039930555555555,1.4327820939391187,-1.2026426708273343,-1.2091089288003698,-1.2155751867734055,-1.2285077027194764,-1.2673052505576896
20,20,840,basic,1.386294,0.792979,3.999998555520698,2.209970130881297,0.3009722222222222,1.3650702089788385,-1.2007373034677877,-1.2055797579093708,-1.2104222123509536,-1.2201071212341195,-1.2491618478836173
20,20,840,basic,1.386294,1.386294,3.999998555520698,3.999998555520698,0.32634672619047617,1.1622170037162856,-1.1197948855416175,-1.1209248318342482,-1.1220547781268786,-1.1243146707121399,-1.1310943484679232
20,20,840,basic,0.084896,0.792978,1.0886038460110399,2.209967920912271,0.4447172619047619,0.037398918074842455,-0.8103165652528863,-1.3502436631340715,-1.8901707610152567,-2.9700249567776273,-6.209587544064738
20,20,840,basic,0.084896,0.911822,1.0886038460110399,2.488853095129057,0.44454117063492066,0.029323975250921952,-0.8107126059665852,-1.4335281169543794,-2.056343627942174,-3.301974649917762,-7.0388677158445265
20,20,840,basic,0.084896,1.048476,1.0886038460110399,2.853299374630003,0.4455357142857143,0.02995991983967936,-0.8084778685376215,-1.4237441634979364,-2.039010458458251,-3.269543048378881,-6.961140818140771
20,20,840,basic,0.084896,1.20561,1.0886038460110399,3.3387951220353123,0.4457638888888889,0.03406182538446131,-0.8079658642523138,-1.3790432412057971,-1.9501206181592805,-3.092275372066247,-6.518739633787147
20,20,840,basic,0.112249,0.792978,1.1187914050246819,2.209967920912271,0.4429910714285714,0.040803072547504676,-0.8142056639288897,-1.3258850398584205,-1.8375644157879514,-2.8609231676470133,-5.930999423224198
20,20,840,basic,0.112249,0.911822,1.1187914050246819,2.488853095129057,0.444640376984127,0.03702608782958405,-0.8104894651470672,-1.3537139506531244,-1.8969384361591817,-2.983387407171296,-6.242734320207639
20,20,840,basic,0.112249,1.048476,1.1187914050246819,2.853299374630003,0.4448983134920635,0.03516498218894767,-0.8099095319346568,-1.370265808163833,-1.9306220843930095,-3.0513346368513625,-6.413472294226421
20,20,840,basic,0.112249,1.20561,1.1187914050246819,3.3387951220353123,0.444047619047619,0.03583556747095621,-0.8118234721935438,-1.3658737290207954,-1.9199239858480468,-3.02802449950255,-6.352326040466059
20,20,840,basic,0.112249,1.386294,1.1187914050246819,3.999998555520698,0.44421626984126983,0.03724010094468142,-0.8114437409047073,-1.352770186856334,-1.8940966328079607,-2.976749524711214,-6.224708200420974
20,20,840,basic,0.148416,0.792978,1.1599953540721066,2.209967920912271,0.442405753968254,0.05018556099967485,-0.8155278226012374,-1.2631393772455946,-1.7107509318899519,-2.6059740411786665,-5.29164336904481
20,20,840,basic,0.148416,0.911822,1.1599953540721066,2.488853095129057,0.4457018849206349,0.04429432353775869,-0.8081049699144168,-1.293857859862702,-1.7796107498109874,-2.751116529707558,-5.6656338693972685
20,20,840,basic,0.148416,1.048476,1.1599953540721066,2.853299374630003,0.44689236111111114,0.034630689228412705,-0.8054375162496581,-1.3709310168567646,-1.9364245174638708,-3.0674115186780835,-6.460372522320721
20,20,840,basic,0.148416,1.20561,1.1599953540721066,3.3387951220353123,0.447078373015873,0.03952025385272548,-0.8050213686055678,-1.3269706733920494,-1.8489199781785308,-2.892818587751494,-6.024514416470382
20,20,840,basic,0.196236,0.792978,1.2168140395644815,2.209967920912271,0.44551587301587303,0.060935690745524185,-0.8085224030407352,-1.1999447578784395,-1.591367112716144,-2.374211822391553,-4.722745951417779
20,20,840,basic,0.196236,0.911822,1.2168140395644815,2.488853095129057,0.44359126984126984,0.05111374513575167,-0.8128517039492008,-1.2549968334983677,-1.6971419630475344,-2.581432222145868,-5.234302999440868
20,20,840,basic,0.196236,1.048476,1.2168140395644815,2.853299374630003,0.4416989087301587,0.04940115557601927,-0.8171268309958876,-1.269464297404503,-1.7218017638131187,-2.6264766966303497,-5.340501495082042
20,20,840,basic,0.196236,1.20561,1.2168140395644815,3.3387951220353123,0.44234623015873015,0.04757953283918499,-0.815662377393273,-1.2793709980511023,-1.7430796187089317,-2.67049686002459,-5.452748583971566
20,20,840,basic,0.196236,1.386294,1.2168140395644815,3.999998555520698,0.44625992063492065,0.04339417113131627,-0.8068537150207277,-1.299027113150955,-1.7912005112811822,-2.775547307541637,-5.728587696323
20,20,840,basic,0.259463,0.792978,1.2962338221729803,2.209967920912271,0.4269593253968254,0.06610514086552426,-0.8510665269726261,-1.2200375194255704,-1.5890085118785147,-2.326950496784403,-4.540776451502069
20,20,840,basic,0.259463,0.911822,1.2962338221729803,2.488853095129057,0.44001488095238095,0.06416630029197244,-0.8209467322954049,-1.1980486342962176,-1.5751505362970302,-2.3293543402986554,-4.5919657523035315
20,20,840,basic,0.259463,1.048476,1.2962338221729803,2.853299374630003,0.445672123015873,0.055583071315284234,-0.8081717475061078,-1.2257410847524133,-1.6433104219987187,-2.47844909649133,-4.983865119969162
20,20,840,basic,0.259463,1.20561,1.2962338221729803,3.3387951220353123,0.4423859126984127,0.057442395021584346,-0.8155726721869468,-1.2236873109158228,-1.6318019496446992,-2.4480312271024514,-4.896719059475707
20,20,840,basic,0.259463,1.386294,1.2962338221729803,3.999998555520698,0.44132688492063493,0.04726232557616765,-0.8179694424670585,-1.2837174000075822,-1.7494653575481058,-2.680961272629153,-5.475449017872295
20,20,840,basic,0.148416,0.036727,1.1599953540721066,1.0374097693090611,0.4328869047619048,0.3748940071043887,-0.8372787750219935,-0.8854078070298017,-0.9335368390376099,-1.029794903053226,-1.318569095100075
20,20,840,basic,0.148416,0.064207,1.1599953540721066,1.0663131027301216,0.4304613095238095,0.3641926228091403,-0.842897832500916,-0.8939101419077463,-0.9449224513145766,-1.0469470701282373,-1.353020926569219
20,20,840,basic,0.148416,0.084895,1.1599953540721066,1.0886027574077382,0.43696676587301586,0.32657717739875697,-0.827898137412374,-0.8905161446987145,-0.9531341519850551,-1.0783701665577363,-1.4540782102757797
20,20,840,basic,0.196235,0.027778,1.2168128227510504,1.0281674059193349,0.43941220238095235,0.5624170998639733,-0.8223173488643034,-0.8388780251402455,-0.8554387014161875,-0.8885600539680716,-0.9879241116237238
20,20,840,basic,0.196235,0.036727,1.2168128227510504,1.0374097693090611,0.42909722222222224,0.5194784176820105,-0.8460717605031124,-0.8675184266460255,-0.8889650927889386,-0.9318584250747648,-1.0605384219322436
20,20,840,basic,0.196235,0.048561,1.2168128227510504,1.0497594051910042,0.43367559523809524,0.5304875956490409,-0.835458500791431,-0.8555536826835711,-0.8756488645757112,-0.9158392283599914,-1.036410319712832
20,20,840,basic,0.196235,0.064207,1.2168128227510504,1.0663131027301216,0.4306597222222222,0.49588233261538106,-0.8424370083087078,-0.867036271560544,-0.8916355348123801,-0.9408340613160524,-1.0884296408270693
20,20,840,basic,0.196235,0.084895,1.2168128227510504,1.0886027574077382,0.43556051587301586,0.4389982803585054,-0.8311215351147315,-0.8650093686376845,-0.8988972021606375,-0.9666728692065435,-1.1699998703442613
20,20,840,basic,0.259462,0.036727,1.2962325259398064,1.0374097693090611,0.4314980158730159,0.7163582020921945,-0.8404923666777642,-0.8460559792035659,-0.8516195917293675,-0.8627468167809709,-0.896128491935781
20,20,840,basic,0.259462,0.064207,1.2962325259398064,1.0663131027301216,0.4346031746031746,0.6714070489408327,-0.8333219065312298,-0.8412572256254253,-0.8491925447196206,-0.8650631829080114,-0.9126750974731836
20,20,840,basic,0.259462,0.084895,1.2962325259398064,1.0886027574077382,0.42112103174603177,0.6178119625904026,-0.864835000283416,-0.8764305382096131,-0.8880260761358103,-0.9112171519882046,-0.9807903795453875
20,20,840,basic,0.343061,0.027778,1.4092547238427402,1.0281674059193349,0.4302157738095238,0.9172215400402391,-0.8434683965967922,-0.8438416985444146,-0.844215000492037,-0.8449616043872817,-0.8472014160730161
20,20,840,basic,0.343061,0.036727,1.4092547238427402,1.0374097693090611,0.42884176587301587,0.9181823965207132,-0.8466672722126874,-0.8470315820267619,-0.8473958918408363,-0.8481245114689852,-0.8503103703534316
20,20,840,basic,0.343061,0.048561,1.4092547238427402,1.0497594051910042,0.42405257936507934,0.8836809414076665,-0.8578978235020199,-0.8586624034820383,-0.8594269834620566,-0.8609561434220931,-0.8655436233022031
20,20,840,basic,0.343061,0.064207,1.4092547238427402,1.0663131027301216,0.4291393849206349,0.8820833501898526,-0.8459735062499246,-0.846760626311273,-0.8475477463726214,-0.8491219864953182,-0.8538447068634086
20,20,840,basic,0.343061,0.084895,1.4092547238427402,1.0886027574077382,0.43928819444444445,0.8887483697585267,-0.8225996019229779,-0.8232951074559096,-0.8239906129888414,-0.8253816240547049,-0.8295546572522955
20,20,840,basic,0.453594,0.036727,1.5739588404457006,1.0374097693090611,0.40822916666666664,1.083050826863024,-0.8959265792562962,-0.8962448368224094,-0.8965630943885228,-0.8971996095207494,-0.8991091549174292
20,20,840,basic,0.453594,0.064207,1.5739588404457006,1.0663131027301216,0.4145808531746032,1.0883888991917874,-0.8804872614877526,-0.8808459535257459,-0.8812046455637392,-0.8819220296397258,-0.8840741818676856
20,20,840,basic,0.453594,0.084895,1.5739588404457006,1.0886027574077382,0.4144097222222222,1.043246154766892,-0.8809001273511068,-0.8809897490843479,-0.8810793708175891,-0.8812586142840714,-0.8817963446835183
20,20,840,basic,0.259462,0.112249,1.2962325259398064,1.1187914050246819,0.4324826388888889,0.5949523159591001,-0.8382130947132532,-0.8516953699962005,-0.8651776452791478,-0.8921421958450424,-0.973035847542726
20,20,840,basic,0.259462,0.196236,1.2962325259398064,1.2168140395644815,0.42678819444444444,0.45944642348661385,-0.8514674205639884,-0.8817108469710787,-0.9119542733781691,-0.9724411261923498,-1.153901684634892
20,20,840,basic,0.259462,0.259463,1.2962325259398064,1.2962338221729803,0.43296875,0.36652861553619404,-0.8370897244847848,-0.8874582694043547,-0.9378268143239247,-1.0385639041630645,-1.340775173680484
20,20,840,basic,0.34306,0.084896,1.409253314588721,1.0886038460110399,0.43928819444444445,0.8887483697585267,-0.8225996019229779,-0.8232951074559096,-0.8239906129888414,-0.8253816240547049,-0.8295546572522955
20,20,840,basic,0.34306,0.112249,1.409253314588721,1.1187914050246819,0.4253645833333333,0.8438606004419644,-0.8548086346575973,-0.8562496927271172,-0.857690750796637,-0.8605728669356767,-0.8692192153527959
20,20,840,basic,0.34306,0.148416,1.409253314588721,1.1599953540721066,0.42359623015873016,0.768106607960467,-0.858974564825341,-0.8624547923419548,-0.8659350198585685,-0.8728954748917961,-0.8937768399914787
20,20,840,basic,0.34306,0.196236,1.409253314588721,1.2168140395644815,0.43047619047619046,0.7205245206489675,-0.8428632633193379,-0.8482351130985146,-0.8536069628776913,-0.8643506624360446,-0.8965817611111048
20,20,840,basic,0.34306,0.259463,1.409253314588721,1.2962338221729803,0.4247147817460317,0.6091039154427866,-0.8563374371213592,-0.8686266529386757,-0.8809158687559921,-0.9054943003906252,-0.979229595294524
20,20,840,basic,0.453594,0.112249,1.5739588404457006,1.1187914050246819,0.4228373015873016,1.0312749284407114,-0.860767803742134,-0.8608152229037396,-0.860862642065345,-0.8609574803885561,-0.8612419953581892
20,20,840,basic,0.453594,0.196236,1.5739588404457006,1.2168140395644815,0.4217410714285714,0.9713959752067087,-0.8633637280739969,-0.8634058392641157,-0.8634479504542346,-0.8635321728344723,-0.8637848399751855
20,20,840,basic,0.453594,0.259463,1.5739588404457006,1.2962338221729803,0.4267137896825397,0.8907126375318946,-0.8516417722666838,-0.852311483495751,-0.8529811947248183,-0.8543206171829527,-0.858338884557356
20,20,840,basic,0.599742,0.084896,1.8216487543785511,1.0886038460110399,0.3854439484126984,1.2191415022102683,-0.9533594962579717,-0.9553226064390151,-0.9572857166200587,-0.9612119369821457,-0.9729905980684066
20,20,840,basic,0.599742,0.112249,1.8216487543785511,1.1187914050246819,0.38346478174603177,1.1895894911812073,-0.9585074961700801,-0.9600144879527666,-0.961521479735453,-0.9645354633008258,-0.9735774139969443
20,20,840,basic,0.599742,0.148416,1.8216487543785511,1.1599953540721066,0.4026612103174603,1.1768800083768085,-0.9096597397834043,-0.9109860207495686,-0.9123123017157329,-0.9149648636480615,-0.9229225494450473
20,20,840,basic,0.599742,0.196236,1.8216487543785511,1.2168140395644815,0.3965600198412698,1.189783167493261,-0.9249278752363576,-0.9264376946195604,-0.9279475140027631,-0.9309671527691686,-0.9400260690683853
20,20,840,basic,0.599742,0.259463,1.8216487543785511,1.2962338221729803,0.3926909722222222,1.1045960096758098,-0.9347323066560014,-0.9352271168535504,-0.9357219270510994,-0.9367115474461973,-0.9396804086314914
20,20,840,basic,0.792978,0.084896,2.209967920912271,1.0886038460110399,0.34700396825396823,1.3073074503973927,-1.0584190632102688,-1.0620094496255554,-1.065599836040842,-1.0727806088714156,-1.0943229273631356
20,20,840,basic,0.792978,0.112249,2.209967920912271,1.1187914050246819,0.34226438492063493,1.3034833080919703,-1.0721717852493975,-1.0756840992746886,-1.0791964132999794,-1.0862210413505615,-1.1072949255023075
20,20,840,basic,0.792978,0.148416,2.209967920912271,1.1599953540721066,0.3575892857142857,1.304508253571924,-1.0283701977807262,-1.0319033749503663,-1.0354365521200066,-1.042502906459287,-1.0637019694771281
20,20,840,basic,0.792978,0.196236,2.209967920912271,1.2168140395644815,0.3572693452380952,1.2861139457553228,-1.0292653132167013,-1.0324310759517055,-1.0355968386867096,-1.0419283641567179,-1.0609229405667429
20,20,840,basic,0.792978,0.259463,2.209967920912271,1.2962338221729803,0.3623065476190476,1.2718062458071495,-1.0152646088760742,-1.0181551336140944,-1.0210456583521146,-1.0268267078281548,-1.044169856256276
5,5,210,rts,0.05,0.05,1.0512710963760241,1.0512710963760241,0.7353571428571428,0.18023851923803358,-0.3073989891355059,-0.45419868056347756,-0.6009983719914493,-0.8945977548473927,-1.7753959034152227
5,5,210,rts,0.05,0.087055,1.0512710963760241,1.0909566806856736,0.7328968253968254,0.15802154962369375,-0.31075034362360326,-0.48095599678739687,-0.6511616499511904,-0.9915729562787776,-2.012806875261539
5,5,210,rts,0.05,0.151572,1.0512710963760241,1.1636620824634731,0.7334424603174603,0.16128552298765064,-0.3100061298510689,-0.47646056533060865,-0.6429150008101483,-0.9758238717692278,-1.9745504846464659
5,5,210,rts,0.05,0.263902,1.0512710963760241,1.3020005939902721,0.733829365079365,0.15930782749763417,-0.30947875003749203,-0.47819193976947927,-0.6469051295014665,-0.9843315089654411,-1.9966106473573646
5,5,210,rts,0.05,0.459479,1.0512710963760241,1.583248897402281,0.7331448412698413,0.14505893019038985,-0.3104119959749368,-0.4967757492745335,-0.6831395025741301,-1.0558670091733235,-2.1740495289709036
5,5,210,rts,0.05,0.8,1.0512710963760241,2.225540928492468,0.7333730158730158,0.13738434067420593,-0.31010081721375843,-0.5071066828548918,-0.7041125484960252,-1.098124279778292,-2.2801594736250923
5,5,210,rts,0.087055,0.05,1.0909566806856736,1.0512710963760241,0.7356646825396825,0.20146989414065133,-0.3069808584433424,-0.4353195329700271,-0.5636582074967119,-0.8203355565500814,-1.59036760371019
5,5,210,rts,0.087055,0.087055,1.0909566806856736,1.0909566806856736,0.7351587301587301,0.19928748785490663,-0.3076688436855419,-0.43775839604292266,-0.5678479484003034,-0.8280270531150647,-1.608564367259349
5,5,210,rts,0.087055,0.151572,1.0909566806856736,1.1636620824634731,0.7355257936507936,0.18834383134837673,-0.3071696700099604,-0.4465288613110213,-0.5858880526120822,-0.8646064352142039,-1.7007615830205691
5,5,210,rts,0.087055,0.263902,1.0909566806856736,1.3020005939902721,0.7367460317460317,0.1807335990520306,-0.30551204353963685,-0.45184209869124137,-0.5981721538428459,-0.8908322641460551,-1.7688125950556823
5,5,210,rts,0.087055,0.459479,1.0909566806856736,1.583248897402281,0.7367261904761905,0.1779106407045326,-0.30553897485132797,-0.4545745766033479,-0.6036101783553678,-0.9016813818594077,-1.7958949923715273
5,5,210,rts,0.087055,0.8,1.0909566806856736,2.225540928492468,0.7345337301587301,0.15261814400129659,-0.3085193618103217,-0.4852048219026186,-0.6618902819949155,-1.0152612021795093,-2.075373962733291
5,5,210,rts,0.151572,0.05,1.1636620824634731,1.0512710963760241,0.7309920634920635,0.258753596438847,-0.3133526763472975,-0.4047315226404741,-0.49611036893365057,-0.6788680615200036,-1.2271411392790628
5,5,210,rts,0.151572,0.087055,1.1636620824634731,1.0909566806856736,0.7307242063492063,0.24665680111869884,-0.31371917311740527,-0.4116852089410087,-0.5096512447646121,-0.7055833164118189,-1.2933795313534393
5,5,210,rts,0.151572,0.151572,1.1636620824634731,1.1636620824634731,0.7296825396825397,0.23841635849467044,-0.315145716573396,-0.417925766876967,-0.5207058171805379,-0.7262659177876798,-1.3429462196091055
5,5,210,rts,0.151572,0.263902,1.1636620824634731,1.3020005939902721,0.7304464285714286,0.22311860815711201,-0.31409938576948765,-0.42660715196953414,-0.5391149181695806,-0.7641304505696735,-1.4391770477699521
5,5,210,rts,0.151572,0.459479,1.1636620824634731,1.583248897402281,0.7317956349206349,0.20698163085474142,-0.312253991267738,-0.43630496569599037,-0.5603559401242427,-0.8084578889807474,-1.5527637355502617
5,5,210,rts,0.151572,0.8,1.1636620824634731,2.225540928492468,0.731140873015873,0.18613549708951274,-0.3131491250550617,-0.4544843127980349,-0.5958195005410082,-0.8784898760269546,-1.7265010024847942
5,5,210,rts,0.263902,0.05,1.3020005939902721,1.0512710963760241,0.7348710317460317,0.38884913938575766,-0.3080602621776393,-0.35267030334837973,-0.3972803445191202,-0.486500426860601,-0.7541606738850435
5,5,210,rts,0.263902,0.087055,1.3020005939902721,1.0909566806856736,0.7342361111111111,0.3809433732823499,-0.3089246248315655,-0.35549596362860886,-0.4020673024256522,-0.4952099800197389,-0.774638012801999
5,5,210,rts,0.263902,0.151572,1.3020005939902721,1.1636620824634731,0.7345337301587301,0.33854215907402657,-0.3085193618103217,-0.36717536231816145,-0.4258313628260012,-0.5431433638416807,-0.8950793668887193
5,5,210,rts,0.263902,0.263902,1.3020005939902721,1.3020005939902721,0.7352678571428571,0.3553396748296566,-0.3075204146714452,-0.3610486653105459,-0.41457691594964663,-0.5216334172278481,-0.8428029210624522
5,5,210,rts,0.263902,0.459479,1.3020005939902721,1.583248897402281,0.7382936507936508,0.3198871271163666,-0.30341363271879174,-0.3683693613273813,-0.43332508993597085,-0.56323654715315,-0.9529709188046873
5,5,210,rts,0.263902,0.8,1.3020005939902721,2.225540928492468,0.7371626984126984,0.28113476704438406,-0.304946653472748,-0.3854546947488369,-0.46596273602492577,-0.6269788185771036,-1.110027066233637
5,5,210,rts,0.459479,0.05,1.583248897402281,1.0512710963760241,0.7225,0.7232108529686384,-0.32503785899554977,-0.3302884237498055,-0.3355389885040613,-0.34604011801257273,-0.3775435065381072
5,5,210,rts,0.459479,0.087055,1.583248897402281,1.0909566806856736,0.7285416666666666,0.7149801870991462,-0.3167104598326065,-0.3223384873302352,-0.32796651482786393,-0.3392225698231213,-0.3729907348088936
5,5,210,rts,0.459479,0.151572,1.583248897402281,1.1636620824634731,0.7261011904761905,0.738724706589608,-0.3200658930487461,-0.3246511919483121,-0.3292364908478781,-0.3384070886470101,-0.3659188820444061
5,5,210,rts,0.459479,0.263902,1.583248897402281,1.3020005939902721,0.7314087301587302,0.7015978081002632,-0.3127828371079445,-0.3190626265650977,-0.3253424160222509,-0.33790199493655726,-0.3755807316794764
5,5,210,rts,0.459479,0.459479,1.583248897402281,1.583248897402281,0.7300099206349207,0.6345586736427261,-0.31469715502119205,-0.32504046787859214,-0.33538378073599223,-0.35607040645079235,-0.41813028359519283
5,5,210,rts,0.459479,0.8,1.583248897402281,2.225540928492468,0.7303571428571428,0.6193969030154849,-0.3142216276863932,-0.32569410933797616,-0.33716659098955903,-0.36011155429272484,-0.4289464442022223
5,5,210,rts,0.8,0.05,2.225540928492468,1.0512710963760241,0.6943650793650794,1.0668362098525546,-0.36475740583330474,-0.36496669386905495,-0.3651759819048051,-0.36559455797630547,-0.36685028619080656
5,5,210,rts,0.8,0.087055,2.225540928492468,1.0909566806856736,0.6942361111111112,1.0702353563211822,-0.3649431585969112,-0.365173533701572,-0.3654039088062329,-0.3658646590155546,-0.36724690964351975
5,5,210,rts,0.8,0.151572,2.225540928492468,1.1636620824634731,0.6976785714285715,1.0488866137701562,-0.35999678166816995,-0.36011068565585835,-0.36022458964354676,-0.3604523976189235,-0.3611358215450539
5,5,210,rts,0.8,0.263902,2.225540928492468,1.3020005939902721,0.7051984126984127,1.0152776996229813,-0.34927607931402843,-0.34928757388513765,-0.3492990684562468,-0.34932205759846524,-0.3493910250251204
5,5,210,rts,0.8,0.459479,2.225540928492468,1.583248897402281,0.7090674603174603,0.9960824915353835,-0.3438046084326776,-0.3438053787932149,-0.34380614915375207,-0.3438076898748265,-0.34381231203804985
5,5,210,rts,0.8,0.8,2.225540928492468,2.225540928492468,0.7188492063492063,0.930941208942865,-0.3301036701703371,-0.3303597057819998,-0.3306157413936625,-0.331127812616988,-0.3326640262869643
5,5,210,rts,0.05,0.08037,1.0512710963760241,1.0836879580501442,0.7339880952380953,0.16838320763387668,-0.3092624695208198,-0.4679518800366721,-0.6266412905525245,-0.944020111584229,-1.8961565746793427
5,5,210,rts,0.05,0.129188,1.0512710963760241,1.1379040300155947,0.7331448412698413,0.16224408330063192,-0.3104119959749368,-0.4757870037361469,-0.641162011497357,-0.9719120270197772,-1.9641620735870375
5,5,210,rts,0.05,0.207658,1.0512710963760241,1.2307921666404829,0.7338194444444445,0.1590395976692939,-0.30949226912306116,-0.47851514694539177,-0.6475380247677224,-0.9855837804123836,-1.999721047346367
5,5,210,rts,0.05,0.333792,1.0512710963760241,1.3962526928085686,0.7333630952380953,0.15535083803417069,-0.3101143447117802,-0.48347943905328317,-0.6568445333947861,-1.003574722077792,-2.0437652881268096
5,5,210,rts,0.05,0.53654,1.0512710963760241,1.710079738279151,0.7331448412698413,0.14505893019038985,-0.3104119959749368,-0.4967757492745335,-0.6831395025741301,-1.0558670091733235,-2.1740495289709036
5,5,210,rts,0.05,0.86244,1.0512710963760241,2.3689338461802025,0.7326388888888888,0.13194312796208532,-0.3111023466598795,-0.5162114243911216,-0.7213205021223636,-1.1315386575848478,-2.3621931239723004
5,5,210,rts,0.05,1.386294,1.0512710963760241,3.999998555520698,0.7326388888888888,0.12519972918077182,-0.3111023466598795,-0.5269743354142663,-0.7428463241686531,-1.1745903016774266,-2.4698222342037472
5,5,210,rts,0.08037,0.05,1.0836879580501442,1.0512710963760241,0.7347222222222223,0.1941398865784499,-0.30826278015180153,-0.4426077297221578,-0.5769526792925141,-0.8456425784332267,-1.6517122758553642
5,5,210,rts,0.08037,0.08037,1.0836879580501442,1.0836879580501442,0.7350892857142857,0.19536553436711337,-0.3077633099847599,-0.441078644763913,-0.5743939795430661,-0.8410246491013722,-1.6409166577762906
5,5,210,rts,0.08037,0.129188,1.0836879580501442,1.1379040300155947,0.7350496031746032,0.18320219183998487,-0.30781729473408126,-0.45183572327995447,-0.5958541518258276,-0.883891008917574,-1.7480015801928133
5,5,210,rts,0.08037,0.207658,1.0836879580501442,1.2307921666404829,0.7363789682539682,0.175865924798254,-0.30601039025109744,-0.4570483891738518,-0.6080863880966062,-0.910162385942115,-1.8163903794786411
5,5,210,rts,0.08037,0.333792,1.0836879580501442,1.3962526928085686,0.7361607142857143,0.1690991173101543,-0.30630682228948664,-0.46424129812558956,-0.6221757739616925,-0.9380447256338984,-1.885651580650516
5,5,210,rts,0.08037,0.53654,1.0836879580501442,1.710079738279151,0.735,0.15689450383327935,-0.3078847797693004,-0.4794136229250467,-0.650942466080793,-0.9940001523922856,-2.023173211326763
5,5,210,rts,0.08037,0.86244,1.0836879580501442,2.3689338461802025,0.7352678571428571,0.14097011401200837,-0.3075204146714452,-0.4994450902973079,-0.6913697659231706,-1.0752191171748962,-2.2267671709300725
5,5,210,rts,0.08037,1.386294,1.0836879580501442,3.999998555520698,0.7343849206349207,0.12979223516061925,-0.3087219727911791,-0.517173479271387,-0.7256249857515948,-1.1425279987120107,-2.393237037593258
5,5,210,rts,0.129188,0.05,1.1379040300155947,1.0512710963760241,0.7317559523809524,0.21116850368080692,-0.3123082189971007,-0.43322484354852725,-0.5541414680999538,-0.7959747172028069,-1.5214744645113663
5,5,210,rts,0.129188,0.08037,1.1379040300155947,1.0836879580501442,0.7324801587301587,0.19384023620554217,-0.3113190255155795,-0.4459172928685742,-0.5805155602215689,-0.8497120949275583,-1.6573016990455267
5,5,210,rts,0.129188,0.129188,1.1379040300155947,1.1379040300155947,0.7323214285714286,0.1933674713484516,-0.31153575133118133,-0.4465349677453728,-0.5815341841595644,-0.8515326169879474,-1.6615279154730966
5,5,210,rts,0.129188,0.207658,1.1379040300155947,1.2307921666404829,0.7319642857142857,0.18795912282128432,-0.312023556218903,-0.4517243122384501,-0.5914250682579973,-0.8708265802970916,-1.7090311164143746
5,5,210,rts,0.129188,0.333792,1.1379040300155947,1.3962526928085686,0.7329265873015873,0.1896885447826852,-0.310709735860747,-0.4488837342415742,-0.5870577326224014,-0.8634057293840557,-1.6924497196690185
5,5,210,rts,0.129188,0.53654,1.1379040300155947,1.710079738279151,0.7340376984126984,0.19061777783784514,-0.3091948914512293,-0.4465577208766961,-0.5839205503021629,-0.8586462091530964,-1.682823185705897
5,5,210,rts,0.129188,0.86244,1.1379040300155947,2.3689338461802025,0.7328571428571429,0.17538444877626164,-0.3108044898726351,-0.4623193463086471,-0.613834202744659,-0.916863915616683,-1.825953054232755
5,5,210,rts,0.129188,1.386294,1.1379040300155947,3.999998555520698,0.730188492063492,0.13404344931592463,-0.3144525698635742,-0.5163754260914467,-0.7182982823193192,-1.1221439947750642,-2.333681132142299
5,5,210,rts,0.207658,0.05,1.2307921666404829,1.0512710963760241,0.7311507936507936,0.3119945725915875,-0.3131355564419774,-0.3809699543184187,-0.4488043521948599,-0.5844731479477425,-0.9914795352063903
5,5,210,rts,0.207658,0.08037,1.2307921666404829,1.0836879580501442,0.7312301587301587,0.30897595919031856,-0.3130270141646538,-0.3819985644100494,-0.450970114655445,-0.5889132151462363,-1.0027425166186101
5,5,210,rts,0.207658,0.129188,1.2307921666404829,1.1379040300155947,0.7349603174603174,0.30738081097132985,-0.307938771076713,-0.37751958566177746,-0.44710040024684194,-0.5862620294169709,-1.0037469169273576
5,5,210,rts,0.207658,0.207658,1.2307921666404829,1.2307921666404829,0.7355753968253969,0.2989237450435627,-0.3071022332150708,-0.38001310858660603,-0.45292398395814126,-0.5987457347012117,-1.036210986930423
5,5,210,rts,0.207658,0.333792,1.2307921666404829,1.3962526928085686,0.7332936507936508,0.2698739109259159,-0.3102090423220891,-0.39598790007128626,-0.4817667578204834,-0.6533244733188777,-1.1679976198140603
5,5,210,rts,0.207658,0.53654,1.2307921666404829,1.710079738279151,0.7304861111111111,0.2319883747776133,-0.3140450608248179,-0.4207810483819846,-0.5275170359391513,-0.7409890110534847,-1.3814049363964849
5,5,210,rts,0.207658,0.86244,1.2307921666404829,2.3689338461802025,0.7352777777777778,0.23541475524852934,-0.3075069222171001,-0.41211149656904533,-0.5167160709209906,-0.7259252196248811,-1.3535526657365524
5,5,210,rts,0.207658,1.386294,1.2307921666404829,3.999998555520698,0.7366269841269841,0.21588644076927221,-0.3056736422902915,-0.42317851336369017,-0.5406833844370889,-0.7756931265838863,-1.4807223530242786
5,5,210,rts,0.333792,0.05,1.3962526928085686,1.0512710963760241,0.734811507936508,0.45652027163860726,-0.3081412644457471,-0.3388836435769595,-0.3696260227081719,-0.4311107809705967,-0.6155650557578711
5,5,210,rts,0.333792,0.08037,1.3962526928085686,1.0836879580501442,0.7318055555555556,0.47493425155220564,-0.31224043479486085,-0.33996032188333886,-0.36768020897181686,-0.42311998314877286,-0.589439305679641
5,5,210,rts,0.333792,0.129188,1.3962526928085686,1.1379040300155947,0.7290873015873016,0.48141294290535025,-0.3159617988797798,-0.34268203227707433,-0.36940226567436885,-0.42284273246895787,-0.5831641328527251
5,5,210,rts,0.333792,0.207658,1.3962526928085686,1.2307921666404829,0.7297718253968254,0.4303095390220361,-0.3150233616487976,-0.35057692949740865,-0.3861304973460198,-0.45723763304324194,-0.6705590401349086
5,5,210,rts,0.333792,0.333792,1.3962526928085686,1.3962526928085686,0.7281646825396826,0.4329214294472677,-0.31722804408780714,-0.3522731543509052,-0.3873182646140033,-0.4574084851401995,-0.667679146718788
5,5,210,rts,0.333792,0.53654,1.3962526928085686,1.710079738279151,0.7299603174603174,0.43457461266648545,-0.31476510596064,-0.34949185290811524,-0.38421859985559054,-0.45367209375054107,-0.6620325754353926
5,5,210,rts,0.333792,0.86244,1.3962526928085686,2.3689338461802025,0.7358829365079365,0.36062391307278535,-0.30668422656133026,-0.35869603176895043,-0.4107078369765706,-0.5147314473918109,-0.8268022786375318
5,5,210,rts,0.333792,1.386294,1.3962526928085686,3.999998555520698,0.7362003968253968,0.379630503038715,-0.3062529190188926,-0.35315803854589933,-0.40006315807290604,-0.4938733971269195,-0.7753041142889598
5,5,210,rts,0.53654,0.05,1.710079738279151,1.0512710963760241,0.7182142857142857,0.8425327366152826,-0.3309873063906433,-0.3324552234778932,-0.33392314056514316,-0.33685897473964305,-0.34566647726314265
5,5,210,rts,0.53654,0.08037,1.710079738279151,1.0836879580501442,0.7173214285714286,0.8016485492213647,-0.3322312423639584,-0.33467517089556253,-0.33711909942716667,-0.342006956490375,-0.35667052767999985
5,5,210,rts,0.53654,0.129188,1.710079738279151,1.1379040300155947,0.7176289682539683,0.8118666795692384,-0.33180260080543644,-0.3339745277018401,-0.33614645459824377,-0.34049030839105116,-0.35352186976947314
5,5,210,rts,0.53654,0.207658,1.710079738279151,1.2307921666404829,0.7212996031746032,0.7946965216554115,-0.326700689625714,-0.32934097605994883,-0.3319812624941836,-0.33726183536265314,-0.3531035539680618
5,5,210,rts,0.53654,0.333792,1.710079738279151,1.3962526928085686,0.7249702380952381,0.7720897135897752,-0.32162467587319354,-0.32496978407444943,-0.3283148922757054,-0.3350051086782172,-0.3550757578857527
5,5,210,rts,0.53654,0.53654,1.710079738279151,1.710079738279151,0.7264880952380952,0.7917520142018298,-0.31953318256428986,-0.3222594596744553,-0.3249857367846207,-0.3304382910049516,-0.3467959536659442
5,5,210,rts,0.53654,0.86244,1.710079738279151,2.3689338461802025,0.7260813492063493,0.7105712607085765,-0.3200932191861982,-0.32593068667968594,-0.3317681541731736,-0.3434430891601491,-0.3784678941210754
5,5,210,rts,0.53654,1.386294,1.710079738279151,3.999998555520698,0.7296031746031746,0.6497878820841945,-0.31525448907581477,-0.32454725070172874,-0.3338400123276427,-0.35242553557947065,-0.4081821053349545
5,5,210,rts,0.86244,0.05,2.3689338461802025,1.0512710963760241,0.7021428571428572,1.092686786481293,-0.3536183954561834,-0.35401124443474474,-0.3544040934133061,-0.3551897913704287,-0.35754688524179673
5,5,210,rts,0.86244,0.08037,2.3689338461802025,1.0836879580501442,0.6884523809523809,1.1010144676926623,-0.3733091266731868,-0.37377215654664325,-0.37423518642009973,-0.37516124616701263,-0.37793942540775144
5,5,210,rts,0.86244,0.129188,2.3689338461802025,1.1379040300155947,0.6915575396825396,1.0932878107561435,-0.3688089213860222,-0.36920665969904826,-0.36960439801207434,-0.3703998746381264,-0.3727863045162827
5,5,210,rts,0.86244,0.207658,2.3689338461802025,1.2307921666404829,0.6937103174603174,1.0999056145067643,-0.36570081561467854,-0.3661541996575244,-0.36660758370037017,-0.36751435178606184,-0.37023465604313677
5,5,210,rts,0.86244,0.333792,2.3689338461802025,1.3962526928085686,0.7031448412698412,1.1008648785924913,-0.35219237529260666,-0.3526540985462956,-0.3531158217999846,-0.3540392683073625,-0.35680960782949617
5,5,210,rts,0.86244,0.53654,2.3689338461802025,1.710079738279151,0.7052380952380952,1.029484582489309,-0.3492198094437156,-0.34926202860127065,-0.3493042477588256,-0.34938868607393564,-0.34964200101926574
5,5,210,rts,0.86244,0.86244,2.3689338461802025,2.3689338461802025,0.6967361111111111,1.035440190229386,-0.3613485466384792,-0.36140919138419514,-0.361469836129911,-0.3615911256213428,-0.3619549940956383
5,5,210,rts,0.86244,1.386294,2.3689338461802025,3.999998555520698,0.7093849206349206,0.9956646994657791,-0.34335699337414777,-0.34335793720600033,-0.3433588810378529,-0.3433607687015581,-0.3433664316926735
5,5,210,rts,1.386294,0.05,3.999998555520698,1.0512710963760241,0.6012103174603175,1.2735883304181381,-0.5088104598062663,-0.511734749748506,-0.5146590396907456,-0.520507619575225,-0.5380533592286629
5,5,210,rts,1.386294,0.08037,3.999998555520698,1.0836879580501442,0.6198809523809524,1.313488252992766,-0.47822783166850585,-0.4819457249462618,-0.48566361822401777,-0.4930994047795297,-0.5154067644460655
5,5,210,rts,1.386294,0.129188,3.999998555520698,1.1379040300155947,0.617281746031746,1.210857895921057,-0.4824297206792417,-0.4842600621586071,-0.4860904036379725,-0.4897510865967033,-0.5007331354728956
5,5,210,rts,1.386294,0.207658,3.999998555520698,1.2307921666404829,0.6101190476190477,1.2640650406504066,-0.494101180824796,-0.496846772725256,-0.49959236462571605,-0.5050835484266362,-0.5215570998293964
5,5,210,rts,1.386294,0.333792,3.999998555520698,1.3962526928085686,0.6084325396825396,1.2478069460296755,-0.496869235999376,-0.49931985874712764,-0.5017704814948794,-0.5066717269903827,-0.5213754634768928
5,5,210,rts,1.386294,0.53654,3.999998555520698,1.710079738279151,0.6265277777777778,1.2563574753776483,-0.4675621675957507,-0.47016630937331205,-0.4727704511508734,-0.47797873470599617,-0.49360358537136434
5,5,210,rts,1.386294,0.86244,3.999998555520698,2.3689338461802025,0.6219642857142857,1.2026350208951415,-0.4748726063572394,-0.47657489562186867,-0.4782771848864979,-0.48168176341575647,-0.4918954990035321
5,5,210,rts,1.386294,1.386294,3.999998555520698,3.999998555520698,0.6297916666666666,1.2498464155758235,-0.4623662021165243,-0.46485311321774014,-0.46734002431895605,-0.4723138465213878,-0.48723531312868307
5,5,210,rts,0.129188,0.971092,1.1379040300155947,2.640826668103333,0.7332539682539683,0.16086697694555688,-0.3102631592688242,-0.4771920374750155,-0.6441209156812068,-0.9779786720935894,-1.9795519413307368
5,5,210,rts,0.129188,1.093433,1.1379040300155947,2.9845023021648975,0.7315575396825397,0.16129425963846436,-0.31257940176238613,-0.4790239541219764,-0.6454685064815666,-0.9783576112007473,-1.9770249253582888
5,5,210,rts,0.129188,1.231186,1.1379040300155947,3.425289521615114,0.7315178571428571,0.14193688378968497,-0.31263364714137126,-0.5032216247569397,-0.693809602372508,-1.0749855576036447,-2.2185134232970545
5,5,210,rts,0.163789,0.86244,1.1779657380980328,2.3689338461802025,0.7346428571428572,0.22430184194890077,-0.3083708065103381,-0.42008657184017884,-0.5318023371700196,-0.755233867829701,-1.4255284598087454
5,5,210,rts,0.163789,0.971092,1.1779657380980328,2.640826668103333,0.7346130952380953,0.21275101621899012,-0.3084113194035719,-0.42816967351840957,-0.5479280276332472,-0.7874447358629225,-1.5059948605519482
5,5,210,rts,0.163789,1.093433,1.1779657380980328,2.9845023021648975,0.734672619047619,0.217243940314631,-0.30833029525833233,-0.4248761928729312,-0.5414220904875301,-0.7745138857167279,-1.4737892714043213
5,5,210,rts,0.163789,1.231186,1.1779657380980328,3.425289521615114,0.7370337301587302,0.1978921298103455,-0.3051216210032585,-0.43634699875885863,-0.5675723765144588,-0.830023132025659,-1.6173753985592598
5,5,210,rts,0.163789,1.386294,1.1779657380980328,3.999998555520698,0.7364285714285714,0.19700398749865286,-0.3059430315863901,-0.437898130337538,-0.569853229088686,-0.8337634265909819,-1.6254940190978695
5,5,210,rts,0.207658,0.971092,1.2307921666404829,2.640826668103333,0.7373115079365079,0.24458766701201545,-0.3047448058938973,-0.4038935596495997,-0.5030423134053021,-0.701339820916707,-1.2962323434509215
5,5,210,rts,0.207658,1.093433,1.2307921666404829,2.9845023021648975,0.737390873015873,0.24039069542170619,-0.30463717050866046,-0.40623822638648294,-0.5078392822643054,-0.7110413940199505,-1.3206477292868852
5,5,210,rts,0.207658,1.231186,1.2307921666404829,3.425289521615114,0.7361805555555555,0.23898015012060858,-0.3062798702909944,-0.4087215589601497,-0.5111632476293051,-0.7160466249676156,-1.3306967569825474
5,5,210,rts,0.263276,0.86244,1.3011857966766016,2.3689338461802025,0.7371527777777778,0.2934392032837629,-0.3049601114267355,-0.38012430888037185,-0.45528850633400825,-0.605616901241281,-1.0566020859630991
5,5,210,rts,0.263276,0.971092,1.3011857966766016,2.640826668103333,0.7359424603174604,0.27194909885014085,-0.30660334222588564,-0.3913818189656191,-0.47616029570535257,-0.6457172491848194,-1.15438810962322
5,5,210,rts,0.263276,1.093433,1.3011857966766016,2.9845023021648975,0.7338789682539683,0.26438661710037176,-0.3094111573509949,-0.3979017540828824,-0.48639235081476995,-0.6633735442785449,-1.1943171246698698
5,5,210,rts,0.263276,1.231186,1.3011857966766016,3.425289521615114,0.7347619047619047,0.2675253834521495,-0.30820877134835356,-0.39513626680525593,-0.48206376226215836,-0.6559187531759632,-1.1774837259173774
5,5,210,rts,0.263276,1.386294,1.3011857966766016,3.999998555520698,0.7350099206349207,0.2635748896597336,-0.3078712823979132,-0.39677142588507597,-0.48567156937223877,-0.6634718563465642,-1.1968727172695408
5,5,210,rts,0.333791,0.86244,1.396251296556574,2.3689338461802025,0.7358829365079365,0.36062391307278535,-0.30668422656133026,-0.35869603176895043,-0.4107078369765706,-0.5147314473918109,-0.8268022786375318
5,5,210,rts,0.333791,0.971092,1.396251296556574,2.640826668103333,0.7359523809523809,0.36015852474927207,-0.3065898621393434,-0.3587334572540338,-0.4108770523687243,-0.5151642425981051,-0.8280258132862477
5,5,210,rts,0.333791,1.093433,1.396251296556574,2.9845023021648975,0.7377678571428572,0.348380329985074,-0.3041260605820015,-0.3597204072243519,-0.4153147538667023,-0.5265034471514031,-0.8600695270055054
5,5,210,rts,0.333791,1.231186,1.396251296556574,3.425289521615114,0.7386210317460318,0.3763716707184398,-0.3029703018187563,-0.35071415747525875,-0.3984580131317612,-0.49394572444476614,-0.7804088583837809
5,5,210,rts,0.333791,1.386294,1.396251296556574,3.999998555520698,0.7362003968253968,0.379630503038715,-0.3062529190188926,-0.35315803854589933,-0.40006315807290604,-0.4938733971269195,-0.7753041142889598
5,5,210,rts,0.333792,0.423193,1.3962526928085686,1.5268289455183452,0.7305952380952381,0.44986692738037043,-0.31389568244230803,-0.34580003057873204,-0.377704378715156,-0.44151307498800396,-0.6329391638065479
5,5,210,rts,0.333792,0.680245,1.3962526928085686,1.9743613915206877,0.7305158730158731,0.4270737139442664,-0.3140043190529525,-0.3501972360644253,-0.38639015307589814,-0.4587759870988437,-0.6759334891676806
5,5,210,rts,0.333792,0.862439,1.3962526928085686,2.368931477247541,0.7358829365079365,0.36062391307278535,-0.30668422656133026,-0.35869603176895043,-0.4107078369765706,-0.5147314473918109,-0.8268022786375318
5,5,210,rts,0.423193,0.333792,1.5268289455183452,1.3962526928085686,0.7255158730158731,0.6367116993928786,-0.32087232817100975,-0.33106215587742277,-0.34125198358383585,-0.36163163899666195,-0.4227706052351402
5,5,210,rts,0.423193,0.423193,1.5268289455183452,1.5268289455183452,0.7288293650793651,0.6032722619987477,-0.3163156414779545,-0.32908642587557985,-0.34185721027320526,-0.36739877906845597,-0.4440234854542082
5,5,210,rts,0.423193,0.53654,1.5268289455183452,1.710079738279151,0.7320634920634921,0.6060006504770165,-0.31188803099067436,-0.32443178017961183,-0.3369755293685493,-0.3620630277464243,-0.4373255228800491
5,5,210,rts,0.423193,0.680245,1.5268289455183452,1.9743613915206877,0.7346825396825397,0.5705952252349573,-0.30831679187235805,-0.3240570613357603,-0.3397973307991625,-0.37127786972596705,-0.4657194865063805
5,5,210,rts,0.423193,0.862439,1.5268289455183452,2.368931477247541,0.7344146825396826,0.5575112455929433,-0.3086814473107778,-0.3257501711224692,-0.34281889493416057,-0.37695634255754334,-0.4793686854276916
5,5,210,rts,0.53654,0.423193,1.710079738279151,1.5268289455183452,0.7275297619047619,0.7578918660939524,-0.31810037093854965,-0.32194276656300436,-0.3257851621874591,-0.33346995343636854,-0.3565243271830969
5,5,210,rts,0.53654,0.680245,1.710079738279151,1.9743613915206877,0.7265674603174603,0.734727873508288,-0.31942394368606447,-0.3241750036638265,-0.32892606364158855,-0.3384281835971126,-0.36693454346368476
5,5,210,rts,0.53654,0.862439,1.710079738279151,2.368931477247541,0.7260813492063493,0.7105712607085765,-0.3200932191861982,-0.32593068667968594,-0.3317681541731736,-0.3434430891601491,-0.3784678941210754
5,5,210,rts,0.680245,0.333792,1.9743613915206877,1.3962526928085686,0.7121825396825396,0.9039672368640999,-0.33942102447023825,-0.33993069237452767,-0.3404403602788171,-0.3414596960873959,-0.3445177035131323
5,5,210,rts,0.680245,0.423193,1.9743613915206877,1.5268289455183452,0.7162103174603175,0.958556112696346,-0.33378141568476594,-0.33387099517622526,-0.3339605746676846,-0.33413973365060323,-0.3346772105993592
5,5,210,rts,0.680245,0.53654,1.9743613915206877,1.710079738279151,0.7210813492063493,0.9341679851413635,-0.32700331975897995,-0.3272351934579757,-0.32746706715697144,-0.3279308145549629,-0.3293220567489374
5,5,210,rts,0.680245,0.680245,1.9743613915206877,1.9743613915206877,0.7197619047619047,0.8817399933840556,-0.32883480949200167,-0.3296268220366806,-0.3304188345813595,-0.33200285967071735,-0.33675493493879094
5,5,210,rts,0.680245,0.862439,1.9743613915206877,2.368931477247541,0.7159325396825397,0.9284150430950864,-0.3341693347807915,-0.33444518397152484,-0.3347210331622581,-0.33527273154372467,-0.3369278266881244
5,5,210,rts,0.862439,0.333792,2.368931477247541,1.3962526928085686,0.7031448412698412,1.1008648785924913,-0.35219237529260666,-0.3526540985462956,-0.3531158217999846,-0.3540392683073625,-0.35680960782949617
5,5,210,rts,0.862439,0.423193,2.368931477247541,1.5268289455183452,0.6954960317460317,1.0372863948877413,-0.36312997324809887,-0.36319698077833007,-0.36326398830856127,-0.3633980033690237,-0.363800048550411
5,5,210,rts,0.862439,0.53654,2.368931477247541,1.710079738279151,0.7052380952380952,1.029484582489309,-0.3492198094437156,-0.34926202860127065,-0.3493042477588256,-0.34938868607393564,-0.34964200101926574
5,5,210,rts,0.862439,0.680245,2.368931477247541,1.9743613915206877,0.6998511904761905,1.0745765114465944,-0.35688755157214724,-0.35714622365731186,-0.3574048957424764,-0.35792223991280564,-0.3594742724237932
5,5,210,rts,0.862439,0.862439,2.368931477247541,2.368931477247541,0.6967361111111111,1.035440190229386,-0.3613485466384792,-0.36140919138419514,-0.361469836129911,-0.3615911256213428,-0.3619549940956383
5,5,210,rts,0.53654,0.971092,1.710079738279151,2.640826668103333,0.7304861111111111,0.6919723493542298,-0.3140450608248179,-0.3208239645829169,-0.32760286834101593,-0.34116067585721394,-0.3818340984058079
5,5,210,rts,0.53654,1.093433,1.710079738279151,2.9845023021648975,0.7283829365079365,0.7100148458887784,-0.31692835739437775,-0.3227926218728009,-0.32865688635122403,-0.3403854153080703,-0.3755710021786092
5,5,210,rts,0.53654,1.231186,1.710079738279151,3.425289521615114,0.7302777777777778,0.6888550779764169,-0.31433029971432014,-0.32127647239637513,-0.3282226450784302,-0.34211499044254023,-0.3837920265348703
5,5,210,rts,0.680245,0.86244,1.9743613915206877,2.3689338461802025,0.7159325396825397,0.9284150430950864,-0.3341693347807915,-0.33444518397152484,-0.3347210331622581,-0.33527273154372467,-0.3369278266881244
5,5,210,rts,0.680245,0.971092,1.9743613915206877,2.640826668103333,0.7199900793650794,0.9007785049948329,-0.3285178457265746,-0.32906381521532313,-0.3296097847040717,-0.33070172368156875,-0.33397754061406
5,5,210,rts,0.680245,1.093433,1.9743613915206877,2.9845023021648975,0.7222321428571429,0.9126797708822681,-0.3254086642652333,-0.32582608997183704,-0.3262435156784408,-0.3270783670916482,-0.32958292133127065
5,5,210,rts,0.680245,1.231186,1.9743613915206877,3.425289521615114,0.7187896825396826,0.8409473597040881,-0.33018647790462674,-0.3316868439563232,-0.3331872100080197,-0.3361879421114127,-0.3451901384215915
5,5,210,rts,0.680245,1.386294,1.9743613915206877,3.999998555520698,0.7206845238095239,0.8877968201527978,-0.32755379111396604,-0.3282619883044362,-0.32897018549490636,-0.3303865798758467,-0.3346357630186677
5,5,210,rts,0.86244,0.971092,2.3689338461802025,2.640826668103333,0.7002083333333333,1.026933594026721,-0.35637736917087665,-0.3564126867314718,-0.356448004292067,-0.35651863941325734,-0.3567305447768284
5,5,210,rts,0.86244,1.093433,2.3689338461802025,2.9845023021648975,0.7109821428571429,1.0095022813847379,-0.34110796502574103,-0.341112437164149,-0.341116909302557,-0.341125853579373,-0.3411526864098208
5,5,210,rts,0.86244,1.231186,2.3689338461802025,3.425289521615114,0.7079464285714285,1.0249576098989643,-0.34538685401078706,-0.34541723823076964,-0.3454476224507522,-0.34550839089071733,-0.34569069621061277
5,5,210,rts,1.093433,0.86244,2.9845023021648975,2.3689338461802025,0.6900992063492063,1.1052873695408412,-0.3709199144081096,-0.3714209686041102,-0.37192202280011083,-0.37292413119211204,-0.37593045636811573
5,5,210,rts,1.093433,0.971092,2.9845023021648975,2.640826668103333,0.6823611111111111,1.1332616091419268,-0.38219627283549845,-0.38297877152029997,-0.38376127020510153,-0.38532626757470456,-0.39002125968351375
5,5,210,rts,1.093433,1.093433,2.9845023021648975,2.9845023021648975,0.681765873015873,1.1888769244201274,-0.38306897477592267,-0.3845655822188719,-0.3860621896618211,-0.38905540454771953,-0.3980350492054148
5,5,210,rts,1.093433,1.231186,2.9845023021648975,3.425289521615114,0.6740674603174603,1.1933594324905072,-0.39442508358666806,-0.3959875073440004,-0.39754993110133274,-0.40067477861599743,-0.41004932115999154
5,5,210,rts,1.093433,1.386294,2.9845023021648975,3.999998555520698,0.6796130952380952,1.12321728340997,-0.3862316203321963,-0.38690670912058045,-0.3875817979089646,-0.3889319754857329,-0.3929825082160377
5,5,210,rts,1.386294,0.971092,3.999998555520698,2.640826668103333,0.640079365079365,1.2518598884066956,-0.4461631023802602,-0.44868604222652414,-0.45120898207278815,-0.4562548617653161,-0.47139250084289996
5,5,210,rts,1.386294,1.093433,3.999998555520698,2.9845023021648975,0.6350892857142857,1.2316103534998517,-0.45398968254967076,-0.4561595966577921,-0.45832951076591344,-0.4626693389821561,-0.4756888236308841
5,5,210,rts,1.386294,1.231186,3.999998555520698,3.425289521615114,0.6368055555555555,1.2601962922573609,-0.45129092031358153,-0.45396515305664875,-0.4566393857997159,-0.4619878512858503,-0.47803324774425343
