access,w_eff,n_vis,n_nat,eps_i,r,eps_c,tau_settled,conv_visits,T,rho,tau_nat
rts,210,5,5,0.008,0.5,0.004,0.114518,100,0.74148,1.4509,0.03934
rts,210,5,5,0.008,1.0,0.008,0.101434,100,0.74429,1.37422,0.04151
rts,210,5,5,0.008,1.5,0.012,0.095615,100,0.74276,1.38226,0.04037
rts,210,5,5,0.008,2.0,0.016,0.090601,100,0.74965,1.33201,0.04035
rts,210,5,5,0.008,3.0,0.024,0.082274,100,0.74286,1.32417,0.04099
rts,210,5,5,0.008,5.0,0.04,0.057513,100,0.7477,1.05326,0.04677
rts,210,5,5,0.008,8.0,0.064,0.038845,100,0.74794,0.89201,0.04746
rts,210,5,5,0.01652,0.5,0.00826,0.26638,100,0.6947,1.73719,0.02843
rts,210,5,5,0.01652,1.0,0.01652,0.224063,100,0.70479,1.70535,0.03225
rts,210,5,5,0.01652,1.5,0.02477,0.202702,100,0.72139,1.68672,0.03291
rts,210,5,5,0.01652,2.0,0.03303,0.178407,100,0.72986,1.66086,0.03242
rts,210,5,5,0.01652,3.0,0.04955,0.143901,99,0.73137,1.57545,0.0358
rts,210,5,5,0.01652,5.0,0.08258,0.103906,89,0.74327,1.44781,0.03796
rts,210,5,5,0.01652,8.0,0.13213,0.067655,100,0.74473,1.17077,0.0448
rts,210,5,5,0.0341,0.5,0.01705,0.357574,42,0.63851,1.80356,0.02471
rts,210,5,5,0.0341,1.0,0.0341,0.287796,41,0.68305,1.74599,0.02737
rts,210,5,5,0.0341,1.5,0.05114,0.237752,90,0.69486,1.73013,0.02978
rts,210,5,5,0.0341,2.0,0.06819,0.211384,90,0.7104,1.69229,0.03119
rts,210,5,5,0.0341,3.0,0.10229,0.179359,84,0.73032,1.62388,0.03552
rts,210,5,5,0.0341,5.0,0.17048,0.111892,100,0.74411,1.49825,0.03773
rts,210,5,5,0.0341,8.0,0.27277,0.089565,96,0.74177,1.32247,0.03951
rts,210,5,5,0.07039,0.5,0.03519,0.362943,100,0.63412,1.80641,0.02512
rts,210,5,5,0.07039,1.0,0.07039,0.28881,98,0.6801,1.77962,0.0285
rts,210,5,5,0.07039,1.5,0.10558,0.23382,73,0.69981,1.74833,0.03064
rts,210,5,5,0.07039,2.0,0.14078,0.209524,99,0.709,1.69373,0.03123
rts,210,5,5,0.07039,3.0,0.21117,0.175927,100,0.72187,1.67901,0.03137
rts,210,5,5,0.07039,5.0,0.35195,0.141022,100,0.74058,1.49728,0.0384
rts,210,5,5,0.07039,8.0,0.56312,0.109795,99,0.73968,1.41577,0.03906
rts,210,5,5,0.14532,0.5,0.07266,0.371352,93,0.60412,1.79734,0.02536
rts,210,5,5,0.14532,1.0,0.14532,0.306328,100,0.65086,1.7721,0.02648
rts,210,5,5,0.14532,1.5,0.21797,0.261352,100,0.68829,1.76235,0.02938
rts,210,5,5,0.14532,2.0,0.29063,0.248386,99,0.67938,1.70603,0.03084
rts,210,5,5,0.14532,3.0,0.43595,0.240834,100,0.63725,1.68589,0.02576
rts,210,5,5,0.14532,5.0,0.72658,0.223551,100,0.64119,1.62432,0.02948
rts,210,5,5,0.14532,8.0,1.16253,0.912634,69,0.33752,1.59728,0.01676
rts,210,5,5,0.3,0.5,0.15,1.0,20,0.17274,1.36968,0.01259
rts,210,5,5,0.3,1.0,0.3,1.0,21,0.17237,1.36308,0.01283
rts,210,5,5,0.3,1.5,0.45,1.0,30,0.1709,1.37894,0.01354
rts,210,5,5,0.3,2.0,0.6,1.0,15,0.17439,1.38085,0.01288
rts,210,5,5,0.3,3.0,0.9,1.0,10,0.17044,1.38255,0.01282
rts,210,5,5,0.3,5.0,1.5,1.0,9,0.17051,1.38756,0.01294
rts,210,5,5,0.3,8.0,2.4,1.0,9,0.17051,1.38672,0.01318
rts,210,5,10,0.008,0.5,0.004,0.085449,100,0.73696,1.7715,0.02975
rts,210,5,10,0.008,1.0,0.008,0.0806,100,0.74611,1.82169,0.02776
rts,210,5,10,0.008,1.5,0.012,0.06951,100,0.74035,1.74783,0.02796
rts,210,5,10,0.008,2.0,0.016,0.056263,100,0.73876,1.53379,0.03015
rts,210,5,10,0.008,3.0,0.024,0.045318,100,0.73967,1.36263,0.02975
rts,210,5,10,0.008,5.0,0.04,0.020145,100,0.73256,0.72895,0.03536
rts,210,5,10,0.008,8.0,0.064,0.006015,100,0.72689,0.17516,0.03937
rts,210,5,10,0.01652,0.5,0.00826,0.252408,100,0.68701,2.51488,0.01989
rts,210,5,10,0.01652,1.0,0.01652,0.200304,100,0.7126,2.46784,0.01964
rts,210,5,10,0.01652,1.5,0.02477,0.155622,100,0.73536,2.3456,0.02335
rts,210,5,10,0.01652,2.0,0.03303,0.142394,100,0.73101,2.27224,0.02393
rts,210,5,10,0.01652,3.0,0.04955,0.105371,100,0.7321,2.02496,0.02662
rts,210,5,10,0.01652,5.0,0.08258,0.047289,100,0.7383,1.31127,0.03214
rts,210,5,10,0.01652,8.0,0.13213,0.008083,100,0.72911,0.33848,0.03755
rts,210,5,10,0.0341,0.5,0.01705,0.34412,56,0.6314,2.65938,0.01572
rts,210,5,10,0.0341,1.0,0.0341,0.282116,48,0.67813,2.63118,0.01825
rts,210,5,10,0.0341,1.5,0.05114,0.219449,100,0.70899,2.55676,0.01888
rts,210,5,10,0.0341,2.0,0.06819,0.189432,93,0.71961,2.47501,0.02129
rts,210,5,10,0.0341,3.0,0.10229,0.14987,100,0.73117,2.31567,0.02246
rts,210,5,10,0.0341,5.0,0.17048,0.083898,97,0.73611,1.72413,0.02934
rts,210,5,10,0.0341,8.0,0.27277,0.019747,100,0.73331,0.85673,0.03552
rts,210,5,10,0.07039,0.5,0.03519,0.363591,57,0.62036,2.67219,0.0156
rts,210,5,10,0.07039,1.0,0.07039,0.289962,84,0.6624,2.64884,0.01761
rts,210,5,10,0.07039,1.5,0.10558,0.236781,92,0.69457,2.58299,0.01889
rts,210,5,10,0.07039,2.0,0.14078,0.195139,85,0.70907,2.48776,0.02011
rts,210,5,10,0.07039,3.0,0.21117,0.165532,100,0.71976,2.36204,0.0221
rts,210,5,10,0.07039,5.0,0.35195,0.111984,100,0.72948,1.9912,0.02581
rts,210,5,10,0.07039,8.0,0.56312,0.035222,100,0.73052,1.15578,0.03205
rts,210,5,10,0.14532,0.5,0.07266,0.37586,98,0.60901,2.67494,0.01572
rts,210,5,10,0.14532,1.0,0.14532,0.300996,100,0.65988,2.64669,0.01729
rts,210,5,10,0.14532,1.5,0.21797,0.248273,100,0.6816,2.54943,0.01953
rts,210,5,10,0.14532,2.0,0.29063,0.236779,100,0.69243,2.53151,0.01994
rts,210,5,10,0.14532,3.0,0.43595,0.198492,97,0.68855,2.38338,0.02056
rts,210,5,10,0.14532,5.0,0.72658,0.243888,100,0.56662,2.20506,0.01762
rts,210,5,10,0.14532,8.0,1.16253,0.20679,100,0.61108,1.69003,0.02304
rts,210,5,10,0.3,0.5,0.15,1.0,17,0.16573,2.07873,0.00758
rts,210,5,10,0.3,1.0,0.3,1.0,18,0.1641,2.09199,0.00823
rts,210,5,10,0.3,1.5,0.45,1.0,23,0.16429,2.08957,0.00787
rts,210,5,10,0.3,2.0,0.6,1.0,34,0.1805,2.16007,0.00786
rts,210,5,10,0.3,3.0,0.9,1.0,14,0.16506,2.07977,0.00803
rts,210,5,10,0.3,5.0,1.5,1.0,23,0.16526,2.07722,0.00793
rts,210,5,10,0.3,8.0,2.4,1.0,29,0.17699,2.09639,0.008
rts,210,5,20,0.008,0.5,0.004,0.068707,100,0.72469,2.54986,0.01871
rts,210,5,20,0.008,1.0,0.008,0.050997,100,0.72673,2.15014,0.02027
rts,210,5,20,0.008,1.5,0.012,0.042599,100,0.72264,2.00908,0.01995
rts,210,5,20,0.008,2.0,0.016,0.031576,100,0.72345,1.55562,0.02118
rts,210,5,20,0.008,3.0,0.024,0.016009,100,0.71744,0.99535,0.02168
rts,210,5,20,0.008,5.0,0.04,0.005223,100,0.71645,0.36988,0.02383
rts,210,5,20,0.008,8.0,0.064,0.000754,100,0.7125,0.01913,0.02387
rts,210,5,20,0.01652,0.5,0.00826,0.195224,100,0.70904,4.02853,0.01315
rts,210,5,20,0.01652,1.0,0.01652,0.164752,100,0.72073,3.77893,0.01449
rts,210,5,20,0.01652,1.5,0.02477,0.13463,100,0.72627,3.58156,0.01548
rts,210,5,20,0.01652,2.0,0.03303,0.095679,100,0.72662,3.05844,0.01767
rts,210,5,20,0.01652,3.0,0.04955,0.047545,100,0.72942,2.01221,0.0201
rts,210,5,20,0.01652,5.0,0.08258,0.007379,100,0.71731,0.44512,0.02348
rts,210,5,20,0.01652,8.0,0.13213,0.000156,100,0.71198,0.0,0.02435
rts,210,5,20,0.0341,0.5,0.01705,0.322204,54,0.64879,4.36099,0.0108
rts,210,5,20,0.0341,1.0,0.0341,0.24991,77,0.69146,4.22525,0.0118
rts,210,5,20,0.0341,1.5,0.05114,0.201285,95,0.71902,4.06901,0.01338
rts,210,5,20,0.0341,2.0,0.06819,0.168872,94,0.71967,3.98084,0.01395
rts,210,5,20,0.0341,3.0,0.10229,0.110581,97,0.73106,3.36775,0.01639
rts,210,5,20,0.0341,5.0,0.17048,0.006245,100,0.7187,0.59739,0.0234
rts,210,5,20,0.0341,8.0,0.27277,0.000145,100,0.71221,0.0,0.02402
rts,210,5,20,0.07039,0.5,0.03519,0.349884,35,0.62851,4.43584,0.01021
rts,210,5,20,0.07039,1.0,0.07039,0.261281,79,0.68576,4.32913,0.01189
rts,210,5,20,0.07039,1.5,0.10558,0.210631,90,0.70202,4.18552,0.01223
rts,210,5,20,0.07039,2.0,0.14078,0.182089,100,0.7097,3.9537,0.01349
rts,210,5,20,0.07039,3.0,0.21117,0.131354,100,0.73343,3.59791,0.01571
rts,210,5,20,0.07039,5.0,0.35195,0.029472,100,0.72115,1.46607,0.02206
rts,210,5,20,0.07039,8.0,0.56312,0.000197,100,0.70961,0.01485,0.0242
rts,210,5,20,0.14532,0.5,0.07266,0.3436,97,0.62339,4.3722,0.01022
rts,210,5,20,0.14532,1.0,0.14532,0.270794,100,0.67169,4.33395,0.01092
rts,210,5,20,0.14532,1.5,0.21797,0.231581,99,0.69142,4.18929,0.01233
rts,210,5,20,0.14532,2.0,0.29063,0.210878,100,0.69744,4.15081,0.01271
rts,210,5,20,0.14532,3.0,0.43595,0.154934,100,0.71826,3.83184,0.01442
rts,210,5,20,0.14532,5.0,0.72658,0.07497,99,0.71446,2.48679,0.01893
rts,210,5,20,0.14532,8.0,1.16253,0.00058,100,0.71213,0.31102,0.02313
rts,210,5,20,0.3,0.5,0.15,0.998417,48,0.26674,3.88691,0.00555
rts,210,5,20,0.3,1.0,0.3,1.0,33,0.17704,3.35922,0.00497
rts,210,5,20,0.3,1.5,0.45,1.0,35,0.32275,3.96407,0.00632
rts,210,5,20,0.3,2.0,0.6,1.0,24,0.19143,3.48041,0.00521
rts,210,5,20,0.3,3.0,0.9,1.0,35,0.16876,3.34086,0.00489
rts,210,5,20,0.3,5.0,1.5,0.996483,51,0.18713,3.51167,0.00472
rts,210,5,20,0.3,8.0,2.4,0.746549,100,0.38244,1.2523,0.01101
rts,210,20,5,0.008,0.5,0.004,0.044228,100,0.71429,1.01623,0.03401
rts,210,20,5,0.008,1.0,0.008,0.039009,100,0.73394,1.00939,0.03451
rts,210,20,5,0.008,1.5,0.012,0.033912,100,0.74137,0.96208,0.03636
rts,210,20,5,0.008,2.0,0.016,0.032231,100,0.73963,0.9234,0.03674
rts,210,20,5,0.008,3.0,0.024,0.025757,100,0.7418,0.86694,0.04119
rts,210,20,5,0.008,5.0,0.04,0.018245,100,0.75506,0.75857,0.04495
rts,210,20,5,0.008,8.0,0.064,0.011281,100,0.74965,0.59565,0.04841
rts,210,20,5,0.01652,0.5,0.00826,0.071624,100,0.6826,1.09168,0.02926
rts,210,20,5,0.01652,1.0,0.01652,0.056051,93,0.70394,1.06516,0.03146
rts,210,20,5,0.01652,1.5,0.02477,0.04629,49,0.71969,1.04185,0.03079
rts,210,20,5,0.01652,2.0,0.03303,0.040891,68,0.72457,0.99531,0.03566
rts,210,20,5,0.01652,3.0,0.04955,0.032828,100,0.73883,0.95826,0.03726
rts,210,20,5,0.01652,5.0,0.08258,0.022921,76,0.746,0.8627,0.03926
rts,210,20,5,0.01652,8.0,0.13213,0.014039,100,0.74404,0.63203,0.04532
rts,210,20,5,0.0341,0.5,0.01705,0.080979,62,0.65581,1.12783,0.02654
rts,210,20,5,0.0341,1.0,0.0341,0.059812,93,0.69277,1.1003,0.02819
rts,210,20,5,0.0341,1.5,0.05114,0.048087,100,0.71121,1.02574,0.03369
rts,210,20,5,0.0341,2.0,0.06819,0.042318,97,0.72763,1.00444,0.03344
rts,210,20,5,0.0341,3.0,0.10229,0.033716,94,0.73621,0.96767,0.03492
rts,210,20,5,0.0341,5.0,0.17048,0.025322,100,0.75031,0.89491,0.03676
rts,210,20,5,0.0341,8.0,0.27277,0.013087,93,0.74714,0.63675,0.04811
rts,210,20,5,0.07039,0.5,0.03519,0.082707,38,0.6552,1.11723,0.02702
rts,210,20,5,0.07039,1.0,0.07039,0.059584,55,0.69481,1.07335,0.03026
rts,210,20,5,0.07039,1.5,0.10558,0.05053,100,0.70851,1.05784,0.02935
rts,210,20,5,0.07039,2.0,0.14078,0.040185,100,0.72479,1.00789,0.03288
rts,210,20,5,0.07039,3.0,0.21117,0.032825,100,0.72815,0.93401,0.03686
rts,210,20,5,0.07039,5.0,0.35195,0.023451,100,0.7458,0.85142,0.03948
rts,210,20,5,0.07039,8.0,0.56312,0.014865,100,0.7471,0.68964,0.04344
rts,210,20,5,0.14532,0.5,0.07266,0.08671,97,0.64375,1.10453,0.02636
rts,210,20,5,0.14532,1.0,0.14532,0.061169,99,0.69761,1.09957,0.02926
rts,210,20,5,0.14532,1.5,0.21797,0.05184,97,0.71013,1.06897,0.02835
rts,210,20,5,0.14532,2.0,0.29063,0.047527,99,0.71755,1.05097,0.03107
rts,210,20,5,0.14532,3.0,0.43595,0.036278,100,0.72788,0.94943,0.03576
rts,210,20,5,0.14532,5.0,0.72658,0.025529,100,0.73908,0.83801,0.04062
rts,210,20,5,0.14532,8.0,1.16253,0.017894,100,0.7379,0.71309,0.04292
rts,210,20,5,0.3,0.5,0.15,0.097859,100,0.54907,1.11606,0.02119
rts,210,20,5,0.3,1.0,0.3,0.065247,100,0.68545,1.08531,0.03035
rts,210,20,5,0.3,1.5,0.45,0.055716,100,0.69652,1.0799,0.03023
rts,210,20,5,0.3,2.0,0.6,0.05099,100,0.69742,1.06121,0.02932
rts,210,20,5,0.3,3.0,0.9,0.055095,99,0.6114,0.96733,0.02841
rts,210,20,5,0.3,5.0,1.5,0.962504,44,0.20733,0.80946,0.01539
rts,210,20,5,0.3,8.0,2.4,0.9985,37,0.09365,0.49685,0.01331
rts,210,20,10,0.008,0.5,0.004,0.038467,100,0.72948,1.14147,0.02237
rts,210,20,10,0.008,1.0,0.008,0.031986,100,0.73738,1.08044,0.0258
rts,210,20,10,0.008,1.5,0.012,0.027702,100,0.73844,1.02978,0.02598
rts,210,20,10,0.008,2.0,0.016,0.023789,100,0.7387,0.99907,0.02577
rts,210,20,10,0.008,3.0,0.024,0.01785,100,0.73913,0.83517,0.02895
rts,210,20,10,0.008,5.0,0.04,0.01088,100,0.73861,0.63363,0.03222
rts,210,20,10,0.008,8.0,0.064,0.003906,6,0.72786,0.28135,0.03593
rts,210,20,10,0.01652,0.5,0.00826,0.067777,100,0.67496,1.2966,0.0189
rts,210,20,10,0.01652,1.0,0.01652,0.052332,100,0.70792,1.25978,0.01938
rts,210,20,10,0.01652,1.5,0.02477,0.043599,98,0.71602,1.20108,0.02113
rts,210,20,10,0.01652,2.0,0.03303,0.037143,100,0.72865,1.15683,0.02323
rts,210,20,10,0.01652,3.0,0.04955,0.026918,95,0.74419,0.98859,0.02672
rts,210,20,10,0.01652,5.0,0.08258,0.012821,100,0.73398,0.70146,0.03119
rts,210,20,10,0.01652,8.0,0.13213,0.005126,95,0.73155,0.34797,0.03617
rts,210,20,10,0.0341,0.5,0.01705,0.078445,47,0.65298,1.32115,0.01679
rts,210,20,10,0.0341,1.0,0.0341,0.058821,42,0.69248,1.26332,0.01941
rts,210,20,10,0.0341,1.5,0.05114,0.048277,95,0.71681,1.21513,0.0208
rts,210,20,10,0.0341,2.0,0.06819,0.040716,89,0.723,1.17183,0.02266
rts,210,20,10,0.0341,3.0,0.10229,0.028756,100,0.73188,1.01695,0.02596
rts,210,20,10,0.0341,5.0,0.17048,0.014794,100,0.73787,0.75807,0.02998
rts,210,20,10,0.0341,8.0,0.27277,0.00631,97,0.74014,0.4442,0.03472
rts,210,20,10,0.07039,0.5,0.03519,0.079462,62,0.6612,1.31406,0.01782
rts,210,20,10,0.07039,1.0,0.07039,0.059381,92,0.70398,1.28616,0.01863
rts,210,20,10,0.07039,1.5,0.10558,0.04702,90,0.70771,1.21558,0.02123
rts,210,20,10,0.07039,2.0,0.14078,0.041383,99,0.72407,1.19338,0.02121
rts,210,20,10,0.07039,3.0,0.21117,0.030878,95,0.73517,1.09081,0.02369
rts,210,20,10,0.07039,5.0,0.35195,0.017968,95,0.73527,0.86829,0.02733
rts,210,20,10,0.07039,8.0,0.56312,0.006783,100,0.73675,0.4643,0.03396
rts,210,20,10,0.14532,0.5,0.07266,0.082295,100,0.63676,1.33751,0.01642
rts,210,20,10,0.14532,1.0,0.14532,0.059358,99,0.68745,1.30001,0.01842
rts,210,20,10,0.14532,1.5,0.21797,0.050654,99,0.71165,1.22717,0.02062
rts,210,20,10,0.14532,2.0,0.29063,0.041773,100,0.72126,1.16368,0.02314
rts,210,20,10,0.14532,3.0,0.43595,0.031746,100,0.73081,1.07589,0.02463
rts,210,20,10,0.14532,5.0,0.72658,0.018587,98,0.73315,0.82898,0.029
rts,210,20,10,0.14532,8.0,1.16253,0.008209,100,0.73571,0.51658,0.03381
rts,210,20,10,0.3,0.5,0.15,0.089688,100,0.62604,1.34226,0.01576
rts,210,20,10,0.3,1.0,0.3,0.064195,100,0.67608,1.31749,0.01769
rts,210,20,10,0.3,1.5,0.45,0.057375,100,0.69135,1.25346,0.01942
rts,210,20,10,0.3,2.0,0.6,0.048092,99,0.70796,1.22116,0.02045
rts,210,20,10,0.3,3.0,0.9,0.044618,100,0.63464,1.07946,0.02029
rts,210,20,10,0.3,5.0,1.5,0.882697,100,0.18277,0.78161,0.00956
rts,210,20,10,0.3,8.0,2.4,0.998,47,0.0929,0.6193,0.00765
rts,210,20,20,0.008,0.5,0.004,0.034114,100,0.72601,1.40143,0.01471
rts,210,20,20,0.008,1.0,0.008,0.025008,100,0.72669,1.22909,0.01727
rts,210,20,20,0.008,1.5,0.012,0.021825,100,0.72605,1.20211,0.01767
rts,210,20,20,0.008,2.0,0.016,0.017114,100,0.72887,1.04957,0.01846
rts,210,20,20,0.008,3.0,0.024,0.012083,100,0.72689,0.82353,0.01998
rts,210,20,20,0.008,5.0,0.04,0.004398,100,0.71932,0.35678,0.02233
rts,210,20,20,0.008,8.0,0.064,0.000619,100,0.71286,0.07285,0.02366
rts,210,20,20,0.01652,0.5,0.00826,0.063858,100,0.67463,1.67291,0.0121
rts,210,20,20,0.01652,1.0,0.01652,0.046606,100,0.70437,1.5557,0.01389
rts,210,20,20,0.01652,1.5,0.02477,0.037661,100,0.71381,1.49143,0.01419
rts,210,20,20,0.01652,2.0,0.03303,0.027513,100,0.729,1.36723,0.01606
rts,210,20,20,0.01652,3.0,0.04955,0.017613,100,0.72992,1.04506,0.01815
rts,210,20,20,0.01652,5.0,0.08258,0.003736,100,0.72437,0.34582,0.02171
rts,210,20,20,0.01652,8.0,0.13213,0.00012,89,0.71263,0.01998,0.02432
rts,210,20,20,0.0341,0.5,0.01705,0.07579,47,0.66601,1.75558,0.01123
rts,210,20,20,0.0341,1.0,0.0341,0.05644,96,0.69202,1.64383,0.01285
rts,210,20,20,0.0341,1.5,0.05114,0.041593,50,0.71449,1.55359,0.01438
rts,210,20,20,0.0341,2.0,0.06819,0.034017,100,0.7239,1.40462,0.01604
rts,210,20,20,0.0341,3.0,0.10229,0.022839,100,0.72226,1.16305,0.01696
rts,210,20,20,0.0341,5.0,0.17048,0.002959,100,0.71956,0.34343,0.0225
rts,210,20,20,0.0341,8.0,0.27277,0.00013,100,0.71276,0.01106,0.02383
rts,210,20,20,0.07039,0.5,0.03519,0.079093,100,0.65102,1.73865,0.01101
rts,210,20,20,0.07039,1.0,0.07039,0.054653,76,0.69673,1.67183,0.01265
rts,210,20,20,0.07039,1.5,0.10558,0.044499,97,0.7092,1.56134,0.0138
rts,210,20,20,0.07039,2.0,0.14078,0.034515,100,0.72426,1.41257,0.0162
rts,210,20,20,0.07039,3.0,0.21117,0.025068,91,0.72305,1.25161,0.01634
rts,210,20,20,0.07039,5.0,0.35195,0.003925,100,0.71676,0.29425,0.02338
rts,210,20,20,0.07039,8.0,0.56312,0.000218,100,0.71485,0.02511,0.02363
rts,210,20,20,0.14532,0.5,0.07266,0.077859,81,0.66205,1.75491,0.01145
rts,210,20,20,0.14532,1.0,0.14532,0.058085,99,0.68299,1.63891,0.01289
rts,210,20,20,0.14532,1.5,0.21797,0.045535,99,0.70161,1.53569,0.0143
rts,210,20,20,0.14532,2.0,0.29063,0.037997,97,0.70967,1.48567,0.0143
rts,210,20,20,0.14532,3.0,0.43595,0.02668,100,0.72443,1.33225,0.0158
rts,210,20,20,0.14532,5.0,0.72658,0.007005,99,0.71936,0.55274,0.02152
rts,210,20,20,0.14532,8.0,1.16253,0.000543,100,0.71595,0.12557,0.02317
rts,210,20,20,0.3,0.5,0.15,0.087592,98,0.62498,1.78475,0.01003
rts,210,20,20,0.3,1.0,0.3,0.059176,100,0.67464,1.70079,0.01206
rts,210,20,20,0.3,1.5,0.45,0.048822,100,0.69223,1.6113,0.01269
rts,210,20,20,0.3,2.0,0.6,0.04076,99,0.71051,1.51212,0.01409
rts,210,20,20,0.3,3.0,0.9,0.037478,99,0.62668,1.32832,0.0129
rts,210,20,20,0.3,5.0,1.5,0.570508,100,0.31251,0.72294,0.00891
rts,210,20,20,0.3,8.0,2.4,0.816118,100,0.24221,0.79672,0.0072
rts,210,50,5,0.008,0.5,0.004,0.021964,100,0.70199,0.90541,0.03304
rts,210,50,5,0.008,1.0,0.008,0.018707,100,0.71512,0.91377,0.03022
rts,210,50,5,0.008,1.5,0.012,0.016325,100,0.72726,0.89702,0.0323
rts,210,50,5,0.008,2.0,0.016,0.014111,53,0.73252,0.84121,0.03599
rts,210,50,5,0.008,3.0,0.024,0.011475,49,0.74062,0.81179,0.03856
rts,210,50,5,0.008,5.0,0.04,0.008172,93,0.75345,0.7111,0.04219
rts,210,50,5,0.008,8.0,0.064,0.005111,41,0.75039,0.55945,0.04822
rts,210,50,5,0.01652,0.5,0.00826,0.030381,60,0.67163,0.96981,0.02673
rts,210,50,5,0.01652,1.0,0.01652,0.023282,49,0.70161,0.95555,0.03041
rts,210,50,5,0.01652,1.5,0.02477,0.018592,47,0.72077,0.91859,0.03185
rts,210,50,5,0.01652,2.0,0.03303,0.015991,38,0.72229,0.87089,0.03415
rts,210,50,5,0.01652,3.0,0.04955,0.013056,38,0.74583,0.8422,0.03634
rts,210,50,5,0.01652,5.0,0.08258,0.00853,71,0.7488,0.72418,0.04275
rts,210,50,5,0.01652,8.0,0.13213,0.00507,83,0.74648,0.54747,0.04728
rts,210,50,5,0.0341,0.5,0.01705,0.032757,28,0.65865,0.97894,0.02782
rts,210,50,5,0.0341,1.0,0.0341,0.02427,74,0.70173,0.95444,0.02812
rts,210,50,5,0.0341,1.5,0.05114,0.019897,52,0.72332,0.92138,0.03217
rts,210,50,5,0.0341,2.0,0.06819,0.016184,98,0.72969,0.89008,0.03428
rts,210,50,5,0.0341,3.0,0.10229,0.01332,99,0.74031,0.8479,0.03488
rts,210,50,5,0.0341,5.0,0.17048,0.008936,100,0.74144,0.7447,0.03866
rts,210,50,5,0.0341,8.0,0.27277,0.004964,99,0.74315,0.55246,0.04585
rts,210,50,5,0.07039,0.5,0.03519,0.033445,96,0.6474,0.99955,0.0248
rts,210,50,5,0.07039,1.0,0.07039,0.02496,90,0.6961,0.96011,0.03004
rts,210,50,5,0.07039,1.5,0.10558,0.018665,100,0.72007,0.92556,0.03118
rts,210,50,5,0.07039,2.0,0.14078,0.016988,97,0.72731,0.8771,0.03525
rts,210,50,5,0.07039,3.0,0.21117,0.013121,100,0.73112,0.85019,0.03461
rts,210,50,5,0.07039,5.0,0.35195,0.009316,99,0.74494,0.73747,0.04053
rts,210,50,5,0.07039,8.0,0.56312,0.004969,100,0.74085,0.51879,0.04803
rts,210,50,5,0.14532,0.5,0.07266,0.034055,100,0.63889,1.0053,0.02444
rts,210,50,5,0.14532,1.0,0.14532,0.02503,100,0.69386,0.9666,0.02802
rts,210,50,5,0.14532,1.5,0.21797,0.019839,100,0.7092,0.93424,0.03118
rts,210,50,5,0.14532,2.0,0.29063,0.01665,98,0.71902,0.89473,0.03176
rts,210,50,5,0.14532,3.0,0.43595,0.013892,100,0.73088,0.86649,0.03396
rts,210,50,5,0.14532,5.0,0.72658,0.008561,100,0.73474,0.6841,0.04089
rts,210,50,5,0.14532,8.0,1.16253,0.004701,100,0.73819,0.51479,0.0494
rts,210,50,5,0.3,0.5,0.15,0.033984,98,0.64724,0.99617,0.02531
rts,210,50,5,0.3,1.0,0.3,0.025314,100,0.69223,0.96268,0.02885
rts,210,50,5,0.3,1.5,0.45,0.020651,99,0.69674,0.92489,0.0305
rts,210,50,5,0.3,2.0,0.6,0.017642,100,0.70896,0.87266,0.03425
rts,210,50,5,0.3,3.0,0.9,0.014509,100,0.71307,0.82861,0.03411
rts,210,50,5,0.3,5.0,1.5,0.192598,100,0.45667,0.71107,0.02521
rts,210,50,5,0.3,8.0,2.4,0.791241,64,0.09644,0.3066,0.01412
rts,210,50,10,0.008,0.5,0.004,0.02056,100,0.70823,0.95363,0.02191
rts,210,50,10,0.008,1.0,0.008,0.017491,100,0.72244,0.94009,0.02121
rts,210,50,10,0.008,1.5,0.012,0.014421,100,0.72998,0.89635,0.02352
rts,210,50,10,0.008,2.0,0.016,0.012132,57,0.7355,0.83659,0.02629
rts,210,50,10,0.008,3.0,0.024,0.009458,96,0.7317,0.75589,0.02682
rts,210,50,10,0.008,5.0,0.04,0.006235,89,0.73982,0.61399,0.02943
rts,210,50,10,0.008,8.0,0.064,0.002716,51,0.73451,0.34172,0.03525
rts,210,50,10,0.01652,0.5,0.00826,0.029061,99,0.66626,1.05064,0.01725
rts,210,50,10,0.01652,1.0,0.01652,0.020876,56,0.70838,0.99704,0.02075
rts,210,50,10,0.01652,1.5,0.02477,0.017426,55,0.71901,0.9347,0.02248
rts,210,50,10,0.01652,2.0,0.03303,0.015073,74,0.72089,0.89678,0.0226
rts,210,50,10,0.01652,3.0,0.04955,0.010601,44,0.72902,0.77162,0.02759
rts,210,50,10,0.01652,5.0,0.08258,0.006306,100,0.7419,0.62728,0.02932
rts,210,50,10,0.01652,8.0,0.13213,0.002091,100,0.7319,0.29434,0.03445
rts,210,50,10,0.0341,0.5,0.01705,0.031065,74,0.6572,1.05812,0.0174
rts,210,50,10,0.0341,1.0,0.0341,0.022463,56,0.70194,0.98791,0.02025
rts,210,50,10,0.0341,1.5,0.05114,0.018838,94,0.7127,0.98146,0.02203
rts,210,50,10,0.0341,2.0,0.06819,0.015405,58,0.72657,0.92705,0.02243
rts,210,50,10,0.0341,3.0,0.10229,0.011969,92,0.7345,0.83419,0.02453
rts,210,50,10,0.0341,5.0,0.17048,0.006561,99,0.73824,0.60223,0.03051
rts,210,50,10,0.0341,8.0,0.27277,0.002089,100,0.73276,0.27571,0.03643
rts,210,50,10,0.07039,0.5,0.03519,0.032283,86,0.64874,1.0492,0.01739
rts,210,50,10,0.07039,1.0,0.07039,0.022399,95,0.70005,1.00263,0.02142
rts,210,50,10,0.07039,1.5,0.10558,0.018832,98,0.71504,0.98537,0.01995
rts,210,50,10,0.07039,2.0,0.14078,0.01583,97,0.72167,0.91885,0.02206
rts,210,50,10,0.07039,3.0,0.21117,0.011167,99,0.72905,0.76985,0.0262
rts,210,50,10,0.07039,5.0,0.35195,0.00671,96,0.7359,0.64643,0.02781
rts,210,50,10,0.07039,8.0,0.56312,0.002311,99,0.73671,0.33326,0.03484
rts,210,50,10,0.14532,0.5,0.07266,0.031938,96,0.64362,1.08416,0.01656
rts,210,50,10,0.14532,1.0,0.14532,0.02309,99,0.69556,1.00193,0.02043
rts,210,50,10,0.14532,1.5,0.21797,0.019798,100,0.70518,0.97015,0.02054
rts,210,50,10,0.14532,2.0,0.29063,0.015233,95,0.7158,0.8882,0.02406
rts,210,50,10,0.14532,3.0,0.43595,0.011457,99,0.72888,0.80568,0.02605
rts,210,50,10,0.14532,5.0,0.72658,0.007492,100,0.73602,0.64295,0.02915
rts,210,50,10,0.14532,8.0,1.16253,0.001853,100,0.72352,0.27056,0.03652
rts,210,50,10,0.3,0.5,0.15,0.033156,100,0.6496,1.06759,0.01776
rts,210,50,10,0.3,1.0,0.3,0.025041,100,0.67436,1.01811,0.01838
rts,210,50,10,0.3,1.5,0.45,0.019087,100,0.70243,0.98694,0.01979
rts,210,50,10,0.3,2.0,0.6,0.016019,100,0.70714,0.90889,0.02226
rts,210,50,10,0.3,3.0,0.9,0.012658,100,0.70892,0.81557,0.02321
rts,210,50,10,0.3,5.0,1.5,0.016504,100,0.54806,0.60716,0.02178
rts,210,50,10,0.3,8.0,2.4,0.661628,100,0.13412,0.36833,0.00972
rts,210,50,20,0.008,0.5,0.004,0.018942,100,0.70245,1.0707,0.01378
rts,210,50,20,0.008,1.0,0.008,0.014504,100,0.71339,1.01024,0.01528
rts,210,50,20,0.008,1.5,0.012,0.011827,100,0.73048,0.93149,0.01659
rts,210,50,20,0.008,2.0,0.016,0.009901,100,0.73117,0.89845,0.01632
rts,210,50,20,0.008,3.0,0.024,0.006468,100,0.73167,0.70515,0.01909
rts,210,50,20,0.008,5.0,0.04,0.00272,60,0.72079,0.34929,0.022
rts,210,50,20,0.008,8.0,0.064,0.000373,100,0.71108,0.0716,0.02427
rts,210,50,20,0.01652,0.5,0.00826,0.028266,100,0.6741,1.17966,0.01167
rts,210,50,20,0.01652,1.0,0.01652,0.019797,97,0.70762,1.11694,0.01404
rts,210,50,20,0.01652,1.5,0.02477,0.015499,100,0.70836,1.06246,0.01403
rts,210,50,20,0.01652,2.0,0.03303,0.012352,100,0.72237,0.97328,0.01611
rts,210,50,20,0.01652,3.0,0.04955,0.007776,100,0.73039,0.73862,0.01826
rts,210,50,20,0.01652,5.0,0.08258,0.001829,100,0.72344,0.31334,0.02217
rts,210,50,20,0.01652,8.0,0.13213,0.000136,100,0.712,0.01706,0.02385
rts,210,50,20,0.0341,0.5,0.01705,0.032498,75,0.67014,1.22772,0.01081
rts,210,50,20,0.0341,1.0,0.0341,0.021928,46,0.6985,1.14829,0.01242
rts,210,50,20,0.0341,1.5,0.05114,0.015598,62,0.71477,1.06831,0.01424
rts,210,50,20,0.0341,2.0,0.06819,0.013317,85,0.72211,0.97245,0.0158
rts,210,50,20,0.0341,3.0,0.10229,0.008275,100,0.72358,0.79961,0.01752
rts,210,50,20,0.0341,5.0,0.17048,0.002304,98,0.72181,0.30114,0.02255
rts,210,50,20,0.0341,8.0,0.27277,0.000144,97,0.71514,0.02971,0.02359
rts,210,50,20,0.07039,0.5,0.03519,0.031708,93,0.65913,1.21251,0.0113
rts,210,50,20,0.07039,1.0,0.07039,0.022705,98,0.69435,1.14506,0.01297
rts,210,50,20,0.07039,1.5,0.10558,0.017303,89,0.71525,1.07864,0.01425
rts,210,50,20,0.07039,2.0,0.14078,0.013642,100,0.7192,1.01589,0.01592
rts,210,50,20,0.07039,3.0,0.21117,0.009601,100,0.72649,0.85606,0.01641
rts,210,50,20,0.07039,5.0,0.35195,0.002253,99,0.72132,0.3172,0.02182
rts,210,50,20,0.07039,8.0,0.56312,0.000172,100,0.71338,0.03009,0.02409
rts,210,50,20,0.14532,0.5,0.07266,0.032419,100,0.64233,1.21811,0.01083
rts,210,50,20,0.14532,1.0,0.14532,0.02212,83,0.68138,1.1336,0.01267
rts,210,50,20,0.14532,1.5,0.21797,0.017139,99,0.70727,1.06852,0.01434
rts,210,50,20,0.14532,2.0,0.29063,0.014024,100,0.7131,0.98016,0.01497
rts,210,50,20,0.14532,3.0,0.43595,0.009211,95,0.72052,0.81943,0.0171
rts,210,50,20,0.14532,5.0,0.72658,0.003393,100,0.7228,0.39393,0.02124
rts,210,50,20,0.14532,8.0,1.16253,0.000314,100,0.71119,0.08505,0.02414
rts,210,50,20,0.3,0.5,0.15,0.033154,100,0.63681,1.22865,0.01048
rts,210,50,20,0.3,1.0,0.3,0.023131,100,0.6757,1.17285,0.01184
rts,210,50,20,0.3,1.5,0.45,0.018746,100,0.69835,1.09096,0.01336
rts,210,50,20,0.3,2.0,0.6,0.014274,100,0.70892,0.96706,0.01511
rts,210,50,20,0.3,3.0,0.9,0.010056,100,0.71277,0.82548,0.01684
rts,210,50,20,0.3,5.0,1.5,0.004606,100,0.71305,0.4891,0.02045
rts,210,50,20,0.3,8.0,2.4,0.013122,100,0.51668,0.25222,0.01583
rts,420,5,5,0.008,0.5,0.004,0.26599,100,0.70604,1.86202,0.02016
rts,420,5,5,0.008,1.0,0.008,0.226127,100,0.72239,1.8338,0.02196
rts,420,5,5,0.008,1.5,0.012,0.198637,100,0.73793,1.79334,0.02319
rts,420,5,5,0.008,2.0,0.016,0.176043,99,0.74901,1.78905,0.02428
rts,420,5,5,0.008,3.0,0.024,0.148874,88,0.75762,1.73006,0.02683
rts,420,5,5,0.008,5.0,0.04,0.106534,100,0.76639,1.59797,0.03073
rts,420,5,5,0.008,8.0,0.064,0.062128,100,0.76898,1.28803,0.03913
rts,420,5,5,0.01652,0.5,0.00826,0.34548,44,0.65587,1.88617,0.01725
rts,420,5,5,0.01652,1.0,0.01652,0.269454,44,0.70358,1.87053,0.01904
rts,420,5,5,0.01652,1.5,0.02477,0.223897,37,0.73083,1.84691,0.0219
rts,420,5,5,0.01652,2.0,0.03303,0.200302,38,0.74071,1.81517,0.02267
rts,420,5,5,0.01652,3.0,0.04955,0.165937,41,0.74605,1.78736,0.0236
rts,420,5,5,0.01652,5.0,0.08258,0.117189,100,0.76469,1.64665,0.03012
rts,420,5,5,0.01652,8.0,0.13213,0.080033,99,0.77155,1.41705,0.03746
rts,420,5,5,0.0341,0.5,0.01705,0.348836,35,0.63868,1.88902,0.01705
rts,420,5,5,0.0341,1.0,0.0341,0.27122,21,0.70517,1.8773,0.01948
rts,420,5,5,0.0341,1.5,0.05114,0.23229,67,0.72704,1.8439,0.02
rts,420,5,5,0.0341,2.0,0.06819,0.210969,92,0.73647,1.84377,0.02105
rts,420,5,5,0.0341,3.0,0.10229,0.170608,83,0.7515,1.76678,0.02585
rts,420,5,5,0.0341,5.0,0.17048,0.126491,98,0.762,1.66806,0.02806
rts,420,5,5,0.0341,8.0,0.27277,0.085695,97,0.76521,1.45112,0.0348
rts,420,5,5,0.07039,0.5,0.03519,0.347234,95,0.64792,1.89145,0.01728
rts,420,5,5,0.07039,1.0,0.07039,0.269092,95,0.6976,1.86711,0.01889
rts,420,5,5,0.07039,1.5,0.10558,0.227241,97,0.71999,1.82859,0.02206
rts,420,5,5,0.07039,2.0,0.14078,0.213427,100,0.72631,1.83024,0.02193
rts,420,5,5,0.07039,3.0,0.21117,0.177794,100,0.74248,1.78085,0.02324
rts,420,5,5,0.07039,5.0,0.35195,0.140093,96,0.75527,1.67711,0.02894
rts,420,5,5,0.07039,8.0,0.56312,0.105048,100,0.7592,1.49968,0.03247
rts,420,5,5,0.14532,0.5,0.07266,0.353897,99,0.63385,1.89595,0.016
rts,420,5,5,0.14532,1.0,0.14532,0.292878,100,0.67902,1.88036,0.01857
rts,420,5,5,0.14532,1.5,0.21797,0.250234,100,0.70508,1.84321,0.02076
rts,420,5,5,0.14532,2.0,0.29063,0.226798,99,0.72217,1.8458,0.01992
rts,420,5,5,0.14532,3.0,0.43595,0.207233,99,0.72735,1.81092,0.02269
rts,420,5,5,0.14532,5.0,0.72658,0.237941,100,0.60497,1.76429,0.01784
rts,420,5,5,0.14532,8.0,1.16253,1.0,47,0.19135,1.65109,0.00805
rts,420,5,5,0.3,0.5,0.15,1.0,50,0.16883,1.67847,0.00702
rts,420,5,5,0.3,1.0,0.3,0.86751,100,0.24097,1.7804,0.00804
rts,420,5,5,0.3,1.5,0.45,0.984751,54,0.13908,1.63287,0.00668
rts,420,5,5,0.3,2.0,0.6,1.0,46,0.10277,1.5232,0.0063
rts,420,5,5,0.3,3.0,0.9,1.0,38,0.09897,1.43898,0.00649
rts,420,5,5,0.3,5.0,1.5,1.0,32,0.09829,1.46851,0.0066
rts,420,5,5,0.3,8.0,2.4,1.0,18,0.08838,1.41325,0.00668
rts,420,5,10,0.008,0.5,0.004,0.23313,100,0.72158,2.74159,0.01378
rts,420,5,10,0.008,1.0,0.008,0.192177,100,0.74546,2.66437,0.01555
rts,420,5,10,0.008,1.5,0.012,0.179008,100,0.7435,2.65907,0.01486
rts,420,5,10,0.008,2.0,0.016,0.152977,100,0.74552,2.56203,0.01696
rts,420,5,10,0.008,3.0,0.024,0.110801,100,0.7614,2.31386,0.02161
rts,420,5,10,0.008,5.0,0.04,0.049452,100,0.76065,1.54006,0.02972
rts,420,5,10,0.008,8.0,0.064,0.007739,100,0.74772,0.38094,0.03679
rts,420,5,10,0.01652,0.5,0.00826,0.337513,47,0.65248,2.82775,0.01017
rts,420,5,10,0.01652,1.0,0.01652,0.255107,44,0.71145,2.75342,0.0136
rts,420,5,10,0.01652,1.5,0.02477,0.22121,48,0.72658,2.72941,0.01405
rts,420,5,10,0.01652,2.0,0.03303,0.184136,56,0.73813,2.69034,0.01518
rts,420,5,10,0.01652,3.0,0.04955,0.157532,72,0.75296,2.61905,0.01552
rts,420,5,10,0.01652,5.0,0.08258,0.093935,92,0.76081,2.21397,0.02194
rts,420,5,10,0.01652,8.0,0.13213,0.01515,100,0.75294,0.81132,0.03437
rts,420,5,10,0.0341,0.5,0.01705,0.337103,25,0.6535,2.82135,0.01032
rts,420,5,10,0.0341,1.0,0.0341,0.267863,91,0.70101,2.79389,0.01204
rts,420,5,10,0.0341,1.5,0.05114,0.224323,98,0.72654,2.74178,0.01319
rts,420,5,10,0.0341,2.0,0.06819,0.192671,100,0.7384,2.65812,0.01589
rts,420,5,10,0.0341,3.0,0.10229,0.155418,95,0.74696,2.55039,0.01764
rts,420,5,10,0.0341,5.0,0.17048,0.106143,95,0.76031,2.35569,0.01926
rts,420,5,10,0.0341,8.0,0.27277,0.036214,100,0.75398,1.20239,0.03128
rts,420,5,10,0.07039,0.5,0.03519,0.338623,97,0.64623,2.8087,0.01022
rts,420,5,10,0.07039,1.0,0.07039,0.274293,100,0.69833,2.80295,0.01198
rts,420,5,10,0.07039,1.5,0.10558,0.239755,94,0.71557,2.75037,0.01383
rts,420,5,10,0.07039,2.0,0.14078,0.209486,99,0.73294,2.69918,0.01424
rts,420,5,10,0.07039,3.0,0.21117,0.164945,99,0.74605,2.59273,0.01606
rts,420,5,10,0.07039,5.0,0.35195,0.108534,100,0.75617,2.27066,0.02133
rts,420,5,10,0.07039,8.0,0.56312,0.056998,99,0.7548,1.55756,0.02846
rts,420,5,10,0.14532,0.5,0.07266,0.339443,100,0.64995,2.83185,0.01028
rts,420,5,10,0.14532,1.0,0.14532,0.279607,99,0.68768,2.81553,0.01132
rts,420,5,10,0.14532,1.5,0.21797,0.245378,100,0.70898,2.76347,0.01367
rts,420,5,10,0.14532,2.0,0.29063,0.207869,99,0.72252,2.66187,0.01506
rts,420,5,10,0.14532,3.0,0.43595,0.212613,99,0.64479,2.59192,0.01286
rts,420,5,10,0.14532,5.0,0.72658,0.196669,100,0.57455,2.35477,0.01335
rts,420,5,10,0.14532,8.0,1.16253,0.958737,59,0.19352,2.12045,0.00593
rts,420,5,10,0.3,0.5,0.15,1.0,50,0.20008,2.58731,0.00459
rts,420,5,10,0.3,1.0,0.3,1.0,39,0.15252,2.42243,0.00445
rts,420,5,10,0.3,1.5,0.45,1.0,25,0.1482,2.44825,0.00451
rts,420,5,10,0.3,2.0,0.6,1.0,34,0.09717,2.16147,0.00422
rts,420,5,10,0.3,3.0,0.9,1.0,22,0.09192,2.11183,0.00386
rts,420,5,10,0.3,5.0,1.5,1.0,30,0.09621,2.14903,0.00401
rts,420,5,10,0.3,8.0,2.4,1.0,17,0.08542,2.02815,0.00397
rts,420,5,20,0.008,0.5,0.004,0.198678,100,0.72445,4.28751,0.01047
rts,420,5,20,0.008,1.0,0.008,0.166164,100,0.73936,4.11672,0.01142
rts,420,5,20,0.008,1.5,0.012,0.13001,100,0.7518,3.91527,0.01272
rts,420,5,20,0.008,2.0,0.016,0.10902,100,0.7526,3.6664,0.0136
rts,420,5,20,0.008,3.0,0.024,0.060402,100,0.7514,2.6986,0.01737
rts,420,5,20,0.008,5.0,0.04,0.008083,100,0.73615,0.67585,0.02259
rts,420,5,20,0.008,8.0,0.064,0.000116,52,0.73251,0.00654,0.02333
rts,420,5,20,0.01652,0.5,0.00826,0.320364,58,0.66068,4.67287,0.00703
rts,420,5,20,0.01652,1.0,0.01652,0.240169,49,0.71052,4.52504,0.00862
rts,420,5,20,0.01652,1.5,0.02477,0.207556,97,0.72977,4.44055,0.00947
rts,420,5,20,0.01652,2.0,0.03303,0.176221,54,0.744,4.25855,0.0104
rts,420,5,20,0.01652,3.0,0.04955,0.124197,100,0.75353,3.86056,0.01302
rts,420,5,20,0.01652,5.0,0.08258,0.01633,100,0.74129,1.04929,0.02187
rts,420,5,20,0.01652,8.0,0.13213,0.000119,89,0.73069,0.00383,0.02317
rts,420,5,20,0.0341,0.5,0.01705,0.337402,75,0.6451,4.6753,0.0068
rts,420,5,20,0.0341,1.0,0.0341,0.258915,96,0.70404,4.57608,0.00813
rts,420,5,20,0.0341,1.5,0.05114,0.216925,94,0.72705,4.46125,0.00875
rts,420,5,20,0.0341,2.0,0.06819,0.182667,89,0.73411,4.28679,0.01034
rts,420,5,20,0.0341,3.0,0.10229,0.130398,100,0.75357,3.91389,0.01257
rts,420,5,20,0.0341,5.0,0.17048,0.034799,100,0.74399,1.88442,0.01991
rts,420,5,20,0.0341,8.0,0.27277,0.000144,100,0.73074,0.00383,0.02319
rts,420,5,20,0.07039,0.5,0.03519,0.333443,98,0.65052,4.69878,0.00648
rts,420,5,20,0.07039,1.0,0.07039,0.259584,99,0.70052,4.60548,0.00797
rts,420,5,20,0.07039,1.5,0.10558,0.217759,100,0.71425,4.48472,0.00891
rts,420,5,20,0.07039,2.0,0.14078,0.185184,97,0.7319,4.37785,0.00944
rts,420,5,20,0.07039,3.0,0.21117,0.140171,100,0.74783,4.04661,0.01165
rts,420,5,20,0.07039,5.0,0.35195,0.063496,99,0.74849,2.78442,0.01711
rts,420,5,20,0.07039,8.0,0.56312,0.000187,100,0.72946,0.02689,0.02384
rts,420,5,20,0.14532,0.5,0.07266,0.344293,99,0.63545,4.68601,0.00659
rts,420,5,20,0.14532,1.0,0.14532,0.266774,99,0.68817,4.57176,0.00769
rts,420,5,20,0.14532,1.5,0.21797,0.234943,98,0.70602,4.47214,0.00884
rts,420,5,20,0.14532,2.0,0.29063,0.203395,99,0.71613,4.34032,0.0093
rts,420,5,20,0.14532,3.0,0.43595,0.164677,100,0.73433,4.09584,0.01116
rts,420,5,20,0.14532,5.0,0.72658,0.186808,100,0.57641,3.5395,0.00921
rts,420,5,20,0.14532,8.0,1.16253,0.000712,100,0.72558,0.37121,0.02273
rts,420,5,20,0.3,0.5,0.15,0.803779,100,0.33361,4.56322,0.00341
rts,420,5,20,0.3,1.0,0.3,0.924573,80,0.27295,4.41217,0.00309
rts,420,5,20,0.3,1.5,0.45,1.0,21,0.0834,3.56434,0.00225
rts,420,5,20,0.3,2.0,0.6,1.0,31,0.08249,3.61741,0.00236
rts,420,5,20,0.3,3.0,0.9,1.0,23,0.0837,3.64137,0.00231
rts,420,5,20,0.3,5.0,1.5,1.0,21,0.08272,3.60653,0.00224
rts,420,5,20,0.3,8.0,2.4,1.0,46,0.0843,3.53491,0.00204
rts,420,20,5,0.008,0.5,0.004,0.071625,58,0.69024,1.16156,0.01923
rts,420,20,5,0.008,1.0,0.008,0.055004,52,0.72126,1.13161,0.02246
rts,420,20,5,0.008,1.5,0.012,0.046913,55,0.73579,1.12116,0.02367
rts,420,20,5,0.008,2.0,0.016,0.039932,47,0.74365,1.09,0.02534
rts,420,20,5,0.008,3.0,0.024,0.031268,41,0.76083,1.02649,0.0307
rts,420,20,5,0.008,5.0,0.04,0.021666,52,0.76386,0.9112,0.03502
rts,420,20,5,0.008,8.0,0.064,0.013651,76,0.7652,0.74614,0.0412
rts,420,20,5,0.01652,0.5,0.00826,0.077958,33,0.67771,1.17237,0.0179
rts,420,20,5,0.01652,1.0,0.01652,0.059725,37,0.71421,1.15421,0.02179
rts,420,20,5,0.01652,1.5,0.02477,0.049707,40,0.73892,1.12914,0.02178
rts,420,20,5,0.01652,2.0,0.03303,0.041086,65,0.74734,1.08329,0.0265
rts,420,20,5,0.01652,3.0,0.04955,0.033213,99,0.76153,1.05129,0.02658
rts,420,20,5,0.01652,5.0,0.08258,0.023129,76,0.76721,0.94758,0.03321
rts,420,20,5,0.01652,8.0,0.13213,0.013994,100,0.7676,0.74168,0.04137
rts,420,20,5,0.0341,0.5,0.01705,0.079854,57,0.67437,1.174,0.01818
rts,420,20,5,0.0341,1.0,0.0341,0.060508,88,0.71195,1.14322,0.02048
rts,420,20,5,0.0341,1.5,0.05114,0.048562,100,0.73661,1.1242,0.02139
rts,420,20,5,0.0341,2.0,0.06819,0.041387,100,0.73995,1.09399,0.02618
rts,420,20,5,0.0341,3.0,0.10229,0.033557,100,0.7587,1.05581,0.02707
rts,420,20,5,0.0341,5.0,0.17048,0.021889,96,0.76655,0.90307,0.03545
rts,420,20,5,0.0341,8.0,0.27277,0.014198,96,0.76706,0.75756,0.04009
rts,420,20,5,0.07039,0.5,0.03519,0.079156,80,0.66883,1.18728,0.01664
rts,420,20,5,0.07039,1.0,0.07039,0.059813,96,0.71573,1.14977,0.02092
rts,420,20,5,0.07039,1.5,0.10558,0.049296,96,0.73245,1.12942,0.02236
rts,420,20,5,0.07039,2.0,0.14078,0.041819,91,0.74723,1.10527,0.02327
rts,420,20,5,0.07039,3.0,0.21117,0.032984,98,0.75664,1.04324,0.02927
rts,420,20,5,0.07039,5.0,0.35195,0.022822,100,0.76252,0.91187,0.03482
rts,420,20,5,0.07039,8.0,0.56312,0.014231,100,0.7648,0.72861,0.04259
rts,420,20,5,0.14532,0.5,0.07266,0.081723,95,0.66954,1.19258,0.01647
rts,420,20,5,0.14532,1.0,0.14532,0.059942,100,0.7072,1.157,0.01962
rts,420,20,5,0.14532,1.5,0.21797,0.052251,99,0.7227,1.13624,0.02119
rts,420,20,5,0.14532,2.0,0.29063,0.043358,98,0.73723,1.10768,0.02341
rts,420,20,5,0.14532,3.0,0.43595,0.035975,99,0.74657,1.03352,0.02768
rts,420,20,5,0.14532,5.0,0.72658,0.0265,100,0.75717,0.94632,0.03315
rts,420,20,5,0.14532,8.0,1.16253,0.016628,99,0.75377,0.73463,0.04075
rts,420,20,5,0.3,0.5,0.15,0.083248,100,0.64892,1.18651,0.01592
rts,420,20,5,0.3,1.0,0.3,0.066362,100,0.66881,1.1592,0.01762
rts,420,20,5,0.3,1.5,0.45,0.064493,100,0.59881,1.12575,0.01699
rts,420,20,5,0.3,2.0,0.6,0.047064,100,0.72029,1.1022,0.02349
rts,420,20,5,0.3,3.0,0.9,0.404716,100,0.35544,1.03133,0.01162
rts,420,20,5,0.3,5.0,1.5,0.875149,100,0.15293,0.903,0.00754
rts,420,20,5,0.3,8.0,2.4,0.882866,100,0.06527,0.72036,0.00583
rts,420,20,10,0.008,0.5,0.004,0.067023,99,0.68904,1.38653,0.01239
rts,420,20,10,0.008,1.0,0.008,0.051176,100,0.73109,1.34527,0.01435
rts,420,20,10,0.008,1.5,0.012,0.041232,55,0.74031,1.27672,0.01639
rts,420,20,10,0.008,2.0,0.016,0.034908,100,0.75178,1.21556,0.01934
rts,420,20,10,0.008,3.0,0.024,0.026108,90,0.75908,1.12592,0.0215
rts,420,20,10,0.008,5.0,0.04,0.015012,100,0.76218,0.8543,0.0278
rts,420,20,10,0.008,8.0,0.064,0.004042,99,0.74892,0.33184,0.03535
rts,420,20,10,0.01652,0.5,0.00826,0.077856,45,0.67151,1.4008,0.01123
rts,420,20,10,0.01652,1.0,0.01652,0.056641,38,0.71765,1.34318,0.01481
rts,420,20,10,0.01652,1.5,0.02477,0.045322,38,0.73983,1.30837,0.01592
rts,420,20,10,0.01652,2.0,0.03303,0.039225,57,0.74482,1.24826,0.01807
rts,420,20,10,0.01652,3.0,0.04955,0.029705,65,0.75549,1.19893,0.01927
rts,420,20,10,0.01652,5.0,0.08258,0.018287,92,0.7632,0.926,0.02597
rts,420,20,10,0.01652,8.0,0.13213,0.006502,100,0.75609,0.49927,0.03202
rts,420,20,10,0.0341,0.5,0.01705,0.07925,45,0.67243,1.40194,0.01106
rts,420,20,10,0.0341,1.0,0.0341,0.057039,69,0.71651,1.32953,0.01516
rts,420,20,10,0.0341,1.5,0.05114,0.046525,90,0.73736,1.31442,0.01576
rts,420,20,10,0.0341,2.0,0.06819,0.039257,81,0.74573,1.27851,0.01684
rts,420,20,10,0.0341,3.0,0.10229,0.029724,87,0.75567,1.17405,0.01957
rts,420,20,10,0.0341,5.0,0.17048,0.017955,92,0.75736,0.93208,0.02495
rts,420,20,10,0.0341,8.0,0.27277,0.006676,100,0.75417,0.50473,0.03218
rts,420,20,10,0.07039,0.5,0.03519,0.079699,94,0.66296,1.40732,0.011
rts,420,20,10,0.07039,1.0,0.07039,0.058714,86,0.71367,1.35315,0.01423
rts,420,20,10,0.07039,1.5,0.10558,0.04691,100,0.73213,1.30878,0.01596
rts,420,20,10,0.07039,2.0,0.14078,0.040287,96,0.74197,1.25785,0.01765
rts,420,20,10,0.07039,3.0,0.21117,0.029561,100,0.75111,1.15359,0.02019
rts,420,20,10,0.07039,5.0,0.35195,0.019177,100,0.76122,0.97587,0.02448
rts,420,20,10,0.07039,8.0,0.56312,0.007359,100,0.75599,0.55207,0.032
rts,420,20,10,0.14532,0.5,0.07266,0.081232,97,0.66701,1.41125,0.01068
rts,420,20,10,0.14532,1.0,0.14532,0.059096,100,0.70811,1.36205,0.01322
rts,420,20,10,0.14532,1.5,0.21797,0.049095,100,0.72881,1.32908,0.01455
rts,420,20,10,0.14532,2.0,0.29063,0.040788,100,0.73747,1.2608,0.01682
rts,420,20,10,0.14532,3.0,0.43595,0.033178,100,0.75267,1.20303,0.01864
rts,420,20,10,0.14532,5.0,0.72658,0.020756,99,0.75099,0.97308,0.02404
rts,420,20,10,0.14532,8.0,1.16253,0.007834,100,0.75229,0.54228,0.03216
rts,420,20,10,0.3,0.5,0.15,0.082795,100,0.66076,1.41161,0.01071
rts,420,20,10,0.3,1.0,0.3,0.06246,100,0.69912,1.3691,0.01296
rts,420,20,10,0.3,1.5,0.45,0.050646,98,0.72693,1.34584,0.01401
rts,420,20,10,0.3,2.0,0.6,0.043293,100,0.72795,1.28255,0.0159
rts,420,20,10,0.3,3.0,0.9,0.195554,100,0.43409,1.19789,0.00931
rts,420,20,10,0.3,5.0,1.5,0.978002,40,0.12099,0.90815,0.00452
rts,420,20,10,0.3,8.0,2.4,0.958004,44,0.05301,0.81258,0.00318
rts,420,20,20,0.008,0.5,0.004,0.062591,100,0.70483,1.80218,0.00816
rts,420,20,20,0.008,1.0,0.008,0.045751,100,0.72947,1.68475,0.01063
rts,420,20,20,0.008,1.5,0.012,0.037803,100,0.74235,1.58539,0.0121
rts,420,20,20,0.008,2.0,0.016,0.031058,100,0.75175,1.50484,0.01304
rts,420,20,20,0.008,3.0,0.024,0.01971,100,0.7512,1.25264,0.01539
rts,420,20,20,0.008,5.0,0.04,0.004298,100,0.73973,0.40823,0.02128
rts,420,20,20,0.008,8.0,0.064,0.000118,100,0.72779,0.02084,0.02371
rts,420,20,20,0.01652,0.5,0.00826,0.077042,43,0.67168,1.85543,0.00722
rts,420,20,20,0.01652,1.0,0.01652,0.056762,40,0.71383,1.76472,0.00898
rts,420,20,20,0.01652,1.5,0.02477,0.043265,48,0.73098,1.66576,0.01116
rts,420,20,20,0.01652,2.0,0.03303,0.036245,85,0.74417,1.57765,0.01205
rts,420,20,20,0.01652,3.0,0.04955,0.024003,85,0.75082,1.36417,0.0148
rts,420,20,20,0.01652,5.0,0.08258,0.005459,100,0.73881,0.52251,0.02102
rts,420,20,20,0.01652,8.0,0.13213,0.000121,100,0.7307,0.01818,0.02339
rts,420,20,20,0.0341,0.5,0.01705,0.079091,47,0.67285,1.8495,0.00739
rts,420,20,20,0.0341,1.0,0.0341,0.056189,47,0.71876,1.77322,0.00916
rts,420,20,20,0.0341,1.5,0.05114,0.044092,69,0.73189,1.69993,0.01037
rts,420,20,20,0.0341,2.0,0.06819,0.035418,88,0.7444,1.58103,0.01226
rts,420,20,20,0.0341,3.0,0.10229,0.025682,95,0.74544,1.44636,0.01341
rts,420,20,20,0.0341,5.0,0.17048,0.009948,99,0.74619,0.78666,0.01902
rts,420,20,20,0.0341,8.0,0.27277,0.000141,100,0.72633,0.01649,0.02348
rts,420,20,20,0.07039,0.5,0.03519,0.077552,89,0.66714,1.84591,0.00732
rts,420,20,20,0.07039,1.0,0.07039,0.056402,97,0.70905,1.77065,0.00894
rts,420,20,20,0.07039,1.5,0.10558,0.045374,99,0.73608,1.71475,0.01003
rts,420,20,20,0.07039,2.0,0.14078,0.037953,99,0.74223,1.59939,0.01169
rts,420,20,20,0.07039,3.0,0.21117,0.027774,99,0.75127,1.46317,0.0132
rts,420,20,20,0.07039,5.0,0.35195,0.00834,99,0.74514,0.73092,0.01991
rts,420,20,20,0.07039,8.0,0.56312,0.000201,99,0.72785,0.0388,0.02351
rts,420,20,20,0.14532,0.5,0.07266,0.077752,98,0.66771,1.84129,0.00764
rts,420,20,20,0.14532,1.0,0.14532,0.057296,96,0.71052,1.7794,0.00872
rts,420,20,20,0.14532,1.5,0.21797,0.047849,100,0.72725,1.70459,0.00965
rts,420,20,20,0.14532,2.0,0.29063,0.040163,99,0.74083,1.67361,0.01037
rts,420,20,20,0.14532,3.0,0.43595,0.026534,99,0.74473,1.39909,0.01368
rts,420,20,20,0.14532,5.0,0.72658,0.011171,100,0.73795,0.89744,0.01781
rts,420,20,20,0.14532,8.0,1.16253,0.000468,100,0.73145,0.10267,0.02342
rts,420,20,20,0.3,0.5,0.15,0.081722,100,0.6581,1.88312,0.00713
rts,420,20,20,0.3,1.0,0.3,0.062259,100,0.70121,1.78995,0.00844
rts,420,20,20,0.3,1.5,0.45,0.048675,99,0.71391,1.70688,0.00955
rts,420,20,20,0.3,2.0,0.6,0.041786,99,0.7256,1.65697,0.01055
rts,420,20,20,0.3,3.0,0.9,0.038033,100,0.64385,1.43112,0.01082
rts,420,20,20,0.3,5.0,1.5,0.564846,100,0.34846,0.99265,0.00674
rts,420,20,20,0.3,8.0,2.4,0.561869,100,0.29933,0.4452,0.00751
rts,420,50,5,0.008,0.5,0.004,0.028234,53,0.69397,1.02671,0.02021
rts,420,50,5,0.008,1.0,0.008,0.021756,52,0.72021,1.00909,0.02116
rts,420,50,5,0.008,1.5,0.012,0.018298,48,0.73759,0.97599,0.02467
rts,420,50,5,0.008,2.0,0.016,0.015903,51,0.74603,0.9681,0.02518
rts,420,50,5,0.008,3.0,0.024,0.012454,44,0.75577,0.9136,0.02904
rts,420,50,5,0.008,5.0,0.04,0.008765,46,0.76426,0.83113,0.03189
rts,420,50,5,0.008,8.0,0.064,0.005415,60,0.76751,0.62337,0.04346
rts,420,50,5,0.01652,0.5,0.00826,0.031027,32,0.67801,1.03461,0.01778
rts,420,50,5,0.01652,1.0,0.01652,0.022734,26,0.71978,1.01076,0.02158
rts,420,50,5,0.01652,1.5,0.02477,0.019029,51,0.73916,0.98049,0.02373
rts,420,50,5,0.01652,2.0,0.03303,0.016215,93,0.74443,0.95036,0.02552
rts,420,50,5,0.01652,3.0,0.04955,0.01267,100,0.76152,0.90571,0.03019
rts,420,50,5,0.01652,5.0,0.08258,0.008382,98,0.76028,0.76828,0.03747
rts,420,50,5,0.01652,8.0,0.13213,0.00564,99,0.76505,0.66583,0.04113
rts,420,50,5,0.0341,0.5,0.01705,0.030849,19,0.6742,1.03087,0.0182
rts,420,50,5,0.0341,1.0,0.0341,0.023308,83,0.71854,1.0228,0.01981
rts,420,50,5,0.0341,1.5,0.05114,0.0194,47,0.73478,0.97979,0.02414
rts,420,50,5,0.0341,2.0,0.06819,0.016107,100,0.7441,0.95514,0.02603
rts,420,50,5,0.0341,3.0,0.10229,0.013218,95,0.75855,0.93268,0.02687
rts,420,50,5,0.0341,5.0,0.17048,0.008713,95,0.76473,0.81789,0.03271
rts,420,50,5,0.0341,8.0,0.27277,0.005813,100,0.76467,0.66248,0.04018
rts,420,50,5,0.07039,0.5,0.03519,0.031342,100,0.67326,1.03389,0.01862
rts,420,50,5,0.07039,1.0,0.07039,0.023112,90,0.72223,1.00152,0.02228
rts,420,50,5,0.07039,1.5,0.10558,0.018957,93,0.73469,0.99497,0.02326
rts,420,50,5,0.07039,2.0,0.14078,0.016524,100,0.74708,0.94384,0.02636
rts,420,50,5,0.07039,3.0,0.21117,0.013384,100,0.7562,0.92164,0.02871
rts,420,50,5,0.07039,5.0,0.35195,0.008791,100,0.76224,0.78641,0.03584
rts,420,50,5,0.07039,8.0,0.56312,0.005465,97,0.76075,0.61831,0.04253
rts,420,50,5,0.14532,0.5,0.07266,0.031729,89,0.66829,1.0335,0.01785
rts,420,50,5,0.14532,1.0,0.14532,0.023361,100,0.7057,1.01791,0.01963
rts,420,50,5,0.14532,1.5,0.21797,0.020034,100,0.72804,0.9937,0.02169
rts,420,50,5,0.14532,2.0,0.29063,0.016926,100,0.73617,0.97135,0.02455
rts,420,50,5,0.14532,3.0,0.43595,0.013022,99,0.75273,0.90092,0.03007
rts,420,50,5,0.14532,5.0,0.72658,0.008605,100,0.75932,0.78704,0.03657
rts,420,50,5,0.14532,8.0,1.16253,0.005712,99,0.75954,0.60455,0.04298
rts,420,50,5,0.3,0.5,0.15,0.03412,98,0.65789,1.04122,0.01673
rts,420,50,5,0.3,1.0,0.3,0.024424,100,0.7074,1.01665,0.01934
rts,420,50,5,0.3,1.5,0.45,0.020884,100,0.72208,1.0053,0.02154
rts,420,50,5,0.3,2.0,0.6,0.017972,98,0.7338,0.96663,0.02263
rts,420,50,5,0.3,3.0,0.9,0.016013,100,0.65783,0.9132,0.02343
rts,420,50,5,0.3,5.0,1.5,0.086632,100,0.49721,0.7716,0.02055
rts,420,50,5,0.3,8.0,2.4,0.712387,100,0.11723,0.62228,0.00774
rts,420,50,10,0.008,0.5,0.004,0.026833,100,0.6918,1.09054,0.01316
rts,420,50,10,0.008,1.0,0.008,0.020919,56,0.7292,1.05869,0.01501
rts,420,50,10,0.008,1.5,0.012,0.017083,50,0.74108,1.02733,0.01688
rts,420,50,10,0.008,2.0,0.016,0.014433,51,0.74854,0.98669,0.01932
rts,420,50,10,0.008,3.0,0.024,0.010903,98,0.761,0.9165,0.02099
rts,420,50,10,0.008,5.0,0.04,0.00684,53,0.76096,0.74174,0.02555
rts,420,50,10,0.008,8.0,0.064,0.002253,95,0.75351,0.37152,0.03256
rts,420,50,10,0.01652,0.5,0.00826,0.03038,35,0.68032,1.11001,0.01184
rts,420,50,10,0.01652,1.0,0.01652,0.022117,34,0.71645,1.06878,0.01472
rts,420,50,10,0.01652,1.5,0.02477,0.017512,33,0.74038,1.03013,0.01711
rts,420,50,10,0.01652,2.0,0.03303,0.015094,38,0.74429,0.99071,0.01808
rts,420,50,10,0.01652,3.0,0.04955,0.011073,84,0.75624,0.90271,0.02141
rts,420,50,10,0.01652,5.0,0.08258,0.007533,99,0.76321,0.79315,0.0236
rts,420,50,10,0.01652,8.0,0.13213,0.002873,98,0.75627,0.41825,0.03199
rts,420,50,10,0.0341,0.5,0.01705,0.030866,17,0.67132,1.11887,0.01156
rts,420,50,10,0.0341,1.0,0.0341,0.022035,97,0.71037,1.07218,0.01467
rts,420,50,10,0.0341,1.5,0.05114,0.017845,90,0.73298,1.0294,0.01608
rts,420,50,10,0.0341,2.0,0.06819,0.014886,83,0.74662,0.97904,0.01833
rts,420,50,10,0.0341,3.0,0.10229,0.011919,79,0.7544,0.94101,0.01927
rts,420,50,10,0.0341,5.0,0.17048,0.007319,88,0.76393,0.76662,0.02418
rts,420,50,10,0.0341,8.0,0.27277,0.001762,100,0.75095,0.29692,0.0351
rts,420,50,10,0.07039,0.5,0.03519,0.031056,22,0.67212,1.1195,0.01132
rts,420,50,10,0.07039,1.0,0.07039,0.022092,100,0.71732,1.07709,0.01404
rts,420,50,10,0.07039,1.5,0.10558,0.018328,87,0.73565,1.03549,0.01606
rts,420,50,10,0.07039,2.0,0.14078,0.015197,100,0.74038,1.01358,0.01638
rts,420,50,10,0.07039,3.0,0.21117,0.011214,100,0.7568,0.91786,0.02086
rts,420,50,10,0.07039,5.0,0.35195,0.007084,100,0.7573,0.74358,0.02481
rts,420,50,10,0.07039,8.0,0.56312,0.002185,100,0.75126,0.33858,0.03383
rts,420,50,10,0.14532,0.5,0.07266,0.031273,97,0.66186,1.11141,0.01172
rts,420,50,10,0.14532,1.0,0.14532,0.022252,90,0.71496,1.08383,0.01344
rts,420,50,10,0.14532,1.5,0.21797,0.018573,100,0.72476,1.02629,0.01668
rts,420,50,10,0.14532,2.0,0.29063,0.015373,100,0.74394,0.99436,0.01686
rts,420,50,10,0.14532,3.0,0.43595,0.011481,99,0.75231,0.9182,0.0194
rts,420,50,10,0.14532,5.0,0.72658,0.006827,100,0.74966,0.6891,0.02685
rts,420,50,10,0.14532,8.0,1.16253,0.002346,100,0.75166,0.35037,0.03392
rts,420,50,10,0.3,0.5,0.15,0.032323,100,0.64949,1.12565,0.01042
rts,420,50,10,0.3,1.0,0.3,0.023181,99,0.69551,1.08141,0.01318
rts,420,50,10,0.3,1.5,0.45,0.018858,100,0.7213,1.05267,0.01462
rts,420,50,10,0.3,2.0,0.6,0.015733,98,0.7316,1.00352,0.01692
rts,420,50,10,0.3,3.0,0.9,0.012605,99,0.74057,0.89871,0.01995
rts,420,50,10,0.3,5.0,1.5,0.471854,100,0.33043,0.70492,0.00982
rts,420,50,10,0.3,8.0,2.4,0.863414,65,0.08493,0.61808,0.00403
rts,420,50,20,0.008,0.5,0.004,0.026025,93,0.69502,1.28221,0.00783
rts,420,50,20,0.008,1.0,0.008,0.018962,59,0.72105,1.21715,0.00968
rts,420,50,20,0.008,1.5,0.012,0.015743,56,0.7333,1.1675,0.01028
rts,420,50,20,0.008,2.0,0.016,0.012373,59,0.74983,1.07371,0.01273
rts,420,50,20,0.008,3.0,0.024,0.008537,100,0.75082,0.92088,0.01479
rts,420,50,20,0.008,5.0,0.04,0.002561,100,0.74162,0.40685,0.02078
rts,420,50,20,0.008,8.0,0.064,0.000116,55,0.72897,0.02436,0.02296
rts,420,50,20,0.01652,0.5,0.00826,0.029123,35,0.67895,1.27049,0.00797
rts,420,50,20,0.01652,1.0,0.01652,0.021025,29,0.71981,1.22823,0.00919
rts,420,50,20,0.01652,1.5,0.02477,0.016499,38,0.73376,1.16455,0.01066
rts,420,50,20,0.01652,2.0,0.03303,0.013597,42,0.74243,1.12568,0.01168
rts,420,50,20,0.01652,3.0,0.04955,0.009224,91,0.7482,0.96586,0.014
rts,420,50,20,0.01652,5.0,0.08258,0.003715,100,0.74799,0.52857,0.0192
rts,420,50,20,0.01652,8.0,0.13213,0.00012,95,0.72904,0.02727,0.02327
rts,420,50,20,0.0341,0.5,0.01705,0.029797,88,0.66407,1.27553,0.00764
rts,420,50,20,0.0341,1.0,0.0341,0.020751,98,0.71661,1.20311,0.01011
rts,420,50,20,0.0341,1.5,0.05114,0.017019,100,0.73671,1.17057,0.01083
rts,420,50,20,0.0341,2.0,0.06819,0.013547,99,0.74272,1.10053,0.01169
rts,420,50,20,0.0341,3.0,0.10229,0.00986,92,0.74862,0.96075,0.0142
rts,420,50,20,0.0341,5.0,0.17048,0.003462,100,0.74461,0.50906,0.01943
rts,420,50,20,0.0341,8.0,0.27277,0.000152,100,0.7331,0.05905,0.0229
rts,420,50,20,0.07039,0.5,0.03519,0.030912,99,0.66268,1.29028,0.00708
rts,420,50,20,0.07039,1.0,0.07039,0.021264,97,0.71983,1.23695,0.00919
rts,420,50,20,0.07039,1.5,0.10558,0.016716,94,0.73523,1.16278,0.01066
rts,420,50,20,0.07039,2.0,0.14078,0.013896,96,0.74117,1.09543,0.01196
rts,420,50,20,0.07039,3.0,0.21117,0.009707,90,0.74975,0.97396,0.01377
rts,420,50,20,0.07039,5.0,0.35195,0.003969,100,0.74557,0.5589,0.0187
rts,420,50,20,0.07039,8.0,0.56312,0.000211,100,0.73167,0.07375,0.02291
rts,420,50,20,0.14532,0.5,0.07266,0.030198,97,0.66152,1.28046,0.00757
rts,420,50,20,0.14532,1.0,0.14532,0.021545,100,0.71041,1.23511,0.0091
rts,420,50,20,0.14532,1.5,0.21797,0.016629,100,0.7301,1.16855,0.01071
rts,420,50,20,0.14532,2.0,0.29063,0.014317,100,0.74026,1.13381,0.01119
rts,420,50,20,0.14532,3.0,0.43595,0.009402,100,0.74637,0.93086,0.01441
rts,420,50,20,0.14532,5.0,0.72658,0.003652,100,0.73851,0.52491,0.01889
rts,420,50,20,0.14532,8.0,1.16253,0.000437,100,0.73411,0.11915,0.022
rts,420,50,20,0.3,0.5,0.15,0.03126,99,0.66304,1.2866,0.00739
rts,420,50,20,0.3,1.0,0.3,0.021754,100,0.70577,1.24149,0.00884
rts,420,50,20,0.3,1.5,0.45,0.018572,100,0.72065,1.19344,0.00961
rts,420,50,20,0.3,2.0,0.6,0.015232,100,0.72794,1.10384,0.01144
rts,420,50,20,0.3,3.0,0.9,0.010578,99,0.7386,0.9753,0.01349
rts,420,50,20,0.3,5.0,1.5,0.004229,100,0.71735,0.54886,0.01814
rts,420,50,20,0.3,8.0,2.4,0.544594,100,0.31454,0.2656,0.00819
rts,1680,5,5,0.008,0.5,0.004,0.332492,25,0.67214,1.9685,0.00654
rts,1680,5,5,0.008,1.0,0.008,0.264339,22,0.72435,1.95466,0.00852
rts,1680,5,5,0.008,1.5,0.012,0.226548,20,0.74793,1.94956,0.00972
rts,1680,5,5,0.008,2.0,0.016,0.200128,21,0.75839,1.93371,0.01021
rts,1680,5,5,0.008,3.0,0.024,0.163816,46,0.77419,1.88878,0.01418
rts,1680,5,5,0.008,5.0,0.04,0.125153,76,0.78567,1.81375,0.01803
rts,1680,5,5,0.008,8.0,0.064,0.087648,99,0.79018,1.61676,0.02705
rts,1680,5,5,0.01652,0.5,0.00826,0.328828,11,0.67457,1.96631,0.00697
rts,1680,5,5,0.01652,1.0,0.01652,0.260344,10,0.72563,1.95583,0.00864
rts,1680,5,5,0.01652,1.5,0.02477,0.22974,77,0.74729,1.94448,0.00932
rts,1680,5,5,0.01652,2.0,0.03303,0.197878,79,0.75973,1.92161,0.01152
rts,1680,5,5,0.01652,3.0,0.04955,0.165036,100,0.77298,1.88401,0.01446
rts,1680,5,5,0.01652,5.0,0.08258,0.127581,100,0.78498,1.8116,0.01845
rts,1680,5,5,0.01652,8.0,0.13213,0.088487,95,0.78797,1.61432,0.02764
rts,1680,5,5,0.0341,0.5,0.01705,0.330476,7,0.66844,1.96768,0.00664
rts,1680,5,5,0.0341,1.0,0.0341,0.264693,74,0.72181,1.96096,0.00793
rts,1680,5,5,0.0341,1.5,0.05114,0.22678,43,0.74291,1.94435,0.00984
rts,1680,5,5,0.0341,2.0,0.06819,0.207044,91,0.75598,1.93231,0.01029
rts,1680,5,5,0.0341,3.0,0.10229,0.170029,100,0.77128,1.88238,0.01443
rts,1680,5,5,0.0341,5.0,0.17048,0.134027,99,0.78324,1.8301,0.01706
rts,1680,5,5,0.0341,8.0,0.27277,0.099843,100,0.7864,1.66819,0.0246
rts,1680,5,5,0.07039,0.5,0.03519,0.335061,99,0.65849,1.97097,0.00616
rts,1680,5,5,0.07039,1.0,0.07039,0.271385,99,0.71537,1.96124,0.00812
rts,1680,5,5,0.07039,1.5,0.10558,0.233876,93,0.73778,1.94741,0.00934
rts,1680,5,5,0.07039,2.0,0.14078,0.213902,95,0.74878,1.93735,0.01001
rts,1680,5,5,0.07039,3.0,0.21117,0.180388,100,0.76631,1.90006,0.01288
rts,1680,5,5,0.07039,5.0,0.35195,0.141456,99,0.7762,1.82543,0.01734
rts,1680,5,5,0.07039,8.0,0.56312,0.11055,99,0.77997,1.71083,0.02196
rts,1680,5,5,0.14532,0.5,0.07266,0.350121,98,0.60492,1.97283,0.00535
rts,1680,5,5,0.14532,1.0,0.14532,0.284639,95,0.70721,1.96148,0.00827
rts,1680,5,5,0.14532,1.5,0.21797,0.250944,100,0.7238,1.95837,0.00827
rts,1680,5,5,0.14532,2.0,0.29063,0.247182,97,0.649,1.94145,0.00762
rts,1680,5,5,0.14532,3.0,0.43595,0.2269,100,0.65695,1.91577,0.00886
rts,1680,5,5,0.14532,5.0,0.72658,0.804206,100,0.26798,1.86663,0.00366
rts,1680,5,5,0.14532,8.0,1.16253,1.0,31,0.02512,1.46356,0.00164
rts,1680,5,5,0.3,0.5,0.15,1.0,27,0.02485,1.48587,0.00158
rts,1680,5,5,0.3,1.0,0.3,1.0,16,0.02166,1.40007,0.00163
rts,1680,5,5,0.3,1.5,0.45,1.0,6,0.02172,1.39978,0.00163
rts,1680,5,5,0.3,2.0,0.6,1.0,6,0.02158,1.40918,0.00169
rts,1680,5,5,0.3,3.0,0.9,1.0,4,0.02146,1.4099,0.00171
rts,1680,5,5,0.3,5.0,1.5,1.0,6,0.02142,1.41648,0.00171
rts,1680,5,5,0.3,8.0,2.4,1.0,3,0.02165,1.40235,0.00167
rts,1680,5,10,0.008,0.5,0.004,0.328107,27,0.67165,2.94755,0.00393
rts,1680,5,10,0.008,1.0,0.008,0.259566,25,0.72357,2.90992,0.00553
rts,1680,5,10,0.008,1.5,0.012,0.222015,26,0.74488,2.88499,0.00665
rts,1680,5,10,0.008,2.0,0.016,0.195809,42,0.75558,2.84843,0.00776
rts,1680,5,10,0.008,3.0,0.024,0.160505,28,0.76962,2.77041,0.00963
rts,1680,5,10,0.008,5.0,0.04,0.113447,94,0.78209,2.55425,0.01449
rts,1680,5,10,0.008,8.0,0.064,0.054072,100,0.77896,1.79257,0.02478
rts,1680,5,10,0.01652,0.5,0.00826,0.328403,14,0.67271,2.94718,0.00422
rts,1680,5,10,0.01652,1.0,0.01652,0.26206,13,0.72155,2.91341,0.00548
rts,1680,5,10,0.01652,1.5,0.02477,0.219591,80,0.7476,2.88151,0.00673
rts,1680,5,10,0.01652,2.0,0.03303,0.197454,95,0.75677,2.85171,0.00753
rts,1680,5,10,0.01652,3.0,0.04955,0.161626,73,0.77008,2.78728,0.00925
rts,1680,5,10,0.01652,5.0,0.08258,0.114999,98,0.78086,2.5539,0.01413
rts,1680,5,10,0.01652,8.0,0.13213,0.061194,96,0.77828,1.93448,0.0226
rts,1680,5,10,0.0341,0.5,0.01705,0.328915,7,0.67006,2.94701,0.0041
rts,1680,5,10,0.0341,1.0,0.0341,0.263601,100,0.71886,2.92532,0.00553
rts,1680,5,10,0.0341,1.5,0.05114,0.226635,7,0.74108,2.89239,0.00631
rts,1680,5,10,0.0341,2.0,0.06819,0.199406,86,0.75626,2.85526,0.00755
rts,1680,5,10,0.0341,3.0,0.10229,0.164783,89,0.77013,2.78959,0.00937
rts,1680,5,10,0.0341,5.0,0.17048,0.115667,99,0.78111,2.53639,0.01479
rts,1680,5,10,0.0341,8.0,0.27277,0.058856,100,0.77736,1.84516,0.02432
rts,1680,5,10,0.07039,0.5,0.03519,0.330708,97,0.66775,2.951,0.00404
rts,1680,5,10,0.07039,1.0,0.07039,0.26746,92,0.71461,2.92081,0.00525
rts,1680,5,10,0.07039,1.5,0.10558,0.231693,93,0.73584,2.88403,0.00663
rts,1680,5,10,0.07039,2.0,0.14078,0.208806,98,0.75133,2.87567,0.00701
rts,1680,5,10,0.07039,3.0,0.21117,0.168434,98,0.7658,2.79907,0.00895
rts,1680,5,10,0.07039,5.0,0.35195,0.127419,99,0.77521,2.61834,0.01281
rts,1680,5,10,0.07039,8.0,0.56312,0.073873,100,0.77579,2.08921,0.02137
rts,1680,5,10,0.14532,0.5,0.07266,0.342225,90,0.65167,2.9596,0.00365
rts,1680,5,10,0.14532,1.0,0.14532,0.281127,100,0.70477,2.92737,0.00486
rts,1680,5,10,0.14532,1.5,0.21797,0.247976,96,0.68654,2.91004,0.00528
rts,1680,5,10,0.14532,2.0,0.29063,0.249075,100,0.64625,2.87872,0.00518
rts,1680,5,10,0.14532,3.0,0.43595,0.264571,99,0.55387,2.81209,0.00499
rts,1680,5,10,0.14532,5.0,0.72658,0.51522,99,0.40257,2.64526,0.00459
rts,1680,5,10,0.14532,8.0,1.16253,1.0,23,0.021,2.046,0.00087
rts,1680,5,10,0.3,0.5,0.15,1.0,41,0.06664,2.70196,0.00096
rts,1680,5,10,0.3,1.0,0.3,1.0,4,0.02097,2.06054,0.001
rts,1680,5,10,0.3,1.5,0.45,1.0,13,0.02101,2.05148,0.00095
rts,1680,5,10,0.3,2.0,0.6,1.0,4,0.02097,2.0547,0.00096
rts,1680,5,10,0.3,3.0,0.9,1.0,5,0.02086,2.06576,0.00098
rts,1680,5,10,0.3,5.0,1.5,1.0,5,0.02077,2.06813,0.00096
rts,1680,5,10,0.3,8.0,2.4,1.0,7,0.02087,2.0581,0.00096
rts,1680,5,20,0.008,0.5,0.004,0.328254,28,0.67119,4.89978,0.00258
rts,1680,5,20,0.008,1.0,0.008,0.25957,27,0.72173,4.8236,0.00361
rts,1680,5,20,0.008,1.5,0.012,0.216547,27,0.74608,4.75867,0.00449
rts,1680,5,20,0.008,2.0,0.016,0.1874,32,0.75874,4.63886,0.00583
rts,1680,5,20,0.008,3.0,0.024,0.143332,96,0.7697,4.36684,0.00801
rts,1680,5,20,0.008,5.0,0.04,0.072434,100,0.77302,3.32201,0.01368
rts,1680,5,20,0.008,8.0,0.064,0.000109,4,0.73899,0.00903,0.0233
rts,1680,5,20,0.01652,0.5,0.00826,0.3311,17,0.66849,4.90019,0.00259
rts,1680,5,20,0.01652,1.0,0.01652,0.258471,15,0.72082,4.81464,0.00376
rts,1680,5,20,0.01652,1.5,0.02477,0.219118,15,0.74216,4.76071,0.00448
rts,1680,5,20,0.01652,2.0,0.03303,0.187361,39,0.75504,4.64315,0.00591
rts,1680,5,20,0.01652,3.0,0.04955,0.149965,98,0.7701,4.44766,0.00746
rts,1680,5,20,0.01652,5.0,0.08258,0.081705,97,0.77233,3.51194,0.01296
rts,1680,5,20,0.01652,8.0,0.13213,0.000118,53,0.73986,0.00916,0.0233
rts,1680,5,20,0.0341,0.5,0.01705,0.330598,34,0.66643,4.89181,0.0026
rts,1680,5,20,0.0341,1.0,0.0341,0.261163,59,0.72014,4.82987,0.00369
rts,1680,5,20,0.0341,1.5,0.05114,0.221671,100,0.74163,4.75922,0.00439
rts,1680,5,20,0.0341,2.0,0.06819,0.192445,71,0.75622,4.65495,0.00552
rts,1680,5,20,0.0341,3.0,0.10229,0.148086,98,0.76779,4.46849,0.0073
rts,1680,5,20,0.0341,5.0,0.17048,0.081646,100,0.77221,3.43123,0.01357
rts,1680,5,20,0.0341,8.0,0.27277,0.00015,99,0.73991,0.01239,0.02303
rts,1680,5,20,0.07039,0.5,0.03519,0.335268,80,0.65851,4.90249,0.00259
rts,1680,5,20,0.07039,1.0,0.07039,0.266876,96,0.7117,4.85033,0.00342
rts,1680,5,20,0.07039,1.5,0.10558,0.228847,97,0.73637,4.73803,0.00465
rts,1680,5,20,0.07039,2.0,0.14078,0.197769,98,0.75257,4.68304,0.00523
rts,1680,5,20,0.07039,3.0,0.21117,0.154792,100,0.76643,4.48316,0.00689
rts,1680,5,20,0.07039,5.0,0.35195,0.100793,100,0.77176,3.78529,0.01149
rts,1680,5,20,0.07039,8.0,0.56312,0.000218,100,0.7424,0.09769,0.02335
rts,1680,5,20,0.14532,0.5,0.07266,0.338052,97,0.65549,4.89679,0.00252
rts,1680,5,20,0.14532,1.0,0.14532,0.273246,100,0.70654,4.8568,0.00336
rts,1680,5,20,0.14532,1.5,0.21797,0.237884,100,0.72945,4.77584,0.00435
rts,1680,5,20,0.14532,2.0,0.29063,0.215388,99,0.7392,4.71961,0.00483
rts,1680,5,20,0.14532,3.0,0.43595,0.211423,100,0.63793,4.55751,0.0045
rts,1680,5,20,0.14532,5.0,0.72658,0.553418,100,0.40367,4.13698,0.00336
rts,1680,5,20,0.14532,8.0,1.16253,0.275166,100,0.49441,0.7741,0.01247
rts,1680,5,20,0.3,0.5,0.15,1.0,30,0.02088,3.25814,0.00055
rts,1680,5,20,0.3,1.0,0.3,1.0,15,0.02097,3.22526,0.00055
rts,1680,5,20,0.3,1.5,0.45,1.0,11,0.0205,3.31869,0.00059
rts,1680,5,20,0.3,2.0,0.6,1.0,7,0.02055,3.3028,0.0006
rts,1680,5,20,0.3,3.0,0.9,1.0,5,0.02072,3.26557,0.00058
rts,1680,5,20,0.3,5.0,1.5,1.0,7,0.02081,3.2697,0.00056
rts,1680,5,20,0.3,8.0,2.4,1.0,11,0.02092,3.24523,0.00056
rts,1680,20,5,0.008,0.5,0.004,0.076375,19,0.69027,1.23014,0.00686
rts,1680,20,5,0.008,1.0,0.008,0.057961,17,0.73348,1.21356,0.00943
rts,1680,20,5,0.008,1.5,0.012,0.048335,16,0.75395,1.19165,0.01205
rts,1680,20,5,0.008,2.0,0.016,0.042237,16,0.76481,1.18247,0.01263
rts,1680,20,5,0.008,3.0,0.024,0.033546,82,0.7758,1.13185,0.01805
rts,1680,20,5,0.008,5.0,0.04,0.023745,28,0.78492,1.02783,0.02548
rts,1680,20,5,0.008,8.0,0.064,0.016064,99,0.78465,0.86898,0.03399
rts,1680,20,5,0.01652,0.5,0.00826,0.075903,10,0.6949,1.22439,0.00781
rts,1680,20,5,0.01652,1.0,0.01652,0.05771,14,0.73405,1.21464,0.00935
rts,1680,20,5,0.01652,1.5,0.02477,0.048599,9,0.75363,1.19823,0.01132
rts,1680,20,5,0.01652,2.0,0.03303,0.041682,68,0.76779,1.17166,0.01459
rts,1680,20,5,0.01652,3.0,0.04955,0.033945,95,0.77537,1.1329,0.01728
rts,1680,20,5,0.01652,5.0,0.08258,0.024539,99,0.78428,1.04368,0.02441
rts,1680,20,5,0.01652,8.0,0.13213,0.015935,100,0.7837,0.86947,0.03395
rts,1680,20,5,0.0341,0.5,0.01705,0.076498,39,0.69502,1.22959,0.00679
rts,1680,20,5,0.0341,1.0,0.0341,0.0581,21,0.73235,1.20486,0.01034
rts,1680,20,5,0.0341,1.5,0.05114,0.048378,81,0.7525,1.19797,0.01114
rts,1680,20,5,0.0341,2.0,0.06819,0.042023,96,0.76481,1.17394,0.01398
rts,1680,20,5,0.0341,3.0,0.10229,0.034248,97,0.77508,1.13451,0.0176
rts,1680,20,5,0.0341,5.0,0.17048,0.024868,100,0.78081,1.02356,0.02588
rts,1680,20,5,0.0341,8.0,0.27277,0.016038,96,0.78204,0.84947,0.03524
rts,1680,20,5,0.07039,0.5,0.03519,0.076908,93,0.69117,1.22594,0.00712
rts,1680,20,5,0.07039,1.0,0.07039,0.058049,80,0.73365,1.20663,0.0099
rts,1680,20,5,0.07039,1.5,0.10558,0.049653,93,0.75101,1.19229,0.0122
rts,1680,20,5,0.07039,2.0,0.14078,0.043158,98,0.76124,1.17746,0.01374
rts,1680,20,5,0.07039,3.0,0.21117,0.03479,96,0.77331,1.13083,0.01833
rts,1680,20,5,0.07039,5.0,0.35195,0.025537,98,0.78093,1.05527,0.02254
rts,1680,20,5,0.07039,8.0,0.56312,0.017145,100,0.78178,0.86643,0.03346
rts,1680,20,5,0.14532,0.5,0.07266,0.078788,93,0.68317,1.22859,0.0072
rts,1680,20,5,0.14532,1.0,0.14532,0.061786,97,0.72644,1.2106,0.00921
rts,1680,20,5,0.14532,1.5,0.21797,0.052627,100,0.74602,1.20324,0.01026
rts,1680,20,5,0.14532,2.0,0.29063,0.044546,96,0.75654,1.18322,0.01226
rts,1680,20,5,0.14532,3.0,0.43595,0.038302,97,0.76752,1.1383,0.01691
rts,1680,20,5,0.14532,5.0,0.72658,0.026742,100,0.77421,1.01031,0.02618
rts,1680,20,5,0.14532,8.0,1.16253,0.018769,100,0.77306,0.82149,0.03687
rts,1680,20,5,0.3,0.5,0.15,0.082093,100,0.67336,1.2319,0.00626
rts,1680,20,5,0.3,1.0,0.3,0.065551,100,0.66736,1.22047,0.00666
rts,1680,20,5,0.3,1.5,0.45,0.055017,99,0.73406,1.2063,0.0097
rts,1680,20,5,0.3,2.0,0.6,0.052545,100,0.6693,1.18376,0.00972
rts,1680,20,5,0.3,3.0,0.9,0.326954,100,0.42685,1.13022,0.00722
rts,1680,20,5,0.3,5.0,1.5,0.980002,25,0.01287,0.57789,0.00142
rts,1680,20,5,0.3,8.0,2.4,0.960004,23,0.01289,0.54837,0.00147
rts,1680,20,10,0.008,0.5,0.004,0.076257,24,0.69396,1.46717,0.00473
rts,1680,20,10,0.008,1.0,0.008,0.056842,20,0.73547,1.43607,0.00679
rts,1680,20,10,0.008,1.5,0.012,0.047621,19,0.75276,1.41028,0.00827
rts,1680,20,10,0.008,2.0,0.016,0.040502,18,0.76281,1.36527,0.01056
rts,1680,20,10,0.008,3.0,0.024,0.031358,21,0.77371,1.27756,0.01394
rts,1680,20,10,0.008,5.0,0.04,0.020228,45,0.77871,1.11706,0.01925
rts,1680,20,10,0.008,8.0,0.064,0.007933,96,0.7711,0.62991,0.03004
rts,1680,20,10,0.01652,0.5,0.00826,0.076371,13,0.69303,1.46319,0.00469
rts,1680,20,10,0.01652,1.0,0.01652,0.056859,11,0.73453,1.43333,0.00721
rts,1680,20,10,0.01652,1.5,0.02477,0.047188,89,0.75233,1.40281,0.00865
rts,1680,20,10,0.01652,2.0,0.03303,0.040704,76,0.76175,1.37718,0.00989
rts,1680,20,10,0.01652,3.0,0.04955,0.031996,97,0.77474,1.31033,0.01263
rts,1680,20,10,0.01652,5.0,0.08258,0.019909,100,0.77733,1.0894,0.01998
rts,1680,20,10,0.01652,8.0,0.13213,0.007927,95,0.76897,0.62608,0.02989
rts,1680,20,10,0.0341,0.5,0.01705,0.07656,93,0.6854,1.4602,0.00505
rts,1680,20,10,0.0341,1.0,0.0341,0.056693,91,0.73536,1.4306,0.00717
rts,1680,20,10,0.0341,1.5,0.05114,0.047711,99,0.752,1.40972,0.00829
rts,1680,20,10,0.0341,2.0,0.06819,0.041514,97,0.76396,1.38698,0.009
rts,1680,20,10,0.0341,3.0,0.10229,0.031807,98,0.77325,1.27569,0.0142
rts,1680,20,10,0.0341,5.0,0.17048,0.020461,100,0.77834,1.11138,0.01896
rts,1680,20,10,0.0341,8.0,0.27277,0.008722,100,0.773,0.66066,0.02932
rts,1680,20,10,0.07039,0.5,0.03519,0.077652,96,0.68502,1.46738,0.00455
rts,1680,20,10,0.07039,1.0,0.07039,0.057609,100,0.73646,1.42995,0.00719
rts,1680,20,10,0.07039,1.5,0.10558,0.047764,95,0.74886,1.41466,0.00803
rts,1680,20,10,0.07039,2.0,0.14078,0.042135,100,0.76068,1.37403,0.01004
rts,1680,20,10,0.07039,3.0,0.21117,0.032848,100,0.7688,1.30324,0.01263
rts,1680,20,10,0.07039,5.0,0.35195,0.020363,100,0.77505,1.06382,0.02074
rts,1680,20,10,0.07039,8.0,0.56312,0.008562,100,0.76891,0.61832,0.03002
rts,1680,20,10,0.14532,0.5,0.07266,0.07757,97,0.68056,1.46443,0.00469
rts,1680,20,10,0.14532,1.0,0.14532,0.059491,93,0.72936,1.44654,0.00604
rts,1680,20,10,0.14532,1.5,0.21797,0.051209,99,0.7465,1.40886,0.00809
rts,1680,20,10,0.14532,2.0,0.29063,0.043548,98,0.75408,1.36949,0.01005
rts,1680,20,10,0.14532,3.0,0.43595,0.034411,100,0.76562,1.29282,0.01314
rts,1680,20,10,0.14532,5.0,0.72658,0.022999,100,0.77033,1.08775,0.01938
rts,1680,20,10,0.14532,8.0,1.16253,0.007048,100,0.76173,0.56122,0.03131
rts,1680,20,10,0.3,0.5,0.15,0.08248,100,0.67031,1.46729,0.00434
rts,1680,20,10,0.3,1.0,0.3,0.068845,100,0.64096,1.43713,0.00536
rts,1680,20,10,0.3,1.5,0.45,0.053633,99,0.73505,1.4186,0.0076
rts,1680,20,10,0.3,2.0,0.6,0.05696,100,0.57796,1.38608,0.00566
rts,1680,20,10,0.3,3.0,0.9,0.823848,100,0.24695,1.29,0.00289
rts,1680,20,10,0.3,5.0,1.5,0.987001,17,0.01283,0.70719,0.00082
rts,1680,20,10,0.3,8.0,2.4,1.0,7,0.01284,0.6821,0.0008
rts,1680,20,20,0.008,0.5,0.004,0.075854,25,0.68616,1.9474,0.00311
rts,1680,20,20,0.008,1.0,0.008,0.056185,29,0.73644,1.89706,0.00451
rts,1680,20,20,0.008,1.5,0.012,0.04546,25,0.7527,1.81944,0.00639
rts,1680,20,20,0.008,2.0,0.016,0.038569,30,0.76263,1.75493,0.0075
rts,1680,20,20,0.008,3.0,0.024,0.027867,86,0.77096,1.58267,0.01047
rts,1680,20,20,0.008,5.0,0.04,0.012459,92,0.76567,1.03715,0.01646
rts,1680,20,20,0.008,8.0,0.064,0.000107,42,0.74118,0.0149,0.02393
rts,1680,20,20,0.01652,0.5,0.00826,0.075858,13,0.68978,1.94323,0.00314
rts,1680,20,20,0.01652,1.0,0.01652,0.05659,15,0.73606,1.88796,0.00474
rts,1680,20,20,0.01652,1.5,0.02477,0.045616,37,0.75234,1.81598,0.0063
rts,1680,20,20,0.01652,2.0,0.03303,0.037797,86,0.76231,1.74418,0.00792
rts,1680,20,20,0.01652,3.0,0.04955,0.027858,99,0.7704,1.587,0.01038
rts,1680,20,20,0.01652,5.0,0.08258,0.011598,100,0.76287,0.98689,0.01709
rts,1680,20,20,0.01652,8.0,0.13213,0.000119,99,0.74249,0.01401,0.0234
rts,1680,20,20,0.0341,0.5,0.01705,0.076361,89,0.69024,1.94383,0.00315
rts,1680,20,20,0.0341,1.0,0.0341,0.056623,78,0.73502,1.89723,0.0046
rts,1680,20,20,0.0341,1.5,0.05114,0.045458,99,0.75365,1.83089,0.00608
rts,1680,20,20,0.0341,2.0,0.06819,0.038545,95,0.76166,1.76483,0.00731
rts,1680,20,20,0.0341,3.0,0.10229,0.028467,98,0.76947,1.60428,0.01004
rts,1680,20,20,0.0341,5.0,0.17048,0.012519,100,0.76521,1.05462,0.01636
rts,1680,20,20,0.0341,8.0,0.27277,0.000148,100,0.74006,0.02637,0.02302
rts,1680,20,20,0.07039,0.5,0.03519,0.077301,92,0.68722,1.94748,0.00301
rts,1680,20,20,0.07039,1.0,0.07039,0.057217,92,0.73111,1.89607,0.00443
rts,1680,20,20,0.07039,1.5,0.10558,0.047826,100,0.75025,1.83325,0.00595
rts,1680,20,20,0.07039,2.0,0.14078,0.038713,97,0.76081,1.73629,0.00805
rts,1680,20,20,0.07039,3.0,0.21117,0.029013,100,0.76823,1.5732,0.01061
rts,1680,20,20,0.07039,5.0,0.35195,0.013202,100,0.76356,1.07781,0.01584
rts,1680,20,20,0.07039,8.0,0.56312,0.000181,99,0.74072,0.0321,0.02349
rts,1680,20,20,0.14532,0.5,0.07266,0.076988,99,0.68984,1.94218,0.00324
rts,1680,20,20,0.14532,1.0,0.14532,0.059902,95,0.73005,1.90411,0.00432
rts,1680,20,20,0.14532,1.5,0.21797,0.049439,100,0.74663,1.84108,0.00576
rts,1680,20,20,0.14532,2.0,0.29063,0.041287,100,0.75438,1.76596,0.0072
rts,1680,20,20,0.14532,3.0,0.43595,0.030113,98,0.76285,1.60258,0.00966
rts,1680,20,20,0.14532,5.0,0.72658,0.012677,100,0.75943,1.03064,0.01646
rts,1680,20,20,0.14532,8.0,1.16253,0.000397,100,0.74291,0.10335,0.02325
rts,1680,20,20,0.3,0.5,0.15,0.083499,98,0.67228,1.9453,0.00311
rts,1680,20,20,0.3,1.0,0.3,0.06321,100,0.68299,1.90679,0.00366
rts,1680,20,20,0.3,1.5,0.45,0.050875,100,0.73398,1.83563,0.00576
rts,1680,20,20,0.3,2.0,0.6,0.049893,100,0.6392,1.78095,0.00507
rts,1680,20,20,0.3,3.0,0.9,0.745164,100,0.33791,1.57356,0.00303
rts,1680,20,20,0.3,5.0,1.5,1.0,43,0.01276,1.03579,0.00046
rts,1680,20,20,0.3,8.0,2.4,0.957505,30,0.01283,0.97263,0.00047
rts,1680,50,5,0.008,0.5,0.004,0.030104,19,0.69187,1.07813,0.00737
rts,1680,50,5,0.008,1.0,0.008,0.02245,16,0.73701,1.07001,0.00933
rts,1680,50,5,0.008,1.5,0.012,0.01895,18,0.75488,1.04996,0.01161
rts,1680,50,5,0.008,2.0,0.016,0.016376,19,0.76717,1.02712,0.01471
rts,1680,50,5,0.008,3.0,0.024,0.013009,72,0.77569,0.98635,0.01881
rts,1680,50,5,0.008,5.0,0.04,0.008944,93,0.78198,0.89077,0.02681
rts,1680,50,5,0.008,8.0,0.064,0.005661,87,0.78434,0.73062,0.03663
rts,1680,50,5,0.01652,0.5,0.00826,0.030148,9,0.69196,1.075,0.00753
rts,1680,50,5,0.01652,1.0,0.01652,0.022606,18,0.73703,1.05614,0.01126
rts,1680,50,5,0.01652,1.5,0.02477,0.018871,29,0.75532,1.04381,0.01274
rts,1680,50,5,0.01652,2.0,0.03303,0.016017,71,0.76389,1.02125,0.01603
rts,1680,50,5,0.01652,3.0,0.04955,0.01313,69,0.77564,0.98819,0.01878
rts,1680,50,5,0.01652,5.0,0.08258,0.008958,72,0.7829,0.88537,0.0273
rts,1680,50,5,0.01652,8.0,0.13213,0.005488,96,0.78167,0.71149,0.03704
rts,1680,50,5,0.0341,0.5,0.01705,0.03014,5,0.69202,1.07845,0.00711
rts,1680,50,5,0.0341,1.0,0.0341,0.022788,99,0.73476,1.05676,0.01079
rts,1680,50,5,0.0341,1.5,0.05114,0.01849,81,0.75589,1.04336,0.01302
rts,1680,50,5,0.0341,2.0,0.06819,0.016592,81,0.76547,1.03399,0.01304
rts,1680,50,5,0.0341,3.0,0.10229,0.013031,99,0.77578,0.98424,0.018
rts,1680,50,5,0.0341,5.0,0.17048,0.009068,98,0.78137,0.87874,0.02784
rts,1680,50,5,0.0341,8.0,0.27277,0.005952,93,0.78043,0.73152,0.03521
rts,1680,50,5,0.07039,0.5,0.03519,0.030424,90,0.69461,1.07932,0.00769
rts,1680,50,5,0.07039,1.0,0.07039,0.023207,93,0.73441,1.06602,0.00967
rts,1680,50,5,0.07039,1.5,0.10558,0.019181,98,0.75519,1.03977,0.01353
rts,1680,50,5,0.07039,2.0,0.14078,0.016481,98,0.76155,1.02863,0.01431
rts,1680,50,5,0.07039,3.0,0.21117,0.01325,97,0.77342,0.97099,0.02074
rts,1680,50,5,0.07039,5.0,0.35195,0.00913,98,0.77985,0.88411,0.02744
rts,1680,50,5,0.07039,8.0,0.56312,0.005602,100,0.77866,0.69847,0.03757
rts,1680,50,5,0.14532,0.5,0.07266,0.03154,100,0.69225,1.08144,0.00697
rts,1680,50,5,0.14532,1.0,0.14532,0.023525,97,0.72932,1.06617,0.00937
rts,1680,50,5,0.14532,1.5,0.21797,0.02035,100,0.74933,1.04962,0.01207
rts,1680,50,5,0.14532,2.0,0.29063,0.016801,100,0.75989,1.02181,0.01528
rts,1680,50,5,0.14532,3.0,0.43595,0.014321,100,0.76856,0.98562,0.01852
rts,1680,50,5,0.14532,5.0,0.72658,0.009939,99,0.77396,0.88591,0.02537
rts,1680,50,5,0.14532,8.0,1.16253,0.005574,100,0.77212,0.66298,0.03897
rts,1680,50,5,0.3,0.5,0.15,0.03231,100,0.68125,1.08408,0.00641
rts,1680,50,5,0.3,1.0,0.3,0.025556,99,0.72376,1.06891,0.00876
rts,1680,50,5,0.3,1.5,0.45,0.020916,100,0.74197,1.05377,0.01115
rts,1680,50,5,0.3,2.0,0.6,0.021303,97,0.6571,1.01255,0.01227
rts,1680,50,5,0.3,3.0,0.9,0.015139,100,0.75951,0.97989,0.01806
rts,1680,50,5,0.3,5.0,1.5,0.966403,24,0.07677,0.86371,0.00236
rts,1680,50,5,0.3,8.0,2.4,0.927207,20,0.01136,0.52248,0.00135
rts,1680,50,10,0.008,0.5,0.004,0.030128,21,0.69418,1.17034,0.0051
rts,1680,50,10,0.008,1.0,0.008,0.022521,21,0.73678,1.14496,0.00696
rts,1680,50,10,0.008,1.5,0.012,0.018258,18,0.75747,1.11888,0.00889
rts,1680,50,10,0.008,2.0,0.016,0.015599,20,0.7645,1.07262,0.01162
rts,1680,50,10,0.008,3.0,0.024,0.011888,96,0.77346,1.0139,0.01433
rts,1680,50,10,0.008,5.0,0.04,0.007625,78,0.77658,0.85696,0.01993
rts,1680,50,10,0.008,8.0,0.064,0.002822,100,0.76863,0.45325,0.03105
rts,1680,50,10,0.01652,0.5,0.00826,0.030161,10,0.69156,1.16439,0.00542
rts,1680,50,10,0.01652,1.0,0.01652,0.022244,10,0.73525,1.14058,0.00725
rts,1680,50,10,0.01652,1.5,0.02477,0.018358,10,0.75486,1.12183,0.00841
rts,1680,50,10,0.01652,2.0,0.03303,0.015614,94,0.76629,1.08152,0.01112
rts,1680,50,10,0.01652,3.0,0.04955,0.012379,97,0.77198,1.03006,0.0132
rts,1680,50,10,0.01652,5.0,0.08258,0.007383,95,0.77706,0.81825,0.02192
rts,1680,50,10,0.01652,8.0,0.13213,0.002614,100,0.76647,0.43603,0.03129
rts,1680,50,10,0.0341,0.5,0.01705,0.030196,55,0.68914,1.1699,0.00495
rts,1680,50,10,0.0341,1.0,0.0341,0.022058,99,0.73674,1.13819,0.00758
rts,1680,50,10,0.0341,1.5,0.05114,0.01829,83,0.7532,1.11254,0.00897
rts,1680,50,10,0.0341,2.0,0.06819,0.016016,98,0.76293,1.08244,0.01099
rts,1680,50,10,0.0341,3.0,0.10229,0.011996,98,0.77148,1.00433,0.01484
rts,1680,50,10,0.0341,5.0,0.17048,0.007698,97,0.77685,0.83316,0.0212
rts,1680,50,10,0.0341,8.0,0.27277,0.002501,99,0.76611,0.4124,0.03204
rts,1680,50,10,0.07039,0.5,0.03519,0.030495,95,0.69153,1.17191,0.00485
rts,1680,50,10,0.07039,1.0,0.07039,0.022667,97,0.73264,1.14677,0.00711
rts,1680,50,10,0.07039,1.5,0.10558,0.018779,99,0.7511,1.11517,0.00891
rts,1680,50,10,0.07039,2.0,0.14078,0.016251,95,0.76058,1.08571,0.01082
rts,1680,50,10,0.07039,3.0,0.21117,0.01257,98,0.76918,1.01813,0.01403
rts,1680,50,10,0.07039,5.0,0.35195,0.007527,99,0.77559,0.83349,0.02086
rts,1680,50,10,0.07039,8.0,0.56312,0.002707,99,0.76556,0.43266,0.03108
rts,1680,50,10,0.14532,0.5,0.07266,0.031088,99,0.68843,1.17245,0.00471
rts,1680,50,10,0.14532,1.0,0.14532,0.023816,96,0.7309,1.15079,0.00639
rts,1680,50,10,0.14532,1.5,0.21797,0.018835,97,0.74859,1.11247,0.00919
rts,1680,50,10,0.14532,2.0,0.29063,0.016503,100,0.75581,1.08281,0.01074
rts,1680,50,10,0.14532,3.0,0.43595,0.012769,100,0.76823,0.99556,0.01517
rts,1680,50,10,0.14532,5.0,0.72658,0.007262,100,0.7693,0.78372,0.02268
rts,1680,50,10,0.14532,8.0,1.16253,0.002384,100,0.76378,0.42542,0.03112
rts,1680,50,10,0.3,0.5,0.15,0.032582,100,0.68046,1.17442,0.00444
rts,1680,50,10,0.3,1.0,0.3,0.025086,99,0.72168,1.14834,0.00632
rts,1680,50,10,0.3,1.5,0.45,0.021334,100,0.74165,1.127,0.00785
rts,1680,50,10,0.3,2.0,0.6,0.01709,98,0.7495,1.09429,0.00949
rts,1680,50,10,0.3,3.0,0.9,0.013361,100,0.75683,0.99593,0.0146
rts,1680,50,10,0.3,5.0,1.5,0.693556,100,0.26626,0.78928,0.00538
rts,1680,50,10,0.3,8.0,2.4,0.825018,42,0.01172,0.65734,0.0007
rts,1680,50,20,0.008,0.5,0.004,0.029541,24,0.69239,1.35564,0.00337
rts,1680,50,20,0.008,1.0,0.008,0.021532,23,0.73636,1.3195,0.00479
rts,1680,50,20,0.008,1.5,0.012,0.017247,22,0.75244,1.25964,0.00685
rts,1680,50,20,0.008,2.0,0.016,0.01428,24,0.76249,1.20585,0.00808
rts,1680,50,20,0.008,3.0,0.024,0.010162,100,0.76719,1.06745,0.01115
rts,1680,50,20,0.008,5.0,0.04,0.004557,82,0.76425,0.67558,0.01721
rts,1680,50,20,0.008,8.0,0.064,0.000109,56,0.74188,0.02527,0.02326
rts,1680,50,20,0.01652,0.5,0.00826,0.029275,11,0.69893,1.35732,0.00341
rts,1680,50,20,0.01652,1.0,0.01652,0.021432,10,0.73452,1.31343,0.00516
rts,1680,50,20,0.01652,1.5,0.02477,0.017199,11,0.75274,1.25898,0.00636
rts,1680,50,20,0.01652,2.0,0.03303,0.014748,93,0.76286,1.22505,0.0076
rts,1680,50,20,0.01652,3.0,0.04955,0.010485,99,0.76867,1.08803,0.01055
rts,1680,50,20,0.01652,5.0,0.08258,0.004622,96,0.76402,0.68069,0.01713
rts,1680,50,20,0.01652,8.0,0.13213,0.000117,62,0.74191,0.02396,0.02341
rts,1680,50,20,0.0341,0.5,0.01705,0.02973,24,0.68968,1.35232,0.00333
rts,1680,50,20,0.0341,1.0,0.0341,0.021391,82,0.73685,1.31243,0.00521
rts,1680,50,20,0.0341,1.5,0.05114,0.0174,86,0.75192,1.26807,0.00641
rts,1680,50,20,0.0341,2.0,0.06819,0.014493,87,0.76184,1.21024,0.00794
rts,1680,50,20,0.0341,3.0,0.10229,0.010538,98,0.76722,1.07937,0.01089
rts,1680,50,20,0.0341,5.0,0.17048,0.00479,97,0.7631,0.70106,0.01666
rts,1680,50,20,0.0341,8.0,0.27277,0.000147,99,0.74177,0.03163,0.02308
rts,1680,50,20,0.07039,0.5,0.03519,0.03013,90,0.68762,1.3582,0.00318
rts,1680,50,20,0.07039,1.0,0.07039,0.021762,92,0.73431,1.3229,0.00457
rts,1680,50,20,0.07039,1.5,0.10558,0.017641,100,0.75117,1.25034,0.00715
rts,1680,50,20,0.07039,2.0,0.14078,0.014916,98,0.75875,1.2144,0.00793
rts,1680,50,20,0.07039,3.0,0.21117,0.010403,98,0.76716,1.06688,0.01131
rts,1680,50,20,0.07039,5.0,0.35195,0.004528,98,0.75986,0.63191,0.01762
rts,1680,50,20,0.07039,8.0,0.56312,0.000212,100,0.74297,0.06397,0.02282
rts,1680,50,20,0.14532,0.5,0.07266,0.030149,100,0.68448,1.35852,0.00333
rts,1680,50,20,0.14532,1.0,0.14532,0.022783,98,0.72741,1.31917,0.00502
rts,1680,50,20,0.14532,1.5,0.21797,0.018265,99,0.74863,1.28352,0.00575
rts,1680,50,20,0.14532,2.0,0.29063,0.015511,98,0.75632,1.21066,0.00777
rts,1680,50,20,0.14532,3.0,0.43595,0.01127,98,0.76224,1.09701,0.0102
rts,1680,50,20,0.14532,5.0,0.72658,0.004307,100,0.75649,0.62876,0.01752
rts,1680,50,20,0.14532,8.0,1.16253,0.000371,100,0.74569,0.127,0.0223
rts,1680,50,20,0.3,0.5,0.15,0.031018,100,0.6795,1.36107,0.00304
rts,1680,50,20,0.3,1.0,0.3,0.023469,98,0.72402,1.334,0.00415
rts,1680,50,20,0.3,1.5,0.45,0.019161,100,0.73952,1.27182,0.00611
rts,1680,50,20,0.3,2.0,0.6,0.016078,100,0.74804,1.21307,0.00746
rts,1680,50,20,0.3,3.0,0.9,0.011348,99,0.75331,1.06039,0.01069
rts,1680,50,20,0.3,5.0,1.5,0.00585,100,0.61107,0.60589,0.01297
rts,1680,50,20,0.3,8.0,2.4,0.766224,100,0.11905,0.29818,0.00263
basic,210,5,5,0.008,0.5,0.004,0.107771,100,0.6715,1.42308,0.0389
basic,210,5,5,0.008,1.0,0.008,0.103668,100,0.69371,1.44711,0.03783
basic,210,5,5,0.008,1.5,0.012,0.096013,100,0.6779,1.39909,0.03766
basic,210,5,5,0.008,2.0,0.016,0.08013,100,0.70744,1.29683,0.04233
basic,210,5,5,0.008,3.0,0.024,0.077181,100,0.69932,1.27522,0.04164
basic,210,5,5,0.008,5.0,0.04,0.059096,100,0.75469,1.14841,0.0433
basic,210,5,5,0.008,8.0,0.064,0.030982,100,0.76415,0.67822,0.05568
basic,210,5,5,0.01652,0.5,0.00826,0.234136,100,0.499,1.59457,0.0345
basic,210,5,5,0.01652,1.0,0.01652,0.208492,100,0.53237,1.64404,0.03308
basic,210,5,5,0.01652,1.5,0.02477,0.178751,100,0.55867,1.54402,0.03479
basic,210,5,5,0.01652,2.0,0.03303,0.168367,95,0.57681,1.58664,0.03389
basic,210,5,5,0.01652,3.0,0.04955,0.135339,100,0.61851,1.52674,0.03637
basic,210,5,5,0.01652,5.0,0.08258,0.094856,100,0.69321,1.41656,0.04006
basic,210,5,5,0.01652,8.0,0.13213,0.061061,99,0.71262,1.19115,0.04303
basic,210,5,5,0.0341,0.5,0.01705,0.31882,100,0.3878,1.63457,0.03201
basic,210,5,5,0.0341,1.0,0.0341,0.263847,55,0.47929,1.63398,0.03329
basic,210,5,5,0.0341,1.5,0.05114,0.226824,77,0.51204,1.60215,0.03267
basic,210,5,5,0.0341,2.0,0.06819,0.2053,100,0.5512,1.64532,0.03302
basic,210,5,5,0.0341,3.0,0.10229,0.167923,99,0.59354,1.56516,0.03488
basic,210,5,5,0.0341,5.0,0.17048,0.117908,97,0.64798,1.43513,0.03859
basic,210,5,5,0.0341,8.0,0.27277,0.077817,95,0.71329,1.26063,0.04299
basic,210,5,5,0.07039,0.5,0.03519,0.386349,92,0.31087,1.55202,0.03347
basic,210,5,5,0.07039,1.0,0.07039,0.273845,87,0.43948,1.62206,0.03403
basic,210,5,5,0.07039,1.5,0.10558,0.236941,79,0.52202,1.6681,0.03149
basic,210,5,5,0.07039,2.0,0.14078,0.196935,98,0.52068,1.61872,0.03358
basic,210,5,5,0.07039,3.0,0.21117,0.167504,100,0.58248,1.58715,0.03377
basic,210,5,5,0.07039,5.0,0.35195,0.131986,100,0.62354,1.45614,0.03899
basic,210,5,5,0.07039,8.0,0.56312,0.085384,100,0.67055,1.27795,0.04131
basic,210,5,5,0.14532,0.5,0.07266,0.401573,99,0.28427,1.53248,0.03366
basic,210,5,5,0.14532,1.0,0.14532,0.294954,100,0.38851,1.60594,0.03432
basic,210,5,5,0.14532,1.5,0.21797,0.226914,100,0.48386,1.6086,0.03424
basic,210,5,5,0.14532,2.0,0.29063,0.262022,98,0.41182,1.61004,0.0305
basic,210,5,5,0.14532,3.0,0.43595,0.200264,99,0.50221,1.58318,0.03321
basic,210,5,5,0.14532,5.0,0.72658,0.264907,100,0.44417,1.53825,0.03449
basic,210,5,5,0.14532,8.0,1.16253,0.569092,100,0.27469,1.23672,0.03645
basic,210,5,5,0.3,0.5,0.15,0.911287,65,0.10557,1.04714,0.03291
basic,210,5,5,0.3,1.0,0.3,0.996002,52,0.12102,1.05922,0.03614
basic,210,5,5,0.3,1.5,0.45,1.0,36,0.11179,1.03429,0.03485
basic,210,5,5,0.3,2.0,0.6,0.992007,54,0.12202,1.03122,0.03529
basic,210,5,5,0.3,3.0,0.9,1.0,30,0.10887,0.97671,0.03427
basic,210,5,5,0.3,5.0,1.5,0.974003,40,0.07498,0.56685,0.03425
basic,210,5,5,0.3,8.0,2.4,1.0,45,0.07142,0.55809,0.03562
basic,210,5,10,0.008,0.5,0.004,0.072576,100,0.68563,1.71854,0.02835
basic,210,5,10,0.008,1.0,0.008,0.06588,100,0.703,1.65861,0.03044
basic,210,5,10,0.008,1.5,0.012,0.061331,100,0.71735,1.59457,0.02924
basic,210,5,10,0.008,2.0,0.016,0.051665,100,0.70275,1.3344,0.03214
basic,210,5,10,0.008,3.0,0.024,0.037181,100,0.71561,1.09303,0.0337
basic,210,5,10,0.008,5.0,0.04,0.022046,100,0.72686,0.78464,0.03347
basic,210,5,10,0.008,8.0,0.064,0.005322,100,0.74182,0.25391,0.03797
basic,210,5,10,0.01652,0.5,0.00826,0.219507,100,0.52477,2.33761,0.02274
basic,210,5,10,0.01652,1.0,0.01652,0.173178,100,0.58199,2.32013,0.0232
basic,210,5,10,0.01652,1.5,0.02477,0.152588,100,0.58296,2.19684,0.02412
basic,210,5,10,0.01652,2.0,0.03303,0.126326,100,0.60806,2.13413,0.02434
basic,210,5,10,0.01652,3.0,0.04955,0.099546,100,0.66552,1.96156,0.027
basic,210,5,10,0.01652,5.0,0.08258,0.057126,100,0.71401,1.45596,0.03023
basic,210,5,10,0.01652,8.0,0.13213,0.008314,100,0.74464,0.47007,0.03697
basic,210,5,10,0.0341,0.5,0.01705,0.322767,100,0.36818,2.43108,0.01949
basic,210,5,10,0.0341,1.0,0.0341,0.24563,52,0.47075,2.44033,0.02223
basic,210,5,10,0.0341,1.5,0.05114,0.215478,96,0.50332,2.41113,0.022
basic,210,5,10,0.0341,2.0,0.06819,0.185156,86,0.56956,2.36862,0.02188
basic,210,5,10,0.0341,3.0,0.10229,0.146134,82,0.59823,2.25888,0.02418
basic,210,5,10,0.0341,5.0,0.17048,0.095757,100,0.65998,1.99791,0.02512
basic,210,5,10,0.0341,8.0,0.27277,0.015065,99,0.72521,0.48902,0.03771
basic,210,5,10,0.07039,0.5,0.03519,0.333358,40,0.34785,2.36949,0.02095
basic,210,5,10,0.07039,1.0,0.07039,0.252541,97,0.47627,2.4538,0.02178
basic,210,5,10,0.07039,1.5,0.10558,0.238966,100,0.50744,2.44687,0.02141
basic,210,5,10,0.07039,2.0,0.14078,0.195225,97,0.5354,2.35503,0.0228
basic,210,5,10,0.07039,3.0,0.21117,0.15218,92,0.58046,2.29145,0.02239
basic,210,5,10,0.07039,5.0,0.35195,0.109671,98,0.62951,2.09074,0.02452
basic,210,5,10,0.07039,8.0,0.56312,0.026642,100,0.70232,0.9136,0.03478
basic,210,5,10,0.14532,0.5,0.07266,0.386678,100,0.30296,2.36414,0.0211
basic,210,5,10,0.14532,1.0,0.14532,0.265113,100,0.44183,2.44177,0.02163
basic,210,5,10,0.14532,1.5,0.21797,0.262187,99,0.42551,2.39434,0.02162
basic,210,5,10,0.14532,2.0,0.29063,0.222061,96,0.47919,2.42537,0.02231
basic,210,5,10,0.14532,3.0,0.43595,0.19984,98,0.47751,2.17287,0.02314
basic,210,5,10,0.14532,5.0,0.72658,0.163366,100,0.53202,2.12202,0.02365
basic,210,5,10,0.14532,8.0,1.16253,0.256452,100,0.40923,1.5641,0.02738
basic,210,5,10,0.3,0.5,0.15,0.763437,100,0.17285,2.05861,0.02212
basic,210,5,10,0.3,1.0,0.3,0.606389,100,0.20502,2.12815,0.02146
basic,210,5,10,0.3,1.5,0.45,0.972625,45,0.08295,1.07161,0.02133
basic,210,5,10,0.3,2.0,0.6,0.924831,59,0.09845,1.28779,0.02193
basic,210,5,10,0.3,3.0,0.9,1.0,42,0.08662,1.0613,0.02269
basic,210,5,10,0.3,5.0,1.5,1.0,35,0.07475,0.93024,0.02306
basic,210,5,10,0.3,8.0,2.4,0.964486,59,0.07957,0.95736,0.02152
basic,210,5,20,0.008,0.5,0.004,0.061559,100,0.63442,2.2987,0.01964
basic,210,5,20,0.008,1.0,0.008,0.050282,100,0.64526,1.97557,0.01971
basic,210,5,20,0.008,1.5,0.012,0.036292,100,0.65048,1.6465,0.02122
basic,210,5,20,0.008,2.0,0.016,0.027989,100,0.6706,1.41399,0.02161
basic,210,5,20,0.008,3.0,0.024,0.014319,100,0.66754,0.63524,0.02341
basic,210,5,20,0.008,5.0,0.04,0.003462,100,0.68201,0.18258,0.02468
basic,210,5,20,0.008,8.0,0.064,0.000606,100,0.67944,0.02278,0.02363
basic,210,5,20,0.01652,0.5,0.00826,0.159146,100,0.56102,3.63695,0.01539
basic,210,5,20,0.01652,1.0,0.01652,0.14326,100,0.56427,3.60071,0.01558
basic,210,5,20,0.01652,1.5,0.02477,0.111392,100,0.62208,3.25117,0.01702
basic,210,5,20,0.01652,2.0,0.03303,0.084695,100,0.63445,2.74008,0.01821
basic,210,5,20,0.01652,3.0,0.04955,0.045472,100,0.65995,1.71252,0.02122
basic,210,5,20,0.01652,5.0,0.08258,0.0052,100,0.68883,0.30348,0.02328
basic,210,5,20,0.01652,8.0,0.13213,0.000121,100,0.6845,0.0073,0.02382
basic,210,5,20,0.0341,0.5,0.01705,0.289898,100,0.42168,4.08444,0.01276
basic,210,5,20,0.0341,1.0,0.0341,0.227394,94,0.50279,4.05148,0.0135
basic,210,5,20,0.0341,1.5,0.05114,0.20196,87,0.50724,3.90959,0.01381
basic,210,5,20,0.0341,2.0,0.06819,0.158549,91,0.57867,3.73169,0.01436
basic,210,5,20,0.0341,3.0,0.10229,0.084127,100,0.62187,2.81467,0.01798
basic,210,5,20,0.0341,5.0,0.17048,0.003182,100,0.67101,0.41293,0.02308
basic,210,5,20,0.0341,8.0,0.27277,0.000148,100,0.69826,0.00716,0.02348
basic,210,5,20,0.07039,0.5,0.03519,0.352279,96,0.33426,4.14542,0.01265
basic,210,5,20,0.07039,1.0,0.07039,0.274097,87,0.42811,4.01671,0.01283
basic,210,5,20,0.07039,1.5,0.10558,0.204837,100,0.48486,3.93378,0.01426
basic,210,5,20,0.07039,2.0,0.14078,0.158957,99,0.54208,3.73987,0.01474
basic,210,5,20,0.07039,3.0,0.21117,0.133583,100,0.59621,3.56096,0.01525
basic,210,5,20,0.07039,5.0,0.35195,0.010321,100,0.67489,0.53774,0.02267
basic,210,5,20,0.07039,8.0,0.56312,0.00024,100,0.69942,0.01243,0.02348
basic,210,5,20,0.14532,0.5,0.07266,0.362519,100,0.30723,3.99407,0.01266
basic,210,5,20,0.14532,1.0,0.14532,0.296874,99,0.38237,4.0954,0.0127
basic,210,5,20,0.14532,1.5,0.21797,0.244465,100,0.45781,3.97441,0.01353
basic,210,5,20,0.14532,2.0,0.29063,0.18061,99,0.5053,3.82071,0.01479
basic,210,5,20,0.14532,3.0,0.43595,0.139494,100,0.54014,3.47373,0.01552
basic,210,5,20,0.14532,5.0,0.72658,0.053156,100,0.58348,1.70183,0.01995
basic,210,5,20,0.14532,8.0,1.16253,0.000523,100,0.68824,0.10292,0.02305
basic,210,5,20,0.3,0.5,0.15,0.440979,100,0.23896,3.8776,0.01331
basic,210,5,20,0.3,1.0,0.3,0.652068,100,0.20712,3.66479,0.01331
basic,210,5,20,0.3,1.5,0.45,0.985077,53,0.10845,2.62843,0.01289
basic,210,5,20,0.3,2.0,0.6,1.0,46,0.11949,2.79317,0.013
basic,210,5,20,0.3,3.0,0.9,0.891823,100,0.09095,2.45223,0.01292
basic,210,5,20,0.3,5.0,1.5,0.830259,100,0.11561,2.78808,0.01233
basic,210,5,20,0.3,8.0,2.4,0.514394,100,0.2878,0.98159,0.01797
basic,210,20,5,0.008,0.5,0.004,0.040708,100,0.58631,0.95779,0.03452
basic,210,20,5,0.008,1.0,0.008,0.037878,100,0.60958,0.94041,0.03637
basic,210,20,5,0.008,1.5,0.012,0.031697,100,0.63062,0.88384,0.03952
basic,210,20,5,0.008,2.0,0.016,0.030234,100,0.65333,0.91128,0.0362
basic,210,20,5,0.008,3.0,0.024,0.026439,100,0.67215,0.87866,0.03708
basic,210,20,5,0.008,5.0,0.04,0.018189,100,0.7053,0.74513,0.04258
basic,210,20,5,0.008,8.0,0.064,0.011575,86,0.7272,0.61118,0.04724
basic,210,20,5,0.01652,0.5,0.00826,0.06558,100,0.45145,1.01742,0.03107
basic,210,20,5,0.01652,1.0,0.01652,0.057762,56,0.51932,1.03827,0.03132
basic,210,20,5,0.01652,1.5,0.02477,0.048317,53,0.56163,1.0064,0.03293
basic,210,20,5,0.01652,2.0,0.03303,0.041864,53,0.58195,0.94949,0.03638
basic,210,20,5,0.01652,3.0,0.04955,0.030742,80,0.63332,0.9174,0.03672
basic,210,20,5,0.01652,5.0,0.08258,0.022285,41,0.68781,0.82294,0.04219
basic,210,20,5,0.01652,8.0,0.13213,0.012837,95,0.742,0.62735,0.04748
basic,210,20,5,0.0341,0.5,0.01705,0.081222,45,0.37677,1.04119,0.03082
basic,210,20,5,0.0341,1.0,0.0341,0.059888,53,0.47811,1.03555,0.03146
basic,210,20,5,0.0341,1.5,0.05114,0.049958,39,0.54033,1.0012,0.03459
basic,210,20,5,0.0341,2.0,0.06819,0.043177,96,0.56857,0.99019,0.03293
basic,210,20,5,0.0341,3.0,0.10229,0.032735,100,0.61915,0.93373,0.03585
basic,210,20,5,0.0341,5.0,0.17048,0.023363,96,0.69487,0.7992,0.04425
basic,210,20,5,0.0341,8.0,0.27277,0.014711,100,0.73061,0.6789,0.04432
basic,210,20,5,0.07039,0.5,0.03519,0.081077,95,0.38893,1.03157,0.03136
basic,210,20,5,0.07039,1.0,0.07039,0.062826,91,0.47163,1.05151,0.03212
basic,210,20,5,0.07039,1.5,0.10558,0.051025,96,0.52802,1.00515,0.03299
basic,210,20,5,0.07039,2.0,0.14078,0.043535,97,0.53602,0.95281,0.03639
basic,210,20,5,0.07039,3.0,0.21117,0.03214,99,0.61727,0.91134,0.03701
basic,210,20,5,0.07039,5.0,0.35195,0.025892,96,0.65898,0.83099,0.03952
basic,210,20,5,0.07039,8.0,0.56312,0.015138,98,0.71427,0.63924,0.04639
basic,210,20,5,0.14532,0.5,0.07266,0.087001,88,0.35062,1.02302,0.03152
basic,210,20,5,0.14532,1.0,0.14532,0.062163,97,0.4677,1.04621,0.0304
basic,210,20,5,0.14532,1.5,0.21797,0.049841,100,0.52081,0.98696,0.03517
basic,210,20,5,0.14532,2.0,0.29063,0.043611,100,0.52376,0.97566,0.03443
basic,210,20,5,0.14532,3.0,0.43595,0.034179,100,0.5937,0.9488,0.03486
basic,210,20,5,0.14532,5.0,0.72658,0.023978,99,0.65844,0.84414,0.0368
basic,210,20,5,0.14532,8.0,1.16253,0.015661,98,0.68012,0.65876,0.04696
basic,210,20,5,0.3,0.5,0.15,0.090831,100,0.31324,1.03874,0.0309
basic,210,20,5,0.3,1.0,0.3,0.071698,97,0.38539,1.03659,0.03105
basic,210,20,5,0.3,1.5,0.45,0.06481,100,0.38654,0.9953,0.03442
basic,210,20,5,0.3,2.0,0.6,0.043952,100,0.53135,1.01844,0.03385
basic,210,20,5,0.3,3.0,0.9,0.039397,100,0.51507,0.92058,0.0372
basic,210,20,5,0.3,5.0,1.5,0.524706,100,0.14263,0.59334,0.03841
basic,210,20,5,0.3,8.0,2.4,0.57887,100,0.08856,0.48847,0.03645
basic,210,20,10,0.008,0.5,0.004,0.034651,100,0.61636,1.06015,0.02466
basic,210,20,10,0.008,1.0,0.008,0.029728,100,0.61004,1.02816,0.02519
basic,210,20,10,0.008,1.5,0.012,0.02527,100,0.6287,0.99201,0.02531
basic,210,20,10,0.008,2.0,0.016,0.022176,100,0.65951,0.90993,0.02783
basic,210,20,10,0.008,3.0,0.024,0.017023,100,0.66724,0.79394,0.02918
basic,210,20,10,0.008,5.0,0.04,0.01072,100,0.69848,0.58444,0.03328
basic,210,20,10,0.008,8.0,0.064,0.004254,100,0.72727,0.28954,0.03559
basic,210,20,10,0.01652,0.5,0.00826,0.061315,100,0.45383,1.20576,0.02006
basic,210,20,10,0.01652,1.0,0.01652,0.050112,100,0.51008,1.16994,0.0229
basic,210,20,10,0.01652,1.5,0.02477,0.039654,100,0.57288,1.12608,0.02367
basic,210,20,10,0.01652,2.0,0.03303,0.034659,100,0.61951,1.06832,0.02467
basic,210,20,10,0.01652,3.0,0.04955,0.025194,94,0.62218,0.9992,0.02635
basic,210,20,10,0.01652,5.0,0.08258,0.014046,100,0.6989,0.71012,0.03102
basic,210,20,10,0.01652,8.0,0.13213,0.003638,100,0.7428,0.30894,0.03515
basic,210,20,10,0.0341,0.5,0.01705,0.077719,52,0.39877,1.22653,0.02034
basic,210,20,10,0.0341,1.0,0.0341,0.05739,43,0.4716,1.19825,0.02124
basic,210,20,10,0.0341,1.5,0.05114,0.045678,74,0.57039,1.15669,0.02306
basic,210,20,10,0.0341,2.0,0.06819,0.037698,94,0.54826,1.09554,0.02481
basic,210,20,10,0.0341,3.0,0.10229,0.029396,85,0.61536,1.04156,0.02434
basic,210,20,10,0.0341,5.0,0.17048,0.016646,95,0.66845,0.85841,0.02733
basic,210,20,10,0.0341,8.0,0.27277,0.004032,98,0.73792,0.27965,0.03718
basic,210,20,10,0.07039,0.5,0.03519,0.080698,28,0.38357,1.24558,0.02022
basic,210,20,10,0.07039,1.0,0.07039,0.056011,95,0.4764,1.18679,0.02188
basic,210,20,10,0.07039,1.5,0.10558,0.046157,90,0.52818,1.16641,0.02195
basic,210,20,10,0.07039,2.0,0.14078,0.03839,98,0.55364,1.11673,0.02263
basic,210,20,10,0.07039,3.0,0.21117,0.026437,100,0.60795,0.98507,0.02582
basic,210,20,10,0.07039,5.0,0.35195,0.019195,99,0.67677,0.87331,0.027
basic,210,20,10,0.07039,8.0,0.56312,0.003853,99,0.72668,0.36047,0.0363
basic,210,20,10,0.14532,0.5,0.07266,0.082925,92,0.35235,1.16976,0.02241
basic,210,20,10,0.14532,1.0,0.14532,0.060398,98,0.44552,1.17939,0.02195
basic,210,20,10,0.14532,1.5,0.21797,0.0462,100,0.51808,1.15822,0.02226
basic,210,20,10,0.14532,2.0,0.29063,0.040239,100,0.5325,1.10895,0.02272
basic,210,20,10,0.14532,3.0,0.43595,0.030427,100,0.60502,1.04276,0.02515
basic,210,20,10,0.14532,5.0,0.72658,0.017242,100,0.64088,0.79798,0.02871
basic,210,20,10,0.14532,8.0,1.16253,0.004753,100,0.69774,0.34909,0.03618
basic,210,20,10,0.3,0.5,0.15,0.091659,97,0.32643,1.24672,0.02156
basic,210,20,10,0.3,1.0,0.3,0.062259,100,0.42246,1.20724,0.02108
basic,210,20,10,0.3,1.5,0.45,0.049018,100,0.46515,1.15161,0.02174
basic,210,20,10,0.3,2.0,0.6,0.04979,100,0.42975,1.09698,0.02318
basic,210,20,10,0.3,3.0,0.9,0.031876,100,0.52046,1.02299,0.0235
basic,210,20,10,0.3,5.0,1.5,0.479424,100,0.14127,0.69761,0.02349
basic,210,20,10,0.3,8.0,2.4,0.549232,100,0.11068,0.56986,0.02425
basic,210,20,20,0.008,0.5,0.004,0.029433,100,0.57317,1.27541,0.01636
basic,210,20,20,0.008,1.0,0.008,0.022883,100,0.61779,1.13362,0.01813
basic,210,20,20,0.008,1.5,0.012,0.018775,100,0.63375,1.0262,0.01914
basic,210,20,20,0.008,2.0,0.016,0.015856,100,0.62782,0.96888,0.01869
basic,210,20,20,0.008,3.0,0.024,0.009868,100,0.6503,0.69474,0.02085
basic,210,20,20,0.008,5.0,0.04,0.004206,100,0.67387,0.33675,0.02244
basic,210,20,20,0.008,8.0,0.064,0.000575,100,0.66055,0.0346,0.02502
basic,210,20,20,0.01652,0.5,0.00826,0.052824,100,0.49169,1.53203,0.01429
basic,210,20,20,0.01652,1.0,0.01652,0.042038,100,0.5463,1.46436,0.0151
basic,210,20,20,0.01652,1.5,0.02477,0.031736,100,0.58171,1.37725,0.01561
basic,210,20,20,0.01652,2.0,0.03303,0.025748,100,0.59685,1.22585,0.01709
basic,210,20,20,0.01652,3.0,0.04955,0.015722,100,0.6553,0.9534,0.01933
basic,210,20,20,0.01652,5.0,0.08258,0.003639,100,0.67689,0.28513,0.02396
basic,210,20,20,0.01652,8.0,0.13213,0.000118,99,0.67505,0.00931,0.02454
basic,210,20,20,0.0341,0.5,0.01705,0.071618,96,0.4059,1.58124,0.01329
basic,210,20,20,0.0341,1.0,0.0341,0.052287,100,0.49943,1.55325,0.01386
basic,210,20,20,0.0341,1.5,0.05114,0.044355,88,0.54137,1.51428,0.01489
basic,210,20,20,0.0341,2.0,0.06819,0.031287,99,0.57362,1.31774,0.01627
basic,210,20,20,0.0341,3.0,0.10229,0.023406,97,0.63395,1.22504,0.0164
basic,210,20,20,0.0341,5.0,0.17048,0.002122,100,0.67282,0.27436,0.02323
basic,210,20,20,0.0341,8.0,0.27277,0.000131,99,0.69579,0.02019,0.02354
basic,210,20,20,0.07039,0.5,0.03519,0.08139,94,0.35276,1.63587,0.01273
basic,210,20,20,0.07039,1.0,0.07039,0.055291,100,0.47019,1.61723,0.01397
basic,210,20,20,0.07039,1.5,0.10558,0.040252,100,0.53757,1.4732,0.01513
basic,210,20,20,0.07039,2.0,0.14078,0.034401,100,0.56204,1.43543,0.01529
basic,210,20,20,0.07039,3.0,0.21117,0.022789,100,0.60958,1.17035,0.01773
basic,210,20,20,0.07039,5.0,0.35195,0.004669,100,0.66582,0.35792,0.02262
basic,210,20,20,0.07039,8.0,0.56312,0.000182,100,0.6943,0.025,0.02395
basic,210,20,20,0.14532,0.5,0.07266,0.08067,94,0.3618,1.61015,0.01326
basic,210,20,20,0.14532,1.0,0.14532,0.056042,98,0.46373,1.58031,0.0141
basic,210,20,20,0.14532,1.5,0.21797,0.042446,100,0.52667,1.4821,0.01509
basic,210,20,20,0.14532,2.0,0.29063,0.033151,99,0.53783,1.42091,0.01449
basic,210,20,20,0.14532,3.0,0.43595,0.02203,100,0.57607,1.14987,0.01726
basic,210,20,20,0.14532,5.0,0.72658,0.005753,100,0.66365,0.50883,0.0214
basic,210,20,20,0.14532,8.0,1.16253,0.000325,100,0.69375,0.05824,0.02349
basic,210,20,20,0.3,0.5,0.15,0.084875,100,0.34931,1.64304,0.01289
basic,210,20,20,0.3,1.0,0.3,0.059871,100,0.42175,1.6265,0.01313
basic,210,20,20,0.3,1.5,0.45,0.047264,99,0.46567,1.53538,0.01428
basic,210,20,20,0.3,2.0,0.6,0.038202,100,0.48582,1.38641,0.01523
basic,210,20,20,0.3,3.0,0.9,0.030428,100,0.50236,1.26352,0.01563
basic,210,20,20,0.3,5.0,1.5,0.046928,100,0.45205,0.90593,0.01783
basic,210,20,20,0.3,8.0,2.4,0.003098,100,0.50886,0.28224,0.02162
basic,210,50,5,0.008,0.5,0.004,0.020485,100,0.53786,0.87498,0.0348
basic,210,50,5,0.008,1.0,0.008,0.01759,100,0.56567,0.86269,0.03566
basic,210,50,5,0.008,1.5,0.012,0.01484,100,0.61346,0.83276,0.03499
basic,210,50,5,0.008,2.0,0.016,0.013848,97,0.62096,0.81488,0.03682
basic,210,50,5,0.008,3.0,0.024,0.011535,57,0.64517,0.79879,0.03711
basic,210,50,5,0.008,5.0,0.04,0.008228,50,0.726,0.66733,0.04511
basic,210,50,5,0.008,8.0,0.064,0.005565,47,0.7337,0.59286,0.044
basic,210,50,5,0.01652,0.5,0.00826,0.026892,96,0.45035,0.88415,0.03527
basic,210,50,5,0.01652,1.0,0.01652,0.02192,99,0.50673,0.89587,0.03255
basic,210,50,5,0.01652,1.5,0.02477,0.018632,94,0.56675,0.87174,0.03479
basic,210,50,5,0.01652,2.0,0.03303,0.016531,57,0.58863,0.83533,0.03417
basic,210,50,5,0.01652,3.0,0.04955,0.012584,87,0.63352,0.78684,0.03942
basic,210,50,5,0.01652,5.0,0.08258,0.008323,99,0.69952,0.686,0.04398
basic,210,50,5,0.01652,8.0,0.13213,0.004711,100,0.73031,0.5484,0.04821
basic,210,50,5,0.0341,0.5,0.01705,0.031721,43,0.39696,0.94228,0.02997
basic,210,50,5,0.0341,1.0,0.0341,0.025221,46,0.49988,0.88618,0.03394
basic,210,50,5,0.0341,1.5,0.05114,0.018831,100,0.5396,0.87389,0.03491
basic,210,50,5,0.0341,2.0,0.06819,0.017124,88,0.56918,0.8567,0.03624
basic,210,50,5,0.0341,3.0,0.10229,0.013354,87,0.61983,0.82283,0.03658
basic,210,50,5,0.0341,5.0,0.17048,0.008731,99,0.68262,0.71807,0.04074
basic,210,50,5,0.0341,8.0,0.27277,0.005052,98,0.72662,0.54312,0.04654
basic,210,50,5,0.07039,0.5,0.03519,0.032114,96,0.36706,0.89807,0.03294
basic,210,50,5,0.07039,1.0,0.07039,0.024112,99,0.46423,0.91551,0.0304
basic,210,50,5,0.07039,1.5,0.10558,0.020475,98,0.51464,0.88949,0.03033
basic,210,50,5,0.07039,2.0,0.14078,0.016426,100,0.57952,0.84522,0.03531
basic,210,50,5,0.07039,3.0,0.21117,0.013535,97,0.62581,0.79686,0.03636
basic,210,50,5,0.07039,5.0,0.35195,0.008572,100,0.6817,0.71068,0.03991
basic,210,50,5,0.07039,8.0,0.56312,0.004915,98,0.72479,0.55117,0.04601
basic,210,50,5,0.14532,0.5,0.07266,0.033865,100,0.37373,0.89162,0.0332
basic,210,50,5,0.14532,1.0,0.14532,0.024592,100,0.46399,0.8938,0.03284
basic,210,50,5,0.14532,1.5,0.21797,0.020127,98,0.53486,0.89032,0.03287
basic,210,50,5,0.14532,2.0,0.29063,0.017171,100,0.56599,0.83557,0.03506
basic,210,50,5,0.14532,3.0,0.43595,0.013573,100,0.60742,0.81715,0.03533
basic,210,50,5,0.14532,5.0,0.72658,0.008037,100,0.65813,0.68919,0.0423
basic,210,50,5,0.14532,8.0,1.16253,0.005743,99,0.69586,0.59628,0.04271
basic,210,50,5,0.3,0.5,0.15,0.035724,99,0.34354,0.92126,0.03116
basic,210,50,5,0.3,1.0,0.3,0.024828,99,0.4402,0.9136,0.0317
basic,210,50,5,0.3,1.5,0.45,0.02046,100,0.48785,0.87675,0.03322
basic,210,50,5,0.3,2.0,0.6,0.018053,98,0.53013,0.87383,0.03306
basic,210,50,5,0.3,3.0,0.9,0.014247,100,0.55502,0.84712,0.03187
basic,210,50,5,0.3,5.0,1.5,0.018398,100,0.42293,0.67905,0.03867
basic,210,50,5,0.3,8.0,2.4,0.396702,100,0.08705,0.42258,0.03704
basic,210,50,10,0.008,0.5,0.004,0.017411,100,0.5488,0.92157,0.02248
basic,210,50,10,0.008,1.0,0.008,0.014703,100,0.57138,0.88602,0.02454
basic,210,50,10,0.008,1.5,0.012,0.012712,100,0.61529,0.81969,0.02497
basic,210,50,10,0.008,2.0,0.016,0.011259,100,0.62955,0.80611,0.02504
basic,210,50,10,0.008,3.0,0.024,0.00885,100,0.67824,0.75951,0.02675
basic,210,50,10,0.008,5.0,0.04,0.005303,100,0.69435,0.55966,0.02986
basic,210,50,10,0.008,8.0,0.064,0.002333,55,0.71899,0.32134,0.03436
basic,210,50,10,0.01652,0.5,0.00826,0.025559,100,0.42237,0.95891,0.02067
basic,210,50,10,0.01652,1.0,0.01652,0.020298,100,0.51393,0.92425,0.02201
basic,210,50,10,0.01652,1.5,0.02477,0.015887,100,0.55473,0.90454,0.02261
basic,210,50,10,0.01652,2.0,0.03303,0.0137,53,0.60758,0.87029,0.0249
basic,210,50,10,0.01652,3.0,0.04955,0.010013,100,0.64544,0.80519,0.02529
basic,210,50,10,0.01652,5.0,0.08258,0.006206,100,0.69236,0.60437,0.03021
basic,210,50,10,0.01652,8.0,0.13213,0.0013,100,0.72718,0.19824,0.03666
basic,210,50,10,0.0341,0.5,0.01705,0.030767,61,0.39942,0.9761,0.02039
basic,210,50,10,0.0341,1.0,0.0341,0.02257,39,0.47074,0.96739,0.0213
basic,210,50,10,0.0341,1.5,0.05114,0.017686,61,0.5326,0.91227,0.02193
basic,210,50,10,0.0341,2.0,0.06819,0.014008,81,0.58798,0.86784,0.0251
basic,210,50,10,0.0341,3.0,0.10229,0.010057,100,0.64094,0.78182,0.026
basic,210,50,10,0.0341,5.0,0.17048,0.005712,99,0.67167,0.58003,0.02995
basic,210,50,10,0.0341,8.0,0.27277,0.001209,99,0.71248,0.20119,0.03718
basic,210,50,10,0.07039,0.5,0.03519,0.031772,100,0.39649,0.98699,0.02068
basic,210,50,10,0.07039,1.0,0.07039,0.022181,79,0.4698,0.93946,0.02292
basic,210,50,10,0.07039,1.5,0.10558,0.017078,99,0.54336,0.91116,0.02293
basic,210,50,10,0.07039,2.0,0.14078,0.014551,96,0.57177,0.8764,0.02386
basic,210,50,10,0.07039,3.0,0.21117,0.011125,100,0.6319,0.85103,0.02504
basic,210,50,10,0.07039,5.0,0.35195,0.006047,100,0.66814,0.59788,0.02998
basic,210,50,10,0.07039,8.0,0.56312,0.001964,100,0.69981,0.28183,0.03549
basic,210,50,10,0.14532,0.5,0.07266,0.032696,99,0.35818,0.98738,0.02044
basic,210,50,10,0.14532,1.0,0.14532,0.023087,100,0.45474,0.96753,0.0212
basic,210,50,10,0.14532,1.5,0.21797,0.017524,99,0.5218,0.91105,0.02207
basic,210,50,10,0.14532,2.0,0.29063,0.014922,99,0.57606,0.90784,0.02297
basic,210,50,10,0.14532,3.0,0.43595,0.009941,100,0.61015,0.7787,0.02736
basic,210,50,10,0.14532,5.0,0.72658,0.006588,100,0.65896,0.64456,0.02825
basic,210,50,10,0.14532,8.0,1.16253,0.001443,100,0.6252,0.23023,0.03643
basic,210,50,10,0.3,0.5,0.15,0.035899,100,0.32433,1.00175,0.0201
basic,210,50,10,0.3,1.0,0.3,0.022507,97,0.4351,0.96166,0.02132
basic,210,50,10,0.3,1.5,0.45,0.017708,100,0.49035,0.92186,0.02256
basic,210,50,10,0.3,2.0,0.6,0.01423,99,0.52817,0.87816,0.02404
basic,210,50,10,0.3,3.0,0.9,0.010554,100,0.57394,0.79421,0.025
basic,210,50,10,0.3,5.0,1.5,0.042645,100,0.4142,0.62502,0.02643
basic,210,50,10,0.3,8.0,2.4,0.216427,100,0.16635,0.45388,0.02472
basic,210,50,20,0.008,0.5,0.004,0.015921,100,0.53079,1.06349,0.01478
basic,210,50,20,0.008,1.0,0.008,0.013274,100,0.57906,0.93787,0.01658
basic,210,50,20,0.008,1.5,0.012,0.011126,100,0.59389,0.85419,0.01664
basic,210,50,20,0.008,2.0,0.016,0.009354,100,0.5947,0.85651,0.01671
basic,210,50,20,0.008,3.0,0.024,0.006281,100,0.62686,0.62922,0.01925
basic,210,50,20,0.008,5.0,0.04,0.002509,29,0.65125,0.37218,0.02091
basic,210,50,20,0.008,8.0,0.064,0.000646,100,0.68832,0.13545,0.02293
basic,210,50,20,0.01652,0.5,0.00826,0.023471,100,0.44067,1.0767,0.01416
basic,210,50,20,0.01652,1.0,0.01652,0.017886,100,0.50181,1.04296,0.01475
basic,210,50,20,0.01652,1.5,0.02477,0.014283,100,0.57352,0.97447,0.01578
basic,210,50,20,0.01652,2.0,0.03303,0.011623,100,0.5998,0.89388,0.01635
basic,210,50,20,0.01652,3.0,0.04955,0.00716,100,0.61813,0.74448,0.01808
basic,210,50,20,0.01652,5.0,0.08258,0.002079,88,0.66104,0.33001,0.02214
basic,210,50,20,0.01652,8.0,0.13213,0.000119,71,0.67937,0.01828,0.02366
basic,210,50,20,0.0341,0.5,0.01705,0.029957,52,0.37708,1.11425,0.01335
basic,210,50,20,0.0341,1.0,0.0341,0.020882,74,0.49493,1.10646,0.01377
basic,210,50,20,0.0341,1.5,0.05114,0.016658,100,0.5202,1.04741,0.0145
basic,210,50,20,0.0341,2.0,0.06819,0.012664,84,0.56262,0.96285,0.01568
basic,210,50,20,0.0341,3.0,0.10229,0.007857,100,0.62531,0.78892,0.01762
basic,210,50,20,0.0341,5.0,0.17048,0.001172,99,0.66964,0.21375,0.02308
basic,210,50,20,0.0341,8.0,0.27277,0.000127,100,0.6883,0.03046,0.02363
basic,210,50,20,0.07039,0.5,0.03519,0.030567,100,0.39527,1.13331,0.01242
basic,210,50,20,0.07039,1.0,0.07039,0.021229,95,0.47112,1.08692,0.01442
basic,210,50,20,0.07039,1.5,0.10558,0.016639,93,0.52023,1.02487,0.01494
basic,210,50,20,0.07039,2.0,0.14078,0.013363,100,0.53311,0.96941,0.0154
basic,210,50,20,0.07039,3.0,0.21117,0.008033,97,0.61077,0.76417,0.01788
basic,210,50,20,0.07039,5.0,0.35195,0.00116,100,0.65929,0.23862,0.02231
basic,210,50,20,0.07039,8.0,0.56312,0.000173,100,0.68463,0.04131,0.02324
basic,210,50,20,0.14532,0.5,0.07266,0.031908,100,0.37568,1.13359,0.01323
basic,210,50,20,0.14532,1.0,0.14532,0.022,98,0.45305,1.11144,0.0135
basic,210,50,20,0.14532,1.5,0.21797,0.01704,100,0.53311,1.03985,0.01479
basic,210,50,20,0.14532,2.0,0.29063,0.012766,100,0.55298,0.94395,0.0161
basic,210,50,20,0.14532,3.0,0.43595,0.008585,99,0.57351,0.77522,0.01776
basic,210,50,20,0.14532,5.0,0.72658,0.001955,100,0.64449,0.33657,0.02146
basic,210,50,20,0.14532,8.0,1.16253,0.000225,100,0.6766,0.0722,0.02411
basic,210,50,20,0.3,0.5,0.15,0.032574,99,0.35871,1.16132,0.01281
basic,210,50,20,0.3,1.0,0.3,0.021889,100,0.45287,1.13841,0.01349
basic,210,50,20,0.3,1.5,0.45,0.015636,99,0.50348,1.05228,0.01497
basic,210,50,20,0.3,2.0,0.6,0.01145,99,0.54849,0.93946,0.01586
basic,210,50,20,0.3,3.0,0.9,0.009695,100,0.55623,0.85918,0.01641
basic,210,50,20,0.3,5.0,1.5,0.006174,100,0.47845,0.44769,0.01965
basic,210,50,20,0.3,8.0,2.4,0.001861,100,0.54525,0.21192,0.02186
basic,420,5,5,0.008,0.5,0.004,0.23983,100,0.48254,1.79605,0.02357
basic,420,5,5,0.008,1.0,0.008,0.208633,100,0.52248,1.7749,0.02364
basic,420,5,5,0.008,1.5,0.012,0.179427,100,0.56595,1.73245,0.0273
basic,420,5,5,0.008,2.0,0.016,0.164457,82,0.58954,1.7245,0.02917
basic,420,5,5,0.008,3.0,0.024,0.144557,94,0.6171,1.71807,0.02642
basic,420,5,5,0.008,5.0,0.04,0.107763,100,0.68099,1.57137,0.03104
basic,420,5,5,0.008,8.0,0.064,0.067381,100,0.74475,1.30002,0.04041
basic,420,5,5,0.01652,0.5,0.00826,0.319306,51,0.37607,1.78658,0.02327
basic,420,5,5,0.01652,1.0,0.01652,0.264821,52,0.45655,1.7952,0.02234
basic,420,5,5,0.01652,1.5,0.02477,0.222512,49,0.5098,1.77844,0.02375
basic,420,5,5,0.01652,2.0,0.03303,0.196988,42,0.54632,1.76893,0.02434
basic,420,5,5,0.01652,3.0,0.04955,0.166343,54,0.60156,1.75744,0.02569
basic,420,5,5,0.01652,5.0,0.08258,0.121816,80,0.64994,1.63423,0.02991
basic,420,5,5,0.01652,8.0,0.13213,0.079916,98,0.7063,1.44206,0.03478
basic,420,5,5,0.0341,0.5,0.01705,0.345075,32,0.34354,1.78869,0.02453
basic,420,5,5,0.0341,1.0,0.0341,0.267453,43,0.43871,1.81198,0.02326
basic,420,5,5,0.0341,1.5,0.05114,0.234466,93,0.4874,1.79574,0.02264
basic,420,5,5,0.0341,2.0,0.06819,0.202091,91,0.52998,1.76897,0.02714
basic,420,5,5,0.0341,3.0,0.10229,0.172858,100,0.57756,1.72693,0.02698
basic,420,5,5,0.0341,5.0,0.17048,0.120428,97,0.63747,1.58816,0.03106
basic,420,5,5,0.0341,8.0,0.27277,0.082272,100,0.69668,1.44394,0.03543
basic,420,5,5,0.07039,0.5,0.03519,0.348135,76,0.32866,1.80277,0.02362
basic,420,5,5,0.07039,1.0,0.07039,0.277104,95,0.43411,1.78448,0.02399
basic,420,5,5,0.07039,1.5,0.10558,0.235611,96,0.47805,1.77475,0.02454
basic,420,5,5,0.07039,2.0,0.14078,0.21241,96,0.50287,1.75192,0.02537
basic,420,5,5,0.07039,3.0,0.21117,0.164383,100,0.55493,1.70155,0.02659
basic,420,5,5,0.07039,5.0,0.35195,0.132283,98,0.62067,1.64566,0.0283
basic,420,5,5,0.07039,8.0,0.56312,0.10386,100,0.66402,1.52254,0.03353
basic,420,5,5,0.14532,0.5,0.07266,0.374421,97,0.29593,1.75412,0.02476
basic,420,5,5,0.14532,1.0,0.14532,0.298222,100,0.38158,1.78997,0.02343
basic,420,5,5,0.14532,1.5,0.21797,0.260044,99,0.43044,1.79376,0.02315
basic,420,5,5,0.14532,2.0,0.29063,0.260896,98,0.41821,1.75104,0.02474
basic,420,5,5,0.14532,3.0,0.43595,0.202556,98,0.51814,1.72119,0.02746
basic,420,5,5,0.14532,5.0,0.72658,0.259778,99,0.39522,1.6777,0.02554
basic,420,5,5,0.14532,8.0,1.16253,0.953902,54,0.06777,1.1082,0.02467
basic,420,5,5,0.3,0.5,0.15,0.91212,66,0.0766,1.21828,0.02528
basic,420,5,5,0.3,1.0,0.3,0.722739,94,0.13137,1.51808,0.02379
basic,420,5,5,0.3,1.5,0.45,1.0,47,0.0801,1.25303,0.0233
basic,420,5,5,0.3,2.0,0.6,0.875993,99,0.10265,1.42642,0.02381
basic,420,5,5,0.3,3.0,0.9,0.992001,54,0.0491,0.78288,0.02504
basic,420,5,5,0.3,5.0,1.5,0.826128,100,0.06425,1.02761,0.02408
basic,420,5,5,0.3,8.0,2.4,0.794956,100,0.05993,0.93137,0.02335
basic,420,5,10,0.008,0.5,0.004,0.203526,100,0.54182,2.59261,0.01665
basic,420,5,10,0.008,1.0,0.008,0.175111,100,0.57149,2.52855,0.018
basic,420,5,10,0.008,1.5,0.012,0.158274,100,0.58327,2.45985,0.0184
basic,420,5,10,0.008,2.0,0.016,0.139754,100,0.61118,2.44031,0.01891
basic,420,5,10,0.008,3.0,0.024,0.109363,100,0.64351,2.18366,0.02222
basic,420,5,10,0.008,5.0,0.04,0.05338,100,0.69887,1.54413,0.02972
basic,420,5,10,0.008,8.0,0.064,0.008595,100,0.73929,0.38662,0.03618
basic,420,5,10,0.01652,0.5,0.00826,0.311203,57,0.38511,2.70045,0.01468
basic,420,5,10,0.01652,1.0,0.01652,0.252268,51,0.45509,2.6421,0.0149
basic,420,5,10,0.01652,1.5,0.02477,0.218411,52,0.50653,2.63787,0.01561
basic,420,5,10,0.01652,2.0,0.03303,0.194544,61,0.55346,2.60815,0.01608
basic,420,5,10,0.01652,3.0,0.04955,0.148728,52,0.60127,2.46598,0.01851
basic,420,5,10,0.01652,5.0,0.08258,0.093012,100,0.6791,2.15461,0.02211
basic,420,5,10,0.01652,8.0,0.13213,0.027519,100,0.7285,1.00934,0.03327
basic,420,5,10,0.0341,0.5,0.01705,0.346891,57,0.32588,2.68459,0.01405
basic,420,5,10,0.0341,1.0,0.0341,0.263311,31,0.42902,2.66123,0.01547
basic,420,5,10,0.0341,1.5,0.05114,0.226827,42,0.49849,2.64503,0.01507
basic,420,5,10,0.0341,2.0,0.06819,0.198517,88,0.54854,2.61117,0.01586
basic,420,5,10,0.0341,3.0,0.10229,0.152479,99,0.58323,2.49468,0.01717
basic,420,5,10,0.0341,5.0,0.17048,0.098789,95,0.66577,2.16678,0.02267
basic,420,5,10,0.0341,8.0,0.27277,0.047904,96,0.7151,1.45399,0.02866
basic,420,5,10,0.07039,0.5,0.03519,0.350554,76,0.32735,2.67232,0.01388
basic,420,5,10,0.07039,1.0,0.07039,0.277619,99,0.42504,2.71023,0.01473
basic,420,5,10,0.07039,1.5,0.10558,0.229168,100,0.46477,2.62727,0.0158
basic,420,5,10,0.07039,2.0,0.14078,0.199382,100,0.54191,2.62599,0.01598
basic,420,5,10,0.07039,3.0,0.21117,0.16796,100,0.56183,2.51714,0.0176
basic,420,5,10,0.07039,5.0,0.35195,0.118579,100,0.62889,2.26838,0.02167
basic,420,5,10,0.07039,8.0,0.56312,0.060188,99,0.70099,1.60918,0.02844
basic,420,5,10,0.14532,0.5,0.07266,0.361428,82,0.29641,2.66745,0.01425
basic,420,5,10,0.14532,1.0,0.14532,0.293746,100,0.36493,2.65072,0.01513
basic,420,5,10,0.14532,1.5,0.21797,0.245031,98,0.45001,2.65933,0.01512
basic,420,5,10,0.14532,2.0,0.29063,0.219603,100,0.48543,2.6076,0.01701
basic,420,5,10,0.14532,3.0,0.43595,0.188827,100,0.52087,2.48298,0.01815
basic,420,5,10,0.14532,5.0,0.72658,0.144887,100,0.51055,2.21583,0.02088
basic,420,5,10,0.14532,8.0,1.16253,0.612095,100,0.22724,1.78793,0.01918
basic,420,5,10,0.3,0.5,0.15,0.82347,99,0.10269,2.28269,0.01382
basic,420,5,10,0.3,1.0,0.3,0.725268,100,0.11294,2.25514,0.01448
basic,420,5,10,0.3,1.5,0.45,0.832757,100,0.09982,2.09422,0.01453
basic,420,5,10,0.3,2.0,0.6,0.833792,97,0.07892,1.93083,0.01398
basic,420,5,10,0.3,3.0,0.9,0.880343,100,0.04692,1.62197,0.01353
basic,420,5,10,0.3,5.0,1.5,0.998,51,0.04283,1.26671,0.01424
basic,420,5,10,0.3,8.0,2.4,1.0,38,0.0377,1.0401,0.0141
basic,420,5,20,0.008,0.5,0.004,0.169176,100,0.55366,4.13815,0.01123
basic,420,5,20,0.008,1.0,0.008,0.141074,100,0.59558,3.82793,0.01286
basic,420,5,20,0.008,1.5,0.012,0.113569,100,0.62498,3.65758,0.01336
basic,420,5,20,0.008,2.0,0.016,0.087516,100,0.64573,3.26097,0.01555
basic,420,5,20,0.008,3.0,0.024,0.052124,100,0.66129,2.36951,0.01769
basic,420,5,20,0.008,5.0,0.04,0.006069,100,0.70236,0.44976,0.02277
basic,420,5,20,0.008,8.0,0.064,0.000134,100,0.69676,0.01175,0.02338
basic,420,5,20,0.01652,0.5,0.00826,0.285427,96,0.40198,4.45256,0.00917
basic,420,5,20,0.01652,1.0,0.01652,0.238016,100,0.474,4.37864,0.00939
basic,420,5,20,0.01652,1.5,0.02477,0.190174,94,0.52057,4.22377,0.01078
basic,420,5,20,0.01652,2.0,0.03303,0.156733,97,0.57477,4.14044,0.01176
basic,420,5,20,0.01652,3.0,0.04955,0.114791,99,0.60236,3.72358,0.01315
basic,420,5,20,0.01652,5.0,0.08258,0.019075,100,0.69286,1.18973,0.02093
basic,420,5,20,0.01652,8.0,0.13213,0.000113,85,0.69503,0.00257,0.02346
basic,420,5,20,0.0341,0.5,0.01705,0.324348,34,0.35913,4.45859,0.00898
basic,420,5,20,0.0341,1.0,0.0341,0.243945,96,0.45494,4.35758,0.0098
basic,420,5,20,0.0341,1.5,0.05114,0.213642,52,0.5287,4.39288,0.01021
basic,420,5,20,0.0341,2.0,0.06819,0.178017,80,0.52552,4.26609,0.01062
basic,420,5,20,0.0341,3.0,0.10229,0.138234,67,0.59899,4.00556,0.01193
basic,420,5,20,0.0341,5.0,0.17048,0.036884,100,0.67579,1.80548,0.02
basic,420,5,20,0.0341,8.0,0.27277,0.000128,91,0.69063,0.00138,0.02365
basic,420,5,20,0.07039,0.5,0.03519,0.340905,98,0.33721,4.53231,0.00884
basic,420,5,20,0.07039,1.0,0.07039,0.257504,79,0.43164,4.47121,0.00926
basic,420,5,20,0.07039,1.5,0.10558,0.212244,100,0.49482,4.37904,0.00981
basic,420,5,20,0.07039,2.0,0.14078,0.189792,100,0.52539,4.32097,0.01057
basic,420,5,20,0.07039,3.0,0.21117,0.142987,100,0.58629,4.12377,0.0106
basic,420,5,20,0.07039,5.0,0.35195,0.059173,100,0.65449,2.69513,0.01739
basic,420,5,20,0.07039,8.0,0.56312,0.000158,99,0.68201,0.01187,0.02375
basic,420,5,20,0.14532,0.5,0.07266,0.343416,100,0.31479,4.41968,0.00934
basic,420,5,20,0.14532,1.0,0.14532,0.272984,92,0.4151,4.40884,0.00959
basic,420,5,20,0.14532,1.5,0.21797,0.215925,95,0.46886,4.33692,0.0101
basic,420,5,20,0.14532,2.0,0.29063,0.212571,97,0.47743,4.35606,0.01007
basic,420,5,20,0.14532,3.0,0.43595,0.16296,100,0.51501,3.89645,0.01203
basic,420,5,20,0.14532,5.0,0.72658,0.149791,100,0.48135,3.38832,0.01363
basic,420,5,20,0.14532,8.0,1.16253,0.000411,100,0.69884,0.03863,0.02372
basic,420,5,20,0.3,0.5,0.15,0.582725,100,0.15546,4.11322,0.00905
basic,420,5,20,0.3,1.0,0.3,0.637421,99,0.17041,4.14702,0.00893
basic,420,5,20,0.3,1.5,0.45,0.924612,92,0.10406,3.56395,0.00874
basic,420,5,20,0.3,2.0,0.6,0.751043,92,0.07101,2.94677,0.00872
basic,420,5,20,0.3,3.0,0.9,1.0,49,0.04636,2.0461,0.0085
basic,420,5,20,0.3,5.0,1.5,0.994001,53,0.04302,2.27549,0.00822
basic,420,5,20,0.3,8.0,2.4,0.922248,63,0.05701,2.54725,0.00807
basic,420,20,5,0.008,0.5,0.004,0.061726,100,0.46505,1.11653,0.02381
basic,420,20,5,0.008,1.0,0.008,0.051753,100,0.51877,1.10283,0.02332
basic,420,20,5,0.008,1.5,0.012,0.045201,54,0.54287,1.09744,0.0243
basic,420,20,5,0.008,2.0,0.016,0.040859,52,0.58973,1.07141,0.02576
basic,420,20,5,0.008,3.0,0.024,0.030952,54,0.63532,1.00202,0.03127
basic,420,20,5,0.008,5.0,0.04,0.02166,54,0.69935,0.90897,0.03607
basic,420,20,5,0.008,8.0,0.064,0.014685,85,0.73145,0.77431,0.04004
basic,420,20,5,0.01652,0.5,0.00826,0.074987,44,0.37982,1.11436,0.02355
basic,420,20,5,0.01652,1.0,0.01652,0.058409,46,0.45765,1.11699,0.02432
basic,420,20,5,0.01652,1.5,0.02477,0.046295,40,0.54001,1.08587,0.02642
basic,420,20,5,0.01652,2.0,0.03303,0.040932,32,0.56486,1.08051,0.02528
basic,420,20,5,0.01652,3.0,0.04955,0.032926,34,0.63523,1.04591,0.02805
basic,420,20,5,0.01652,5.0,0.08258,0.022505,71,0.6879,0.93065,0.03357
basic,420,20,5,0.01652,8.0,0.13213,0.013177,99,0.73389,0.74205,0.04125
basic,420,20,5,0.0341,0.5,0.01705,0.076683,59,0.35985,1.12714,0.02309
basic,420,20,5,0.0341,1.0,0.0341,0.059229,88,0.46497,1.11477,0.02321
basic,420,20,5,0.0341,1.5,0.05114,0.047651,99,0.5343,1.09232,0.02636
basic,420,20,5,0.0341,2.0,0.06819,0.0413,97,0.56424,1.07602,0.02751
basic,420,20,5,0.0341,3.0,0.10229,0.033687,92,0.62155,1.0452,0.02688
basic,420,20,5,0.0341,5.0,0.17048,0.022603,100,0.67327,0.91157,0.03401
basic,420,20,5,0.0341,8.0,0.27277,0.013849,94,0.73184,0.72763,0.04402
basic,420,20,5,0.07039,0.5,0.03519,0.08085,82,0.36763,1.1351,0.02226
basic,420,20,5,0.07039,1.0,0.07039,0.058308,84,0.46444,1.11319,0.02368
basic,420,20,5,0.07039,1.5,0.10558,0.047459,100,0.52599,1.09095,0.02583
basic,420,20,5,0.07039,2.0,0.14078,0.040269,99,0.55233,1.06785,0.02701
basic,420,20,5,0.07039,3.0,0.21117,0.033469,98,0.60136,1.02113,0.03015
basic,420,20,5,0.07039,5.0,0.35195,0.023704,99,0.6676,0.93655,0.0323
basic,420,20,5,0.07039,8.0,0.56312,0.015245,100,0.72389,0.78871,0.03862
basic,420,20,5,0.14532,0.5,0.07266,0.080546,98,0.36086,1.12666,0.02299
basic,420,20,5,0.14532,1.0,0.14532,0.060657,100,0.46336,1.1107,0.02433
basic,420,20,5,0.14532,1.5,0.21797,0.047215,99,0.50427,1.09281,0.02616
basic,420,20,5,0.14532,2.0,0.29063,0.042303,100,0.54065,1.07478,0.02608
basic,420,20,5,0.14532,3.0,0.43595,0.030687,100,0.59196,0.9804,0.03336
basic,420,20,5,0.14532,5.0,0.72658,0.021509,100,0.64971,0.90585,0.03575
basic,420,20,5,0.14532,8.0,1.16253,0.016282,100,0.67904,0.7745,0.04068
basic,420,20,5,0.3,0.5,0.15,0.087567,99,0.31521,1.12889,0.0227
basic,420,20,5,0.3,1.0,0.3,0.05935,100,0.43326,1.11485,0.02429
basic,420,20,5,0.3,1.5,0.45,0.05193,100,0.4614,1.10588,0.0246
basic,420,20,5,0.3,2.0,0.6,0.042703,100,0.50667,1.09372,0.02404
basic,420,20,5,0.3,3.0,0.9,0.052963,100,0.39961,1.02986,0.02489
basic,420,20,5,0.3,5.0,1.5,0.368864,99,0.06917,0.70267,0.02325
basic,420,20,5,0.3,8.0,2.4,0.666429,100,0.03733,0.43766,0.02394
basic,420,20,10,0.008,0.5,0.004,0.057427,100,0.46477,1.33026,0.01551
basic,420,20,10,0.008,1.0,0.008,0.046907,100,0.51842,1.26782,0.01782
basic,420,20,10,0.008,1.5,0.012,0.0406,100,0.55823,1.25979,0.01723
basic,420,20,10,0.008,2.0,0.016,0.034453,58,0.58393,1.20497,0.0184
basic,420,20,10,0.008,3.0,0.024,0.026766,98,0.64379,1.08705,0.02251
basic,420,20,10,0.008,5.0,0.04,0.014221,98,0.69958,0.80051,0.02905
basic,420,20,10,0.008,8.0,0.064,0.004006,100,0.73861,0.32161,0.03421
basic,420,20,10,0.01652,0.5,0.00826,0.075886,52,0.3891,1.34222,0.01504
basic,420,20,10,0.01652,1.0,0.01652,0.056869,80,0.47987,1.32428,0.01472
basic,420,20,10,0.01652,1.5,0.02477,0.04403,40,0.53305,1.28208,0.01667
basic,420,20,10,0.01652,2.0,0.03303,0.038239,70,0.58292,1.24372,0.01747
basic,420,20,10,0.01652,3.0,0.04955,0.031346,69,0.61676,1.19997,0.019
basic,420,20,10,0.01652,5.0,0.08258,0.020038,89,0.69352,1.00258,0.02333
basic,420,20,10,0.01652,8.0,0.13213,0.006878,100,0.72218,0.50712,0.03193
basic,420,20,10,0.0341,0.5,0.01705,0.077831,40,0.37688,1.30988,0.01489
basic,420,20,10,0.0341,1.0,0.0341,0.057339,43,0.46233,1.30435,0.01626
basic,420,20,10,0.0341,1.5,0.05114,0.046718,82,0.51884,1.28293,0.01587
basic,420,20,10,0.0341,2.0,0.06819,0.038193,87,0.57304,1.23412,0.01839
basic,420,20,10,0.0341,3.0,0.10229,0.030709,95,0.61653,1.17605,0.01936
basic,420,20,10,0.0341,5.0,0.17048,0.019679,97,0.69093,0.98805,0.0241
basic,420,20,10,0.0341,8.0,0.27277,0.005,99,0.72688,0.42465,0.03393
basic,420,20,10,0.07039,0.5,0.03519,0.08045,74,0.35643,1.3381,0.01534
basic,420,20,10,0.07039,1.0,0.07039,0.056725,87,0.45789,1.31768,0.01572
basic,420,20,10,0.07039,1.5,0.10558,0.045639,94,0.52363,1.28919,0.01658
basic,420,20,10,0.07039,2.0,0.14078,0.039475,93,0.57086,1.21994,0.0187
basic,420,20,10,0.07039,3.0,0.21117,0.029892,96,0.61479,1.1241,0.02133
basic,420,20,10,0.07039,5.0,0.35195,0.018971,100,0.66605,0.97261,0.02403
basic,420,20,10,0.07039,8.0,0.56312,0.00599,100,0.71959,0.47711,0.03341
basic,420,20,10,0.14532,0.5,0.07266,0.07978,97,0.36386,1.35034,0.0146
basic,420,20,10,0.14532,1.0,0.14532,0.058143,99,0.47442,1.3274,0.01559
basic,420,20,10,0.14532,1.5,0.21797,0.046427,98,0.50637,1.29255,0.01679
basic,420,20,10,0.14532,2.0,0.29063,0.03821,99,0.55789,1.24046,0.01812
basic,420,20,10,0.14532,3.0,0.43595,0.030129,99,0.58748,1.16763,0.01923
basic,420,20,10,0.14532,5.0,0.72658,0.018108,99,0.65338,0.95635,0.02425
basic,420,20,10,0.14532,8.0,1.16253,0.007055,100,0.68267,0.51784,0.03221
basic,420,20,10,0.3,0.5,0.15,0.080668,100,0.33687,1.33766,0.01459
basic,420,20,10,0.3,1.0,0.3,0.062684,100,0.42848,1.35976,0.01423
basic,420,20,10,0.3,1.5,0.45,0.048039,100,0.48385,1.28989,0.01662
basic,420,20,10,0.3,2.0,0.6,0.042581,100,0.50891,1.23643,0.01779
basic,420,20,10,0.3,3.0,0.9,0.050836,100,0.37477,1.16954,0.01753
basic,420,20,10,0.3,5.0,1.5,0.402952,100,0.10361,0.98949,0.01548
basic,420,20,10,0.3,8.0,2.4,0.789359,52,0.04758,0.64136,0.01406
basic,420,20,20,0.008,0.5,0.004,0.051462,100,0.496,1.69955,0.01042
basic,420,20,20,0.008,1.0,0.008,0.041472,100,0.53978,1.62838,0.01145
basic,420,20,20,0.008,1.5,0.012,0.034212,100,0.57451,1.56184,0.01177
basic,420,20,20,0.008,2.0,0.016,0.024999,100,0.61339,1.35197,0.01538
basic,420,20,20,0.008,3.0,0.024,0.016995,100,0.64958,1.15625,0.0162
basic,420,20,20,0.008,5.0,0.04,0.004329,100,0.6822,0.42281,0.02173
basic,420,20,20,0.008,8.0,0.064,0.000135,100,0.69145,0.02529,0.0236
basic,420,20,20,0.01652,0.5,0.00826,0.072092,56,0.40538,1.75611,0.00923
basic,420,20,20,0.01652,1.0,0.01652,0.053472,53,0.47673,1.72261,0.01043
basic,420,20,20,0.01652,1.5,0.02477,0.042822,52,0.5345,1.63317,0.01147
basic,420,20,20,0.01652,2.0,0.03303,0.033864,87,0.5651,1.54207,0.0128
basic,420,20,20,0.01652,3.0,0.04955,0.0238,59,0.62381,1.37576,0.01394
basic,420,20,20,0.01652,5.0,0.08258,0.005608,100,0.68381,0.53428,0.02102
basic,420,20,20,0.01652,8.0,0.13213,0.000121,88,0.69959,0.01657,0.02308
basic,420,20,20,0.0341,0.5,0.01705,0.074577,30,0.37303,1.79288,0.00911
basic,420,20,20,0.0341,1.0,0.0341,0.054633,35,0.4706,1.70245,0.01061
basic,420,20,20,0.0341,1.5,0.05114,0.041781,100,0.52511,1.65159,0.01081
basic,420,20,20,0.0341,2.0,0.06819,0.035592,86,0.57888,1.55631,0.01222
basic,420,20,20,0.0341,3.0,0.10229,0.024602,99,0.6153,1.40718,0.01369
basic,420,20,20,0.0341,5.0,0.17048,0.00792,99,0.67292,0.64536,0.02039
basic,420,20,20,0.0341,8.0,0.27277,0.000145,100,0.69271,0.02439,0.0228
basic,420,20,20,0.07039,0.5,0.03519,0.074077,74,0.38239,1.77242,0.00974
basic,420,20,20,0.07039,1.0,0.07039,0.054534,97,0.45557,1.72512,0.00985
basic,420,20,20,0.07039,1.5,0.10558,0.043015,100,0.51907,1.63967,0.01093
basic,420,20,20,0.07039,2.0,0.14078,0.036095,100,0.56063,1.58218,0.01208
basic,420,20,20,0.07039,3.0,0.21117,0.023496,100,0.61179,1.40493,0.01361
basic,420,20,20,0.07039,5.0,0.35195,0.010427,100,0.66882,0.88085,0.01816
basic,420,20,20,0.07039,8.0,0.56312,0.000183,99,0.69314,0.03447,0.0235
basic,420,20,20,0.14532,0.5,0.07266,0.077275,99,0.35809,1.77633,0.00962
basic,420,20,20,0.14532,1.0,0.14532,0.055809,99,0.444,1.74466,0.01029
basic,420,20,20,0.14532,1.5,0.21797,0.044231,100,0.52249,1.65978,0.0111
basic,420,20,20,0.14532,2.0,0.29063,0.036583,100,0.54857,1.62467,0.01095
basic,420,20,20,0.14532,3.0,0.43595,0.024459,100,0.60106,1.37872,0.01471
basic,420,20,20,0.14532,5.0,0.72658,0.010671,100,0.65082,0.9267,0.01783
basic,420,20,20,0.14532,8.0,1.16253,0.000497,100,0.68526,0.17624,0.0222
basic,420,20,20,0.3,0.5,0.15,0.082565,98,0.32747,1.77108,0.00937
basic,420,20,20,0.3,1.0,0.3,0.057794,95,0.41439,1.72596,0.01001
basic,420,20,20,0.3,1.5,0.45,0.046674,100,0.48352,1.65173,0.01119
basic,420,20,20,0.3,2.0,0.6,0.042121,100,0.45284,1.56857,0.01122
basic,420,20,20,0.3,3.0,0.9,0.030739,100,0.50097,1.41815,0.01296
basic,420,20,20,0.3,5.0,1.5,0.385731,100,0.17363,1.05317,0.01167
basic,420,20,20,0.3,8.0,2.4,0.372884,100,0.2047,0.52626,0.01475
basic,420,50,5,0.008,0.5,0.004,0.025653,100,0.44213,0.96654,0.02511
basic,420,50,5,0.008,1.0,0.008,0.020584,56,0.48748,0.96431,0.02437
basic,420,50,5,0.008,1.5,0.012,0.017446,54,0.5582,0.95341,0.02516
basic,420,50,5,0.008,2.0,0.016,0.015315,44,0.5881,0.9317,0.02757
basic,420,50,5,0.008,3.0,0.024,0.012,41,0.63557,0.8871,0.02977
basic,420,50,5,0.008,5.0,0.04,0.008427,57,0.69559,0.78176,0.03516
basic,420,50,5,0.008,8.0,0.064,0.005862,100,0.73446,0.69378,0.03866
basic,420,50,5,0.01652,0.5,0.00826,0.030182,43,0.38257,0.98654,0.02324
basic,420,50,5,0.01652,1.0,0.01652,0.022529,26,0.48064,0.97877,0.02453
basic,420,50,5,0.01652,1.5,0.02477,0.018399,61,0.54054,0.95264,0.02658
basic,420,50,5,0.01652,2.0,0.03303,0.0155,40,0.5793,0.94988,0.02601
basic,420,50,5,0.01652,3.0,0.04955,0.012502,47,0.63445,0.89215,0.02968
basic,420,50,5,0.01652,5.0,0.08258,0.008427,92,0.68149,0.77559,0.03656
basic,420,50,5,0.01652,8.0,0.13213,0.005249,84,0.73682,0.64771,0.04234
basic,420,50,5,0.0341,0.5,0.01705,0.031698,23,0.36964,0.99113,0.02217
basic,420,50,5,0.0341,1.0,0.0341,0.022947,99,0.45957,0.97596,0.02351
basic,420,50,5,0.0341,1.5,0.05114,0.018152,98,0.5386,0.95182,0.02567
basic,420,50,5,0.0341,2.0,0.06819,0.015623,96,0.58174,0.93204,0.02774
basic,420,50,5,0.0341,3.0,0.10229,0.012394,88,0.61419,0.89688,0.02922
basic,420,50,5,0.0341,5.0,0.17048,0.008423,100,0.68252,0.78477,0.03541
basic,420,50,5,0.0341,8.0,0.27277,0.005136,100,0.72959,0.63307,0.04309
basic,420,50,5,0.07039,0.5,0.03519,0.0314,78,0.38401,1.01132,0.02345
basic,420,50,5,0.07039,1.0,0.07039,0.022964,90,0.45386,0.98493,0.02418
basic,420,50,5,0.07039,1.5,0.10558,0.018648,96,0.51952,0.96177,0.02572
basic,420,50,5,0.07039,2.0,0.14078,0.015929,90,0.55377,0.92724,0.02709
basic,420,50,5,0.07039,3.0,0.21117,0.012092,100,0.61358,0.88366,0.02953
basic,420,50,5,0.07039,5.0,0.35195,0.008407,100,0.67326,0.79282,0.03592
basic,420,50,5,0.07039,8.0,0.56312,0.005547,100,0.71967,0.65337,0.04026
basic,420,50,5,0.14532,0.5,0.07266,0.031016,95,0.36701,0.99271,0.02423
basic,420,50,5,0.14532,1.0,0.14532,0.02261,95,0.46349,0.97098,0.02481
basic,420,50,5,0.14532,1.5,0.21797,0.019126,99,0.52174,0.95863,0.02579
basic,420,50,5,0.14532,2.0,0.29063,0.015635,100,0.54236,0.93701,0.02701
basic,420,50,5,0.14532,3.0,0.43595,0.011609,98,0.59561,0.87976,0.03042
basic,420,50,5,0.14532,5.0,0.72658,0.007949,100,0.65835,0.76132,0.03682
basic,420,50,5,0.14532,8.0,1.16253,0.004856,100,0.69549,0.60909,0.04241
basic,420,50,5,0.3,0.5,0.15,0.032334,98,0.32049,0.99616,0.02273
basic,420,50,5,0.3,1.0,0.3,0.023449,99,0.45299,0.98583,0.02398
basic,420,50,5,0.3,1.5,0.45,0.018771,100,0.49878,0.95219,0.02464
basic,420,50,5,0.3,2.0,0.6,0.015758,100,0.52251,0.9408,0.02595
basic,420,50,5,0.3,3.0,0.9,0.012397,100,0.56715,0.89105,0.02777
basic,420,50,5,0.3,5.0,1.5,0.019597,100,0.39961,0.76437,0.03073
basic,420,50,5,0.3,8.0,2.4,0.544883,86,0.0308,0.24364,0.02355
basic,420,50,10,0.008,0.5,0.004,0.024707,100,0.44736,1.06374,0.0149
basic,420,50,10,0.008,1.0,0.008,0.019986,100,0.5039,1.03137,0.01572
basic,420,50,10,0.008,1.5,0.012,0.016441,99,0.53134,1.00307,0.01771
basic,420,50,10,0.008,2.0,0.016,0.013769,99,0.59131,0.95054,0.01903
basic,420,50,10,0.008,3.0,0.024,0.010164,53,0.63244,0.86331,0.02323
basic,420,50,10,0.008,5.0,0.04,0.006002,100,0.68826,0.66885,0.02747
basic,420,50,10,0.008,8.0,0.064,0.002233,100,0.73862,0.34459,0.03378
basic,420,50,10,0.01652,0.5,0.00826,0.029173,51,0.40618,1.0772,0.01499
basic,420,50,10,0.01652,1.0,0.01652,0.022362,38,0.49401,1.03595,0.01678
basic,420,50,10,0.01652,1.5,0.02477,0.017948,38,0.52822,1.0167,0.0174
basic,420,50,10,0.01652,2.0,0.03303,0.015109,35,0.58027,0.9719,0.01854
basic,420,50,10,0.01652,3.0,0.04955,0.010879,39,0.62389,0.87277,0.02256
basic,420,50,10,0.01652,5.0,0.08258,0.006805,97,0.68842,0.75347,0.02508
basic,420,50,10,0.01652,8.0,0.13213,0.002013,100,0.7315,0.32334,0.03463
basic,420,50,10,0.0341,0.5,0.01705,0.030902,75,0.38794,1.07303,0.01472
basic,420,50,10,0.0341,1.0,0.0341,0.022374,70,0.49059,1.04871,0.01535
basic,420,50,10,0.0341,1.5,0.05114,0.017895,98,0.53589,1.00012,0.01793
basic,420,50,10,0.0341,2.0,0.06819,0.015419,100,0.56662,0.9952,0.01791
basic,420,50,10,0.0341,3.0,0.10229,0.010931,92,0.62336,0.89354,0.02121
basic,420,50,10,0.0341,5.0,0.17048,0.006169,98,0.68283,0.67723,0.02757
basic,420,50,10,0.0341,8.0,0.27277,0.002239,100,0.72086,0.34887,0.03406
basic,420,50,10,0.07039,0.5,0.03519,0.030596,91,0.37209,1.0824,0.01473
basic,420,50,10,0.07039,1.0,0.07039,0.021944,100,0.47269,1.0353,0.01687
basic,420,50,10,0.07039,1.5,0.10558,0.01767,100,0.51029,0.99722,0.01662
basic,420,50,10,0.07039,2.0,0.14078,0.014569,94,0.55326,0.95347,0.01898
basic,420,50,10,0.07039,3.0,0.21117,0.01112,99,0.61433,0.89274,0.02066
basic,420,50,10,0.07039,5.0,0.35195,0.006358,99,0.68616,0.71682,0.02635
basic,420,50,10,0.07039,8.0,0.56312,0.002621,100,0.70893,0.39233,0.03192
basic,420,50,10,0.14532,0.5,0.07266,0.03046,97,0.35936,1.07887,0.01453
basic,420,50,10,0.14532,1.0,0.14532,0.022117,99,0.46459,1.0334,0.01629
basic,420,50,10,0.14532,1.5,0.21797,0.018254,99,0.51111,1.03554,0.01546
basic,420,50,10,0.14532,2.0,0.29063,0.014798,100,0.54879,1.00367,0.01705
basic,420,50,10,0.14532,3.0,0.43595,0.010375,100,0.60653,0.88282,0.02098
basic,420,50,10,0.14532,5.0,0.72658,0.006378,100,0.65587,0.72848,0.02519
basic,420,50,10,0.14532,8.0,1.16253,0.002817,100,0.70838,0.44661,0.03112
basic,420,50,10,0.3,0.5,0.15,0.031218,100,0.37458,1.08429,0.01472
basic,420,50,10,0.3,1.0,0.3,0.02252,97,0.43793,1.04972,0.01595
basic,420,50,10,0.3,1.5,0.45,0.017957,98,0.4834,1.01791,0.01643
basic,420,50,10,0.3,2.0,0.6,0.015225,100,0.51915,0.99954,0.01608
basic,420,50,10,0.3,3.0,0.9,0.011922,100,0.52949,0.88961,0.02037
basic,420,50,10,0.3,5.0,1.5,0.010456,100,0.47567,0.66946,0.02454
basic,420,50,10,0.3,8.0,2.4,0.601656,100,0.19492,0.42427,0.02308
basic,420,50,20,0.008,0.5,0.004,0.023097,100,0.46102,1.20536,0.01005
basic,420,50,20,0.008,1.0,0.008,0.0184,100,0.50874,1.14812,0.01109
basic,420,50,20,0.008,1.5,0.012,0.01435,60,0.55473,1.10398,0.01235
basic,420,50,20,0.008,2.0,0.016,0.012006,59,0.59068,1.02712,0.01323
basic,420,50,20,0.008,3.0,0.024,0.007228,100,0.64226,0.80675,0.01674
basic,420,50,20,0.008,5.0,0.04,0.002534,99,0.67362,0.37631,0.02046
basic,420,50,20,0.008,8.0,0.064,0.000126,100,0.69372,0.0308,0.02319
basic,420,50,20,0.01652,0.5,0.00826,0.029675,44,0.38375,1.24782,0.00873
basic,420,50,20,0.01652,1.0,0.01652,0.021185,41,0.46468,1.19873,0.00998
basic,420,50,20,0.01652,1.5,0.02477,0.017004,50,0.52693,1.1329,0.01128
basic,420,50,20,0.01652,2.0,0.03303,0.013794,42,0.57217,1.08669,0.01235
basic,420,50,20,0.01652,3.0,0.04955,0.009216,97,0.62824,0.91329,0.01502
basic,420,50,20,0.01652,5.0,0.08258,0.002882,100,0.67519,0.44334,0.02012
basic,420,50,20,0.01652,8.0,0.13213,0.000111,55,0.68796,0.0149,0.02397
basic,420,50,20,0.0341,0.5,0.01705,0.030057,83,0.3794,1.25591,0.00921
basic,420,50,20,0.0341,1.0,0.0341,0.021628,32,0.46554,1.18949,0.01042
basic,420,50,20,0.0341,1.5,0.05114,0.017382,29,0.5253,1.16728,0.01056
basic,420,50,20,0.0341,2.0,0.06819,0.013748,99,0.54111,1.0666,0.0123
basic,420,50,20,0.0341,3.0,0.10229,0.00965,90,0.61212,0.94412,0.01421
basic,420,50,20,0.0341,5.0,0.17048,0.003728,100,0.6667,0.53585,0.01864
basic,420,50,20,0.0341,8.0,0.27277,0.000132,99,0.69265,0.02625,0.02304
basic,420,50,20,0.07039,0.5,0.03519,0.028899,96,0.36849,1.25289,0.00946
basic,420,50,20,0.07039,1.0,0.07039,0.021154,100,0.4761,1.17253,0.01122
basic,420,50,20,0.07039,1.5,0.10558,0.017053,100,0.51542,1.13804,0.01166
basic,420,50,20,0.07039,2.0,0.14078,0.014342,100,0.5681,1.08217,0.01211
basic,420,50,20,0.07039,3.0,0.21117,0.009325,94,0.61418,0.92082,0.01526
basic,420,50,20,0.07039,5.0,0.35195,0.00428,99,0.66927,0.58427,0.01856
basic,420,50,20,0.07039,8.0,0.56312,0.000241,99,0.70097,0.07922,0.02238
basic,420,50,20,0.14532,0.5,0.07266,0.02967,100,0.37209,1.24706,0.00915
basic,420,50,20,0.14532,1.0,0.14532,0.022095,99,0.45927,1.21066,0.01029
basic,420,50,20,0.14532,1.5,0.21797,0.016781,97,0.5233,1.14398,0.01093
basic,420,50,20,0.14532,2.0,0.29063,0.013377,98,0.54857,1.04319,0.01309
basic,420,50,20,0.14532,3.0,0.43595,0.00918,98,0.60185,0.91649,0.01472
basic,420,50,20,0.14532,5.0,0.72658,0.003378,99,0.65681,0.47217,0.02017
basic,420,50,20,0.14532,8.0,1.16253,0.000389,100,0.69417,0.12949,0.02242
basic,420,50,20,0.3,0.5,0.15,0.031279,99,0.34096,1.2458,0.00926
basic,420,50,20,0.3,1.0,0.3,0.021369,97,0.43588,1.20369,0.0102
basic,420,50,20,0.3,1.5,0.45,0.016335,99,0.4886,1.15399,0.01084
basic,420,50,20,0.3,2.0,0.6,0.012879,100,0.52454,1.09254,0.01195
basic,420,50,20,0.3,3.0,0.9,0.010182,100,0.54804,0.95656,0.01329
basic,420,50,20,0.3,5.0,1.5,0.003149,100,0.60039,0.47861,0.01944
basic,420,50,20,0.3,8.0,2.4,0.00109,99,0.57496,0.24568,0.02119
basic,1680,5,5,0.008,0.5,0.004,0.327717,31,0.33235,1.93202,0.01006
basic,1680,5,5,0.008,1.0,0.008,0.25977,24,0.43637,1.9367,0.01056
basic,1680,5,5,0.008,1.5,0.012,0.224641,26,0.49754,1.91845,0.01208
basic,1680,5,5,0.008,2.0,0.016,0.200756,23,0.54355,1.91047,0.01215
basic,1680,5,5,0.008,3.0,0.024,0.16554,21,0.60645,1.88141,0.01462
basic,1680,5,5,0.008,5.0,0.04,0.126056,26,0.65572,1.78826,0.01955
basic,1680,5,5,0.008,8.0,0.064,0.091036,99,0.71118,1.6508,0.02474
basic,1680,5,5,0.01652,0.5,0.00826,0.326103,15,0.33196,1.9372,0.00991
basic,1680,5,5,0.01652,1.0,0.01652,0.260311,13,0.43803,1.93455,0.01032
basic,1680,5,5,0.01652,1.5,0.02477,0.228628,100,0.49172,1.91798,0.0117
basic,1680,5,5,0.01652,2.0,0.03303,0.201036,49,0.54038,1.91173,0.01307
basic,1680,5,5,0.01652,3.0,0.04955,0.167048,96,0.5991,1.87639,0.01507
basic,1680,5,5,0.01652,5.0,0.08258,0.128007,93,0.65374,1.81074,0.01843
basic,1680,5,5,0.01652,8.0,0.13213,0.088958,98,0.70815,1.62016,0.02682
basic,1680,5,5,0.0341,0.5,0.01705,0.329324,84,0.33702,1.93998,0.01008
basic,1680,5,5,0.0341,1.0,0.0341,0.261665,58,0.42966,1.93708,0.0101
basic,1680,5,5,0.0341,1.5,0.05114,0.223654,91,0.48698,1.9191,0.01183
basic,1680,5,5,0.0341,2.0,0.06819,0.199735,91,0.5394,1.90737,0.01305
basic,1680,5,5,0.0341,3.0,0.10229,0.172477,54,0.58372,1.89258,0.01288
basic,1680,5,5,0.0341,5.0,0.17048,0.131813,95,0.65123,1.80598,0.0184
basic,1680,5,5,0.0341,8.0,0.27277,0.093631,99,0.69326,1.63652,0.02595
basic,1680,5,5,0.07039,0.5,0.03519,0.335478,72,0.32265,1.93959,0.00977
basic,1680,5,5,0.07039,1.0,0.07039,0.269052,98,0.425,1.9346,0.01003
basic,1680,5,5,0.07039,1.5,0.10558,0.230448,100,0.47714,1.92134,0.01185
basic,1680,5,5,0.07039,2.0,0.14078,0.209395,97,0.51365,1.91143,0.01226
basic,1680,5,5,0.07039,3.0,0.21117,0.174722,98,0.56396,1.89365,0.01299
basic,1680,5,5,0.07039,5.0,0.35195,0.139332,97,0.63261,1.80509,0.0183
basic,1680,5,5,0.07039,8.0,0.56312,0.103978,100,0.6565,1.67025,0.02443
basic,1680,5,5,0.14532,0.5,0.07266,0.348841,99,0.29365,1.92771,0.01008
basic,1680,5,5,0.14532,1.0,0.14532,0.281218,97,0.41139,1.93984,0.01004
basic,1680,5,5,0.14532,1.5,0.21797,0.240253,100,0.44409,1.93052,0.01079
basic,1680,5,5,0.14532,2.0,0.29063,0.226721,99,0.49126,1.92358,0.01105
basic,1680,5,5,0.14532,3.0,0.43595,0.218983,100,0.46997,1.90203,0.01187
basic,1680,5,5,0.14532,5.0,0.72658,0.512783,100,0.21208,1.79959,0.01263
basic,1680,5,5,0.14532,8.0,1.16253,0.811021,100,0.01654,1.18078,0.00836
basic,1680,5,5,0.3,0.5,0.15,1.0,44,0.07912,1.84769,0.00866
basic,1680,5,5,0.3,1.0,0.3,1.0,41,0.02013,1.46674,0.00847
basic,1680,5,5,0.3,1.5,0.45,1.0,18,0.00956,0.81961,0.00824
basic,1680,5,5,0.3,2.0,0.6,1.0,10,0.00953,0.82768,0.0087
basic,1680,5,5,0.3,3.0,0.9,1.0,7,0.0092,0.87918,0.00839
basic,1680,5,5,0.3,5.0,1.5,1.0,10,0.00984,0.82789,0.00874
basic,1680,5,5,0.3,8.0,2.4,1.0,19,0.00973,0.81009,0.00844
basic,1680,5,10,0.008,0.5,0.004,0.326797,32,0.34154,2.9173,0.00542
basic,1680,5,10,0.008,1.0,0.008,0.258492,30,0.43975,2.89639,0.00657
basic,1680,5,10,0.008,1.5,0.012,0.222208,28,0.50452,2.8681,0.00741
basic,1680,5,10,0.008,2.0,0.016,0.195648,35,0.54243,2.82726,0.00791
basic,1680,5,10,0.008,3.0,0.024,0.160938,45,0.59701,2.74333,0.0103
basic,1680,5,10,0.008,5.0,0.04,0.109782,63,0.66855,2.50968,0.01518
basic,1680,5,10,0.008,8.0,0.064,0.052019,99,0.71865,1.77918,0.02492
basic,1680,5,10,0.01652,0.5,0.00826,0.327737,16,0.33847,2.897,0.00628
basic,1680,5,10,0.01652,1.0,0.01652,0.258227,13,0.43742,2.88266,0.00693
basic,1680,5,10,0.01652,1.5,0.02477,0.222389,14,0.49469,2.85983,0.00769
basic,1680,5,10,0.01652,2.0,0.03303,0.198503,44,0.53955,2.82201,0.00861
basic,1680,5,10,0.01652,3.0,0.04955,0.161489,98,0.59356,2.74373,0.01026
basic,1680,5,10,0.01652,5.0,0.08258,0.11029,94,0.65314,2.51031,0.0152
basic,1680,5,10,0.01652,8.0,0.13213,0.051836,92,0.71146,1.74683,0.02597
basic,1680,5,10,0.0341,0.5,0.01705,0.327506,30,0.32853,2.89451,0.00609
basic,1680,5,10,0.0341,1.0,0.0341,0.25506,22,0.42936,2.88426,0.00693
basic,1680,5,10,0.0341,1.5,0.05114,0.22015,81,0.49635,2.85383,0.00778
basic,1680,5,10,0.0341,2.0,0.06819,0.196999,98,0.5351,2.83156,0.00864
basic,1680,5,10,0.0341,3.0,0.10229,0.162776,90,0.57919,2.76348,0.01006
basic,1680,5,10,0.0341,5.0,0.17048,0.114902,97,0.6406,2.53085,0.01456
basic,1680,5,10,0.0341,8.0,0.27277,0.064068,100,0.70354,1.94323,0.02275
basic,1680,5,10,0.07039,0.5,0.03519,0.328325,71,0.3312,2.90001,0.00619
basic,1680,5,10,0.07039,1.0,0.07039,0.264278,96,0.42438,2.88493,0.00696
basic,1680,5,10,0.07039,1.5,0.10558,0.226645,98,0.48018,2.8733,0.00707
basic,1680,5,10,0.07039,2.0,0.14078,0.205872,99,0.50398,2.82661,0.00827
basic,1680,5,10,0.07039,3.0,0.21117,0.170138,98,0.56834,2.76011,0.01028
basic,1680,5,10,0.07039,5.0,0.35195,0.122456,96,0.62395,2.51539,0.01471
basic,1680,5,10,0.07039,8.0,0.56312,0.081384,100,0.6651,2.06073,0.02071
basic,1680,5,10,0.14532,0.5,0.07266,0.341595,97,0.30733,2.90911,0.00587
basic,1680,5,10,0.14532,1.0,0.14532,0.270369,100,0.40446,2.8836,0.00723
basic,1680,5,10,0.14532,1.5,0.21797,0.257481,100,0.3933,2.8746,0.00685
basic,1680,5,10,0.14532,2.0,0.29063,0.232223,100,0.42066,2.85548,0.00715
basic,1680,5,10,0.14532,3.0,0.43595,0.187039,100,0.50911,2.79061,0.0092
basic,1680,5,10,0.14532,5.0,0.72658,0.687377,100,0.14502,2.6036,0.00715
basic,1680,5,10,0.14532,8.0,1.16253,0.999308,50,0.00962,1.2987,0.00474
basic,1680,5,10,0.3,0.5,0.15,1.0,22,0.03617,2.53567,0.0053
basic,1680,5,10,0.3,1.0,0.3,1.0,19,0.00804,1.02776,0.00476
basic,1680,5,10,0.3,1.5,0.45,1.0,23,0.00813,1.05511,0.00502
basic,1680,5,10,0.3,2.0,0.6,1.0,8,0.00808,1.00847,0.00512
basic,1680,5,10,0.3,3.0,0.9,1.0,18,0.00795,1.00393,0.00506
basic,1680,5,10,0.3,5.0,1.5,1.0,16,0.00828,1.03521,0.00492
basic,1680,5,10,0.3,8.0,2.4,1.0,21,0.00831,1.02114,0.00499
basic,1680,5,20,0.008,0.5,0.004,0.321981,40,0.33846,4.81013,0.00398
basic,1680,5,20,0.008,1.0,0.008,0.254984,34,0.43683,4.76922,0.00455
basic,1680,5,20,0.008,1.5,0.012,0.215866,33,0.50775,4.72473,0.00517
basic,1680,5,20,0.008,2.0,0.016,0.186944,35,0.54637,4.63394,0.00592
basic,1680,5,20,0.008,3.0,0.024,0.139783,47,0.60365,4.34684,0.00841
basic,1680,5,20,0.008,5.0,0.04,0.064518,100,0.6764,3.07928,0.01488
basic,1680,5,20,0.008,8.0,0.064,0.00011,97,0.70296,0.0081,0.02324
basic,1680,5,20,0.01652,0.5,0.00826,0.327093,17,0.33673,4.83094,0.00356
basic,1680,5,20,0.01652,1.0,0.01652,0.260014,18,0.43645,4.7615,0.00475
basic,1680,5,20,0.01652,1.5,0.02477,0.215247,36,0.49386,4.72288,0.00509
basic,1680,5,20,0.01652,2.0,0.03303,0.190412,78,0.53544,4.62856,0.00583
basic,1680,5,20,0.01652,3.0,0.04955,0.147927,75,0.5995,4.44222,0.00742
basic,1680,5,20,0.01652,5.0,0.08258,0.083323,89,0.66291,3.53602,0.01282
basic,1680,5,20,0.01652,8.0,0.13213,0.00012,93,0.6996,0.01087,0.0232
basic,1680,5,20,0.0341,0.5,0.01705,0.332085,11,0.33103,4.82475,0.00375
basic,1680,5,20,0.0341,1.0,0.0341,0.258008,94,0.43667,4.76767,0.00456
basic,1680,5,20,0.0341,1.5,0.05114,0.218626,93,0.49133,4.73119,0.00493
basic,1680,5,20,0.0341,2.0,0.06819,0.184955,100,0.53512,4.61666,0.0062
basic,1680,5,20,0.0341,3.0,0.10229,0.145492,94,0.59475,4.39419,0.00784
basic,1680,5,20,0.0341,5.0,0.17048,0.079501,99,0.6576,3.42245,0.01352
basic,1680,5,20,0.0341,8.0,0.27277,0.000149,100,0.69696,0.00955,0.02308
basic,1680,5,20,0.07039,0.5,0.03519,0.338045,92,0.31874,4.83251,0.00392
basic,1680,5,20,0.07039,1.0,0.07039,0.270786,85,0.41724,4.77824,0.00433
basic,1680,5,20,0.07039,1.5,0.10558,0.222729,91,0.48487,4.70916,0.00521
basic,1680,5,20,0.07039,2.0,0.14078,0.197994,98,0.52322,4.66705,0.00546
basic,1680,5,20,0.07039,3.0,0.21117,0.155222,100,0.57136,4.48094,0.00718
basic,1680,5,20,0.07039,5.0,0.35195,0.105167,100,0.62543,3.81605,0.01103
basic,1680,5,20,0.07039,8.0,0.56312,0.00021,100,0.69966,0.04348,0.02348
basic,1680,5,20,0.14532,0.5,0.07266,0.351671,98,0.30212,4.83869,0.00362
basic,1680,5,20,0.14532,1.0,0.14532,0.277652,99,0.40185,4.779,0.0044
basic,1680,5,20,0.14532,1.5,0.21797,0.23639,97,0.45601,4.73107,0.005
basic,1680,5,20,0.14532,2.0,0.29063,0.211073,98,0.48321,4.67211,0.00551
basic,1680,5,20,0.14532,3.0,0.43595,0.187041,100,0.49843,4.55779,0.00632
basic,1680,5,20,0.14532,5.0,0.72658,0.456443,100,0.30021,3.85211,0.00836
basic,1680,5,20,0.14532,8.0,1.16253,0.069094,100,0.43492,0.64082,0.0193
basic,1680,5,20,0.3,0.5,0.15,0.760054,100,0.11105,4.68918,0.00321
basic,1680,5,20,0.3,1.0,0.3,1.0,25,0.00789,1.90791,0.00269
basic,1680,5,20,0.3,1.5,0.45,1.0,26,0.00754,1.96386,0.00265
basic,1680,5,20,0.3,2.0,0.6,1.0,12,0.00727,2.0643,0.00272
basic,1680,5,20,0.3,3.0,0.9,1.0,11,0.0077,2.00329,0.00266
basic,1680,5,20,0.3,5.0,1.5,1.0,15,0.00774,1.96943,0.00268
basic,1680,5,20,0.3,8.0,2.4,1.0,20,0.00755,1.87931,0.00254
basic,1680,20,5,0.008,0.5,0.004,0.076633,26,0.36356,1.21192,0.01012
basic,1680,20,5,0.008,1.0,0.008,0.056955,19,0.47073,1.193,0.01214
basic,1680,20,5,0.008,1.5,0.012,0.048768,18,0.5287,1.18489,0.01234
basic,1680,20,5,0.008,2.0,0.016,0.041746,17,0.56897,1.17304,0.01365
basic,1680,20,5,0.008,3.0,0.024,0.033257,58,0.62074,1.12011,0.01919
basic,1680,20,5,0.008,5.0,0.04,0.023324,71,0.68051,1.03592,0.02493
basic,1680,20,5,0.008,8.0,0.064,0.015003,90,0.72982,0.85772,0.03475
basic,1680,20,5,0.01652,0.5,0.00826,0.077478,17,0.36693,1.21346,0.00978
basic,1680,20,5,0.01652,1.0,0.01652,0.057155,26,0.4665,1.20176,0.01112
basic,1680,20,5,0.01652,1.5,0.02477,0.047386,10,0.5232,1.18173,0.0136
basic,1680,20,5,0.01652,2.0,0.03303,0.041891,15,0.56978,1.17061,0.01403
basic,1680,20,5,0.01652,3.0,0.04955,0.033897,68,0.61693,1.12668,0.01797
basic,1680,20,5,0.01652,5.0,0.08258,0.023446,98,0.67911,1.03636,0.02442
basic,1680,20,5,0.01652,8.0,0.13213,0.014498,95,0.72304,0.84134,0.03615
basic,1680,20,5,0.0341,0.5,0.01705,0.077013,6,0.35391,1.20979,0.01001
basic,1680,20,5,0.0341,1.0,0.0341,0.057737,23,0.46594,1.19564,0.01176
basic,1680,20,5,0.0341,1.5,0.05114,0.047729,89,0.52462,1.18434,0.01268
basic,1680,20,5,0.0341,2.0,0.06819,0.041566,83,0.56124,1.15703,0.01598
basic,1680,20,5,0.0341,3.0,0.10229,0.033436,99,0.62608,1.12205,0.01896
basic,1680,20,5,0.0341,5.0,0.17048,0.024083,95,0.67529,1.05717,0.02245
basic,1680,20,5,0.0341,8.0,0.27277,0.013722,99,0.71848,0.8179,0.03721
basic,1680,20,5,0.07039,0.5,0.03519,0.07701,94,0.35857,1.21179,0.01001
basic,1680,20,5,0.07039,1.0,0.07039,0.057572,100,0.46,1.19647,0.01099
basic,1680,20,5,0.07039,1.5,0.10558,0.04787,98,0.5166,1.17776,0.01356
basic,1680,20,5,0.07039,2.0,0.14078,0.042352,95,0.55428,1.16205,0.01473
basic,1680,20,5,0.07039,3.0,0.21117,0.03423,99,0.60935,1.12589,0.01732
basic,1680,20,5,0.07039,5.0,0.35195,0.024146,100,0.66021,1.03636,0.02428
basic,1680,20,5,0.07039,8.0,0.56312,0.014503,100,0.707,0.82305,0.0369
basic,1680,20,5,0.14532,0.5,0.07266,0.080017,100,0.3444,1.2117,0.01038
basic,1680,20,5,0.14532,1.0,0.14532,0.059539,100,0.44537,1.20108,0.01077
basic,1680,20,5,0.14532,1.5,0.21797,0.048465,100,0.51036,1.18996,0.01215
basic,1680,20,5,0.14532,2.0,0.29063,0.041775,100,0.54721,1.16836,0.0141
basic,1680,20,5,0.14532,3.0,0.43595,0.033684,100,0.58755,1.10617,0.02001
basic,1680,20,5,0.14532,5.0,0.72658,0.025407,100,0.64377,1.02616,0.02481
basic,1680,20,5,0.14532,8.0,1.16253,0.020107,100,0.58257,0.86327,0.03194
basic,1680,20,5,0.3,0.5,0.15,0.080034,98,0.34057,1.21177,0.01019
basic,1680,20,5,0.3,1.0,0.3,0.061407,99,0.42433,1.20419,0.01086
basic,1680,20,5,0.3,1.5,0.45,0.054518,100,0.41587,1.18973,0.01105
basic,1680,20,5,0.3,2.0,0.6,0.045973,100,0.49854,1.17302,0.01313
basic,1680,20,5,0.3,3.0,0.9,0.155791,100,0.3456,1.13349,0.01423
basic,1680,20,5,0.3,5.0,1.5,0.941006,29,0.00297,0.32002,0.00697
basic,1680,20,5,0.3,8.0,2.4,0.779522,38,0.00321,0.32928,0.00772
basic,1680,20,10,0.008,0.5,0.004,0.074696,27,0.37167,1.43763,0.00668
basic,1680,20,10,0.008,1.0,0.008,0.056564,24,0.46799,1.41583,0.0081
basic,1680,20,10,0.008,1.5,0.012,0.046078,23,0.53044,1.39279,0.0092
basic,1680,20,10,0.008,2.0,0.016,0.039693,23,0.57171,1.36277,0.01065
basic,1680,20,10,0.008,3.0,0.024,0.031602,25,0.62489,1.28279,0.0139
basic,1680,20,10,0.008,5.0,0.04,0.019897,52,0.67864,1.112,0.01892
basic,1680,20,10,0.008,8.0,0.064,0.007264,100,0.7315,0.5804,0.03088
basic,1680,20,10,0.01652,0.5,0.00826,0.076293,17,0.35785,1.44046,0.00679
basic,1680,20,10,0.01652,1.0,0.01652,0.056288,13,0.46814,1.4235,0.00754
basic,1680,20,10,0.01652,1.5,0.02477,0.045876,12,0.52657,1.39463,0.00938
basic,1680,20,10,0.01652,2.0,0.03303,0.039476,83,0.57349,1.35544,0.01102
basic,1680,20,10,0.01652,3.0,0.04955,0.030785,67,0.62412,1.284,0.01385
basic,1680,20,10,0.01652,5.0,0.08258,0.02014,99,0.67693,1.11422,0.01931
basic,1680,20,10,0.01652,8.0,0.13213,0.007908,100,0.72399,0.65493,0.02923
basic,1680,20,10,0.0341,0.5,0.01705,0.07594,33,0.36611,1.44441,0.00656
basic,1680,20,10,0.0341,1.0,0.0341,0.056382,100,0.4579,1.4114,0.00844
basic,1680,20,10,0.0341,1.5,0.05114,0.0464,28,0.5334,1.38156,0.00975
basic,1680,20,10,0.0341,2.0,0.06819,0.039247,97,0.56111,1.34435,0.01185
basic,1680,20,10,0.0341,3.0,0.10229,0.0312,100,0.6101,1.2739,0.01395
basic,1680,20,10,0.0341,5.0,0.17048,0.019854,100,0.67471,1.08959,0.01951
basic,1680,20,10,0.0341,8.0,0.27277,0.008615,100,0.72049,0.67937,0.02822
basic,1680,20,10,0.07039,0.5,0.03519,0.076451,86,0.35501,1.44628,0.00627
basic,1680,20,10,0.07039,1.0,0.07039,0.057803,95,0.45508,1.42277,0.00753
basic,1680,20,10,0.07039,1.5,0.10558,0.046753,95,0.51179,1.40015,0.00906
basic,1680,20,10,0.07039,2.0,0.14078,0.040618,97,0.56082,1.3691,0.01009
basic,1680,20,10,0.07039,3.0,0.21117,0.030958,97,0.61257,1.27794,0.01407
basic,1680,20,10,0.07039,5.0,0.35195,0.019981,100,0.66753,1.08223,0.02003
basic,1680,20,10,0.07039,8.0,0.56312,0.006429,100,0.7154,0.54654,0.03149
basic,1680,20,10,0.14532,0.5,0.07266,0.078766,96,0.34211,1.45337,0.00612
basic,1680,20,10,0.14532,1.0,0.14532,0.056165,100,0.44967,1.41781,0.00816
basic,1680,20,10,0.14532,1.5,0.21797,0.047964,99,0.50401,1.40029,0.00876
basic,1680,20,10,0.14532,2.0,0.29063,0.039966,97,0.54013,1.34992,0.011
basic,1680,20,10,0.14532,3.0,0.43595,0.031274,99,0.592,1.26967,0.01399
basic,1680,20,10,0.14532,5.0,0.72658,0.019159,99,0.63972,1.07715,0.01953
basic,1680,20,10,0.14532,8.0,1.16253,0.009516,99,0.68806,0.70386,0.02728
basic,1680,20,10,0.3,0.5,0.15,0.085409,100,0.29501,1.46122,0.00538
basic,1680,20,10,0.3,1.0,0.3,0.061692,99,0.39717,1.43476,0.0068
basic,1680,20,10,0.3,1.5,0.45,0.047857,99,0.47869,1.40045,0.00865
basic,1680,20,10,0.3,2.0,0.6,0.046281,100,0.43282,1.36783,0.00928
basic,1680,20,10,0.3,3.0,0.9,0.066965,100,0.34595,1.27708,0.01129
basic,1680,20,10,0.3,5.0,1.5,0.780022,44,0.0036,0.31439,0.00443
basic,1680,20,10,0.3,8.0,2.4,0.830517,54,0.00308,0.375,0.00439
basic,1680,20,20,0.008,0.5,0.004,0.075482,36,0.36797,1.91185,0.00426
basic,1680,20,20,0.008,1.0,0.008,0.055541,32,0.47333,1.85284,0.00562
basic,1680,20,20,0.008,1.5,0.012,0.045543,31,0.52702,1.80024,0.00685
basic,1680,20,20,0.008,2.0,0.016,0.038132,31,0.56247,1.72417,0.0082
basic,1680,20,20,0.008,3.0,0.024,0.027423,52,0.61733,1.57747,0.01048
basic,1680,20,20,0.008,5.0,0.04,0.01141,100,0.67451,0.99214,0.01694
basic,1680,20,20,0.008,8.0,0.064,0.000109,91,0.70224,0.01761,0.02311
basic,1680,20,20,0.01652,0.5,0.00826,0.075586,19,0.37033,1.90698,0.00439
basic,1680,20,20,0.01652,1.0,0.01652,0.056631,21,0.46413,1.86384,0.00531
basic,1680,20,20,0.01652,1.5,0.02477,0.045392,32,0.52971,1.79036,0.00687
basic,1680,20,20,0.01652,2.0,0.03303,0.038483,94,0.56096,1.75485,0.00746
basic,1680,20,20,0.01652,3.0,0.04955,0.026894,99,0.61569,1.5617,0.01076
basic,1680,20,20,0.01652,5.0,0.08258,0.013522,99,0.67386,1.1195,0.01558
basic,1680,20,20,0.01652,8.0,0.13213,0.000116,88,0.693,0.01413,0.02347
basic,1680,20,20,0.0341,0.5,0.01705,0.076832,21,0.361,1.9177,0.00419
basic,1680,20,20,0.0341,1.0,0.0341,0.056136,79,0.46655,1.85683,0.00561
basic,1680,20,20,0.0341,1.5,0.05114,0.045257,80,0.52169,1.79927,0.00681
basic,1680,20,20,0.0341,2.0,0.06819,0.038605,94,0.56062,1.73427,0.0079
basic,1680,20,20,0.0341,3.0,0.10229,0.028491,91,0.61175,1.61282,0.00974
basic,1680,20,20,0.0341,5.0,0.17048,0.01266,100,0.66689,1.09748,0.01559
basic,1680,20,20,0.0341,8.0,0.27277,0.000144,99,0.69642,0.01812,0.02313
basic,1680,20,20,0.07039,0.5,0.03519,0.076359,52,0.35868,1.91779,0.00424
basic,1680,20,20,0.07039,1.0,0.07039,0.057014,92,0.4639,1.87784,0.00523
basic,1680,20,20,0.07039,1.5,0.10558,0.045863,91,0.52096,1.82218,0.00633
basic,1680,20,20,0.07039,2.0,0.14078,0.038978,100,0.5521,1.7571,0.00735
basic,1680,20,20,0.07039,3.0,0.21117,0.02804,96,0.60785,1.5934,0.01025
basic,1680,20,20,0.07039,5.0,0.35195,0.010887,100,0.66364,0.95921,0.01722
basic,1680,20,20,0.07039,8.0,0.56312,0.000202,100,0.69558,0.04315,0.02321
basic,1680,20,20,0.14532,0.5,0.07266,0.078506,97,0.34387,1.91808,0.00429
basic,1680,20,20,0.14532,1.0,0.14532,0.057046,97,0.44341,1.86303,0.00541
basic,1680,20,20,0.14532,1.5,0.21797,0.045323,98,0.50138,1.80711,0.00648
basic,1680,20,20,0.14532,2.0,0.29063,0.039638,100,0.54823,1.75951,0.00747
basic,1680,20,20,0.14532,3.0,0.43595,0.027185,100,0.5909,1.56323,0.01051
basic,1680,20,20,0.14532,5.0,0.72658,0.012241,100,0.64792,1.01701,0.01647
basic,1680,20,20,0.14532,8.0,1.16253,0.000416,100,0.69105,0.13202,0.02258
basic,1680,20,20,0.3,0.5,0.15,0.080317,97,0.34523,1.92669,0.0041
basic,1680,20,20,0.3,1.0,0.3,0.062417,100,0.38196,1.89683,0.00459
basic,1680,20,20,0.3,1.5,0.45,0.047093,100,0.48028,1.83057,0.006
basic,1680,20,20,0.3,2.0,0.6,0.040102,99,0.46282,1.71716,0.00762
basic,1680,20,20,0.3,3.0,0.9,0.109976,100,0.33771,1.58962,0.008
basic,1680,20,20,0.3,5.0,1.5,0.925007,36,0.00268,0.37361,0.00229
basic,1680,20,20,0.3,8.0,2.4,0.878012,32,0.00294,0.56868,0.00236
basic,1680,50,5,0.008,0.5,0.004,0.030063,24,0.36144,1.06449,0.0098
basic,1680,50,5,0.008,1.0,0.008,0.023006,20,0.47663,1.05103,0.01191
basic,1680,50,5,0.008,1.5,0.012,0.019058,19,0.53562,1.03519,0.0135
basic,1680,50,5,0.008,2.0,0.016,0.016226,18,0.57247,1.0104,0.01658
basic,1680,50,5,0.008,3.0,0.024,0.01278,17,0.62868,0.96498,0.02146
basic,1680,50,5,0.008,5.0,0.04,0.008802,95,0.68583,0.87388,0.028
basic,1680,50,5,0.008,8.0,0.064,0.005879,96,0.73277,0.7499,0.03417
basic,1680,50,5,0.01652,0.5,0.00826,0.030017,11,0.37633,1.06164,0.01093
basic,1680,50,5,0.01652,1.0,0.01652,0.02288,11,0.47438,1.05046,0.0116
basic,1680,50,5,0.01652,1.5,0.02477,0.019174,43,0.53637,1.03906,0.01271
basic,1680,50,5,0.01652,2.0,0.03303,0.016434,75,0.57275,1.02101,0.01505
basic,1680,50,5,0.01652,3.0,0.04955,0.013203,85,0.63009,0.99077,0.01809
basic,1680,50,5,0.01652,5.0,0.08258,0.009355,97,0.68885,0.8948,0.02604
basic,1680,50,5,0.01652,8.0,0.13213,0.00558,98,0.73126,0.72678,0.03624
basic,1680,50,5,0.0341,0.5,0.01705,0.030398,34,0.36298,1.06863,0.00969
basic,1680,50,5,0.0341,1.0,0.0341,0.022441,69,0.47242,1.05348,0.01159
basic,1680,50,5,0.0341,1.5,0.05114,0.019034,93,0.53563,1.03423,0.01348
basic,1680,50,5,0.0341,2.0,0.06819,0.016428,100,0.56972,1.01511,0.01604
basic,1680,50,5,0.0341,3.0,0.10229,0.012961,87,0.62432,0.97418,0.01965
basic,1680,50,5,0.0341,5.0,0.17048,0.009316,98,0.68645,0.89914,0.02527
basic,1680,50,5,0.0341,8.0,0.27277,0.005523,100,0.72717,0.70838,0.03765
basic,1680,50,5,0.07039,0.5,0.03519,0.030121,47,0.36109,1.06394,0.00988
basic,1680,50,5,0.07039,1.0,0.07039,0.022982,98,0.46618,1.05472,0.01182
basic,1680,50,5,0.07039,1.5,0.10558,0.018761,97,0.53383,1.03125,0.01412
basic,1680,50,5,0.07039,2.0,0.14078,0.01619,100,0.5699,1.01886,0.01505
basic,1680,50,5,0.07039,3.0,0.21117,0.012828,100,0.62084,0.97282,0.01979
basic,1680,50,5,0.07039,5.0,0.35195,0.008991,96,0.67604,0.87977,0.02749
basic,1680,50,5,0.07039,8.0,0.56312,0.005596,100,0.71639,0.73534,0.03438
basic,1680,50,5,0.14532,0.5,0.07266,0.030505,93,0.35344,1.06768,0.00938
basic,1680,50,5,0.14532,1.0,0.14532,0.022619,99,0.46797,1.05504,0.01111
basic,1680,50,5,0.14532,1.5,0.21797,0.018632,100,0.51768,1.04105,0.01305
basic,1680,50,5,0.14532,2.0,0.29063,0.016067,99,0.56078,1.01455,0.01546
basic,1680,50,5,0.14532,3.0,0.43595,0.012618,100,0.59681,0.96945,0.02063
basic,1680,50,5,0.14532,5.0,0.72658,0.008928,100,0.65596,0.85643,0.02829
basic,1680,50,5,0.14532,8.0,1.16253,0.005553,99,0.6969,0.71702,0.03547
basic,1680,50,5,0.3,0.5,0.15,0.032394,100,0.33492,1.07417,0.00875
basic,1680,50,5,0.3,1.0,0.3,0.023739,100,0.4345,1.05338,0.01123
basic,1680,50,5,0.3,1.5,0.45,0.019694,98,0.49308,1.03492,0.01385
basic,1680,50,5,0.3,2.0,0.6,0.016397,99,0.52679,1.02476,0.01457
basic,1680,50,5,0.3,3.0,0.9,0.012554,99,0.56757,0.96007,0.0207
basic,1680,50,5,0.3,5.0,1.5,0.08491,100,0.33202,0.85819,0.02229
basic,1680,50,5,0.3,8.0,2.4,0.760024,23,0.0015,0.21695,0.00531
basic,1680,50,10,0.008,0.5,0.004,0.029919,37,0.37718,1.15667,0.00643
basic,1680,50,10,0.008,1.0,0.008,0.022306,26,0.47451,1.13942,0.00755
basic,1680,50,10,0.008,1.5,0.012,0.017988,19,0.53367,1.10552,0.00958
basic,1680,50,10,0.008,2.0,0.016,0.015557,31,0.56863,1.09945,0.01013
basic,1680,50,10,0.008,3.0,0.024,0.011711,27,0.62629,1.01089,0.01437
basic,1680,50,10,0.008,5.0,0.04,0.007387,78,0.67757,0.84969,0.02037
basic,1680,50,10,0.008,8.0,0.064,0.002714,100,0.72694,0.45189,0.03076
basic,1680,50,10,0.01652,0.5,0.00826,0.029775,13,0.37176,1.15476,0.00668
basic,1680,50,10,0.01652,1.0,0.01652,0.022184,31,0.47422,1.129,0.00857
basic,1680,50,10,0.01652,1.5,0.02477,0.018077,41,0.52906,1.10845,0.00958
basic,1680,50,10,0.01652,2.0,0.03303,0.01538,86,0.56828,1.08222,0.01069
basic,1680,50,10,0.01652,3.0,0.04955,0.011784,95,0.62508,1.01826,0.01396
basic,1680,50,10,0.01652,5.0,0.08258,0.007421,100,0.67762,0.85956,0.01994
basic,1680,50,10,0.01652,8.0,0.13213,0.002591,96,0.72572,0.43086,0.03157
basic,1680,50,10,0.0341,0.5,0.01705,0.029823,9,0.36277,1.1459,0.00736
basic,1680,50,10,0.0341,1.0,0.0341,0.02217,61,0.47158,1.1313,0.00817
basic,1680,50,10,0.0341,1.5,0.05114,0.018053,37,0.52339,1.1001,0.01027
basic,1680,50,10,0.0341,2.0,0.06819,0.015505,98,0.56792,1.07811,0.01111
basic,1680,50,10,0.0341,3.0,0.10229,0.011867,98,0.61845,1.01957,0.01339
basic,1680,50,10,0.0341,5.0,0.17048,0.007391,95,0.67483,0.81899,0.0217
basic,1680,50,10,0.0341,8.0,0.27277,0.002559,99,0.72244,0.42459,0.03146
basic,1680,50,10,0.07039,0.5,0.03519,0.029841,95,0.35988,1.15686,0.00666
basic,1680,50,10,0.07039,1.0,0.07039,0.022008,100,0.46675,1.13331,0.00782
basic,1680,50,10,0.07039,1.5,0.10558,0.018197,97,0.52131,1.1119,0.00928
basic,1680,50,10,0.07039,2.0,0.14078,0.015132,97,0.56613,1.07526,0.01151
basic,1680,50,10,0.07039,3.0,0.21117,0.011802,100,0.61542,1.02202,0.01351
basic,1680,50,10,0.07039,5.0,0.35195,0.007098,100,0.66917,0.82379,0.0213
basic,1680,50,10,0.07039,8.0,0.56312,0.002473,100,0.72212,0.43806,0.0313
basic,1680,50,10,0.14532,0.5,0.07266,0.030758,99,0.35467,1.15543,0.00676
basic,1680,50,10,0.14532,1.0,0.14532,0.022449,99,0.45371,1.13913,0.00763
basic,1680,50,10,0.14532,1.5,0.21797,0.018362,98,0.51545,1.10916,0.00927
basic,1680,50,10,0.14532,2.0,0.29063,0.015873,100,0.5508,1.08009,0.01085
basic,1680,50,10,0.14532,3.0,0.43595,0.011728,100,0.59983,1.01508,0.01396
basic,1680,50,10,0.14532,5.0,0.72658,0.006605,100,0.65473,0.80161,0.02181
basic,1680,50,10,0.14532,8.0,1.16253,0.002586,100,0.71282,0.46058,0.03019
basic,1680,50,10,0.3,0.5,0.15,0.031605,97,0.34884,1.15875,0.00631
basic,1680,50,10,0.3,1.0,0.3,0.022088,100,0.44167,1.13557,0.00743
basic,1680,50,10,0.3,1.5,0.45,0.018525,100,0.4816,1.11664,0.00872
basic,1680,50,10,0.3,2.0,0.6,0.015147,99,0.51984,1.08844,0.01014
basic,1680,50,10,0.3,3.0,0.9,0.011382,99,0.56461,1.0019,0.01402
basic,1680,50,10,0.3,5.0,1.5,0.107436,100,0.30564,0.81946,0.01613
basic,1680,50,10,0.3,8.0,2.4,0.680032,26,0.00206,0.17762,0.0034
basic,1680,50,20,0.008,0.5,0.004,0.029335,30,0.37085,1.34102,0.00419
basic,1680,50,20,0.008,1.0,0.008,0.021305,26,0.47197,1.30122,0.00532
basic,1680,50,20,0.008,1.5,0.012,0.017082,24,0.5369,1.26369,0.00668
basic,1680,50,20,0.008,2.0,0.016,0.014335,75,0.56989,1.20237,0.00821
basic,1680,50,20,0.008,3.0,0.024,0.010239,90,0.62726,1.09704,0.01055
basic,1680,50,20,0.008,5.0,0.04,0.004202,96,0.67412,0.63708,0.01787
basic,1680,50,20,0.008,8.0,0.064,0.000109,61,0.6996,0.02771,0.02294
basic,1680,50,20,0.01652,0.5,0.00826,0.028898,18,0.36617,1.33348,0.00445
basic,1680,50,20,0.01652,1.0,0.01652,0.021116,13,0.47936,1.29953,0.00573
basic,1680,50,20,0.01652,1.5,0.02477,0.017111,14,0.53414,1.24452,0.00725
basic,1680,50,20,0.01652,2.0,0.03303,0.014183,18,0.57075,1.20334,0.00835
basic,1680,50,20,0.01652,3.0,0.04955,0.010201,65,0.62479,1.07285,0.01109
basic,1680,50,20,0.01652,5.0,0.08258,0.004525,100,0.67313,0.69043,0.01692
basic,1680,50,20,0.01652,8.0,0.13213,0.000114,87,0.69874,0.03111,0.02323
basic,1680,50,20,0.0341,0.5,0.01705,0.029628,44,0.36653,1.34061,0.00433
basic,1680,50,20,0.0341,1.0,0.0341,0.021672,99,0.47274,1.30958,0.00501
basic,1680,50,20,0.0341,1.5,0.05114,0.01701,90,0.52736,1.25644,0.00705
basic,1680,50,20,0.0341,2.0,0.06819,0.014117,95,0.56693,1.18943,0.00855
basic,1680,50,20,0.0341,3.0,0.10229,0.010107,100,0.61759,1.07788,0.01101
basic,1680,50,20,0.0341,5.0,0.17048,0.004703,100,0.67503,0.69554,0.01686
basic,1680,50,20,0.0341,8.0,0.27277,0.000136,97,0.69754,0.03619,0.0232
basic,1680,50,20,0.07039,0.5,0.03519,0.029758,91,0.36872,1.3321,0.00443
basic,1680,50,20,0.07039,1.0,0.07039,0.021198,94,0.45994,1.29603,0.00562
basic,1680,50,20,0.07039,1.5,0.10558,0.017449,100,0.52671,1.2654,0.00654
basic,1680,50,20,0.07039,2.0,0.14078,0.01436,99,0.56669,1.2055,0.00809
basic,1680,50,20,0.07039,3.0,0.21117,0.010035,99,0.61588,1.06048,0.01114
basic,1680,50,20,0.07039,5.0,0.35195,0.004161,98,0.66649,0.67577,0.01699
basic,1680,50,20,0.07039,8.0,0.56312,0.000173,99,0.69649,0.05283,0.02325
basic,1680,50,20,0.14532,0.5,0.07266,0.029869,97,0.36907,1.34612,0.00421
basic,1680,50,20,0.14532,1.0,0.14532,0.021555,95,0.45588,1.30149,0.00543
basic,1680,50,20,0.14532,1.5,0.21797,0.017151,99,0.50926,1.26902,0.0064
basic,1680,50,20,0.14532,2.0,0.29063,0.01372,100,0.55051,1.20819,0.00802
basic,1680,50,20,0.14532,3.0,0.43595,0.009816,99,0.61304,1.05861,0.01126
basic,1680,50,20,0.14532,5.0,0.72658,0.004328,98,0.65292,0.66212,0.01676
basic,1680,50,20,0.14532,8.0,1.16253,0.000335,100,0.68947,0.12167,0.02219
basic,1680,50,20,0.3,0.5,0.15,0.031468,99,0.349,1.33888,0.00422
basic,1680,50,20,0.3,1.0,0.3,0.021411,99,0.44348,1.31369,0.00503
basic,1680,50,20,0.3,1.5,0.45,0.017012,100,0.49511,1.26521,0.00656
basic,1680,50,20,0.3,2.0,0.6,0.013313,99,0.52695,1.20924,0.00786
basic,1680,50,20,0.3,3.0,0.9,0.009539,100,0.57522,1.02479,0.01155
basic,1680,50,20,0.3,5.0,1.5,0.010535,100,0.39758,0.62695,0.015
basic,1680,50,20,0.3,8.0,2.4,0.301622,100,0.2533,0.34276,0.01488
