method,ppdu_dist,N,W_eff,seed,visit,successes,oracle_successes,efficiency,useful_slots,W_eff_utilization,viable_slots_wasted,collision_rate,tau_rmse,false_trigger_rate
oracle,homo,10,20,42,1000,1.689,1.622,0.9893333333333331,10.134,0.5067000000000051,1.475,0.2768749999999994,0.0,0.0
mfg_no_excl,homo,10,20,42,1000,1.621,1.622,0.9539999999999998,9.726,0.4863000000000049,1.458,0.29123095238095165,0.0,0.0
self_excl_only,homo,10,20,42,1000,1.617,1.622,0.9524999999999992,9.702,0.4851000000000053,1.533,0.287904761904761,0.0,0.0
ema_fixed_low,homo,10,20,42,1000,1.699,1.622,1.0013333333333336,10.194,0.509700000000005,2.184,0.18499801587301518,0.03916583844714139,1.478669047619043
ema_fixed_high,homo,10,20,42,1000,1.644,1.622,0.9801666666666663,9.864,0.4932000000000046,2.085,0.20377142857142802,0.03801265555111521,3.6858226190476255
ema_adaptive,homo,10,20,42,1000,1.692,1.622,1.0065000000000006,10.152,0.5076000000000048,2.139,0.18642142857142827,0.038855919760530606,1.82782142857142
ema_ad_low,homo,10,20,42,1000,1.685,1.622,0.9999999999999997,10.11,0.5055000000000048,1.698,0.24916031746031692,0.024743205221359855,1.3330309523809487
ema_ad_med,homo,10,20,42,1000,1.693,1.622,0.9874999999999993,10.158,0.5079000000000057,1.819,0.2256841269841263,0.02945291451232964,1.4531742063492024
ema_no_coll,homo,10,20,42,1000,1.737,1.622,1.023666666666667,10.422,0.5211000000000041,1.582,0.24827063492063456,0.02337064391706433,1.1285357142857129
consec_L2,homo,10,20,42,1000,1.705,1.622,1.0276666666666667,10.23,0.5115000000000046,1.994,0.1949611111111104,0.038911261797516875,1.3746222222222169
consec_L4,homo,10,20,42,1000,1.635,1.622,0.9661666666666665,9.81,0.49050000000000504,2.155,0.1982837301587297,0.03966043118232644,0.1710630952380952
dcf_self_excl,homo,10,20,42,1000,1.382,1.622,0.8236666666666675,8.292,0.4146000000000053,2.768,0.18243690476190436,0.0,0.0
pnd,homo,10,20,42,1000,1.642,1.622,0.9704999999999995,9.852,0.4926000000000047,1.536,0.2732690476190466,0.0,0.0
pnd_cd,homo,10,20,42,1000,1.614,1.622,0.9671666666666665,9.684,0.48420000000000424,1.529,0.27705238095238033,0.0,0.0
and,homo,10,20,42,1000,0.025,1.622,0.010333333333333332,0.15,0.007499999999999997,0.001,0.9914166666666665,0.0,0.0
oracle,homo,10,20,123,1000,1.638,1.603,0.9473333333333334,9.828,0.4914000000000049,1.444,0.28837896825396747,0.0,0.0
mfg_no_excl,homo,10,20,123,1000,1.683,1.603,0.9879999999999999,10.098,0.5049000000000046,1.416,0.28126666666666583,0.0,0.0
self_excl_only,homo,10,20,123,1000,1.667,1.603,0.9771666666666662,10.002,0.5001000000000049,1.428,0.28802103174603105,0.0,0.0
ema_fixed_low,homo,10,20,123,1000,1.637,1.603,0.9604999999999997,9.822,0.49110000000000487,2.201,0.19409841269841224,0.0393299435414493,1.4705920634920586
ema_fixed_high,homo,10,20,123,1000,1.715,1.603,1.0131666666666663,10.29,0.5145000000000038,1.966,0.19704523809523758,0.037649493883394926,3.369754761904769
ema_adaptive,homo,10,20,123,1000,1.671,1.603,0.9893333333333334,10.026,0.5013000000000052,2.061,0.197228571428571,0.039008001958154806,1.7933369047618979
ema_ad_low,homo,10,20,123,1000,1.697,1.603,1.0096666666666665,10.182,0.5091000000000052,1.754,0.23857301587301563,0.024691752385831,1.358535317460314
ema_ad_med,homo,10,20,123,1000,1.727,1.603,1.0194999999999999,10.362,0.5181000000000047,1.779,0.2219047619047613,0.02977176328476137,1.426185714285709
ema_no_coll,homo,10,20,123,1000,1.652,1.603,0.9801666666666659,9.912,0.4956000000000049,1.626,0.26679087301587234,0.022411410740830983,1.1951468253968232
consec_L2,homo,10,20,123,1000,1.593,1.603,0.9396666666666671,9.558,0.47790000000000366,2.067,0.20928492063492002,0.03934167963841351,1.374088888888885
consec_L4,homo,10,20,123,1000,1.649,1.603,0.9714999999999996,9.894,0.4947000000000048,2.186,0.1955888888888884,0.03922932837247767,0.1881607142857143
dcf_self_excl,homo,10,20,123,1000,1.352,1.603,0.8,8.112,0.4056000000000048,2.762,0.19188531746031703,0.0,0.0
pnd,homo,10,20,123,1000,1.626,1.603,0.9643333333333333,9.756,0.48780000000000473,1.457,0.28493333333333243,0.0,0.0
pnd_cd,homo,10,20,123,1000,1.656,1.603,0.9709999999999995,9.936,0.49680000000000446,1.464,0.2748357142857137,0.0,0.0
and,homo,10,20,123,1000,0.031,1.603,0.01566666666666667,0.186,0.009300000000000001,0.004,0.9886666666666665,0.0,0.0
oracle,homo,10,20,456,1000,1.612,1.659,0.9393333333333331,9.672,0.4836000000000048,1.463,0.2945904761904755,0.0,0.0
mfg_no_excl,homo,10,20,456,1000,1.653,1.659,0.9474999999999998,9.918,0.4959000000000049,1.435,0.2888734126984118,0.0,0.0
self_excl_only,homo,10,20,456,1000,1.653,1.659,0.9749999999999998,9.918,0.4959000000000049,1.459,0.28689285714285595,0.0,0.0
ema_fixed_low,homo,10,20,456,1000,1.677,1.659,1.0064999999999997,10.062,0.5031000000000043,2.162,0.1896420634920629,0.039450443239786755,1.3340126984126943
ema_fixed_high,homo,10,20,456,1000,1.637,1.659,0.957333333333333,9.822,0.49110000000000453,1.993,0.21245476190476148,0.037236784652285464,3.5421964285714376
ema_adaptive,homo,10,20,456,1000,1.677,1.659,0.971333333333333,10.062,0.5031000000000053,2.203,0.18773253968253942,0.038263434502816475,1.907154365079357
ema_ad_low,homo,10,20,456,1000,1.697,1.659,0.994166666666666,10.182,0.5091000000000052,1.678,0.2442968253968249,0.024951089450532992,1.3265825396825377
ema_ad_med,homo,10,20,456,1000,1.729,1.659,1.0009999999999997,10.374,0.5187000000000048,1.748,0.22676190476190428,0.029603722044247247,1.3985595238095205
ema_no_coll,homo,10,20,456,1000,1.654,1.659,0.9584999999999999,9.924,0.49620000000000525,1.635,0.2666476190476182,0.022368252453090792,1.1468595238095216
consec_L2,homo,10,20,456,1000,1.663,1.659,0.9714999999999998,9.978,0.4989000000000038,1.961,0.20328849206349148,0.039616198585109716,1.3495293650793607
consec_L4,homo,10,20,456,1000,1.711,1.659,0.9979999999999999,10.266,0.5133000000000043,2.123,0.18771111111111038,0.039125109566413435,0.17956150793650796
dcf_self_excl,homo,10,20,456,1000,1.374,1.659,0.8001666666666672,8.244,0.4122000000000046,2.75,0.1894996031746027,0.0,0.0
pnd,homo,10,20,456,1000,1.594,1.659,0.9453333333333332,9.564,0.4782000000000041,1.452,0.29123571428571277,0.0,0.0
pnd_cd,homo,10,20,456,1000,1.594,1.659,0.9214999999999999,9.564,0.4782000000000044,1.518,0.28471428571428475,0.0,0.0
and,homo,10,20,456,1000,0.031,1.659,0.018833333333333337,0.186,0.009300000000000001,0.005,0.9884166666666662,0.0,0.0
oracle,homo,10,20,789,1000,1.648,1.623,0.9784999999999996,9.888,0.49440000000000506,1.481,0.2818289682539677,0.0,0.0
mfg_no_excl,homo,10,20,789,1000,1.68,1.623,1.0033333333333325,10.08,0.5040000000000049,1.431,0.28394126984126905,0.0,0.0
self_excl_only,homo,10,20,789,1000,1.635,1.623,0.9581666666666658,9.81,0.4905000000000053,1.449,0.2918031746031739,0.0,0.0
ema_fixed_low,homo,10,20,789,1000,1.685,1.623,0.9754999999999996,10.11,0.5055000000000048,2.177,0.183330952380952,0.039180080144623645,1.4475952380952326
ema_fixed_high,homo,10,20,789,1000,1.668,1.623,0.9841666666666665,10.008,0.5004000000000046,2.001,0.2067769841269834,0.037845062115437145,3.429750793650799
ema_adaptive,homo,10,20,789,1000,1.691,1.623,1.0143333333333333,10.146,0.5073000000000051,2.1,0.18779444444444407,0.0388332828793644,1.8166011904761845
ema_ad_low,homo,10,20,789,1000,1.687,1.623,1.0016666666666665,10.122,0.506100000000005,1.671,0.24405793650793592,0.024740658404279883,1.3023773809523773
ema_ad_med,homo,10,20,789,1000,1.732,1.623,0.9976666666666663,10.392,0.5196000000000045,1.839,0.21238809523809488,0.029747639443522485,1.4626210317460275
ema_no_coll,homo,10,20,789,1000,1.67,1.623,1.0021666666666669,10.02,0.5010000000000049,1.605,0.2648202380952374,0.022537820917434667,1.202798809523807
consec_L2,homo,10,20,789,1000,1.623,1.623,0.9373333333333332,9.738,0.4869000000000044,2.035,0.21124007936507877,0.03906799290389532,1.3945936507936465
consec_L4,homo,10,20,789,1000,1.706,1.623,0.9963333333333332,10.236,0.5118000000000047,2.12,0.18531507936507877,0.03890137896875908,0.14406349206349212
dcf_self_excl,homo,10,20,789,1000,1.369,1.623,0.7976666666666662,8.214,0.4107000000000046,2.743,0.19109523809523762,0.0,0.0
pnd,homo,10,20,789,1000,1.601,1.623,0.9336666666666666,9.606,0.4803000000000049,1.403,0.30111190476190347,0.0,0.0
pnd_cd,homo,10,20,789,1000,1.64,1.623,0.9709999999999995,9.84,0.49200000000000516,1.439,0.28613571428571377,0.0,0.0
and,homo,10,20,789,1000,0.037,1.623,0.020333333333333328,0.222,0.011100000000000006,0.002,0.9871666666666662,0.0,0.0
oracle,homo,10,20,1234,1000,1.659,1.639,1.0115,9.954,0.4977000000000051,1.467,0.28105595238095155,0.0,0.0
mfg_no_excl,homo,10,20,1234,1000,1.676,1.639,1.0366666666666666,10.056,0.5028000000000051,1.494,0.2758103174603167,0.0,0.0
self_excl_only,homo,10,20,1234,1000,1.665,1.639,1.0216666666666667,9.99,0.4995000000000044,1.505,0.2767761904761895,0.0,0.0
ema_fixed_low,homo,10,20,1234,1000,1.672,1.639,1.018833333333333,10.032,0.501600000000005,2.206,0.18763293650793605,0.03881814614784,1.4967011904761853
ema_fixed_high,homo,10,20,1234,1000,1.657,1.639,0.9911666666666665,9.942,0.49710000000000465,1.975,0.20918968253968184,0.03860688740915441,3.4301515873015904
ema_adaptive,homo,10,20,1234,1000,1.673,1.639,1.029666666666667,10.038,0.5019000000000047,2.143,0.1937031746031739,0.03883302300152887,1.9234797619047532
ema_ad_low,homo,10,20,1234,1000,1.736,1.639,1.0628333333333335,10.416,0.5208000000000051,1.638,0.24294841269841214,0.025197899972538858,1.1762690476190454
ema_ad_med,homo,10,20,1234,1000,1.653,1.639,1.0063333333333329,9.918,0.49590000000000456,1.901,0.22490793650793595,0.029225203838447678,1.6020579365079308
ema_no_coll,homo,10,20,1234,1000,1.619,1.639,0.9895,9.714,0.4857000000000046,1.571,0.27955873015872984,0.022057843107798902,1.1687575396825378
consec_L2,homo,10,20,1234,1000,1.634,1.639,0.9784999999999997,9.804,0.4902000000000045,2.035,0.2046539682539677,0.038979206396490836,1.4032674603174546
consec_L4,homo,10,20,1234,1000,1.65,1.639,1.005,9.9,0.49500000000000416,2.127,0.19387460317460287,0.03991822434656787,0.14915277777777777
dcf_self_excl,homo,10,20,1234,1000,1.357,1.639,0.828,8.142,0.40710000000000485,2.748,0.19441666666666604,0.0,0.0
pnd,homo,10,20,1234,1000,1.66,1.639,1.0304999999999997,9.96,0.4980000000000053,1.452,0.2796047619047611,0.0,0.0
pnd_cd,homo,10,20,1234,1000,1.64,1.639,1.0061666666666662,9.84,0.49200000000000477,1.452,0.282084523809523,0.0,0.0
and,homo,10,20,1234,1000,0.04,1.639,0.019499999999999997,0.24,0.012000000000000007,0.001,0.9864166666666663,0.0,0.0
oracle,homo,10,50,42,1000,4.399,4.282,1.1886047619047624,26.394,0.5278800000000086,3.818,0.26587695882548873,0.0,0.0
mfg_no_excl,homo,10,50,42,1000,4.32,4.282,1.16645119047619,25.92,0.5184000000000081,3.783,0.27285291546688695,0.0,0.0
self_excl_only,homo,10,50,42,1000,4.324,4.282,1.1564940476190482,25.944,0.5188800000000082,3.938,0.26644088366483953,0.0,0.0
ema_fixed_low,homo,10,50,42,1000,4.69,4.282,1.259414285714286,28.14,0.5628000000000091,9.283,0.09990956517092389,0.07472582541405116,3.2295113635039394
ema_fixed_high,homo,10,50,42,1000,4.562,4.282,1.2278702380952375,27.372,0.547440000000009,7.683,0.1380995862539598,0.06542221224857689,4.030460541243249
ema_adaptive,homo,10,50,42,1000,4.645,4.282,1.2594761904761904,27.87,0.557400000000009,9.23,0.10381120375014738,0.07479131882549864,3.091061167520652
ema_ad_low,homo,10,50,42,1000,4.689,4.282,1.2588833333333336,28.134,0.5626800000000094,6.02,0.17378336301641287,0.051517664600749476,1.7303167611628152
ema_ad_med,homo,10,50,42,1000,4.738,4.282,1.2778976190476194,28.428,0.5685600000000097,7.165,0.1387886622364566,0.06222274163856601,2.2376270902815785
ema_no_coll,homo,10,50,42,1000,4.689,4.282,1.2641047619047616,28.134,0.5626800000000093,5.233,0.19781216383375827,0.045519945951539444,1.3391992894059863
consec_L2,homo,10,50,42,1000,4.641,4.282,1.2474845238095233,27.846,0.5569200000000091,7.671,0.13063480852223217,0.06749958616646885,2.0733487431771893
consec_L4,homo,10,50,42,1000,4.566,4.282,1.236748809523809,27.396,0.5479200000000086,9.468,0.10347390886547318,0.07630596275927069,0.9555450939755116
dcf_self_excl,homo,10,50,42,1000,3.698,4.282,0.9948630952380956,22.188,0.44376000000000676,8.134,0.1946870209726637,0.0,0.0
pnd,homo,10,50,42,1000,4.244,4.282,1.1511321428571435,25.464,0.5092800000000081,4.046,0.25585658785658894,0.0,0.0
pnd_cd,homo,10,50,42,1000,4.212,4.282,1.1349428571428564,25.272,0.5054400000000078,4.232,0.2509303446553455,0.0,0.0
and,homo,10,50,42,1000,0.87,4.282,0.23669285714285695,5.22,0.10440000000000017,0.274,0.8647308080808107,0.0,0.0
oracle,homo,10,50,123,1000,4.334,4.299,1.1581809523809525,26.004,0.5200800000000084,3.765,0.27363914875544193,0.0,0.0
mfg_no_excl,homo,10,50,123,1000,4.406,4.299,1.1764095238095233,26.436,0.5287200000000083,3.704,0.2675666595659249,0.0,0.0
self_excl_only,homo,10,50,123,1000,4.31,4.299,1.1503035714285719,25.86,0.5172000000000084,3.635,0.2789886829673601,0.0,0.0
ema_fixed_low,homo,10,50,123,1000,4.614,4.299,1.2274166666666664,27.684,0.553680000000009,9.43,0.10242677735663087,0.07365043849420141,3.326381899991133
ema_fixed_high,homo,10,50,123,1000,4.729,4.299,1.266060714285712,28.374,0.5674800000000089,7.502,0.12926897477737329,0.06631656283429636,3.814690195215004
ema_adaptive,homo,10,50,123,1000,4.61,4.299,1.2267714285714302,27.66,0.553200000000009,9.333,0.1048079174763263,0.07460116673734499,3.186565803342011
ema_ad_low,homo,10,50,123,1000,4.709,4.299,1.2528297619047633,28.254,0.5650800000000091,5.975,0.1720996907246521,0.05159671527265546,1.7519221450634004
ema_ad_med,homo,10,50,123,1000,4.752,4.299,1.2671559523809517,28.512,0.5702400000000095,7.004,0.1420588289892085,0.06267778534953605,2.1834820731684887
ema_no_coll,homo,10,50,123,1000,4.548,4.299,1.2111869047619053,27.288,0.5457600000000089,5.268,0.20956735088526898,0.0432824830067914,1.4164144287815716
consec_L2,homo,10,50,123,1000,4.577,4.299,1.2174952380952377,27.462,0.5492400000000096,7.78,0.13513528595157914,0.06720045816723691,2.1022095880985185
consec_L4,homo,10,50,123,1000,4.537,4.299,1.2149797619047609,27.222,0.5444400000000091,9.63,0.10235561039090338,0.07672214930020109,0.9555177149886783
dcf_self_excl,homo,10,50,123,1000,3.709,4.299,0.9925654761904756,22.254,0.4450800000000072,8.156,0.19280035231366482,0.0,0.0
pnd,homo,10,50,123,1000,4.146,4.299,1.1144273809523804,24.876,0.4975200000000077,4.011,0.26580276945277065,0.0,0.0
pnd_cd,homo,10,50,123,1000,4.298,4.299,1.1468630952380938,25.788,0.5157600000000081,4.2,0.24558219558219682,0.0,0.0
and,homo,10,50,123,1000,0.9,4.299,0.23757738095238076,5.4,0.10800000000000018,0.278,0.8611305555555581,0.0,0.0
oracle,homo,10,50,456,1000,4.31,4.323,1.1345083333333328,25.86,0.517200000000008,3.802,0.2740899413452052,0.0,0.0
mfg_no_excl,homo,10,50,456,1000,4.308,4.323,1.134719047619047,25.848,0.5169600000000082,3.792,0.27465014691191236,0.0,0.0
self_excl_only,homo,10,50,456,1000,4.351,4.323,1.1496702380952377,26.106,0.522120000000008,3.714,0.27250092595313263,0.0,0.0
ema_fixed_low,homo,10,50,456,1000,4.606,4.323,1.2222476190476188,27.636,0.5527200000000085,9.465,0.10255451034607287,0.07448077853191032,3.2879318308228567
ema_fixed_high,homo,10,50,456,1000,4.646,4.323,1.2299452380952374,27.876,0.5575200000000093,7.608,0.13599689350037678,0.06545228988445108,3.9374618621187856
ema_adaptive,homo,10,50,456,1000,4.624,4.323,1.2276035714285705,27.744,0.5548800000000089,9.392,0.10345225844727103,0.07402023526919306,3.1834853451452036
ema_ad_low,homo,10,50,456,1000,4.693,4.323,1.2376857142857147,28.158,0.5631600000000081,6.023,0.17255096692523167,0.052100379645114284,1.7513458605120384
ema_ad_med,homo,10,50,456,1000,4.756,4.323,1.2582464285714283,28.536,0.5707200000000094,7.102,0.139116432539769,0.06192380387594653,2.2228510691965395
ema_no_coll,homo,10,50,456,1000,4.584,4.323,1.215071428571428,27.504,0.5500800000000087,5.187,0.2052726696849765,0.043375363213184366,1.3646156081062049
consec_L2,homo,10,50,456,1000,4.638,4.323,1.2311345238095235,27.828,0.5565600000000092,7.496,0.13461662403643898,0.06809931305488505,2.039409649964755
consec_L4,homo,10,50,456,1000,4.69,4.323,1.235130952380952,28.14,0.5628000000000088,9.331,0.09708473163489464,0.07716728907227036,0.9006530402930403
dcf_self_excl,homo,10,50,456,1000,3.678,4.323,0.9731797619047615,22.068,0.44136000000000697,8.095,0.19662218356548863,0.0,0.0
pnd,homo,10,50,456,1000,4.127,4.323,1.0967214285714275,24.762,0.49524000000000734,3.981,0.2680716061716074,0.0,0.0
pnd_cd,homo,10,50,456,1000,4.264,4.323,1.1279666666666655,25.584,0.511680000000008,4.229,0.2467983238983248,0.0,0.0
and,homo,10,50,456,1000,0.881,4.323,0.2354892857142855,5.286,0.10572000000000004,0.277,0.8632250000000026,0.0,0.0
oracle,homo,10,50,789,1000,4.314,4.305,1.1601702380952366,25.884,0.5176800000000079,3.75,0.27504187291466786,0.0,0.0
mfg_no_excl,homo,10,50,789,1000,4.342,4.305,1.1641785714285708,26.052,0.5210400000000084,3.777,0.2710467003928312,0.0,0.0
self_excl_only,homo,10,50,789,1000,4.302,4.305,1.1499702380952364,25.812,0.5162400000000086,3.669,0.2783023472399643,0.0,0.0
ema_fixed_low,homo,10,50,789,1000,4.649,4.305,1.2406916666666656,27.894,0.5578800000000089,9.298,0.1027660319660826,0.07457602897317903,3.246104145008757
ema_fixed_high,homo,10,50,789,1000,4.679,4.305,1.2477499999999997,28.074,0.5614800000000097,7.665,0.1320589074453246,0.06590594112655694,3.931117425604151
ema_adaptive,homo,10,50,789,1000,4.641,4.305,1.236779761904762,27.846,0.5569200000000091,9.289,0.10385673646857674,0.07494860001096137,3.110260313162294
ema_ad_low,homo,10,50,789,1000,4.75,4.305,1.2742035714285713,28.5,0.5700000000000094,5.9,0.17152861341874517,0.0522338916575029,1.7014067114344211
ema_ad_med,homo,10,50,789,1000,4.739,4.305,1.2729440476190472,28.434,0.5686800000000094,7.121,0.13875761268745054,0.06205253197864819,2.289465617784351
ema_no_coll,homo,10,50,789,1000,4.552,4.305,1.2076559523809534,27.312,0.5462400000000087,5.203,0.20968418817594556,0.04368161626429813,1.3878477660153756
consec_L2,homo,10,50,789,1000,4.553,4.305,1.2116630952380945,27.318,0.5463600000000092,7.847,0.13473674306000244,0.06744029820856312,2.11659919684289
consec_L4,homo,10,50,789,1000,4.634,4.305,1.2309238095238084,27.804,0.556080000000009,9.362,0.09997245429130852,0.07649067629006152,0.936773097321533
dcf_self_excl,homo,10,50,789,1000,3.688,4.305,0.9843738095238099,22.128,0.44256000000000695,8.184,0.1934167487440322,0.0,0.0
pnd,homo,10,50,789,1000,4.196,4.305,1.120641666666667,25.176,0.503520000000008,3.926,0.2654700604950611,0.0,0.0
pnd_cd,homo,10,50,789,1000,4.334,4.305,1.1519464285714278,26.004,0.5200800000000089,4.211,0.2417151945276953,0.0,0.0
and,homo,10,50,789,1000,0.875,4.305,0.23341428571428524,5.25,0.1050000000000001,0.261,0.865619444444446,0.0,0.0
oracle,homo,10,50,1234,1000,4.274,4.327,1.124139285714285,25.644,0.5128800000000081,3.852,0.2758495908503267,0.0,0.0
mfg_no_excl,homo,10,50,1234,1000,4.336,4.327,1.1269178571428555,26.016,0.5203200000000088,3.811,0.27051025500127746,0.0,0.0
self_excl_only,homo,10,50,1234,1000,4.34,4.327,1.1417130952380954,26.04,0.520800000000008,3.822,0.26921582183726206,0.0,0.0
ema_fixed_low,homo,10,50,1234,1000,4.655,4.327,1.2257726190476186,27.93,0.5586000000000091,9.121,0.10564351165566964,0.0743133421673825,3.224826417172139
ema_fixed_high,homo,10,50,1234,1000,4.649,4.327,1.228333333333334,27.894,0.5578800000000087,7.571,0.13566919687639545,0.06603083206288961,3.926869477130198
ema_adaptive,homo,10,50,1234,1000,4.682,4.327,1.2339976190476194,28.092,0.561840000000009,9.234,0.10172908406168148,0.07460597239392679,3.128545051779896
ema_ad_low,homo,10,50,1234,1000,4.796,4.327,1.268838095238095,28.776,0.5755200000000096,5.958,0.1672083271089077,0.05270644781542255,1.639075690266905
ema_ad_med,homo,10,50,1234,1000,4.745,4.327,1.2445916666666663,28.47,0.5694000000000097,7.159,0.13854581190634543,0.061846728904905196,2.263567054624867
ema_no_coll,homo,10,50,1234,1000,4.535,4.327,1.1956214285714284,27.21,0.544200000000008,5.122,0.21282922396231235,0.04366002709678625,1.3892310091868916
consec_L2,homo,10,50,1234,1000,4.537,4.327,1.190421428571429,27.222,0.5444400000000089,7.827,0.135957189443684,0.06704438633869111,2.1528329149737444
consec_L4,homo,10,50,1234,1000,4.588,4.327,1.201160714285715,27.528,0.5505600000000088,9.581,0.0995107173320173,0.0770298399961765,0.9528672779707547
dcf_self_excl,homo,10,50,1234,1000,3.663,4.327,0.9615369047619041,21.978,0.43956000000000667,8.142,0.1955933891959433,0.0,0.0
pnd,homo,10,50,1234,1000,4.225,4.327,1.1004535714285704,25.35,0.5070000000000082,4.015,0.26028555611055737,0.0,0.0
pnd_cd,homo,10,50,1234,1000,4.248,4.327,1.1228190476190465,25.488,0.5097600000000081,4.281,0.24611252636252715,0.0,0.0
and,homo,10,50,1234,1000,0.857,4.327,0.22488214285714242,5.142,0.10284000000000025,0.254,0.8687398989899014,0.0,0.0
oracle,homo,10,100,42,1000,8.868,8.777,1.0639571428571415,53.208,0.5320800000000083,6.693,0.24622150982229785,0.0,0.0
mfg_no_excl,homo,10,100,42,1000,8.796,8.777,1.0555353174603164,52.776,0.5277600000000084,6.695,0.25109550597359137,0.0,0.0
self_excl_only,homo,10,100,42,1000,8.776,8.777,1.0541587301587292,52.656,0.5265600000000085,6.817,0.2503380143369517,0.0,0.0
ema_fixed_low,homo,10,100,42,1000,9.287,8.777,1.113986904761902,55.722,0.5572200000000086,22.363,0.0685688687763789,0.17418719835869304,2.792035873903496
ema_fixed_high,homo,10,100,42,1000,9.198,8.777,1.1042460317460305,55.188,0.5518800000000084,18.252,0.0952489496278779,0.15352136994880897,3.044450842386172
ema_adaptive,homo,10,100,42,1000,9.277,8.777,1.1123781746031716,55.662,0.5566200000000084,22.447,0.06956579152979783,0.1725019490878821,2.8001938928638967
ema_ad_low,homo,10,100,42,1000,9.221,8.777,1.1062503968253938,55.326,0.5532600000000085,17.712,0.10254985365607862,0.17026945004101898,1.9449310757149996
ema_ad_med,homo,10,100,42,1000,9.305,8.777,1.1177150793650765,55.83,0.5583000000000083,19.9,0.0852785079868622,0.1760938848199287,2.2865373368753454
ema_no_coll,homo,10,100,42,1000,9.258,8.777,1.1085305555555522,55.548,0.5554800000000086,15.921,0.1191740699801139,0.17184324384625,1.5256814218158516
consec_L2,homo,10,100,42,1000,9.185,8.777,1.103359523809522,55.11,0.5511000000000088,18.242,0.0915711598087908,0.15604722402393043,1.7346892959136946
consec_L4,homo,10,100,42,1000,9.068,8.777,1.0861313492063478,54.408,0.544080000000008,24.654,0.06072154372046253,0.17593334414562076,0.9802134756807105
dcf_self_excl,homo,10,100,42,1000,8.102,8.777,0.9719313492063467,48.612,0.48612000000000727,23.735,0.10898563035613601,0.0,0.0
pnd,homo,10,100,42,1000,8.79,8.777,1.0528396825396813,52.74,0.5274000000000086,9.257,0.21027549540010546,0.0,0.0
pnd_cd,homo,10,100,42,1000,8.832,8.777,1.055544047619045,52.992,0.5299200000000084,10.571,0.1882209556263385,0.0,0.0
and,homo,10,100,42,1000,3.408,8.777,0.41155634920634954,20.448,0.20448000000000216,1.324,0.7339867638347206,0.0,0.0
oracle,homo,10,100,123,1000,8.818,8.794,1.0473944444444432,52.908,0.5290800000000082,6.739,0.25049573684080856,0.0,0.0
mfg_no_excl,homo,10,100,123,1000,8.904,8.794,1.0565444444444434,53.424,0.5342400000000082,6.572,0.24779072490832202,0.0,0.0
self_excl_only,homo,10,100,123,1000,8.74,8.794,1.0388765873015864,52.44,0.5244000000000083,6.547,0.25967880413763844,0.0,0.0
ema_fixed_low,homo,10,100,123,1000,9.27,8.794,1.0984361111111096,55.62,0.5562000000000079,22.344,0.07008837945451583,0.17063614928800286,2.849965123875725
ema_fixed_high,homo,10,100,123,1000,9.342,8.794,1.109924206349204,56.052,0.5605200000000086,17.822,0.089237689739255,0.16026157931419205,2.8906093800353725
ema_adaptive,homo,10,100,123,1000,9.236,8.794,1.0971777777777756,55.416,0.5541600000000083,22.69,0.07137715675203504,0.17134425818707008,2.8414260547135157
ema_ad_low,homo,10,100,123,1000,9.28,8.794,1.1008031746031728,55.68,0.5568000000000084,17.775,0.10062847709212365,0.17364245409034712,1.9369697697459733
ema_ad_med,homo,10,100,123,1000,9.332,8.794,1.1075337301587278,55.992,0.5599200000000086,19.58,0.08409304404895629,0.17706301616264075,2.257457622702478
ema_no_coll,homo,10,100,123,1000,9.204,8.794,1.0906793650793631,55.224,0.5522400000000087,15.988,0.12340328765443695,0.16728596046896946,1.5699106567133019
consec_L2,homo,10,100,123,1000,9.213,8.794,1.0946067460317448,55.278,0.5527800000000084,18.553,0.08982316703571909,0.155682368145728,1.7494761467009499
consec_L4,homo,10,100,123,1000,9.033,8.794,1.0741968253968242,54.198,0.5419800000000083,24.758,0.06273191470490944,0.1750167344988647,0.980034402753215
dcf_self_excl,homo,10,100,123,1000,8.098,8.794,0.9614753968253954,48.588,0.48588000000000725,23.817,0.10906872909310626,0.0,0.0
pnd,homo,10,100,123,1000,8.663,8.794,1.0278757936507925,51.978,0.5197800000000085,9.336,0.21542759595022692,0.0,0.0
pnd_cd,homo,10,100,123,1000,8.959,8.794,1.064501190476189,53.754,0.5375400000000085,10.465,0.18205803340238869,0.0,0.0
and,homo,10,100,123,1000,3.256,8.794,0.3840444444444445,19.536,0.19536000000000217,1.324,0.7436036933854052,0.0,0.0
oracle,homo,10,100,456,1000,8.921,8.839,1.0471932539682527,53.526,0.5352600000000085,6.566,0.2477420053500964,0.0,0.0
mfg_no_excl,homo,10,100,456,1000,8.854,8.839,1.0415638888888874,53.124,0.531240000000008,6.727,0.2502138973602963,0.0,0.0
self_excl_only,homo,10,100,456,1000,8.888,8.839,1.043697222222221,53.328,0.5332800000000085,6.558,0.24904361958256582,0.0,0.0
ema_fixed_low,homo,10,100,456,1000,9.243,8.839,1.0865777777777759,55.458,0.5545800000000084,22.661,0.06976030213750184,0.17097068576167407,2.8520914668818835
ema_fixed_high,homo,10,100,456,1000,9.193,8.839,1.0792801587301561,55.158,0.5515800000000087,18.033,0.09563574279866294,0.15561907217861073,3.0141474475547008
ema_adaptive,homo,10,100,456,1000,9.245,8.839,1.0864742063492037,55.47,0.5547000000000082,22.541,0.07071338051190708,0.16991352210108507,2.8545708948785222
ema_ad_low,homo,10,100,456,1000,9.274,8.839,1.0898460317460286,55.644,0.5564400000000085,17.626,0.10045143648254627,0.1725032511859949,1.939753018835659
ema_ad_med,homo,10,100,456,1000,9.307,8.839,1.092518650793648,55.842,0.5584200000000088,19.689,0.08464888620995882,0.17642198552550145,2.2691975886808318
ema_no_coll,homo,10,100,456,1000,9.175,8.839,1.0756281746031726,55.05,0.5505000000000084,15.745,0.12321851547333486,0.16369405374908694,1.5771539513378754
consec_L2,homo,10,100,456,1000,9.233,8.839,1.0851063492063473,55.398,0.553980000000009,18.348,0.0905657792922315,0.15841705455670774,1.7256844012826362
consec_L4,homo,10,100,456,1000,9.117,8.839,1.0697380952380924,54.702,0.5470200000000086,24.167,0.05936004200621315,0.17894480210844546,0.9495376904771711
dcf_self_excl,homo,10,100,456,1000,8.125,8.839,0.9541821428571412,48.75,0.4875000000000073,23.67,0.1086065798256313,0.0,0.0
pnd,homo,10,100,456,1000,8.621,8.839,1.014001190476189,51.726,0.5172600000000084,9.327,0.21621344284197905,0.0,0.0
pnd_cd,homo,10,100,456,1000,8.97,8.839,1.0536301587301569,53.82,0.5382000000000084,10.364,0.18153295580918094,0.0,0.0
and,homo,10,100,456,1000,3.258,8.839,0.3843373015873013,19.548,0.19548000000000226,1.249,0.7453184086036684,0.0,0.0
oracle,homo,10,100,789,1000,8.802,8.73,1.0590353174603169,52.812,0.5281200000000081,6.612,0.2528047623843172,0.0,0.0
mfg_no_excl,homo,10,100,789,1000,8.811,8.73,1.0556369047619039,52.866,0.5286600000000083,6.711,0.25116539708617897,0.0,0.0
self_excl_only,homo,10,100,789,1000,8.724,8.73,1.043540873015871,52.344,0.5234400000000085,6.647,0.25833527525740163,0.0,0.0
ema_fixed_low,homo,10,100,789,1000,9.217,8.73,1.104874999999998,55.302,0.5530200000000085,22.565,0.07032897620071855,0.17119193089284493,2.8307620422476547
ema_fixed_high,homo,10,100,789,1000,9.256,8.73,1.1102365079365069,55.536,0.5553600000000085,18.167,0.09295541296798936,0.15687096490564265,2.9783458164489116
ema_adaptive,homo,10,100,789,1000,9.262,8.73,1.11006984126984,55.572,0.5557200000000082,22.555,0.07021031488432523,0.17055281616511694,2.8091528469485514
ema_ad_low,homo,10,100,789,1000,9.3,8.73,1.1167892857142836,55.8,0.5580000000000084,17.57,0.09948813159229074,0.17331563406490105,1.894474339212251
ema_ad_med,homo,10,100,789,1000,9.28,8.73,1.1137761904761883,55.68,0.5568000000000088,19.813,0.0847791165363652,0.17715085931491487,2.3130634760098796
ema_no_coll,homo,10,100,789,1000,9.154,8.73,1.0971373015873005,54.924,0.5492400000000088,15.765,0.12441781615791701,0.16507909028755868,1.5489593418784566
consec_L2,homo,10,100,789,1000,9.23,8.73,1.106452777777776,55.38,0.5538000000000087,18.493,0.08989769955192264,0.15598579830247272,1.7545829728803433
consec_L4,homo,10,100,789,1000,9.061,8.73,1.0872980158730148,54.366,0.543660000000008,24.38,0.06067361349534221,0.17583887087941918,0.9686239225880341
dcf_self_excl,homo,10,100,789,1000,8.077,8.73,0.9677079365079355,48.462,0.4846200000000071,23.919,0.10859875265613424,0.0,0.0
pnd,homo,10,100,789,1000,8.681,8.73,1.04151111111111,52.086,0.5208600000000082,9.315,0.2144257459095648,0.0,0.0
pnd_cd,homo,10,100,789,1000,9.015,8.73,1.08090476190476,54.09,0.5409000000000084,10.368,0.1800602512868001,0.0,0.0
and,homo,10,100,789,1000,3.218,8.73,0.38341309523809575,19.308,0.19308000000000228,1.291,0.7459654363277806,0.0,0.0
oracle,homo,10,100,1234,1000,8.778,8.815,1.0412214285714265,52.668,0.5266800000000084,6.679,0.2547150807991785,0.0,0.0
mfg_no_excl,homo,10,100,1234,1000,8.865,8.815,1.0551039682539662,53.19,0.5319000000000081,6.654,0.24891385773277414,0.0,0.0
self_excl_only,homo,10,100,1234,1000,8.858,8.815,1.0532658730158717,53.148,0.5314800000000084,6.615,0.24750013071028693,0.0,0.0
ema_fixed_low,homo,10,100,1234,1000,9.234,8.815,1.0964202380952357,55.404,0.5540400000000085,22.328,0.0723944652158575,0.17284280021811155,2.814611961234487
ema_fixed_high,homo,10,100,1234,1000,9.216,8.815,1.0955373015873,55.296,0.5529600000000083,18.087,0.094763715580844,0.15624165336768442,2.9793315884032214
ema_adaptive,homo,10,100,1234,1000,9.251,8.815,1.0988380952380925,55.506,0.5550600000000088,22.486,0.07005449793924315,0.17309032094092547,2.8029090176294194
ema_ad_low,homo,10,100,1234,1000,9.268,8.815,1.1020222222222202,55.608,0.5560800000000085,17.807,0.09815551571974954,0.17417882946691368,1.8875876921081094
ema_ad_med,homo,10,100,1234,1000,9.302,8.815,1.1047011904761892,55.812,0.5581200000000085,19.669,0.08480926031546666,0.17607952878181243,2.298306924020665
ema_no_coll,homo,10,100,1234,1000,9.158,8.815,1.090128174603173,54.948,0.5494800000000083,15.63,0.1262221929884645,0.16338955075549758,1.5577979160241562
consec_L2,homo,10,100,1234,1000,9.21,8.815,1.0932595238095213,55.26,0.5526000000000085,18.556,0.09113013230603757,0.15388269557829262,1.779127546535273
consec_L4,homo,10,100,1234,1000,9.025,8.815,1.072478174603172,54.15,0.5415000000000084,24.616,0.060655468640171524,0.17598180127086852,0.9763863212985051
dcf_self_excl,homo,10,100,1234,1000,8.109,8.815,0.9640857142857121,48.654,0.4865400000000073,23.822,0.10881354146729967,0.0,0.0
pnd,homo,10,100,1234,1000,8.774,8.815,1.0391813492063484,52.644,0.5264400000000082,9.357,0.20932219847491404,0.0,0.0
pnd_cd,homo,10,100,1234,1000,8.871,8.815,1.0539392857142842,53.226,0.5322600000000083,10.394,0.18503642906917017,0.0,0.0
and,homo,10,100,1234,1000,3.166,8.815,0.38114880952381025,18.996,0.18996000000000204,1.272,0.7504459407445803,0.0,0.0
oracle,homo,10,200,42,1000,9.999,9.999,1.000011111111111,59.994,0.2999700000000057,7.092,0.23328881276072783,0.0,0.0
mfg_no_excl,homo,10,200,42,1000,10.0,9.999,1.0001111111111112,60.0,0.30000000000000565,7.115,0.2391306747526415,0.0,0.0
self_excl_only,homo,10,200,42,1000,10.0,9.999,1.0001111111111112,60.0,0.30000000000000565,7.268,0.23856431447079246,0.0,0.0
ema_fixed_low,homo,10,200,42,1000,10.0,9.999,1.0001111111111112,60.0,0.30000000000000565,23.741,0.06385303274595577,0.1904215594892702,2.637103407374683
ema_fixed_high,homo,10,200,42,1000,10.0,9.999,1.0001111111111112,60.0,0.30000000000000565,20.079,0.0865926482349467,0.17425113788740185,2.836464845695969
ema_adaptive,homo,10,200,42,1000,10.0,9.999,1.0001111111111112,60.0,0.30000000000000565,24.033,0.06424683937724752,0.18965601760187717,2.641295940483836
ema_ad_low,homo,10,200,42,1000,10.0,9.999,1.0001111111111112,60.0,0.30000000000000565,19.59,0.09183557827681667,0.19390106335725962,1.8282795358991213
ema_ad_med,homo,10,200,42,1000,10.0,9.999,1.0001111111111112,60.0,0.30000000000000565,21.522,0.07770002429511952,0.1955932417161894,2.1540997913269706
ema_no_coll,homo,10,200,42,1000,9.999,9.999,1.000011111111111,59.994,0.2999700000000057,17.958,0.10335559620853185,0.19957212448968267,1.4607439436932137
consec_L2,homo,10,200,42,1000,10.0,9.999,1.0001111111111112,60.0,0.30000000000000565,20.158,0.08388320269937988,0.175399774789877,1.630464375407383
consec_L4,homo,10,200,42,1000,10.0,9.999,1.0001111111111112,60.0,0.30000000000000565,27.747,0.05437363253806611,0.1994927315704724,0.9166372745166934
dcf_self_excl,homo,10,200,42,1000,9.966,9.999,0.9967111111111105,59.796,0.2989800000000055,42.909,0.07102271994875295,0.0,0.0
pnd,homo,10,200,42,1000,9.999,9.999,1.0000111111111112,59.994,0.2999700000000057,10.572,0.1909842713116182,0.0,0.0
pnd_cd,homo,10,200,42,1000,10.0,9.999,1.0001111111111112,60.0,0.30000000000000565,12.2,0.16882884421311325,0.0,0.0
and,homo,10,200,42,1000,9.726,9.999,0.9726777777777762,58.356,0.291780000000005,16.169,0.3792793572599885,0.0,0.0
oracle,homo,10,200,123,1000,10.0,10.0,1.0,60.0,0.30000000000000565,7.19,0.2377771467515217,0.0,0.0
mfg_no_excl,homo,10,200,123,1000,10.0,10.0,1.0,60.0,0.30000000000000565,6.982,0.23697345672434117,0.0,0.0
self_excl_only,homo,10,200,123,1000,10.0,10.0,1.0,60.0,0.30000000000000565,7.04,0.2461136359814794,0.0,0.0
ema_fixed_low,homo,10,200,123,1000,9.996,10.0,0.9996,59.976,0.29988000000000564,24.136,0.06444789246817338,0.1894403070002548,2.671923135715734
ema_fixed_high,homo,10,200,123,1000,10.0,10.0,1.0,60.0,0.30000000000000565,19.31,0.08196871543214251,0.17790364526000554,2.720577404698986
ema_adaptive,homo,10,200,123,1000,10.0,10.0,1.0,60.0,0.30000000000000565,24.305,0.06623643663960212,0.188912803409469,2.6808228275814843
ema_ad_low,homo,10,200,123,1000,9.997,10.0,0.9997,59.982,0.29991000000000567,19.729,0.09006363763901115,0.19744846783271622,1.8242751457636697
ema_ad_med,homo,10,200,123,1000,10.0,10.0,1.0,60.0,0.30000000000000565,21.338,0.07654810772189653,0.19688225989445274,2.123048865142303
ema_no_coll,homo,10,200,123,1000,10.0,10.0,1.0,60.0,0.30000000000000565,18.049,0.10703914147096508,0.19641847556155564,1.5040679291049392
consec_L2,homo,10,200,123,1000,10.0,10.0,1.0,60.0,0.30000000000000565,20.337,0.08320802401941467,0.17432944117401894,1.6463668902870532
consec_L4,homo,10,200,123,1000,10.0,10.0,1.0,60.0,0.30000000000000565,28.125,0.05602737029212716,0.20046247463260358,0.9119371762297386
dcf_self_excl,homo,10,200,123,1000,9.972,10.0,0.9971999999999998,59.832,0.2991600000000055,42.445,0.07142972220698045,0.0,0.0
pnd,homo,10,200,123,1000,9.998,10.0,0.9997999999999999,59.988,0.29994000000000565,10.803,0.194667219908028,0.0,0.0
pnd_cd,homo,10,200,123,1000,10.0,10.0,1.0,60.0,0.30000000000000565,11.951,0.16452789037826826,0.0,0.0
and,homo,10,200,123,1000,9.691,10.0,0.9690999999999982,58.146,0.29073000000000493,16.468,0.381641831080351,0.0,0.0
oracle,homo,10,200,456,1000,10.0,10.0,1.0,60.0,0.30000000000000565,6.98,0.2367401182214862,0.0,0.0
mfg_no_excl,homo,10,200,456,1000,10.0,10.0,1.0,60.0,0.30000000000000565,7.119,0.23797553858906645,0.0,0.0
self_excl_only,homo,10,200,456,1000,10.0,10.0,1.0,60.0,0.30000000000000565,7.006,0.23747009744964478,0.0,0.0
ema_fixed_low,homo,10,200,456,1000,10.0,10.0,1.0,60.0,0.30000000000000565,24.35,0.06406348820346236,0.18887497340709666,2.6774100533676783
ema_fixed_high,homo,10,200,456,1000,10.0,10.0,1.0,60.0,0.30000000000000565,19.976,0.08659345324117478,0.17629609083866565,2.8068974940672233
ema_adaptive,homo,10,200,456,1000,10.0,10.0,1.0,60.0,0.30000000000000565,24.132,0.06539531351782787,0.18749780536053937,2.6900414214789636
ema_ad_low,homo,10,200,456,1000,10.0,10.0,1.0,60.0,0.30000000000000565,19.539,0.08895166584484551,0.19630175497633237,1.8186675745619811
ema_ad_med,homo,10,200,456,1000,10.0,10.0,1.0,60.0,0.30000000000000565,21.34,0.07742257437412291,0.19592148391597045,2.1391235120626035
ema_no_coll,homo,10,200,456,1000,10.0,10.0,1.0,60.0,0.30000000000000565,17.931,0.10656255271918828,0.1934965265407672,1.4971606374465924
consec_L2,homo,10,200,456,1000,10.0,10.0,1.0,60.0,0.30000000000000565,20.187,0.08357759156454476,0.17690277799460394,1.625677735197513
consec_L4,homo,10,200,456,1000,10.0,10.0,1.0,60.0,0.30000000000000565,27.236,0.05318401423329168,0.20249678715539904,0.8867050099134929
dcf_self_excl,homo,10,200,456,1000,9.97,10.0,0.9969999999999998,59.82,0.2991000000000056,42.869,0.07120387689261898,0.0,0.0
pnd,homo,10,200,456,1000,9.999,10.0,0.9999,59.994,0.2999700000000057,10.827,0.19399238639943198,0.0,0.0
pnd_cd,homo,10,200,456,1000,10.0,10.0,1.0,60.0,0.30000000000000565,11.876,0.16327283868967843,0.0,0.0
and,homo,10,200,456,1000,9.696,10.0,0.969599999999999,58.176,0.290880000000005,15.908,0.38603663581868586,0.0,0.0
oracle,homo,10,200,789,1000,10.0,10.0,1.0,60.0,0.30000000000000565,7.057,0.23986354033364582,0.0,0.0
mfg_no_excl,homo,10,200,789,1000,10.0,10.0,1.0,60.0,0.30000000000000565,7.109,0.2386489707921673,0.0,0.0
self_excl_only,homo,10,200,789,1000,10.0,10.0,1.0,60.0,0.30000000000000565,7.103,0.24556151049642158,0.0,0.0
ema_fixed_low,homo,10,200,789,1000,9.998,10.0,0.9997999999999999,59.988,0.29994000000000565,24.226,0.06504563060171265,0.18884456158618015,2.655850439967244
ema_fixed_high,homo,10,200,789,1000,10.0,10.0,1.0,60.0,0.30000000000000565,19.935,0.08478912212950893,0.17674792141834986,2.7853957954911635
ema_adaptive,homo,10,200,789,1000,9.999,10.0,0.9999,59.994,0.2999700000000057,24.27,0.0646044356704763,0.1888955585669768,2.652240647551629
ema_ad_low,homo,10,200,789,1000,10.0,10.0,1.0,60.0,0.30000000000000565,19.464,0.08924367099534233,0.19755141419114972,1.7933701514599532
ema_ad_med,homo,10,200,789,1000,10.0,10.0,1.0,60.0,0.30000000000000565,21.593,0.07673201905358319,0.19755378167486995,2.1707272064655836
ema_no_coll,homo,10,200,789,1000,9.998,10.0,0.9997999999999999,59.988,0.29994000000000565,17.979,0.10752150697503238,0.19484270730204653,1.4813095121319988
consec_L2,homo,10,200,789,1000,10.0,10.0,1.0,60.0,0.30000000000000565,20.276,0.08303507464931163,0.17431747828481153,1.6546867254295046
consec_L4,homo,10,200,789,1000,10.0,10.0,1.0,60.0,0.30000000000000565,27.648,0.05402704981307019,0.2019984121845359,0.9021708896398557
dcf_self_excl,homo,10,200,789,1000,9.979,10.0,0.9978999999999998,59.874,0.2993700000000056,41.889,0.07158625167241342,0.0,0.0
pnd,homo,10,200,789,1000,9.996,10.0,0.9996,59.976,0.2998800000000057,10.68,0.19474505059245023,0.0,0.0
pnd_cd,homo,10,200,789,1000,10.0,10.0,1.0,60.0,0.30000000000000565,11.84,0.16322655761488983,0.0,0.0
and,homo,10,200,789,1000,9.668,10.0,0.9667999999999981,58.008,0.29004000000000474,16.778,0.38005512533845753,0.0,0.0
oracle,homo,10,200,1234,1000,10.0,10.0,1.0,60.0,0.30000000000000565,7.14,0.24124666046519014,0.0,0.0
mfg_no_excl,homo,10,200,1234,1000,9.998,10.0,0.9997999999999999,59.988,0.29994000000000565,7.036,0.23723226717727183,0.0,0.0
self_excl_only,homo,10,200,1234,1000,10.0,10.0,1.0,60.0,0.30000000000000565,7.029,0.23512252351098226,0.0,0.0
ema_fixed_low,homo,10,200,1234,1000,10.0,10.0,1.0,60.0,0.30000000000000565,24.083,0.066431138248165,0.19217541084804954,2.6359504023462614
ema_fixed_high,homo,10,200,1234,1000,10.0,10.0,1.0,60.0,0.30000000000000565,19.943,0.08586062383497195,0.17728801547184064,2.779036755208217
ema_adaptive,homo,10,200,1234,1000,10.0,10.0,1.0,60.0,0.30000000000000565,24.093,0.06532526404806636,0.19113339069343457,2.6386846752207385
ema_ad_low,homo,10,200,1234,1000,10.0,10.0,1.0,60.0,0.30000000000000565,19.583,0.08837363204832,0.19639160562740565,1.7858133833939427
ema_ad_med,homo,10,200,1234,1000,10.0,10.0,1.0,60.0,0.30000000000000565,21.362,0.07705358806982124,0.19640615086598734,2.1613542020684555
ema_no_coll,homo,10,200,1234,1000,10.0,10.0,1.0,60.0,0.30000000000000565,17.778,0.1090937496190666,0.19195446655349596,1.4888982902841104
consec_L2,homo,10,200,1234,1000,10.0,10.0,1.0,60.0,0.30000000000000565,20.528,0.08410549073407048,0.1733798532950191,1.6709937322045338
consec_L4,homo,10,200,1234,1000,10.0,10.0,1.0,60.0,0.30000000000000565,27.811,0.05433939648741967,0.2014184939855344,0.9061061226416128
dcf_self_excl,homo,10,200,1234,1000,9.963,10.0,0.9962999999999995,59.778,0.29889000000000554,42.738,0.07130256398864251,0.0,0.0
pnd,homo,10,200,1234,1000,9.993,10.0,0.9993,59.958,0.29979000000000566,10.709,0.19005151902427014,0.0,0.0
pnd_cd,homo,10,200,1234,1000,10.0,10.0,1.0,60.0,0.30000000000000565,11.916,0.16696904986828126,0.0,0.0
and,homo,10,200,1234,1000,9.655,10.0,0.9654999999999981,57.93,0.28965000000000485,16.428,0.38396563764575353,0.0,0.0
oracle,homo,20,20,42,1000,1.607,1.593,0.9834999999999993,9.642,0.48210000000000525,1.591,0.2802880952380944,0.0,0.0
mfg_no_excl,homo,20,20,42,1000,1.62,1.593,0.9996666666666666,9.72,0.48600000000000493,1.531,0.28517182539682423,0.0,0.0
self_excl_only,homo,20,20,42,1000,1.649,1.593,1.0128333333333328,9.894,0.4947000000000051,1.558,0.2761103174603164,0.0,0.0
ema_fixed_low,homo,20,20,42,1000,1.581,1.593,0.9705,9.486,0.4743000000000049,2.162,0.21121904761904706,0.016467171967986614,3.065803174603179
ema_fixed_high,homo,20,20,42,1000,1.606,1.593,0.9726666666666667,9.636,0.48180000000000506,2.021,0.2151515873015867,0.01607940409851431,7.384487301587315
ema_adaptive,homo,20,20,42,1000,1.621,1.593,1.002833333333334,9.726,0.4863000000000046,2.159,0.20409444444444377,0.016192497614266797,6.323684523809544
ema_ad_low,homo,20,20,42,1000,1.638,1.593,0.9950000000000002,9.828,0.491400000000005,1.61,0.26977658730158677,0.008367512342218945,4.720834126984134
ema_ad_med,homo,20,20,42,1000,1.653,1.593,1.0043333333333326,9.918,0.49590000000000456,1.769,0.24203373015872964,0.010886700456716141,5.091516666666675
ema_no_coll,homo,20,20,42,1000,1.585,1.593,0.9524999999999998,9.51,0.47550000000000436,1.546,0.28810357142857035,0.007388756913825858,4.775309523809534
consec_L2,homo,20,20,42,1000,1.612,1.593,0.9866666666666668,9.672,0.48360000000000475,2.049,0.21020039682539646,0.016945588029898633,2.829853968253967
consec_L4,homo,20,20,42,1000,1.608,1.593,0.9816666666666659,9.648,0.48240000000000577,2.199,0.206764285714285,0.016700751142793405,0.43819642857142843
dcf_self_excl,homo,20,20,42,1000,1.347,1.593,0.8138333333333331,8.082,0.40410000000000496,2.866,0.18514404761904707,0.0,0.0
pnd,homo,20,20,42,1000,1.57,1.593,0.9521666666666669,9.42,0.4710000000000045,1.575,0.28334761904761774,0.0,0.0
pnd_cd,homo,20,20,42,1000,1.57,1.593,0.9493333333333333,9.42,0.47100000000000475,1.452,0.29734523809523694,0.0,0.0
and,homo,20,20,42,1000,0.0,1.593,0.0,0.0,0.0,0.0,1.0,0.0,0.0
oracle,homo,20,20,123,1000,1.604,1.576,0.9739999999999999,9.624,0.4812000000000052,1.563,0.2871996031746026,0.0,0.0
mfg_no_excl,homo,20,20,123,1000,1.61,1.576,0.9533333333333335,9.66,0.48300000000000465,1.549,0.2839027777777767,0.0,0.0
self_excl_only,homo,20,20,123,1000,1.623,1.576,0.9864999999999999,9.738,0.48690000000000494,1.45,0.292257142857142,0.0,0.0
ema_fixed_low,homo,20,20,123,1000,1.643,1.576,0.982666666666667,9.858,0.4929000000000048,2.239,0.19439999999999943,0.016302927191481714,3.259872222222231
ema_fixed_high,homo,20,20,123,1000,1.598,1.576,0.9598333333333333,9.588,0.47940000000000493,2.033,0.21753055555555498,0.016047350902043372,7.321558333333354
ema_adaptive,homo,20,20,123,1000,1.629,1.576,0.9883333333333332,9.774,0.48870000000000496,2.088,0.20717777777777727,0.016337934127654143,6.176200793650816
ema_ad_low,homo,20,20,123,1000,1.639,1.576,0.9861666666666663,9.834,0.4917000000000053,1.659,0.25938690476190435,0.008297915097517301,4.946794047619055
ema_ad_med,homo,20,20,123,1000,1.57,1.576,0.9659999999999999,9.42,0.47100000000000514,1.747,0.26121666666666643,0.01105960980792239,5.308944047619062
ema_no_coll,homo,20,20,123,1000,1.623,1.576,0.9711666666666665,9.738,0.48690000000000494,1.507,0.28717619047618936,0.007441060373502638,4.411695238095245
consec_L2,homo,20,20,123,1000,1.597,1.576,0.9545000000000001,9.582,0.4791000000000049,1.99,0.21914246031745951,0.017176773688552496,2.73081468253968
consec_L4,homo,20,20,123,1000,1.61,1.576,0.9820000000000003,9.66,0.4830000000000049,2.146,0.20542182539682474,0.016526603548433556,0.4127503968253967
dcf_self_excl,homo,20,20,123,1000,1.308,1.576,0.7918333333333338,7.848,0.3924000000000049,2.875,0.19049166666666642,0.0,0.0
pnd,homo,20,20,123,1000,1.559,1.576,0.9396666666666668,9.354,0.4677000000000045,1.445,0.29926904761904666,0.0,0.0
pnd_cd,homo,20,20,123,1000,1.586,1.576,0.9491666666666667,9.516,0.4758000000000051,1.425,0.29793095238095163,0.0,0.0
and,homo,20,20,123,1000,0.0,1.576,0.0,0.0,0.0,0.0,1.0,0.0,0.0
oracle,homo,20,20,456,1000,1.637,1.623,0.9783333333333333,9.822,0.491100000000005,1.484,0.28450396825396745,0.0,0.0
mfg_no_excl,homo,20,20,456,1000,1.626,1.623,0.9626666666666667,9.756,0.4878000000000049,1.615,0.2749829365079355,0.0,0.0
self_excl_only,homo,20,20,456,1000,1.607,1.623,0.9651666666666665,9.642,0.4821000000000045,1.556,0.2837126984126975,0.0,0.0
ema_fixed_low,homo,20,20,456,1000,1.63,1.623,0.983333333333333,9.78,0.4890000000000054,2.142,0.20208333333333242,0.016311197472735323,2.979327777777783
ema_fixed_high,homo,20,20,456,1000,1.607,1.623,0.9536666666666666,9.642,0.4821000000000053,2.062,0.21118412698412653,0.015925533480686756,7.641380952380976
ema_adaptive,homo,20,20,456,1000,1.655,1.623,0.9904999999999997,9.93,0.49650000000000444,2.076,0.20207499999999967,0.01597794368280209,6.158965079365101
ema_ad_low,homo,20,20,456,1000,1.636,1.623,0.9798333333333329,9.816,0.49080000000000507,1.638,0.26356825396825306,0.008315046242278305,4.865498809523818
ema_ad_med,homo,20,20,456,1000,1.663,1.623,0.9956666666666665,9.978,0.4989000000000052,1.768,0.23719960317460267,0.010963299596343613,5.256627380952392
ema_no_coll,homo,20,20,456,1000,1.628,1.623,0.9749999999999996,9.768,0.48840000000000483,1.508,0.28336666666666604,0.0074623651948358795,4.424097619047626
consec_L2,homo,20,20,456,1000,1.571,1.623,0.9526666666666659,9.426,0.4713000000000045,2.019,0.22019126984126894,0.016686318413068307,2.871176190476192
consec_L4,homo,20,20,456,1000,1.65,1.623,0.9853333333333331,9.9,0.49500000000000466,2.121,0.19894682539682496,0.016456003559792026,0.37418253968253967
dcf_self_excl,homo,20,20,456,1000,1.305,1.623,0.7866666666666668,7.83,0.391500000000005,2.903,0.18919404761904718,0.0,0.0
pnd,homo,20,20,456,1000,1.58,1.623,0.9323333333333331,9.48,0.47400000000000514,1.479,0.29253571428571334,0.0,0.0
pnd_cd,homo,20,20,456,1000,1.583,1.623,0.9515,9.498,0.47490000000000454,1.471,0.29109761904761805,0.0,0.0
and,homo,20,20,456,1000,0.0,1.623,0.0,0.0,0.0,0.0,1.0,0.0,0.0
oracle,homo,20,20,789,1000,1.619,1.563,0.9691666666666661,9.714,0.485700000000005,1.478,0.2888083333333325,0.0,0.0
mfg_no_excl,homo,20,20,789,1000,1.589,1.563,0.9685000000000001,9.534,0.4767000000000053,1.532,0.29289484126984044,0.0,0.0
self_excl_only,homo,20,20,789,1000,1.656,1.563,0.9964999999999999,9.936,0.49680000000000457,1.462,0.2830678571428564,0.0,0.0
ema_fixed_low,homo,20,20,789,1000,1.627,1.563,0.9834999999999996,9.762,0.488100000000005,2.17,0.19847579365079301,0.016431990997197242,3.035714285714291
ema_fixed_high,homo,20,20,789,1000,1.661,1.563,0.9978333333333332,9.966,0.4983000000000052,1.982,0.2116730158730153,0.01592714565697944,7.070756349206367
ema_adaptive,homo,20,20,789,1000,1.638,1.563,0.9901666666666669,9.828,0.4914000000000052,2.053,0.20931706349206305,0.016080654755718172,6.0444801587301775
ema_ad_low,homo,20,20,789,1000,1.623,1.563,0.9826666666666667,9.738,0.48690000000000466,1.623,0.26627261904761823,0.008278764084023733,4.88404761904763
ema_ad_med,homo,20,20,789,1000,1.675,1.563,1.0076666666666665,10.05,0.5025000000000053,1.723,0.24379523809523754,0.011027908345309385,5.135221031746044
ema_no_coll,homo,20,20,789,1000,1.585,1.563,0.9571666666666668,9.51,0.4755000000000039,1.527,0.2888996031746022,0.007394216486376064,4.5808003968254045
consec_L2,homo,20,20,789,1000,1.618,1.563,0.9493333333333329,9.708,0.4854000000000045,2.007,0.2137015873015866,0.01666501311409349,2.7340222222222215
consec_L4,homo,20,20,789,1000,1.638,1.563,0.9859999999999995,9.828,0.49140000000000505,2.102,0.2031857142857138,0.016431224580014135,0.3016071428571429
dcf_self_excl,homo,20,20,789,1000,1.331,1.563,0.7935000000000001,7.986,0.39930000000000476,2.866,0.185755952380952,0.0,0.0
pnd,homo,20,20,789,1000,1.543,1.563,0.9316666666666669,9.258,0.4629000000000045,1.459,0.3028380952380942,0.0,0.0
pnd_cd,homo,20,20,789,1000,1.609,1.563,0.9666666666666665,9.654,0.4827000000000052,1.432,0.2860499999999992,0.0,0.0
and,homo,20,20,789,1000,0.0,1.563,0.0,0.0,0.0,0.0,1.0,0.0,0.0
oracle,homo,20,20,1234,1000,1.606,1.555,0.9616666666666664,9.636,0.48180000000000484,1.54,0.2879238095238087,0.0,0.0
mfg_no_excl,homo,20,20,1234,1000,1.624,1.555,0.9846666666666662,9.744,0.48720000000000524,1.586,0.27896666666666614,0.0,0.0
self_excl_only,homo,20,20,1234,1000,1.647,1.555,0.9961666666666661,9.882,0.49410000000000537,1.562,0.2723583333333325,0.0,0.0
ema_fixed_low,homo,20,20,1234,1000,1.647,1.555,0.9868333333333328,9.882,0.4941000000000047,2.132,0.1986222222222213,0.01627988530991893,2.994234920634928
ema_fixed_high,homo,20,20,1234,1000,1.594,1.555,0.9661666666666664,9.564,0.4782000000000053,2.008,0.22038214285714222,0.01626619388363072,7.123768650793667
ema_adaptive,homo,20,20,1234,1000,1.644,1.555,0.9801666666666671,9.864,0.49320000000000497,2.112,0.2026309523809518,0.016009821972258028,6.309629365079385
ema_ad_low,homo,20,20,1234,1000,1.6,1.555,0.9731666666666665,9.6,0.4800000000000049,1.626,0.27426706349206287,0.008252248709107634,4.928480555555567
ema_ad_med,homo,20,20,1234,1000,1.684,1.555,1.0183333333333335,10.104,0.5052000000000052,1.774,0.23528373015872983,0.010862660672061354,5.2812567460317545
ema_no_coll,homo,20,20,1234,1000,1.606,1.555,0.965833333333333,9.636,0.48180000000000517,1.47,0.2944619047619039,0.007368419751305976,4.445815476190484
consec_L2,homo,20,20,1234,1000,1.609,1.555,0.9881666666666666,9.654,0.48270000000000424,2.037,0.2087023809523804,0.016629571930538458,2.8009000000000004
consec_L4,homo,20,20,1234,1000,1.626,1.555,0.9823333333333337,9.756,0.48780000000000523,2.208,0.19702103174603114,0.016543664441003574,0.4315257936507937
dcf_self_excl,homo,20,20,1234,1000,1.326,1.555,0.8056666666666668,7.956,0.39780000000000504,2.883,0.18855912698412652,0.0,0.0
pnd,homo,20,20,1234,1000,1.594,1.555,0.9748333333333332,9.564,0.47820000000000495,1.431,0.29782142857142785,0.0,0.0
pnd_cd,homo,20,20,1234,1000,1.577,1.555,0.9526666666666667,9.462,0.47310000000000496,1.466,0.2957666666666657,0.0,0.0
and,homo,20,20,1234,1000,0.0,1.555,0.0,0.0,0.0,0.0,1.0,0.0,0.0
oracle,homo,20,50,42,1000,4.229,4.189,1.1676690476190443,25.374,0.5074800000000084,4.0,0.275236572474654,0.0,0.0
mfg_no_excl,homo,20,50,42,1000,4.188,4.189,1.1598595238095226,25.128,0.5025600000000078,4.027,0.2770174410127202,0.0,0.0
self_excl_only,homo,20,50,42,1000,4.291,4.189,1.1763166666666665,25.746,0.5149200000000084,4.059,0.2664850351445947,0.0,0.0
ema_fixed_low,homo,20,50,42,1000,4.526,4.189,1.2410321428571418,27.156,0.5431200000000092,8.703,0.1220265452246419,0.027695387056524252,7.342114359529353
ema_fixed_high,homo,20,50,42,1000,4.51,4.189,1.234405952380952,27.06,0.5412000000000095,7.169,0.15398869862937214,0.02424663951251175,8.922553901434807
ema_adaptive,homo,20,50,42,1000,4.507,4.189,1.2334535714285704,27.042,0.5408400000000086,8.771,0.12168001899631246,0.02757247247182013,7.2727255584972275
ema_ad_low,homo,20,50,42,1000,4.493,4.189,1.2342071428571426,26.958,0.5391600000000085,5.108,0.21043700335182577,0.014024791012770897,3.7100634569335043
ema_ad_med,homo,20,50,42,1000,4.563,4.189,1.255002380952381,27.378,0.5475600000000093,6.271,0.17267981327238305,0.019834359536122444,4.877072466353737
ema_no_coll,homo,20,50,42,1000,4.284,4.189,1.1778095238095225,25.704,0.5140800000000079,4.422,0.2548116509307692,0.010024072541126187,3.081907577471544
consec_L2,homo,20,50,42,1000,4.497,4.189,1.2314202380952382,26.982,0.5396400000000097,7.294,0.14985669927767512,0.025293308194391833,4.520023439112488
consec_L4,homo,20,50,42,1000,4.51,4.189,1.2362559523809507,27.06,0.5412000000000089,8.902,0.11765114033974666,0.029002972672693455,1.912183688660881
dcf_self_excl,homo,20,50,42,1000,3.638,4.189,0.9966499999999991,21.828,0.43656000000000683,8.605,0.1844986239336857,0.0,0.0
pnd,homo,20,50,42,1000,3.991,4.189,1.0826249999999995,23.946,0.4789200000000072,3.814,0.28613120768120853,0.0,0.0
pnd_cd,homo,20,50,42,1000,3.985,4.189,1.0879297619047608,23.91,0.4782000000000074,3.923,0.28309110889111005,0.0,0.0
and,homo,20,50,42,1000,0.103,4.189,0.026538095238095225,0.618,0.012359999999999986,0.008,0.9862777777777779,0.0,0.0
oracle,homo,20,50,123,1000,4.255,4.196,1.159742857142856,25.53,0.5106000000000079,3.99,0.27304227342574966,0.0,0.0
mfg_no_excl,homo,20,50,123,1000,4.213,4.196,1.157963095238094,25.278,0.505560000000008,3.983,0.27599211135871393,0.0,0.0
self_excl_only,homo,20,50,123,1000,4.222,4.196,1.1549238095238095,25.332,0.5066400000000082,3.847,0.28000405215699403,0.0,0.0
ema_fixed_low,homo,20,50,123,1000,4.58,4.196,1.2458476190476175,27.48,0.5496000000000087,8.591,0.12085082409704606,0.026835148508201415,7.282989412418584
ema_fixed_high,homo,20,50,123,1000,4.475,4.196,1.221364285714284,26.85,0.5370000000000092,7.353,0.15312016899079614,0.024227588705740523,8.958456721860019
ema_adaptive,homo,20,50,123,1000,4.496,4.196,1.2308380952380953,26.976,0.539520000000009,8.657,0.12365890023849768,0.02756795538504504,7.207736435606384
ema_ad_low,homo,20,50,123,1000,4.473,4.196,1.2210988095238116,26.838,0.5367600000000086,5.259,0.2091220654947053,0.013856875934089163,3.885248176668534
ema_ad_med,homo,20,50,123,1000,4.488,4.196,1.2307928571428561,26.928,0.5385600000000094,6.496,0.173330267114207,0.020015712751978856,5.180652656322002
ema_no_coll,homo,20,50,123,1000,4.344,4.196,1.174082142857142,26.064,0.5212800000000081,4.419,0.24869618886016034,0.010097717962422694,2.9221994401023803
consec_L2,homo,20,50,123,1000,4.481,4.196,1.22467857142857,26.886,0.5377200000000091,7.295,0.15197044523244269,0.02562353410354702,4.538445211182869
consec_L4,homo,20,50,123,1000,4.503,4.196,1.2323083333333327,27.018,0.5403600000000095,8.875,0.11843662501118268,0.028992709640117877,1.8939078931041904
dcf_self_excl,homo,20,50,123,1000,3.629,4.196,0.9849630952380947,21.774,0.43548000000000675,8.644,0.18375569433576389,0.0,0.0
pnd,homo,20,50,123,1000,3.991,4.196,1.0964309523809508,23.946,0.47892000000000773,3.761,0.28785515595515665,0.0,0.0
pnd_cd,homo,20,50,123,1000,4.062,4.196,1.108284523809523,24.372,0.48744000000000726,3.897,0.27668870851370936,0.0,0.0
and,homo,20,50,123,1000,0.093,4.196,0.024704761904761893,0.558,0.011159999999999986,0.008,0.9874861111111113,0.0,0.0
oracle,homo,20,50,456,1000,4.303,4.255,1.1685702380952385,25.818,0.5163600000000081,3.926,0.27077280130000775,0.0,0.0
mfg_no_excl,homo,20,50,456,1000,4.281,4.255,1.1704011904761893,25.686,0.5137200000000081,4.115,0.26699084436805104,0.0,0.0
self_excl_only,homo,20,50,456,1000,4.241,4.255,1.144619047619046,25.446,0.5089200000000078,4.014,0.2731403210351745,0.0,0.0
ema_fixed_low,homo,20,50,456,1000,4.517,4.255,1.2307238095238084,27.102,0.5420400000000093,8.855,0.11923532272602498,0.027346300318961476,7.437054926119327
ema_fixed_high,homo,20,50,456,1000,4.477,4.255,1.2163583333333319,26.862,0.5372400000000092,7.219,0.15528796840844075,0.02421552071144381,8.944432700851783
ema_adaptive,homo,20,50,456,1000,4.595,4.255,1.2505607142857158,27.57,0.551400000000009,8.481,0.1202328330233808,0.027253138553735727,6.9870230733324545
ema_ad_low,homo,20,50,456,1000,4.46,4.255,1.2085273809523798,26.76,0.5352000000000084,5.155,0.21318562385327122,0.013880445737514378,3.6851741138763203
ema_ad_med,homo,20,50,456,1000,4.637,4.255,1.2534511904761905,27.822,0.5564400000000094,6.308,0.16534878057958577,0.019593776976071734,4.9703306544247
ema_no_coll,homo,20,50,456,1000,4.322,4.255,1.1611214285714289,25.932,0.518640000000008,4.457,0.24999460980196353,0.010050240235869548,3.025696865144656
consec_L2,homo,20,50,456,1000,4.435,4.255,1.204516666666666,26.61,0.5322000000000092,7.371,0.1529493164343399,0.02553472410046668,4.59978123801294
consec_L4,homo,20,50,456,1000,4.573,4.255,1.2412833333333329,27.438,0.5487600000000094,8.827,0.11546167808071071,0.028866946775063424,1.850536982843365
dcf_self_excl,homo,20,50,456,1000,3.618,4.255,0.983497619047618,21.708,0.43416000000000704,8.567,0.1871773521456184,0.0,0.0
pnd,homo,20,50,456,1000,3.968,4.255,1.070928571428572,23.808,0.4761600000000077,3.82,0.2883307858807867,0.0,0.0
pnd_cd,homo,20,50,456,1000,4.07,4.255,1.1076083333333333,24.42,0.48840000000000794,3.794,0.28144759684759796,0.0,0.0
and,homo,20,50,456,1000,0.086,4.255,0.025135714285714275,0.516,0.010319999999999989,0.01,0.9881527777777779,0.0,0.0
oracle,homo,20,50,789,1000,4.261,4.166,1.2041202380952383,25.566,0.5113200000000079,3.911,0.27451912425809555,0.0,0.0
mfg_no_excl,homo,20,50,789,1000,4.227,4.166,1.198711904761904,25.362,0.5072400000000079,4.051,0.27321511838694573,0.0,0.0
self_excl_only,homo,20,50,789,1000,4.333,4.166,1.223330952380951,25.998,0.5199600000000083,3.932,0.26733800366300453,0.0,0.0
ema_fixed_low,homo,20,50,789,1000,4.507,4.166,1.2756083333333323,27.042,0.5408400000000095,8.738,0.12403970377840912,0.027223310027733014,7.422465333953926
ema_fixed_high,homo,20,50,789,1000,4.556,4.166,1.2881916666666657,27.336,0.5467200000000095,7.089,0.15144456638992285,0.023745356509685712,8.66329981822443
ema_adaptive,homo,20,50,789,1000,4.539,4.166,1.2862583333333333,27.234,0.5446800000000093,8.508,0.12311016138794662,0.027765934820489467,7.080238783715347
ema_ad_low,homo,20,50,789,1000,4.498,4.166,1.2750357142857147,26.988,0.5397600000000088,5.152,0.2098144954890314,0.01403763989104435,3.6550021711389724
ema_ad_med,homo,20,50,789,1000,4.565,4.166,1.2858654761904769,27.39,0.5478000000000091,6.363,0.169531345464821,0.019989701116697626,4.97604432816066
ema_no_coll,homo,20,50,789,1000,4.313,4.166,1.2145654761904756,25.878,0.5175600000000079,4.499,0.2490401708585537,0.010057648868138404,3.099420279475425
consec_L2,homo,20,50,789,1000,4.565,4.166,1.2949023809523816,27.39,0.5478000000000095,7.225,0.1467903290337118,0.02509944464529412,4.463618702088251
consec_L4,homo,20,50,789,1000,4.551,4.166,1.2896654761904756,27.306,0.5461200000000087,8.817,0.11581079153672738,0.028974821777732775,1.8752203283318367
dcf_self_excl,homo,20,50,789,1000,3.606,4.166,1.0190392857142847,21.636,0.43272000000000654,8.59,0.18650231390126892,0.0,0.0
pnd,homo,20,50,789,1000,3.989,4.166,1.1167035714285707,23.934,0.4786800000000074,3.722,0.29005632700632805,0.0,0.0
pnd_cd,homo,20,50,789,1000,4.107,4.166,1.1556035714285713,24.642,0.4928400000000077,3.83,0.2747200937950948,0.0,0.0
and,homo,20,50,789,1000,0.093,4.166,0.030835714285714272,0.558,0.011159999999999984,0.01,0.987291666666667,0.0,0.0
oracle,homo,20,50,1234,1000,4.248,4.186,1.1905547619047614,25.488,0.5097600000000082,3.97,0.2745425367288375,0.0,0.0
mfg_no_excl,homo,20,50,1234,1000,4.202,4.186,1.1679107142857126,25.212,0.5042400000000083,4.028,0.2745631339034212,0.0,0.0
self_excl_only,homo,20,50,1234,1000,4.353,4.186,1.2055440476190469,26.118,0.5223600000000083,3.988,0.26374389033738965,0.0,0.0
ema_fixed_low,homo,20,50,1234,1000,4.522,4.186,1.2652726190476182,27.132,0.5426400000000093,8.63,0.12451255515644002,0.02756313167893067,7.211527002079179
ema_fixed_high,homo,20,50,1234,1000,4.501,4.186,1.2656702380952376,27.006,0.5401200000000095,7.145,0.1545167296197099,0.024340223321183498,8.77448177888503
ema_adaptive,homo,20,50,1234,1000,4.556,4.186,1.2753571428571444,27.336,0.5467200000000091,8.501,0.12286250568746784,0.027572815581858798,6.967990880657869
ema_ad_low,homo,20,50,1234,1000,4.485,4.186,1.2493142857142865,26.91,0.5382000000000092,5.229,0.20844765757118744,0.013936044580760391,3.848655082662436
ema_ad_med,homo,20,50,1234,1000,4.561,4.186,1.273519047619048,27.366,0.547320000000009,6.345,0.1706044656796597,0.019676216310692246,5.012585974697827
ema_no_coll,homo,20,50,1234,1000,4.285,4.186,1.192559523809524,25.71,0.5142000000000081,4.363,0.2564243822354123,0.009963018516644674,2.898656061340622
consec_L2,homo,20,50,1234,1000,4.442,4.186,1.2429238095238098,26.652,0.5330400000000091,7.342,0.15270889483323732,0.025451466820250613,4.523260029985492
consec_L4,homo,20,50,1234,1000,4.548,4.186,1.2768154761904755,27.288,0.5457600000000095,9.0,0.11381251575465041,0.028916489396685337,1.8935617527385216
dcf_self_excl,homo,20,50,1234,1000,3.582,4.186,1.0055488095238085,21.492,0.4298400000000067,8.626,0.18748289790275124,0.0,0.0
pnd,homo,20,50,1234,1000,3.998,4.186,1.1108583333333328,23.988,0.4797600000000078,3.723,0.28902659840159894,0.0,0.0
pnd_cd,homo,20,50,1234,1000,4.061,4.186,1.138948809523809,24.366,0.48732000000000786,3.842,0.2796235014985023,0.0,0.0
and,homo,20,50,1234,1000,0.074,4.186,0.021619047619047607,0.444,0.008879999999999999,0.013,0.9893194444444445,0.0,0.0
oracle,homo,20,100,42,1000,8.723,8.755,1.0584398240648245,52.338,0.5233800000000074,8.32,0.2685345156896472,0.0,0.0
mfg_no_excl,homo,20,100,42,1000,8.768,8.755,1.062968367743368,52.608,0.5260800000000077,8.333,0.2668790738062706,0.0,0.0
self_excl_only,homo,20,100,42,1000,8.894,8.755,1.0779822233322238,53.364,0.5336400000000077,8.166,0.2629082803599336,0.0,0.0
ema_fixed_low,homo,20,100,42,1000,9.47,8.755,1.14571772949273,56.82,0.5682000000000065,18.773,0.1132438268411655,0.03451647420952155,8.350892415010822
ema_fixed_high,homo,20,100,42,1000,9.37,8.755,1.1329206515706525,56.22,0.5622000000000069,16.342,0.13602974846974758,0.032566882538190636,8.393722414164511
ema_adaptive,homo,20,100,42,1000,9.388,8.755,1.1378683538683534,56.328,0.5632800000000077,19.034,0.11302087333599245,0.034581363255959216,8.195864525829018
ema_ad_low,homo,20,100,42,1000,9.511,8.755,1.153999331224332,57.066,0.5706600000000064,12.998,0.16750122051703076,0.02524792441849237,4.875588441246582
ema_ad_med,homo,20,100,42,1000,9.562,8.755,1.1584203324453322,57.372,0.5737200000000068,15.684,0.13728426743565905,0.030596333196233363,6.381018038489012
ema_no_coll,homo,20,100,42,1000,9.105,8.755,1.104342404817405,54.63,0.5463000000000066,10.54,0.2171403683713935,0.018226913375978274,3.5790854313155753
consec_L2,homo,20,100,42,1000,9.344,8.755,1.13508116050616,56.064,0.5606400000000066,17.394,0.12554859466038065,0.03439187655592958,4.731230051173774
consec_L4,homo,20,100,42,1000,9.336,8.755,1.1322167193917196,56.016,0.5601600000000067,22.589,0.08584473837258089,0.041043704959804264,2.5396737080529976
dcf_self_excl,homo,20,100,42,1000,7.111,8.755,0.8615123071373086,42.666,0.42666000000000637,17.658,0.19519084428618916,0.0,0.0
pnd,homo,20,100,42,1000,8.411,8.755,1.0158493450993458,50.466,0.5046600000000075,8.019,0.2827871528594298,0.0,0.0
pnd_cd,homo,20,100,42,1000,8.47,8.755,1.0296218364968366,50.82,0.5082000000000082,8.563,0.27045803252176276,0.0,0.0
and,homo,20,100,42,1000,0.27,8.755,0.03299077311577311,1.62,0.01620000000000002,0.03,0.9813897058823535,0.0,0.0
oracle,homo,20,100,123,1000,8.801,8.671,1.0837698024198026,52.806,0.5280600000000075,8.096,0.2688274537478296,0.0,0.0
mfg_no_excl,homo,20,100,123,1000,8.595,8.671,1.0573777833277842,51.57,0.5157000000000077,8.107,0.2772400867041463,0.0,0.0
self_excl_only,homo,20,100,123,1000,8.762,8.671,1.0749456460206475,52.572,0.5257200000000074,8.129,0.26982312332503583,0.0,0.0
ema_fixed_low,homo,20,100,123,1000,9.526,8.671,1.167129095904095,57.156,0.5715600000000062,18.585,0.11328620481764705,0.03386945576987289,8.30362365098652
ema_fixed_high,homo,20,100,123,1000,9.318,8.671,1.1450752442002432,55.908,0.5590800000000076,16.547,0.13635185893337784,0.03205813150936433,8.479237864288873
ema_adaptive,homo,20,100,123,1000,9.53,8.671,1.170346553446553,57.18,0.5718000000000074,18.852,0.11030626678194587,0.035082354164832394,8.086411342579744
ema_ad_low,homo,20,100,123,1000,9.459,8.671,1.1611033827283825,56.754,0.567540000000007,13.194,0.16708740156346116,0.024742927315829426,5.059918021193547
ema_ad_med,homo,20,100,123,1000,9.469,8.671,1.1632469391719387,56.814,0.5681400000000065,15.796,0.1394386581912824,0.029780291875726776,6.61210246164181
ema_no_coll,homo,20,100,123,1000,9.265,8.671,1.1355830586080575,55.59,0.5559000000000067,10.62,0.20969368010129838,0.018940322012793272,3.3776286358942587
consec_L2,homo,20,100,123,1000,9.348,8.671,1.150964765789765,56.088,0.5608800000000066,17.32,0.12649019967975697,0.03419691546809932,4.717924280972857
consec_L4,homo,20,100,123,1000,9.391,8.671,1.1543591575091563,56.346,0.5634600000000068,22.599,0.08402227884643598,0.04064119553933219,2.566466102909594
dcf_self_excl,homo,20,100,123,1000,7.176,8.671,0.8848973165723174,43.056,0.430560000000006,17.748,0.19224785276430228,0.0,0.0
pnd,homo,20,100,123,1000,8.487,8.671,1.0457428543678544,50.922,0.5092200000000079,7.976,0.28034843491748573,0.0,0.0
pnd_cd,homo,20,100,123,1000,8.609,8.671,1.0534225746475758,51.654,0.5165400000000077,8.571,0.2649893275704723,0.0,0.0
and,homo,20,100,123,1000,0.285,8.671,0.03487200854700856,1.71,0.017099999999999987,0.033,0.980283088235295,0.0,0.0
oracle,homo,20,100,456,1000,8.786,8.792,1.0584402014652028,52.716,0.5271600000000075,7.994,0.271241335945426,0.0,0.0
mfg_no_excl,homo,20,100,456,1000,8.793,8.792,1.0564687423687427,52.758,0.527580000000007,8.246,0.26580204655060563,0.0,0.0
self_excl_only,homo,20,100,456,1000,8.78,8.792,1.0531239094239098,52.68,0.5268000000000076,8.262,0.26676179023369345,0.0,0.0
ema_fixed_low,homo,20,100,456,1000,9.487,8.792,1.1403847263847249,56.922,0.5692200000000066,18.742,0.11263065113760107,0.03392658529624158,8.390644806088345
ema_fixed_high,homo,20,100,456,1000,9.306,8.792,1.1204118159618175,55.836,0.5583600000000071,16.586,0.13559095729588963,0.03235009208840876,8.467003535979327
ema_adaptive,homo,20,100,456,1000,9.629,8.792,1.1562143828393834,57.774,0.577740000000006,18.631,0.10907208947412245,0.03510407996001357,7.940466384541748
ema_ad_low,homo,20,100,456,1000,9.429,8.792,1.1331035936285934,56.574,0.5657400000000059,13.143,0.1697231129384076,0.024860509878694058,4.9289087728116465
ema_ad_med,homo,20,100,456,1000,9.663,8.792,1.1599570318570305,57.978,0.5797800000000071,15.744,0.13304956765559603,0.030096595032459466,6.409334742338433
ema_no_coll,homo,20,100,456,1000,9.174,8.792,1.100452913752914,55.044,0.550440000000007,10.565,0.21413704316091814,0.01861120076845779,3.4862591288178364
consec_L2,homo,20,100,456,1000,9.356,8.792,1.1239771811521806,56.136,0.5613600000000072,17.306,0.12599705099387326,0.034322390078633386,4.753906971149132
consec_L4,homo,20,100,456,1000,9.404,8.792,1.131628513153512,56.424,0.5642400000000077,22.505,0.08420468948141573,0.041176203490377324,2.492399769186868
dcf_self_excl,homo,20,100,456,1000,7.156,8.792,0.8591469003219017,42.936,0.4293600000000059,17.686,0.19373541871274597,0.0,0.0
pnd,homo,20,100,456,1000,8.321,8.792,1.0005609529359547,49.926,0.4992600000000076,8.125,0.2847996868027305,0.0,0.0
pnd_cd,homo,20,100,456,1000,8.57,8.792,1.0325296564546573,51.42,0.514200000000008,8.56,0.26706030425926347,0.0,0.0
and,homo,20,100,456,1000,0.268,8.792,0.03257017149517149,1.608,0.016080000000000018,0.039,0.9810147058823535,0.0,0.0
oracle,homo,20,100,789,1000,8.794,8.699,1.0783391913641929,52.764,0.5276400000000079,8.2,0.2676310264551591,0.0,0.0
mfg_no_excl,homo,20,100,789,1000,8.712,8.699,1.0730838994339003,52.272,0.5227200000000074,8.249,0.2698982202931264,0.0,0.0
self_excl_only,homo,20,100,789,1000,8.79,8.699,1.0797796287046297,52.74,0.5274000000000081,8.137,0.2683947238918116,0.0,0.0
ema_fixed_low,homo,20,100,789,1000,9.377,8.699,1.1528354034854036,56.262,0.5626200000000076,18.657,0.11681156310805459,0.033953100486257014,8.434898905296679
ema_fixed_high,homo,20,100,789,1000,9.436,8.699,1.1559714563214551,56.616,0.5661600000000062,16.3,0.13399779411828597,0.03222460885670428,8.259534921033525
ema_adaptive,homo,20,100,789,1000,9.504,8.699,1.1719485542235548,57.024,0.5702400000000062,18.926,0.11036784466057803,0.03504188315275264,8.041708462146461
ema_ad_low,homo,20,100,789,1000,9.455,8.699,1.1636570512820505,56.73,0.5673000000000062,13.122,0.16856850836385684,0.024845249910236056,4.9265695067223465
ema_ad_med,homo,20,100,789,1000,9.565,8.699,1.1768600704850698,57.39,0.5739000000000058,15.668,0.137210350111619,0.03030985330811894,6.457541459063333
ema_no_coll,homo,20,100,789,1000,9.271,8.699,1.1408852647352639,55.626,0.556260000000007,10.524,0.21063175951783464,0.01858313451756706,3.5022753246413587
consec_L2,homo,20,100,789,1000,9.455,8.699,1.164438253413253,56.73,0.5673000000000065,17.035,0.12468955904057474,0.03434833438638106,4.602660729408573
consec_L4,homo,20,100,789,1000,9.327,8.699,1.1447086635586625,55.962,0.5596200000000077,22.598,0.08574501218741953,0.041102130920905956,2.5389140520418634
dcf_self_excl,homo,20,100,789,1000,7.159,8.699,0.8777965340215353,42.954,0.42954000000000586,17.767,0.19265642518162487,0.0,0.0
pnd,homo,20,100,789,1000,8.38,8.699,1.028666927516929,50.28,0.5028000000000076,8.022,0.2842481710183204,0.0,0.0
pnd_cd,homo,20,100,789,1000,8.67,8.699,1.068569566544567,52.02,0.5202000000000073,8.456,0.26364455023914984,0.0,0.0
and,homo,20,100,789,1000,0.267,8.699,0.03331725219225218,1.602,0.016020000000000024,0.034,0.9813786764705887,0.0,0.0
oracle,homo,20,100,1234,1000,8.756,8.665,1.0746269008769014,52.536,0.5253600000000073,8.105,0.2709332342132744,0.0,0.0
mfg_no_excl,homo,20,100,1234,1000,8.693,8.665,1.067811449661451,52.158,0.5215800000000081,8.23,0.2703302523296261,0.0,0.0
self_excl_only,homo,20,100,1234,1000,8.923,8.665,1.0983586469086475,53.538,0.5353800000000076,8.154,0.26246372029848847,0.0,0.0
ema_fixed_low,homo,20,100,1234,1000,9.462,8.665,1.1608883449883451,56.772,0.5677200000000076,18.91,0.11182644678094084,0.03489270160047901,8.32428952439739
ema_fixed_high,homo,20,100,1234,1000,9.356,8.665,1.1516880314130313,56.136,0.5613600000000074,16.338,0.1362376059048036,0.03246123485467261,8.386308840809564
ema_adaptive,homo,20,100,1234,1000,9.49,8.665,1.165848484848485,56.94,0.569400000000007,18.796,0.11184980977500321,0.03492938396231783,8.067810443852954
ema_ad_low,homo,20,100,1234,1000,9.53,8.665,1.1697578615828619,57.18,0.5718000000000063,13.062,0.16573561198640596,0.02494336703736747,4.922830950506772
ema_ad_med,homo,20,100,1234,1000,9.549,8.665,1.168655663780663,57.294,0.5729400000000066,15.589,0.13719135911589692,0.03012295796164258,6.442807145340785
ema_no_coll,homo,20,100,1234,1000,9.232,8.665,1.1296703934953949,55.392,0.5539200000000071,10.551,0.2122139907824878,0.018486440635972573,3.409525662155559
consec_L2,homo,20,100,1234,1000,9.481,8.665,1.1648794594294587,56.886,0.5688600000000061,17.165,0.12331451479118574,0.03423898476755966,4.671813439777713
consec_L4,homo,20,100,1234,1000,9.387,8.665,1.1565433705183708,56.322,0.5632200000000074,22.53,0.08476987544474562,0.04061884629191843,2.5505386564375074
dcf_self_excl,homo,20,100,1234,1000,7.034,8.665,0.865170085470086,42.204,0.42204000000000574,17.678,0.1973869512813469,0.0,0.0
pnd,homo,20,100,1234,1000,8.484,8.665,1.0432797591297605,50.904,0.5090400000000078,8.008,0.27971213123176547,0.0,0.0
pnd_cd,homo,20,100,1234,1000,8.565,8.665,1.0526923326673332,51.39,0.5139000000000081,8.538,0.2670517412369817,0.0,0.0
and,homo,20,100,1234,1000,0.269,8.665,0.0335374764124764,1.614,0.01614000000000002,0.038,0.9810232843137261,0.0,0.0
oracle,homo,20,200,42,1000,17.725,17.679,1.0231080599869697,106.35,0.5317500000000032,15.552,0.25945785259626647,0.0,0.0
mfg_no_excl,homo,20,200,42,1000,17.683,17.679,1.0214986460177249,106.098,0.5304900000000038,15.58,0.25884988979720286,0.0,0.0
self_excl_only,homo,20,200,42,1000,17.801,17.679,1.0271835670521436,106.806,0.5340300000000043,15.142,0.25990748476721637,0.0,0.0
ema_fixed_low,homo,20,200,42,1000,18.45,17.679,1.0647875698390012,110.7,0.5535000000000053,34.758,0.11704295192494905,0.0762928133314631,6.269360831646432
ema_fixed_high,homo,20,200,42,1000,18.67,17.679,1.0778214953862784,112.02,0.5601000000000055,35.843,0.109319528422898,0.07943125712345118,6.012898420691691
ema_adaptive,homo,20,200,42,1000,18.43,17.679,1.0652601416643215,110.58,0.5529000000000064,34.801,0.1188753004208984,0.07485551090181268,6.332915410772799
ema_ad_low,homo,20,200,42,1000,18.703,17.679,1.0800414385966635,112.218,0.5610900000000059,30.947,0.13030840971044605,0.08124874168546127,4.377587138881503
ema_ad_med,homo,20,200,42,1000,18.738,17.679,1.0821343545773106,112.428,0.562140000000007,32.634,0.12085658945063806,0.07864030930074291,5.235009498049949
ema_no_coll,homo,20,200,42,1000,18.483,17.679,1.0673320538336797,110.898,0.5544900000000053,28.111,0.1542612897752529,0.07808350449240749,3.40069330623438
consec_L2,homo,20,200,42,1000,18.714,17.679,1.0806684861363267,112.284,0.5614200000000059,38.035,0.1008286324140528,0.08037275577985903,3.5466655824558653
consec_L4,homo,20,200,42,1000,18.525,17.679,1.0699135416269323,111.15,0.5557500000000045,51.398,0.06288517336198816,0.09160579325737316,2.051371723150134
dcf_self_excl,homo,20,200,42,1000,15.919,17.679,0.919573821482957,95.514,0.4775699999999997,51.939,0.10717410486413065,0.0,0.0
pnd,homo,20,200,42,1000,17.257,17.679,0.9961723290340562,103.542,0.5177100000000027,17.415,0.25334399716087624,0.0,0.0
pnd_cd,homo,20,200,42,1000,17.637,17.679,1.0187150948037182,105.822,0.5291100000000035,19.507,0.2286087814246361,0.0,0.0
and,homo,20,200,42,1000,3.497,17.679,0.20200107279631332,20.982,0.10491000000000131,1.285,0.8608765879022853,0.0,0.0
oracle,homo,20,200,123,1000,17.67,17.651,1.0233452471290319,106.02,0.5301000000000029,15.284,0.2628333453852418,0.0,0.0
mfg_no_excl,homo,20,200,123,1000,17.576,17.651,1.017666699614455,105.456,0.5272800000000037,15.033,0.2670157652824182,0.0,0.0
self_excl_only,homo,20,200,123,1000,17.804,17.651,1.0308399234923993,106.824,0.5341200000000041,15.209,0.25808092268792443,0.0,0.0
ema_fixed_low,homo,20,200,123,1000,18.616,17.651,1.0776715089734807,111.696,0.5584800000000062,34.72,0.11470972718135347,0.0767248917338381,6.215314197498563
ema_fixed_high,homo,20,200,123,1000,18.597,17.651,1.0770163007443185,111.582,0.5579100000000052,35.985,0.10992675307879847,0.07784770135169217,6.1049224332093965
ema_adaptive,homo,20,200,123,1000,18.57,17.651,1.0754217893217872,111.42,0.5571000000000059,34.894,0.11451007639066972,0.07647992670198835,6.237207392329283
ema_ad_low,homo,20,200,123,1000,18.654,17.651,1.0791475546898905,111.924,0.5596200000000059,30.716,0.13267955009684068,0.08040654084542158,4.460819625204858
ema_ad_med,homo,20,200,123,1000,18.684,17.651,1.0807521574744463,112.104,0.5605200000000062,32.394,0.12498378744483568,0.0780936026693594,5.374318816120293
ema_no_coll,homo,20,200,123,1000,18.509,17.651,1.0712531165300114,111.054,0.555270000000006,28.099,0.1518380608481088,0.07895445843852816,3.360269782283812
consec_L2,homo,20,200,123,1000,18.678,17.651,1.08157533840858,112.068,0.5603400000000059,37.959,0.10072658521580206,0.0800684903269244,3.5465839058611577
consec_L4,homo,20,200,123,1000,18.52,17.651,1.0721281795732645,111.12,0.5556000000000045,51.292,0.06308266748885735,0.09158440122883335,2.0699764616722693
dcf_self_excl,homo,20,200,123,1000,16.035,17.651,0.9291319135714665,96.21,0.4810500000000002,51.949,0.10569720693612067,0.0,0.0
pnd,homo,20,200,123,1000,17.298,17.651,1.0015282730642256,103.788,0.5189400000000028,17.491,0.2535246146570047,0.0,0.0
pnd_cd,homo,20,200,123,1000,17.636,17.651,1.0202601347139266,105.816,0.529080000000004,19.46,0.22584786719174596,0.0,0.0
and,homo,20,200,123,1000,3.639,17.651,0.21106256540157534,21.834,0.10917000000000121,1.352,0.8550722282417352,0.0,0.0
oracle,homo,20,200,456,1000,17.712,17.791,1.0140288401871622,106.272,0.5313600000000037,15.143,0.2616303217188947,0.0,0.0
mfg_no_excl,homo,20,200,456,1000,17.734,17.791,1.0148054385586902,106.404,0.532020000000004,15.293,0.2602353178571215,0.0,0.0
self_excl_only,homo,20,200,456,1000,17.7,17.791,1.013288343368878,106.2,0.5310000000000042,15.514,0.25915348993384774,0.0,0.0
ema_fixed_low,homo,20,200,456,1000,18.497,17.791,1.0588488943203338,110.982,0.5549100000000056,34.746,0.11786239763034922,0.07554309076124652,6.294059538355706
ema_fixed_high,homo,20,200,456,1000,18.66,17.791,1.068674205752107,111.96,0.5598000000000056,35.824,0.11052073763397523,0.0780446553455103,6.096640882104894
ema_adaptive,homo,20,200,456,1000,18.681,17.791,1.0692446453099702,112.086,0.5604300000000064,34.769,0.11174616761009962,0.07869965220596803,6.098949783189497
ema_ad_low,homo,20,200,456,1000,18.652,17.791,1.0675329112665806,111.912,0.5595600000000052,30.776,0.1339087420745493,0.07912175776937061,4.439322680589884
ema_ad_med,homo,20,200,456,1000,18.859,17.791,1.0788299972945872,113.154,0.5657700000000062,32.63,0.11850088696913338,0.08049421116817612,5.170134990728468
ema_no_coll,homo,20,200,456,1000,18.476,17.791,1.0571120650247592,110.856,0.554280000000006,27.953,0.15327136493926719,0.07754036814193607,3.420142316514498
consec_L2,homo,20,200,456,1000,18.682,17.791,1.0690688524624663,112.092,0.5604600000000053,37.944,0.10113561838494173,0.0801269878309701,3.554602803951379
consec_L4,homo,20,200,456,1000,18.485,17.791,1.0577685276496813,110.91,0.5545500000000042,51.552,0.06241657738883313,0.09169049194854392,2.029998600738158
dcf_self_excl,homo,20,200,456,1000,16.014,17.791,0.9161981214777666,96.084,0.4804199999999994,52.011,0.10562242270551706,0.0,0.0
pnd,homo,20,200,456,1000,17.165,17.791,0.9834387127234662,102.99,0.5149500000000028,17.49,0.25530391409893016,0.0,0.0
pnd_cd,homo,20,200,456,1000,17.703,17.791,1.0130470852719686,106.218,0.5310900000000042,19.566,0.22630154339266165,0.0,0.0
and,homo,20,200,456,1000,3.568,17.791,0.2045855189959688,21.408,0.10704000000000134,1.365,0.856957899015331,0.0,0.0
oracle,homo,20,200,789,1000,17.72,17.692,1.0264418917726579,106.32,0.5316000000000031,15.201,0.26113061344847877,0.0,0.0
mfg_no_excl,homo,20,200,789,1000,17.649,17.692,1.021917556372935,105.894,0.5294700000000037,15.384,0.26324295029536127,0.0,0.0
self_excl_only,homo,20,200,789,1000,17.844,17.692,1.0316457122985385,107.064,0.5353200000000038,15.298,0.2571060207385398,0.0,0.0
ema_fixed_low,homo,20,200,789,1000,18.48,17.692,1.0687210501400897,110.88,0.5544000000000056,34.807,0.11677203971394859,0.07581921780179868,6.315388574972602
ema_fixed_high,homo,20,200,789,1000,18.72,17.692,1.0826132507714177,112.32,0.561600000000005,35.763,0.10779857101460202,0.08105547372557083,5.932749728165448
ema_adaptive,homo,20,200,789,1000,18.528,17.692,1.073137336034278,111.168,0.5558400000000056,34.898,0.11477211511540818,0.07646777297989975,6.201245766532383
ema_ad_low,homo,20,200,789,1000,18.68,17.692,1.081369992627771,112.08,0.5604000000000064,30.763,0.13286256400036386,0.08027645173880207,4.405328691987134
ema_ad_med,homo,20,200,789,1000,18.661,17.692,1.0801253578121215,111.966,0.5598300000000062,32.583,0.12260153592351852,0.07884554816985061,5.259671589726898
ema_no_coll,homo,20,200,789,1000,18.573,17.692,1.0740870369396687,111.438,0.5571900000000052,28.022,0.1499523222869903,0.07925857182288748,3.3705195675158452
consec_L2,homo,20,200,789,1000,18.768,17.692,1.086824112334174,112.608,0.5630400000000059,37.8,0.0988681882755311,0.08059383817429427,3.4755962224836994
consec_L4,homo,20,200,789,1000,18.455,17.692,1.067847028990101,110.73,0.5536500000000047,51.516,0.06322500368465805,0.09165843884814073,2.060318656382982
dcf_self_excl,homo,20,200,789,1000,16.004,17.692,0.9260878589633632,96.024,0.48011999999999977,52.038,0.10565874927739974,0.0,0.0
pnd,homo,20,200,789,1000,17.243,17.692,0.997956720335048,103.458,0.5172900000000027,17.543,0.25448588055438615,0.0,0.0
pnd_cd,homo,20,200,789,1000,17.704,17.692,1.0252563516634714,106.224,0.5311200000000039,19.584,0.2244152156562221,0.0,0.0
and,homo,20,200,789,1000,3.666,17.692,0.21242981450953602,21.996,0.10998000000000142,1.364,0.8540845571429954,0.0,0.0
oracle,homo,20,200,1234,1000,17.745,17.669,1.0252010723968166,106.47,0.5323500000000033,15.375,0.2602305934344174,0.0,0.0
mfg_no_excl,homo,20,200,1234,1000,17.686,17.669,1.0219581100444113,106.116,0.5305800000000039,15.46,0.26155991122234623,0.0,0.0
self_excl_only,homo,20,200,1234,1000,17.858,17.669,1.0327131562280163,107.148,0.5357400000000044,15.33,0.2545854485714197,0.0,0.0
ema_fixed_low,homo,20,200,1234,1000,18.386,17.669,1.0612954574321454,110.316,0.5515800000000055,34.646,0.11932545634352947,0.07483394194653414,6.301047165381076
ema_fixed_high,homo,20,200,1234,1000,18.646,17.669,1.0774575187411484,111.876,0.5593800000000059,35.895,0.10922457592311192,0.07954373309312825,6.031589596215235
ema_adaptive,homo,20,200,1234,1000,18.575,17.669,1.0735515760125671,111.45,0.5572500000000059,34.928,0.11500533747732605,0.07721545748819744,6.207468122936407
ema_ad_low,homo,20,200,1234,1000,18.755,17.669,1.0838400405966577,112.53,0.5626500000000064,30.875,0.12960943003294045,0.08185455964989764,4.374034855454067
ema_ad_med,homo,20,200,1234,1000,18.649,17.669,1.0769483561158475,111.894,0.5594700000000054,32.398,0.12388245052201165,0.07780066911697404,5.289991115453689
ema_no_coll,homo,20,200,1234,1000,18.569,17.669,1.0724498053760816,111.414,0.557070000000006,28.064,0.15177999219847071,0.07888514239971352,3.366709521954795
consec_L2,homo,20,200,1234,1000,18.769,17.669,1.0848520429819573,112.614,0.5630700000000061,37.656,0.0984362081166289,0.08048838978731496,3.49304015001286
consec_L4,homo,20,200,1234,1000,18.533,17.669,1.0717644192924372,111.198,0.5559900000000049,51.225,0.062471983483526075,0.09176167800874846,2.0480434596689867
dcf_self_excl,homo,20,200,1234,1000,15.825,17.669,0.9154217949233427,94.95,0.47475000000000017,51.694,0.10938087551665605,0.0,0.0
pnd,homo,20,200,1234,1000,17.331,17.669,1.0012871117659436,103.986,0.5199300000000033,17.371,0.2525822174696537,0.0,0.0
pnd_cd,homo,20,200,1234,1000,17.722,17.669,1.0239948609354197,106.332,0.5316600000000035,19.463,0.22619811485228847,0.0,0.0
and,homo,20,200,1234,1000,3.729,17.669,0.21509587955044632,22.374,0.11187000000000133,1.252,0.8550543725201637,0.0,0.0
oracle,homo,30,20,42,1000,1.586,1.592,0.9608333333333335,9.516,0.4758000000000051,1.629,0.2877603174603167,0.0,0.0
mfg_no_excl,homo,30,20,42,1000,1.629,1.592,0.9913333333333327,9.774,0.48870000000000474,1.522,0.28517658730158657,0.0,0.0
self_excl_only,homo,30,20,42,1000,1.602,1.592,0.9494999999999999,9.612,0.480600000000005,1.578,0.28440912698412585,0.0,0.0
ema_fixed_low,homo,30,20,42,1000,1.636,1.592,0.9733333333333326,9.816,0.4908000000000055,2.143,0.2034388888888884,0.010118253403039583,4.581662301587314
ema_fixed_high,homo,30,20,42,1000,1.572,1.592,0.9514999999999998,9.432,0.4716000000000051,2.05,0.22177936507936472,0.01025722930190962,11.459982539682537
ema_adaptive,homo,30,20,42,1000,1.601,1.592,0.9535,9.606,0.4803000000000046,2.108,0.20892936507936463,0.010080619883765875,9.63041865079367
ema_ad_low,homo,30,20,42,1000,1.595,1.592,0.9526666666666669,9.57,0.4785000000000049,1.676,0.26893849206349124,0.004637719560759687,7.494209126984147
ema_ad_med,homo,30,20,42,1000,1.664,1.592,0.9889999999999999,9.984,0.4992000000000051,1.737,0.24079047619047572,0.006439269514203732,7.9197555555555805
ema_no_coll,homo,30,20,42,1000,1.551,1.592,0.9423333333333329,9.306,0.46530000000000454,1.562,0.29826746031745943,0.004190859256209551,7.240552380952399
consec_L2,homo,30,20,42,1000,1.565,1.592,0.9386666666666663,9.39,0.46950000000000486,2.048,0.22012380952380886,0.010804586934516846,4.264066666666673
consec_L4,homo,30,20,42,1000,1.618,1.592,0.9661666666666663,9.708,0.48540000000000527,2.206,0.20039603174603104,0.010275413978067277,0.6182083333333331
dcf_self_excl,homo,30,20,42,1000,1.354,1.592,0.8208333333333334,8.124,0.40620000000000495,2.904,0.17930357142857087,0.0,0.0
pnd,homo,30,20,42,1000,1.58,1.592,0.9544999999999999,9.48,0.47400000000000414,1.503,0.28829523809523705,0.0,0.0
pnd_cd,homo,30,20,42,1000,1.593,1.592,0.9608333333333324,9.558,0.4779000000000051,1.442,0.2966071428571423,0.0,0.0
and,homo,30,20,42,1000,0.0,1.592,0.0,0.0,0.0,0.0,1.0,0.0,0.0
oracle,homo,30,20,123,1000,1.671,1.614,0.9846666666666668,10.026,0.5013000000000051,1.532,0.2707182539682532,0.0,0.0
mfg_no_excl,homo,30,20,123,1000,1.583,1.614,0.9441666666666663,9.498,0.47490000000000476,1.529,0.29532896825396704,0.0,0.0
self_excl_only,homo,30,20,123,1000,1.59,1.614,0.9516666666666663,9.54,0.4770000000000052,1.479,0.2973746031746022,0.0,0.0
ema_fixed_low,homo,30,20,123,1000,1.641,1.614,0.981666666666667,9.846,0.49230000000000496,2.177,0.1965376984126979,0.010046664655607504,4.799246031746049
ema_fixed_high,homo,30,20,123,1000,1.58,1.614,0.9271666666666665,9.48,0.47400000000000536,2.052,0.21718690476190433,0.010081975335897666,11.38791785714285
ema_adaptive,homo,30,20,123,1000,1.627,1.614,0.9789999999999996,9.762,0.4881000000000049,2.095,0.21051309523809456,0.010037670264544512,9.476287698412712
ema_ad_low,homo,30,20,123,1000,1.622,1.614,0.966,9.732,0.4866000000000042,1.654,0.26321150793650727,0.004657362227368541,7.406929761904781
ema_ad_med,homo,30,20,123,1000,1.595,1.614,0.9609999999999999,9.57,0.478500000000005,1.709,0.26102936507936475,0.006583936382860616,7.78085753968256
ema_no_coll,homo,30,20,123,1000,1.553,1.614,0.9241666666666659,9.318,0.46590000000000487,1.518,0.3015976190476178,0.004181598168615003,6.842365476190492
consec_L2,homo,30,20,123,1000,1.598,1.614,0.9673333333333334,9.588,0.47940000000000516,2.006,0.21948015873015797,0.010873802741207613,4.1970857142857225
consec_L4,homo,30,20,123,1000,1.614,1.614,0.9599999999999999,9.684,0.4842000000000043,2.181,0.20347182539682507,0.010299748967241396,0.5454999999999999
dcf_self_excl,homo,30,20,123,1000,1.312,1.614,0.7771666666666667,7.872,0.3936000000000045,2.923,0.18572142857142804,0.0,0.0
pnd,homo,30,20,123,1000,1.527,1.614,0.9094999999999995,9.162,0.4581000000000051,1.463,0.3113095238095223,0.0,0.0
pnd_cd,homo,30,20,123,1000,1.563,1.614,0.9433333333333335,9.378,0.4689000000000051,1.463,0.29874523809523706,0.0,0.0
and,homo,30,20,123,1000,0.0,1.614,0.0,0.0,0.0,0.0,1.0,0.0,0.0
oracle,homo,30,20,456,1000,1.624,1.596,0.9718333333333331,9.744,0.4872000000000053,1.51,0.28718055555555483,0.0,0.0
mfg_no_excl,homo,30,20,456,1000,1.612,1.596,0.9866666666666667,9.672,0.4836000000000049,1.636,0.2768400793650788,0.0,0.0
self_excl_only,homo,30,20,456,1000,1.576,1.596,0.9499999999999996,9.456,0.4728000000000046,1.582,0.290282142857142,0.0,0.0
ema_fixed_low,homo,30,20,456,1000,1.608,1.596,0.9835000000000004,9.648,0.4824000000000045,2.205,0.2025928571428563,0.010304026739603851,4.6568392857143035
ema_fixed_high,homo,30,20,456,1000,1.57,1.596,0.9496666666666669,9.42,0.47100000000000464,2.055,0.22049722222222184,0.0100795756082091,11.257473412698404
ema_adaptive,homo,30,20,456,1000,1.62,1.596,0.9953333333333335,9.72,0.4860000000000055,2.082,0.2113230158730154,0.01008480873535522,9.262435714285742
ema_ad_low,homo,30,20,456,1000,1.613,1.596,0.993333333333333,9.678,0.48390000000000427,1.584,0.2708059523809517,0.004668026312117653,7.055892857142878
ema_ad_med,homo,30,20,456,1000,1.638,1.596,1.0009999999999997,9.828,0.49140000000000494,1.753,0.24252619047618995,0.006407614393046599,7.9311190476190685
ema_no_coll,homo,30,20,456,1000,1.535,1.596,0.9443333333333335,9.21,0.46050000000000524,1.563,0.3007769841269833,0.004128532384124569,7.098333333333353
consec_L2,homo,30,20,456,1000,1.603,1.596,0.9721666666666668,9.618,0.4809000000000045,1.978,0.21895317460317376,0.010603951820946074,4.038535714285717
consec_L4,homo,30,20,456,1000,1.666,1.596,1.0166666666666662,9.996,0.4998000000000054,2.054,0.20332896825396746,0.010335135735279206,0.4472619047619046
dcf_self_excl,homo,30,20,456,1000,1.321,1.596,0.8103333333333332,7.926,0.3963000000000051,2.91,0.1876071428571424,0.0,0.0
pnd,homo,30,20,456,1000,1.504,1.596,0.9203333333333336,9.024,0.45120000000000393,1.521,0.30508333333333193,0.0,0.0
pnd_cd,homo,30,20,456,1000,1.566,1.596,0.9551666666666668,9.396,0.4698000000000051,1.465,0.2978833333333321,0.0,0.0
and,homo,30,20,456,1000,0.0,1.596,0.0,0.0,0.0,0.0,1.0,0.0,0.0
oracle,homo,30,20,789,1000,1.602,1.574,0.9558333333333331,9.612,0.48060000000000447,1.489,0.29329603174603114,0.0,0.0
mfg_no_excl,homo,30,20,789,1000,1.602,1.574,0.951,9.612,0.48060000000000486,1.565,0.28627619047618974,0.0,0.0
self_excl_only,homo,30,20,789,1000,1.599,1.574,0.9466666666666661,9.594,0.479700000000005,1.561,0.28398928571428467,0.0,0.0
ema_fixed_low,homo,30,20,789,1000,1.61,1.574,0.9533333333333334,9.66,0.48300000000000437,2.199,0.2009988095238091,0.010254713535556195,4.657371428571446
ema_fixed_high,homo,30,20,789,1000,1.628,1.574,0.9768333333333331,9.768,0.48840000000000544,2.027,0.21174682539682482,0.01001521780565883,10.926962698412693
ema_adaptive,homo,30,20,789,1000,1.596,1.574,0.9529999999999997,9.576,0.4788000000000047,2.037,0.22067023809523742,0.009925776409466529,9.267194047619062
ema_ad_low,homo,30,20,789,1000,1.55,1.574,0.9191666666666665,9.3,0.465000000000005,1.596,0.2875142857142846,0.004646488176598773,7.485016666666685
ema_ad_med,homo,30,20,789,1000,1.617,1.574,0.9495,9.702,0.4851000000000049,1.718,0.25325992063491987,0.006496941670374924,8.070229365079383
ema_no_coll,homo,30,20,789,1000,1.592,1.574,0.949,9.552,0.47760000000000513,1.468,0.2984349206349196,0.004229866181430243,6.640048412698429
consec_L2,homo,30,20,789,1000,1.601,1.574,0.9621666666666668,9.606,0.48030000000000395,2.075,0.20982182539682487,0.010644867609093318,4.353152380952388
consec_L4,homo,30,20,789,1000,1.619,1.574,0.9528333333333339,9.714,0.4857000000000053,2.078,0.21263015873015806,0.010427373930232823,0.41709523809523796
dcf_self_excl,homo,30,20,789,1000,1.343,1.574,0.8011666666666665,8.058,0.40290000000000453,2.934,0.18049047619047562,0.0,0.0
pnd,homo,30,20,789,1000,1.558,1.574,0.918666666666666,9.348,0.4674000000000048,1.431,0.30454047619047514,0.0,0.0
pnd_cd,homo,30,20,789,1000,1.603,1.574,0.9479999999999998,9.618,0.4809000000000054,1.439,0.2906380952380939,0.0,0.0
and,homo,30,20,789,1000,0.0,1.574,0.0,0.0,0.0,0.0,1.0,0.0,0.0
oracle,homo,30,20,1234,1000,1.599,1.614,0.9813333333333333,9.594,0.4797000000000044,1.57,0.288459523809523,0.0,0.0
mfg_no_excl,homo,30,20,1234,1000,1.65,1.614,0.9984999999999995,9.9,0.49500000000000566,1.536,0.27692539682539624,0.0,0.0
self_excl_only,homo,30,20,1234,1000,1.587,1.614,0.9471666666666662,9.522,0.4761000000000053,1.561,0.2876476190476182,0.0,0.0
ema_fixed_low,homo,30,20,1234,1000,1.668,1.614,1.0095,10.008,0.500400000000006,2.133,0.19866547619047578,0.0101853061539173,4.5075515873016005
ema_fixed_high,homo,30,20,1234,1000,1.641,1.614,0.9944999999999996,9.846,0.49230000000000435,1.974,0.218223412698412,0.009975148523688313,10.840678174603175
ema_adaptive,homo,30,20,1234,1000,1.663,1.614,1.0116666666666667,9.978,0.49890000000000456,2.059,0.20304960317460272,0.009944327350305966,9.250634126984142
ema_ad_low,homo,30,20,1234,1000,1.633,1.614,0.9898333333333332,9.798,0.4899000000000049,1.601,0.27030238095238035,0.004689251914469039,7.167273809523832
ema_ad_med,homo,30,20,1234,1000,1.631,1.614,0.9923333333333331,9.786,0.4893000000000051,1.814,0.2361857142857141,0.006410716614416487,8.465467857142876
ema_no_coll,homo,30,20,1234,1000,1.582,1.614,0.952,9.492,0.4746000000000044,1.47,0.29788492063492017,0.004216375556810856,6.739857142857159
consec_L2,homo,30,20,1234,1000,1.575,1.614,0.9518333333333335,9.45,0.4725000000000042,2.036,0.2215067460317453,0.010477280934188383,4.370014285714292
consec_L4,homo,30,20,1234,1000,1.644,1.614,1.0161666666666662,9.864,0.49320000000000536,2.08,0.20235158730158684,0.010359703560973885,0.4719325396825395
dcf_self_excl,homo,30,20,1234,1000,1.383,1.614,0.8379999999999997,8.298,0.41490000000000526,2.906,0.17502936507936495,0.0,0.0
pnd,homo,30,20,1234,1000,1.544,1.614,0.9311666666666665,9.264,0.46320000000000466,1.479,0.29977380952380844,0.0,0.0
pnd_cd,homo,30,20,1234,1000,1.503,1.614,0.9193333333333331,9.018,0.4509000000000044,1.504,0.30521904761904656,0.0,0.0
and,homo,30,20,1234,1000,0.0,1.614,0.0,0.0,0.0,0.0,1.0,0.0,0.0
oracle,homo,30,50,42,1000,4.18,4.214,1.1360416666666646,25.08,0.501600000000008,4.059,0.27587186989567114,0.0,0.0
mfg_no_excl,homo,30,50,42,1000,4.238,4.214,1.1624333333333308,25.428,0.5085600000000078,4.017,0.273731772444962,0.0,0.0
self_excl_only,homo,30,50,42,1000,4.231,4.214,1.1565238095238084,25.386,0.5077200000000079,4.078,0.2695541213258713,0.0,0.0
ema_fixed_low,homo,30,50,42,1000,4.565,4.214,1.2442964285714277,27.39,0.5478000000000094,8.317,0.12688213111349173,0.016769481241587107,11.050167422870539
ema_fixed_high,homo,30,50,42,1000,4.495,4.214,1.2253285714285709,26.97,0.5394000000000093,7.103,0.157509213116605,0.014997275660845126,13.873684050572745
ema_adaptive,homo,30,50,42,1000,4.479,4.214,1.2253154761904752,26.874,0.5374800000000088,8.121,0.1346288066478778,0.016348583382334646,11.828883288919819
ema_ad_low,homo,30,50,42,1000,4.399,4.214,1.199748809523808,26.394,0.5278800000000082,4.944,0.22346193928620425,0.0071765059299029235,6.67983128782981
ema_ad_med,homo,30,50,42,1000,4.556,4.214,1.245010714285713,27.336,0.5467200000000092,5.944,0.17960377750904077,0.01118887670530338,8.18850609543107
ema_no_coll,homo,30,50,42,1000,4.151,4.214,1.1301035714285699,24.906,0.49812000000000806,4.245,0.270185522810524,0.004996509904559365,5.621768737879769
consec_L2,homo,30,50,42,1000,4.427,4.214,1.2068654761904745,26.562,0.5312400000000095,7.272,0.15780376931719842,0.015797684360041097,7.011610584015222
consec_L4,homo,30,50,42,1000,4.493,4.214,1.2244880952380948,26.958,0.5391600000000091,8.733,0.12252929979919064,0.017903985739148448,2.828658780881813
dcf_self_excl,homo,30,50,42,1000,3.63,4.214,0.9848464285714269,21.78,0.43560000000000654,8.779,0.18163741976547718,0.0,0.0
pnd,homo,30,50,42,1000,3.964,4.214,1.0798488095238092,23.784,0.47568000000000704,3.71,0.2940986818736828,0.0,0.0
pnd_cd,homo,30,50,42,1000,3.938,4.214,1.086717857142857,23.628,0.4725600000000077,3.832,0.29073448218448317,0.0,0.0
and,homo,30,50,42,1000,0.004,4.214,0.0008500000000000001,0.024,0.00047999999999999996,0.0,0.9995,0.0,0.0
oracle,homo,30,50,123,1000,4.26,4.243,1.1566988095238095,25.56,0.5112000000000084,4.036,0.2702370729760442,0.0,0.0
mfg_no_excl,homo,30,50,123,1000,4.112,4.243,1.1240845238095227,24.672,0.493440000000008,4.01,0.2823734859266987,0.0,0.0
self_excl_only,homo,30,50,123,1000,4.2,4.243,1.1505607142857142,25.2,0.504000000000008,3.978,0.277852363322952,0.0,0.0
ema_fixed_low,homo,30,50,123,1000,4.535,4.243,1.2323630952380964,27.21,0.5442000000000091,8.426,0.12776874952409656,0.016559207502492033,11.218506188113876
ema_fixed_high,homo,30,50,123,1000,4.412,4.243,1.2123428571428572,26.472,0.5294400000000092,7.107,0.16285284189494736,0.014872676085548282,13.833367340146081
ema_adaptive,homo,30,50,123,1000,4.49,4.243,1.226089285714286,26.94,0.5388000000000092,8.111,0.1364353728615733,0.01638880878176158,11.749502532817193
ema_ad_low,homo,30,50,123,1000,4.43,4.243,1.2021095238095243,26.58,0.5316000000000083,4.906,0.2211689978322335,0.007253552938917694,6.570447248584753
ema_ad_med,homo,30,50,123,1000,4.493,4.243,1.237355952380952,26.958,0.5391600000000089,6.0,0.1846144583057123,0.011309985897189706,8.376531751624716
ema_no_coll,homo,30,50,123,1000,4.188,4.243,1.146170238095238,25.128,0.5025600000000078,4.183,0.2688222879244948,0.005005578741245832,5.28764746780997
consec_L2,homo,30,50,123,1000,4.46,4.243,1.2170702380952376,26.76,0.535200000000009,7.335,0.15336523748009842,0.015704895462116834,7.161033703791907
consec_L4,homo,30,50,123,1000,4.508,4.243,1.2249880952380963,27.048,0.5409600000000091,8.825,0.11940826167382768,0.017949860793614433,2.836178037926124
dcf_self_excl,homo,30,50,123,1000,3.58,4.243,0.9662952380952374,21.48,0.4296000000000068,8.847,0.1829817640821513,0.0,0.0
pnd,homo,30,50,123,1000,3.967,4.243,1.0781369047619038,23.802,0.47604000000000773,3.764,0.2902675546675557,0.0,0.0
pnd_cd,homo,30,50,123,1000,4.0,4.243,1.087258333333332,24.0,0.4800000000000076,3.898,0.2827570845820857,0.0,0.0
and,homo,30,50,123,1000,0.007,4.243,0.0015666666666666667,0.042,0.0008399999999999999,0.0,0.999125,0.0,0.0
oracle,homo,30,50,456,1000,4.228,4.25,1.1189595238095231,25.368,0.5073600000000078,3.965,0.2769466293854073,0.0,0.0
mfg_no_excl,homo,30,50,456,1000,4.165,4.25,1.0972500000000007,24.99,0.49980000000000796,4.058,0.2771431241531092,0.0,0.0
self_excl_only,homo,30,50,456,1000,4.184,4.25,1.1043547619047622,25.104,0.5020800000000079,4.132,0.27289579823771076,0.0,0.0
ema_fixed_low,homo,30,50,456,1000,4.55,4.25,1.204479761904762,27.3,0.5460000000000095,8.52,0.12468200939135127,0.016739993334034035,11.342799720594693
ema_fixed_high,homo,30,50,456,1000,4.435,4.25,1.173674999999999,26.61,0.5322000000000088,7.13,0.16085215449325385,0.014808919803301292,13.877108685062794
ema_adaptive,homo,30,50,456,1000,4.564,4.25,1.1985273809523804,27.384,0.5476800000000096,7.955,0.13285483666921685,0.016357723713089304,11.482026172458468
ema_ad_low,homo,30,50,456,1000,4.371,4.25,1.1596166666666656,26.226,0.5245200000000083,4.683,0.2333505940310122,0.007360143260748899,6.211274461172637
ema_ad_med,homo,30,50,456,1000,4.458,4.25,1.1764464285714273,26.748,0.5349600000000089,6.069,0.18663217914266708,0.011142317619634426,8.554805488650501
ema_no_coll,homo,30,50,456,1000,4.19,4.25,1.1070999999999986,25.14,0.5028000000000076,4.148,0.2701166716453488,0.0050494741274397,5.291587672947971
consec_L2,homo,30,50,456,1000,4.445,4.25,1.1800583333333334,26.67,0.5334000000000092,7.205,0.15572035402248305,0.01570610031269051,6.954586492411961
consec_L4,homo,30,50,456,1000,4.584,4.25,1.2104071428571432,27.504,0.5500800000000096,8.594,0.11923599842112168,0.01778337060280709,2.783380666397098
dcf_self_excl,homo,30,50,456,1000,3.619,4.25,0.9644464285714286,21.714,0.43428000000000666,8.725,0.1838864588885491,0.0,0.0
pnd,homo,30,50,456,1000,3.879,4.25,1.0251845238095225,23.274,0.4654800000000072,3.731,0.29999721389721484,0.0,0.0
pnd_cd,homo,30,50,456,1000,4.023,4.25,1.0587142857142844,24.138,0.482760000000008,3.775,0.2852799145299155,0.0,0.0
and,homo,30,50,456,1000,0.014,4.25,0.00415,0.084,0.0016800000000000005,0.0,0.99825,0.0,0.0
oracle,homo,30,50,789,1000,4.189,4.166,1.1545857142857125,25.134,0.5026800000000076,4.018,0.2772402430258092,0.0,0.0
mfg_no_excl,homo,30,50,789,1000,4.238,4.166,1.1582428571428562,25.428,0.508560000000008,4.019,0.27383713308535357,0.0,0.0
self_excl_only,homo,30,50,789,1000,4.253,4.166,1.1706928571428556,25.518,0.510360000000008,4.146,0.26598290393816815,0.0,0.0
ema_fixed_low,homo,30,50,789,1000,4.504,4.166,1.2413047619047606,27.024,0.5404800000000092,8.584,0.12534327874982507,0.016798960343999404,11.366849165966984
ema_fixed_high,homo,30,50,789,1000,4.485,4.166,1.2321928571428578,26.91,0.5382000000000091,6.936,0.16054994164332403,0.014746670344697,13.340940219451172
ema_adaptive,homo,30,50,789,1000,4.48,4.166,1.2320035714285698,26.88,0.5376000000000086,8.166,0.13467100495375237,0.016437115940602726,11.697157749539475
ema_ad_low,homo,30,50,789,1000,4.343,4.166,1.189596428571427,26.058,0.5211600000000082,4.785,0.23224780546251192,0.007307403526314041,6.463293923968186
ema_ad_med,homo,30,50,789,1000,4.543,4.166,1.2466916666666656,27.258,0.5451600000000087,6.048,0.17925990473664646,0.0110780495024582,8.390515150299477
ema_no_coll,homo,30,50,789,1000,4.208,4.166,1.1518380952380958,25.248,0.5049600000000083,4.217,0.2646052307169965,0.005025086832600635,5.410981790676643
consec_L2,homo,30,50,789,1000,4.489,4.166,1.2360714285714267,26.934,0.5386800000000089,7.178,0.15406454522859309,0.015594181225043052,6.873549570587645
consec_L4,homo,30,50,789,1000,4.55,4.166,1.2503904761904763,27.3,0.5460000000000094,8.588,0.12102495348305041,0.01805423393313315,2.713779031233642
dcf_self_excl,homo,30,50,789,1000,3.631,4.166,0.9943833333333321,21.786,0.43572000000000644,8.805,0.1806146806023355,0.0,0.0
pnd,homo,30,50,789,1000,3.927,4.166,1.0852833333333325,23.562,0.4712400000000069,3.737,0.2951308080808091,0.0,0.0
pnd_cd,homo,30,50,789,1000,3.988,4.166,1.0942654761904753,23.928,0.4785600000000073,3.761,0.28835995393495434,0.0,0.0
and,homo,30,50,789,1000,0.007,4.166,0.0017166666666666665,0.042,0.0008399999999999999,0.001,0.9990138888888889,0.0,0.0
oracle,homo,30,50,1234,1000,4.136,4.208,1.142685714285713,24.816,0.49632000000000737,4.103,0.2789248019696173,0.0,0.0
mfg_no_excl,homo,30,50,1234,1000,4.291,4.208,1.1812773809523796,25.746,0.5149200000000083,3.992,0.26881194540323894,0.0,0.0
self_excl_only,homo,30,50,1234,1000,4.197,4.208,1.1558988095238085,25.182,0.5036400000000082,4.146,0.27094852449322293,0.0,0.0
ema_fixed_low,homo,30,50,1234,1000,4.555,4.208,1.2549619047619047,27.33,0.5466000000000095,8.364,0.1269093236184187,0.01697376660822814,10.953962897311674
ema_fixed_high,homo,30,50,1234,1000,4.416,4.208,1.2221404761904775,26.496,0.5299200000000092,7.024,0.16400494478431804,0.014990433694289118,13.578149668537515
ema_adaptive,homo,30,50,1234,1000,4.589,4.208,1.2729702380952364,27.534,0.5506800000000089,8.01,0.13130013327147919,0.01616626133910565,11.389515573551286
ema_ad_low,homo,30,50,1234,1000,4.402,4.208,1.2077714285714278,26.412,0.5282400000000084,4.949,0.22268565717048755,0.007237049457815388,6.613459665274531
ema_ad_med,homo,30,50,1234,1000,4.519,4.208,1.2401023809523806,27.114,0.5422800000000092,5.983,0.18252081856052454,0.011059488758073872,8.381921832415944
ema_no_coll,homo,30,50,1234,1000,4.228,4.208,1.1732178571428566,25.368,0.5073600000000079,4.08,0.2688004277585167,0.005107906813077611,5.150129115737208
consec_L2,homo,30,50,1234,1000,4.401,4.208,1.2145892857142864,26.406,0.5281200000000088,7.373,0.15573518807473946,0.015703591231331526,7.2347824584041645
consec_L4,homo,30,50,1234,1000,4.559,4.208,1.2629607142857127,27.354,0.5470800000000093,8.705,0.11726521719770115,0.017671275571081283,2.9879233702125902
dcf_self_excl,homo,30,50,1234,1000,3.687,4.208,1.0195999999999996,22.122,0.4424400000000073,8.743,0.17969726242969303,0.0,0.0
pnd,homo,30,50,1234,1000,4.008,4.208,1.0974833333333327,24.048,0.48096000000000727,3.672,0.2915157065157075,0.0,0.0
pnd_cd,homo,30,50,1234,1000,3.885,4.208,1.0670559523809524,23.31,0.46620000000000744,3.815,0.29563945776445893,0.0,0.0
and,homo,30,50,1234,1000,0.006,4.208,0.0011095238095238094,0.036,0.0007199999999999999,0.001,0.9991388888888889,0.0,0.0
oracle,homo,30,100,42,1000,8.694,8.67,1.058071209346209,52.164,0.521640000000008,8.434,0.26801283795187464,0.0,0.0
mfg_no_excl,homo,30,100,42,1000,8.789,8.67,1.0728850677100668,52.734,0.5273400000000076,8.291,0.266670551443878,0.0,0.0
self_excl_only,homo,30,100,42,1000,8.711,8.67,1.0654079143079154,52.266,0.522660000000008,8.425,0.26756363592463295,0.0,0.0
ema_fixed_low,homo,30,100,42,1000,9.406,8.67,1.1447600593850589,56.436,0.5643600000000062,17.878,0.12267423108499362,0.01932140906960662,13.633774260803223
ema_fixed_high,homo,30,100,42,1000,9.323,8.67,1.1358968753468741,55.938,0.5593800000000073,15.848,0.14262652458029823,0.018431183341196648,13.727118133715944
ema_adaptive,homo,30,100,42,1000,9.359,8.67,1.140878474303474,56.154,0.5615400000000073,18.284,0.12010790865567159,0.019597069219186688,13.160748784613581
ema_ad_low,homo,30,100,42,1000,9.362,8.67,1.1388640720390713,56.172,0.5617200000000071,11.945,0.1846068236458865,0.011795923715415359,7.6537707599341624
ema_ad_med,homo,30,100,42,1000,9.508,8.67,1.159602053502053,57.048,0.5704800000000068,14.873,0.14642282122521952,0.015905737709643823,10.15623871534692
ema_no_coll,homo,30,100,42,1000,8.866,8.67,1.079925810300811,53.196,0.5319600000000075,9.349,0.2439602886976212,0.007415216636058889,5.229872086383113
consec_L2,homo,30,100,42,1000,9.227,8.67,1.1261523226773211,55.362,0.5536200000000073,17.044,0.13281756371494702,0.019579436352239223,7.709064196240459
consec_L4,homo,30,100,42,1000,9.348,8.67,1.138697444222444,56.088,0.5608800000000069,22.037,0.08942532442986226,0.023504566573816305,4.013227030924908
dcf_self_excl,homo,30,100,42,1000,7.243,8.67,0.8825767843267862,43.458,0.4345800000000062,18.148,0.1876053315652372,0.0,0.0
pnd,homo,30,100,42,1000,8.184,8.67,0.9992255161505175,49.104,0.4910400000000076,7.785,0.2959083843485108,0.0,0.0
pnd_cd,homo,30,100,42,1000,8.322,8.67,1.0171779498279496,49.932,0.4993200000000079,8.156,0.2835814008937924,0.0,0.0
and,homo,30,100,42,1000,0.022,8.67,0.002457611832611833,0.132,0.0013200000000000006,0.001,0.9985661764705883,0.0,0.0
oracle,homo,30,100,123,1000,8.623,8.673,1.0552611333111337,51.738,0.5173800000000074,8.256,0.27348334677414154,0.0,0.0
mfg_no_excl,homo,30,100,123,1000,8.669,8.673,1.0618442252192246,52.014,0.520140000000008,8.183,0.2722265490157291,0.0,0.0
self_excl_only,homo,30,100,123,1000,8.669,8.673,1.0619422327672337,52.014,0.5201400000000078,8.397,0.269319674386264,0.0,0.0
ema_fixed_low,homo,30,100,123,1000,9.463,8.673,1.1572092213342209,56.778,0.5677800000000067,17.796,0.12232760297288534,0.01927769392013785,13.609347039346115
ema_fixed_high,homo,30,100,123,1000,9.236,8.673,1.1327133838383845,55.416,0.5541600000000069,16.011,0.1434226625977196,0.018511168242661632,13.789590669576722
ema_adaptive,homo,30,100,123,1000,9.265,8.673,1.1335477189477183,55.59,0.5559000000000078,18.35,0.12262432545424726,0.019984777779921945,13.186225827087892
ema_ad_low,homo,30,100,123,1000,9.371,8.673,1.1429356809856803,56.226,0.5622600000000059,11.995,0.18464364103444372,0.011882808270621251,7.6773363373530605
ema_ad_med,homo,30,100,123,1000,9.468,8.673,1.1571769147519149,56.808,0.5680800000000075,14.681,0.14997907152767243,0.016074827305735714,10.185424265891795
ema_no_coll,homo,30,100,123,1000,8.93,8.673,1.0941553640803645,53.58,0.5358000000000075,9.378,0.2419474305164226,0.00745306504078461,5.032805949419345
consec_L2,homo,30,100,123,1000,9.274,8.673,1.1332153957153965,55.644,0.5564400000000069,16.903,0.13259090373669874,0.019570692423239056,7.695610236219593
consec_L4,homo,30,100,123,1000,9.333,8.673,1.138769386169386,55.998,0.5599800000000075,21.839,0.09116020857353774,0.023376294494772295,4.034461783899483
dcf_self_excl,homo,30,100,123,1000,7.184,8.673,0.8795464091464111,43.104,0.4310400000000062,18.254,0.18839019608020122,0.0,0.0
pnd,homo,30,100,123,1000,8.276,8.673,1.0115357226107229,49.656,0.496560000000008,7.696,0.29283765506265735,0.0,0.0
pnd_cd,homo,30,100,123,1000,8.313,8.673,1.0163862387612395,49.878,0.4987800000000074,8.07,0.28473603589684426,0.0,0.0
and,homo,30,100,123,1000,0.024,8.673,0.003028149628149628,0.144,0.0014400000000000007,0.001,0.9984411764705883,0.0,0.0
oracle,homo,30,100,456,1000,8.691,8.746,1.0528444083694088,52.146,0.5214600000000076,8.256,0.27148182790702124,0.0,0.0
mfg_no_excl,homo,30,100,456,1000,8.645,8.746,1.0480222555222574,51.87,0.5187000000000078,8.217,0.272767003079009,0.0,0.0
self_excl_only,homo,30,100,456,1000,8.716,8.746,1.0539347818847833,52.296,0.5229600000000076,8.424,0.26686854402623145,0.0,0.0
ema_fixed_low,homo,30,100,456,1000,9.373,8.746,1.1389846459096453,56.238,0.5623800000000065,17.872,0.12381166067789458,0.019249707247862152,13.728766156735755
ema_fixed_high,homo,30,100,456,1000,9.271,8.746,1.1248573232323238,55.626,0.5562600000000067,15.914,0.14282682142805547,0.018159750272258322,13.735809947231674
ema_adaptive,homo,30,100,456,1000,9.46,8.746,1.1451061854811841,56.76,0.5676000000000068,18.079,0.11823023209591474,0.020059964395509295,12.915403113431246
ema_ad_low,homo,30,100,456,1000,9.38,8.746,1.1387623265623263,56.28,0.5628000000000065,11.889,0.18608553031746639,0.012131768101031561,7.367841470563696
ema_ad_med,homo,30,100,456,1000,9.357,8.746,1.1377690864690855,56.142,0.5614200000000069,14.791,0.15242073127670247,0.015834042270894032,10.395202056104864
ema_no_coll,homo,30,100,456,1000,8.858,8.746,1.0745938172938172,53.148,0.5314800000000073,9.486,0.24216470683911379,0.007460035284583776,5.301657495140278
consec_L2,homo,30,100,456,1000,9.332,8.746,1.1319777472527466,55.992,0.559920000000007,16.783,0.1318103604904778,0.019726870801908894,7.537380844109498
consec_L4,homo,30,100,456,1000,9.383,8.746,1.1350964479964485,56.298,0.5629800000000067,21.747,0.09008739284913292,0.023280399614932265,4.0152615237586735
dcf_self_excl,homo,30,100,456,1000,7.193,8.746,0.8734015928515941,43.158,0.431580000000006,18.202,0.18853348006781584,0.0,0.0
pnd,homo,30,100,456,1000,8.155,8.746,0.9872379481629495,48.93,0.4893000000000071,7.833,0.29616799375935515,0.0,0.0
pnd_cd,homo,30,100,456,1000,8.392,8.746,1.0187412864912886,50.352,0.5035200000000082,8.081,0.28213581368965845,0.0,0.0
and,homo,30,100,456,1000,0.023,8.746,0.00265480907980908,0.138,0.0013800000000000006,0.001,0.9985036764705882,0.0,0.0
oracle,homo,30,100,789,1000,8.694,8.59,1.0717346126096132,52.164,0.5216400000000077,8.245,0.2710506060082095,0.0,0.0
mfg_no_excl,homo,30,100,789,1000,8.714,8.59,1.0708425713175724,52.284,0.522840000000008,8.225,0.26998420022482683,0.0,0.0
self_excl_only,homo,30,100,789,1000,8.797,8.59,1.083612570762572,52.782,0.5278200000000077,8.548,0.26230656866559976,0.0,0.0
ema_fixed_low,homo,30,100,789,1000,9.349,8.59,1.1514354090354084,56.094,0.5609400000000072,18.057,0.1234671786745024,0.019340840341992974,13.776006438898433
ema_fixed_high,homo,30,100,789,1000,9.343,8.59,1.1510247224997203,56.058,0.5605800000000069,15.702,0.1428680367751826,0.018350048764223446,13.455864406117321
ema_adaptive,homo,30,100,789,1000,9.397,8.59,1.1552133755133762,56.382,0.5638200000000062,18.232,0.11848301989103945,0.019677615574872902,13.095512563046965
ema_ad_low,homo,30,100,789,1000,9.286,8.59,1.1425477494727487,55.716,0.5571600000000064,11.818,0.1885006512783687,0.012000062774284849,7.559026733697541
ema_ad_med,homo,30,100,789,1000,9.506,8.59,1.167179667554668,57.036,0.5703600000000061,14.679,0.14853380919936213,0.015860902830544157,10.176580371648546
ema_no_coll,homo,30,100,789,1000,8.921,8.59,1.096587581862583,53.526,0.5352600000000071,9.388,0.24103733896906102,0.007375497087275972,5.126167503502075
consec_L2,homo,30,100,789,1000,9.327,8.59,1.1475318487068484,55.962,0.5596200000000068,16.849,0.13183958476387025,0.019574623832062165,7.543219748075516
consec_L4,homo,30,100,789,1000,9.406,8.59,1.1545510461760455,56.436,0.5643600000000072,21.737,0.08965081500766894,0.02353176751697412,4.00974961313874
dcf_self_excl,homo,30,100,789,1000,7.237,8.59,0.8895416944166958,43.422,0.4342200000000059,18.288,0.18659485854787825,0.0,0.0
pnd,homo,30,100,789,1000,8.211,8.59,1.010109951159952,49.266,0.49266000000000754,7.747,0.29475976937800774,0.0,0.0
pnd_cd,homo,30,100,789,1000,8.404,8.59,1.0336483849483866,50.424,0.5042400000000075,8.033,0.2819444107706004,0.0,0.0
and,homo,30,100,789,1000,0.019,8.59,0.0023797369297369297,0.114,0.0011400000000000006,0.002,0.9986948529411765,0.0,0.0
oracle,homo,30,100,1234,1000,8.641,8.764,1.0474773754023765,51.846,0.5184600000000085,8.334,0.27129688746929137,0.0,0.0
mfg_no_excl,homo,30,100,1234,1000,8.743,8.764,1.0594944888444888,52.458,0.5245800000000073,8.27,0.26835469056679195,0.0,0.0
self_excl_only,homo,30,100,1234,1000,8.695,8.764,1.0511313103563107,52.17,0.5217000000000077,8.49,0.2666904481950348,0.0,0.0
ema_fixed_low,homo,30,100,1234,1000,9.419,8.764,1.1420515207015218,56.514,0.5651400000000075,17.855,0.12319578439508026,0.01941900868472337,13.587246127354602
ema_fixed_high,homo,30,100,1234,1000,9.283,8.764,1.1243246087246095,55.698,0.5569800000000071,15.932,0.142471097848566,0.018470660255197672,13.627762587050897
ema_adaptive,homo,30,100,1234,1000,9.428,8.764,1.144964457764458,56.568,0.5656800000000061,18.134,0.11839730961492095,0.019737892150537905,12.978786972264672
ema_ad_low,homo,30,100,1234,1000,9.256,8.764,1.118226776001777,55.536,0.5553600000000068,11.981,0.18844426668016293,0.011853091736913986,7.673154518086504
ema_ad_med,homo,30,100,1234,1000,9.484,8.764,1.1456940753690754,56.904,0.5690400000000069,14.65,0.1501917136697607,0.015898040876414245,10.16253327053926
ema_no_coll,homo,30,100,1234,1000,8.945,8.764,1.08277478909979,53.67,0.5367000000000072,9.264,0.2422706920407989,0.007539996587769913,5.0202969136283215
consec_L2,homo,30,100,1234,1000,9.209,8.764,1.1113025419025426,55.254,0.5525400000000067,17.011,0.13427544445721223,0.01941725632954422,7.715108875993504
consec_L4,homo,30,100,1234,1000,9.31,8.764,1.1287151626151632,55.86,0.5586000000000068,21.864,0.09110977201745271,0.02317753163023114,4.122940540449347
dcf_self_excl,homo,30,100,1234,1000,7.341,8.764,0.8862795926295939,44.046,0.4404600000000066,18.148,0.1845359791147105,0.0,0.0
pnd,homo,30,100,1234,1000,8.193,8.764,0.9930788267288271,49.158,0.4915800000000076,7.761,0.2956197607672436,0.0,0.0
pnd_cd,homo,30,100,1234,1000,8.26,8.764,1.0003972055722072,49.56,0.49560000000000765,8.153,0.2855432399780916,0.0,0.0
and,homo,30,100,1234,1000,0.023,8.764,0.002788239538239538,0.138,0.0013800000000000008,0.002,0.9984448529411765,0.0,0.0
oracle,homo,30,200,42,1000,17.634,17.607,1.0282411503637114,105.804,0.5290200000000009,17.049,0.2656672121201461,0.0,0.0
mfg_no_excl,homo,30,200,42,1000,17.697,17.607,1.0333137318672123,106.182,0.5309100000000013,16.735,0.26745798765336654,0.0,0.0
self_excl_only,homo,30,200,42,1000,17.65,17.607,1.0281867530349964,105.9,0.5295000000000009,16.859,0.2671698885982728,0.0,0.0
ema_fixed_low,homo,30,200,42,1000,18.638,17.607,1.0848813268225828,111.828,0.5591400000000023,31.271,0.1531049978636363,0.02362918529013716,11.921765356845542
ema_fixed_high,homo,30,200,42,1000,19.12,17.607,1.1157416096618193,114.72,0.5736000000000022,34.027,0.13099928093995628,0.025605886341871116,11.509211935205805
ema_adaptive,homo,30,200,42,1000,18.534,17.607,1.0794774842480417,111.204,0.5560200000000021,32.212,0.14960796217595004,0.023872111137143437,11.8901755025418
ema_ad_low,homo,30,200,42,1000,18.978,17.607,1.1068782344918717,113.868,0.569340000000002,26.079,0.1757018490480858,0.018876959006038512,8.212075779848941
ema_ad_med,homo,30,200,42,1000,19.016,17.607,1.107615245214844,114.096,0.570480000000003,28.666,0.16001001491971908,0.021046340813257746,9.907322164054165
ema_no_coll,homo,30,200,42,1000,18.503,17.607,1.0783555318167863,111.018,0.5550900000000027,21.828,0.21230797505956012,0.015674619297157782,5.522939752147441
consec_L2,homo,30,200,42,1000,19.016,17.607,1.108958483290649,114.096,0.5704800000000027,36.876,0.11955966101492449,0.027117403248760278,6.672377356235926
consec_L4,homo,30,200,42,1000,18.94,17.607,1.1055601391440697,113.64,0.5682000000000023,49.529,0.07493855531387893,0.03285367568074872,3.8293625345363314
dcf_self_excl,homo,30,200,42,1000,15.024,17.607,0.8757928568420127,90.144,0.4507199999999997,42.624,0.15621400462889481,0.0,0.0
pnd,homo,30,200,42,1000,16.719,17.607,0.9742981664044591,100.314,0.5015700000000006,15.863,0.29204354485248135,0.0,0.0
pnd_cd,homo,30,200,42,1000,16.951,17.607,0.9899695454825246,101.706,0.5085300000000014,17.085,0.2762784562090461,0.0,0.0
and,homo,30,200,42,1000,1.116,17.607,0.06532047892106584,6.696,0.033480000000000086,0.254,0.9590014514896985,0.0,0.0
oracle,homo,30,200,123,1000,17.552,17.665,1.0208576197321635,105.312,0.5265600000000015,16.564,0.27169144294158937,0.0,0.0
mfg_no_excl,homo,30,200,123,1000,17.562,17.665,1.0210755066982495,105.372,0.5268600000000006,16.704,0.2701310117123048,0.0,0.0
self_excl_only,homo,30,200,123,1000,17.669,17.665,1.0276184119510792,106.014,0.5300700000000013,16.799,0.26693665519699006,0.0,0.0
ema_fixed_low,homo,30,200,123,1000,18.635,17.665,1.0829110004749742,111.81,0.5590500000000019,31.528,0.1518490327612187,0.023469725445540397,11.953841130822301
ema_fixed_high,homo,30,200,123,1000,19.007,17.665,1.1060479070458413,114.042,0.5702100000000025,34.092,0.13254830361289097,0.02549174888969215,11.52762438317343
ema_adaptive,homo,30,200,123,1000,18.541,17.665,1.078794702933394,111.246,0.5562300000000029,32.161,0.15010284593576118,0.02376935114508672,11.875364778122561
ema_ad_low,homo,30,200,123,1000,18.93,17.665,1.0993363654386783,113.58,0.5679000000000021,25.884,0.1772541842599614,0.019134830517178424,8.201141509074374
ema_ad_med,homo,30,200,123,1000,19.107,17.665,1.1095696481656938,114.642,0.5732100000000024,28.747,0.1584497549792767,0.02152863702983164,9.924914206697538
ema_no_coll,homo,30,200,123,1000,18.499,17.665,1.0765934898855507,110.994,0.5549700000000017,21.899,0.21188865925326933,0.01575811562767703,5.466569880243245
consec_L2,homo,30,200,123,1000,19.048,17.665,1.1060550357979846,114.288,0.5714400000000021,36.756,0.11957314442712133,0.026962726155899754,6.694712031906912
consec_L4,homo,30,200,123,1000,18.989,17.665,1.1031045403228252,113.934,0.569670000000002,49.063,0.07567670502644311,0.032715428069135966,3.8295245550908996
dcf_self_excl,homo,30,200,123,1000,14.97,17.665,0.8705617332619533,89.82,0.4490999999999993,42.861,0.1560023107065916,0.0,0.0
pnd,homo,30,200,123,1000,16.756,17.665,0.9739840197430653,100.536,0.5026800000000007,15.883,0.29071991998667285,0.0,0.0
pnd_cd,homo,30,200,123,1000,16.978,17.665,0.9856549209341618,101.868,0.5093400000000001,16.996,0.2762931117468588,0.0,0.0
and,homo,30,200,123,1000,1.113,17.665,0.06502916160958022,6.678,0.03339000000000008,0.219,0.9600669467787236,0.0,0.0
oracle,homo,30,200,456,1000,17.745,17.713,1.0283464636958524,106.47,0.5323500000000009,16.683,0.26638167648964994,0.0,0.0
mfg_no_excl,homo,30,200,456,1000,17.517,17.713,1.0152208512929313,105.102,0.5255100000000013,16.745,0.27023350712344973,0.0,0.0
self_excl_only,homo,30,200,456,1000,17.644,17.713,1.023376793075719,105.864,0.5293200000000013,16.959,0.26618118235950716,0.0,0.0
ema_fixed_low,homo,30,200,456,1000,18.493,17.713,1.0724076719722526,110.958,0.5547900000000019,31.495,0.15465420837863578,0.023953197967230572,12.041590636424871
ema_fixed_high,homo,30,200,456,1000,19.016,17.713,1.1015181156052856,114.096,0.5704800000000024,34.138,0.13228016216734537,0.025411165776054633,11.534069744832813
ema_adaptive,homo,30,200,456,1000,18.753,17.713,1.085576609531194,112.518,0.5625900000000016,32.32,0.14571044219197743,0.024263639290925395,11.659731165311515
ema_ad_low,homo,30,200,456,1000,18.947,17.713,1.0984235543888812,113.682,0.5684100000000023,26.071,0.17613426819169894,0.019196654315895116,8.076639576098787
ema_ad_med,homo,30,200,456,1000,18.846,17.713,1.0925455812484075,113.076,0.5653800000000019,28.733,0.16287358804416935,0.021093298781032808,10.122556650941686
ema_no_coll,homo,30,200,456,1000,18.328,17.713,1.063279775649449,109.968,0.5498400000000023,21.934,0.21514316890629975,0.01541285083639345,5.646421838721149
consec_L2,homo,30,200,456,1000,19.093,17.713,1.1084212218173963,114.558,0.5727900000000019,36.806,0.11863087656652105,0.027367312514904187,6.598265175294067
consec_L4,homo,30,200,456,1000,19.064,17.713,1.1044365723472755,114.384,0.5719200000000019,49.024,0.07490727067474122,0.0329141627758133,3.8097173506721003
dcf_self_excl,homo,30,200,456,1000,15.015,17.713,0.8695393704455558,90.09,0.45044999999999885,42.953,0.15493314080874335,0.0,0.0
pnd,homo,30,200,456,1000,16.619,17.713,0.9642190928752391,99.714,0.49857000000000096,15.976,0.2932196789191326,0.0,0.0
pnd_cd,homo,30,200,456,1000,17.167,17.713,0.9953696109697507,103.002,0.5150100000000007,16.832,0.27370397389021434,0.0,0.0
and,homo,30,200,456,1000,1.163,17.713,0.06712211417099562,6.978,0.0348900000000001,0.248,0.9578010185892649,0.0,0.0
oracle,homo,30,200,789,1000,17.632,17.521,1.0319870541082168,105.792,0.5289600000000012,16.452,0.2708718062065092,0.0,0.0
mfg_no_excl,homo,30,200,789,1000,17.779,17.521,1.0384158373074135,106.674,0.5333700000000015,16.524,0.26700816518329457,0.0,0.0
self_excl_only,homo,30,200,789,1000,17.779,17.521,1.0416231413698067,106.674,0.5333700000000015,17.087,0.262680993486045,0.0,0.0
ema_fixed_low,homo,30,200,789,1000,18.408,17.521,1.078169168294526,110.448,0.5522400000000017,31.461,0.15643569202987034,0.02343779676518252,12.100141058705836
ema_fixed_high,homo,30,200,789,1000,18.978,17.521,1.1115815424636084,113.868,0.5693400000000024,33.932,0.13368842394379393,0.02557874004426211,11.411786514415201
ema_adaptive,homo,30,200,789,1000,18.696,17.521,1.0945882635470257,112.176,0.5608800000000029,32.071,0.14772781211713154,0.02395183554142431,11.75495820868362
ema_ad_low,homo,30,200,789,1000,18.945,17.521,1.1093674173628163,113.67,0.5683500000000019,26.057,0.17613250960165477,0.019263477605441105,8.208347944044775
ema_ad_med,homo,30,200,789,1000,18.879,17.521,1.1035030579581422,113.274,0.5663700000000016,28.624,0.16277059582383385,0.021212697227885453,9.985741752471036
ema_no_coll,homo,30,200,789,1000,18.502,17.521,1.0830899454729197,111.012,0.5550600000000013,21.9,0.21138841772888883,0.015158011927112417,5.583555335860171
consec_L2,homo,30,200,789,1000,19.072,17.521,1.1165559971107042,114.432,0.5721600000000022,36.806,0.1190213269773919,0.02734208260231908,6.623325019210895
consec_L4,homo,30,200,789,1000,19.048,17.521,1.114772264033086,114.288,0.5714400000000025,48.965,0.07538189649065677,0.03287817007015285,3.810709895576457
dcf_self_excl,homo,30,200,789,1000,15.006,17.521,0.8782646008242142,90.036,0.45017999999999914,42.897,0.1552372395184843,0.0,0.0
pnd,homo,30,200,789,1000,16.8,17.521,0.9826419690393356,100.8,0.5040000000000003,15.896,0.28976307701401144,0.0,0.0
pnd_cd,homo,30,200,789,1000,17.131,17.521,1.0021109467798497,102.786,0.5139300000000006,16.981,0.27329975406363777,0.0,0.0
and,homo,30,200,789,1000,1.157,17.521,0.0677400715762582,6.942,0.03471000000000012,0.232,0.9584209744503983,0.0,0.0
oracle,homo,30,200,1234,1000,17.595,17.718,1.0191371293263438,105.57,0.5278500000000014,16.774,0.26898543035936473,0.0,0.0
mfg_no_excl,homo,30,200,1234,1000,17.808,17.718,1.0298823697350918,106.848,0.5342400000000012,16.727,0.26488926334705004,0.0,0.0
self_excl_only,homo,30,200,1234,1000,17.649,17.718,1.0219362610171296,105.894,0.5294700000000009,17.051,0.26516551319720666,0.0,0.0
ema_fixed_low,homo,30,200,1234,1000,18.467,17.718,1.0695259251803213,110.802,0.5540100000000023,31.299,0.15600281766095372,0.023562055375935458,11.990331061067732
ema_fixed_high,homo,30,200,1234,1000,19.075,17.718,1.1043784130631966,114.45,0.5722500000000013,34.051,0.13155575578535905,0.025627077829112624,11.455512398365837
ema_adaptive,homo,30,200,1234,1000,18.607,17.718,1.075806111930253,111.642,0.5582100000000018,32.201,0.14865725267399166,0.024026057708959107,11.743914545015036
ema_ad_low,homo,30,200,1234,1000,18.843,17.718,1.0919838699409272,113.058,0.5652900000000015,25.941,0.1790761479960918,0.018709393318628177,8.296127045507612
ema_ad_med,homo,30,200,1234,1000,18.945,17.718,1.0957246665926754,113.67,0.5683500000000025,28.647,0.1615191144995581,0.02121614985683189,9.999705844345426
ema_no_coll,homo,30,200,1234,1000,18.563,17.718,1.0758597268892252,111.378,0.5568900000000014,21.804,0.21120799222555528,0.01585159117738586,5.379253955805783
consec_L2,homo,30,200,1234,1000,19.036,17.718,1.1021222980315337,114.216,0.5710800000000029,36.846,0.11951623028443678,0.02706864223216526,6.68493564530926
consec_L4,homo,30,200,1234,1000,19.007,17.718,1.1014289943317221,114.042,0.5702100000000028,49.169,0.07505558638438875,0.03274872384366304,3.845248983805177
dcf_self_excl,homo,30,200,1234,1000,15.098,17.718,0.8748982688618034,90.588,0.45293999999999934,42.644,0.15512634824851573,0.0,0.0
pnd,homo,30,200,1234,1000,16.852,17.718,0.97566784357458,101.112,0.5055600000000007,15.892,0.2889707493482947,0.0,0.0
pnd_cd,homo,30,200,1234,1000,17.053,17.718,0.9871697971850873,102.318,0.511590000000001,17.035,0.2743594643033811,0.0,0.0
and,homo,30,200,1234,1000,1.092,17.718,0.06243524113638599,6.552,0.03276000000000006,0.285,0.9589084288260862,0.0,0.0
oracle,homo,50,20,42,1000,1.562,1.574,0.9478333333333329,9.372,0.46860000000000535,1.576,0.295216269841269,0.0,0.0
mfg_no_excl,homo,50,20,42,1000,1.639,1.574,0.9899999999999999,9.834,0.4917000000000046,1.531,0.2857420634920626,0.0,0.0
self_excl_only,homo,50,20,42,1000,1.633,1.574,0.9883333333333333,9.798,0.489900000000005,1.559,0.27838928571428495,0.0,0.0
ema_fixed_low,homo,50,20,42,1000,1.574,1.574,0.9491666666666664,9.444,0.47220000000000517,2.213,0.2091638888888883,0.005862824342925768,8.46008809523811
ema_fixed_high,homo,50,20,42,1000,1.589,1.574,0.9705000000000003,9.534,0.47670000000000473,2.08,0.2173674603174597,0.005737314088139483,19.08816031746029
ema_adaptive,homo,50,20,42,1000,1.59,1.574,0.9600000000000001,9.54,0.4770000000000049,2.121,0.21382341269841176,0.005768031365289289,16.58989484126981
ema_ad_low,homo,50,20,42,1000,1.572,1.574,0.9633333333333336,9.432,0.471600000000005,1.596,0.28498174603174514,0.0024481904746739658,12.44084444444443
ema_ad_med,homo,50,20,42,1000,1.569,1.574,0.9516666666666665,9.414,0.470700000000005,1.74,0.2602210317460315,0.0035569098855854258,13.640528968253959
ema_no_coll,homo,50,20,42,1000,1.566,1.574,0.9513333333333336,9.396,0.4698000000000053,1.489,0.3036571428571416,0.0023394409141731776,11.299534523809527
consec_L2,homo,50,20,42,1000,1.585,1.574,0.9531666666666667,9.51,0.47550000000000486,1.998,0.2214333333333327,0.0060341264892891655,7.170580952380981
consec_L4,homo,50,20,42,1000,1.609,1.574,0.9538333333333333,9.654,0.4827000000000052,2.163,0.2086674603174594,0.005797266028268712,0.8886250000000006
dcf_self_excl,homo,50,20,42,1000,1.315,1.574,0.8098333333333336,7.89,0.3945000000000049,2.916,0.1850904761904758,0.0,0.0
pnd,homo,50,20,42,1000,1.573,1.574,0.9444999999999997,9.438,0.4719000000000051,1.433,0.30130714285714166,0.0,0.0
pnd_cd,homo,50,20,42,1000,1.569,1.574,0.9346666666666665,9.414,0.4707000000000048,1.401,0.3051023809523796,0.0,0.0
and,homo,50,20,42,1000,0.0,1.574,0.0,0.0,0.0,0.0,1.0,0.0,0.0
oracle,homo,50,20,123,1000,1.571,1.607,0.9606666666666661,9.426,0.4713000000000051,1.596,0.293960714285713,0.0,0.0
mfg_no_excl,homo,50,20,123,1000,1.586,1.607,0.9616666666666671,9.516,0.47580000000000455,1.581,0.28861111111111043,0.0,0.0
self_excl_only,homo,50,20,123,1000,1.619,1.607,0.9736666666666663,9.714,0.4857000000000053,1.545,0.28268531746031705,0.0,0.0
ema_fixed_low,homo,50,20,123,1000,1.619,1.607,0.9745000000000005,9.714,0.48570000000000463,2.205,0.19777896825396754,0.0056487161553129325,8.460751190476216
ema_fixed_high,homo,50,20,123,1000,1.592,1.607,0.9715000000000001,9.552,0.4776000000000059,2.068,0.21685793650793594,0.0056501408487052715,18.734197619047542
ema_adaptive,homo,50,20,123,1000,1.596,1.607,0.9638333333333333,9.576,0.4788000000000047,2.03,0.21802261904761838,0.0058387019969817,16.10306666666665
ema_ad_low,homo,50,20,123,1000,1.611,1.607,0.9693333333333335,9.666,0.4833000000000046,1.594,0.27710595238095126,0.0025316855556313652,12.371440476190479
ema_ad_med,homo,50,20,123,1000,1.574,1.607,0.9579999999999994,9.444,0.472200000000005,1.713,0.2665535714285707,0.0035589692484696575,13.800994047619046
ema_no_coll,homo,50,20,123,1000,1.589,1.607,0.9561666666666674,9.534,0.47670000000000423,1.436,0.3010920634920622,0.0023277626882913997,10.849988888888891
consec_L2,homo,50,20,123,1000,1.612,1.607,0.9838333333333336,9.672,0.48360000000000486,1.993,0.2162857142857137,0.006134379549623977,7.217586507936533
consec_L4,homo,50,20,123,1000,1.576,1.607,0.9491666666666666,9.456,0.4728000000000043,2.157,0.2153956349206342,0.005926641200844377,1.0320376984126987
dcf_self_excl,homo,50,20,123,1000,1.324,1.607,0.8038333333333335,7.944,0.39720000000000494,2.964,0.180915476190476,0.0,0.0
pnd,homo,50,20,123,1000,1.588,1.607,0.9693333333333328,9.528,0.47640000000000526,1.447,0.2953214285714275,0.0,0.0
pnd_cd,homo,50,20,123,1000,1.555,1.607,0.9491666666666658,9.33,0.46650000000000513,1.472,0.30000238095237974,0.0,0.0
and,homo,50,20,123,1000,0.0,1.607,0.0,0.0,0.0,0.0,1.0,0.0,0.0
oracle,homo,50,20,456,1000,1.603,1.657,0.960833333333333,9.618,0.48090000000000555,1.547,0.2889611111111103,0.0,0.0
mfg_no_excl,homo,50,20,456,1000,1.614,1.657,0.9760000000000008,9.684,0.4842000000000044,1.541,0.2842436507936499,0.0,0.0
self_excl_only,homo,50,20,456,1000,1.565,1.657,0.954666666666667,9.39,0.4695000000000052,1.613,0.29068571428571305,0.0,0.0
ema_fixed_low,homo,50,20,456,1000,1.63,1.657,0.9948333333333333,9.78,0.4890000000000047,2.178,0.19804444444444383,0.005625353372682172,8.046971825396852
ema_fixed_high,homo,50,20,456,1000,1.567,1.657,0.9538333333333333,9.402,0.47010000000000524,2.067,0.22169444444444344,0.005711507454092477,19.535104761904716
ema_adaptive,homo,50,20,456,1000,1.652,1.657,1.0214999999999999,9.912,0.49560000000000426,1.994,0.2092738095238091,0.005646732030165021,15.31111468253967
ema_ad_low,homo,50,20,456,1000,1.602,1.657,0.9618333333333332,9.612,0.48060000000000475,1.516,0.284067857142856,0.002458736391889735,11.792766666666662
ema_ad_med,homo,50,20,456,1000,1.63,1.657,0.9826666666666664,9.78,0.4890000000000049,1.712,0.24861190476190426,0.0035196193001176134,13.433739285714273
ema_no_coll,homo,50,20,456,1000,1.57,1.657,0.956,9.42,0.47100000000000436,1.489,0.2997749999999991,0.0023088440973021217,11.630060714285714
consec_L2,homo,50,20,456,1000,1.596,1.657,0.9658333333333332,9.576,0.4788000000000045,2.015,0.21676626984126918,0.006098796069911088,7.128220634920663
consec_L4,homo,50,20,456,1000,1.624,1.657,0.9873333333333338,9.744,0.4872000000000049,2.217,0.19924880952380877,0.005756852203979513,1.0195416666666668
dcf_self_excl,homo,50,20,456,1000,1.295,1.657,0.7866666666666666,7.77,0.3885000000000047,2.94,0.19290238095238074,0.0,0.0
pnd,homo,50,20,456,1000,1.556,1.657,0.9491666666666667,9.336,0.46680000000000504,1.508,0.29632380952380866,0.0,0.0
pnd_cd,homo,50,20,456,1000,1.567,1.657,0.9624999999999998,9.402,0.4701000000000044,1.454,0.30036507936507806,0.0,0.0
and,homo,50,20,456,1000,0.0,1.657,0.0,0.0,0.0,0.0,1.0,0.0,0.0
oracle,homo,50,20,789,1000,1.551,1.62,0.9378333333333329,9.306,0.465300000000005,1.537,0.3028003968253952,0.0,0.0
mfg_no_excl,homo,50,20,789,1000,1.582,1.62,0.9366666666666671,9.492,0.47460000000000513,1.63,0.2849349206349197,0.0,0.0
self_excl_only,homo,50,20,789,1000,1.565,1.62,0.9506666666666662,9.39,0.46950000000000497,1.578,0.29204523809523714,0.0,0.0
ema_fixed_low,homo,50,20,789,1000,1.636,1.62,0.976166666666667,9.816,0.49080000000000473,2.181,0.20147698412698353,0.005622982582268446,8.230690873015895
ema_fixed_high,homo,50,20,789,1000,1.604,1.62,0.9618333333333325,9.624,0.4812000000000053,2.031,0.21822619047618996,0.005586615078642649,18.582867063492042
ema_adaptive,homo,50,20,789,1000,1.579,1.62,0.9469999999999998,9.474,0.4737000000000053,1.997,0.22661507936507852,0.005928530559292975,16.027501984126964
ema_ad_low,homo,50,20,789,1000,1.576,1.62,0.9428333333333334,9.456,0.47280000000000505,1.49,0.29612380952380835,0.0024510309317354643,11.793173809523815
ema_ad_med,homo,50,20,789,1000,1.62,1.62,0.9668333333333331,9.72,0.48600000000000526,1.735,0.2545813492063487,0.0035427567524576,13.330624999999994
ema_no_coll,homo,50,20,789,1000,1.602,1.62,0.9671666666666672,9.612,0.4806000000000049,1.451,0.29638333333333233,0.0023566706655225827,11.019843650793653
consec_L2,homo,50,20,789,1000,1.579,1.62,0.9531666666666663,9.474,0.47370000000000456,2.009,0.22029285714285626,0.006110843730390816,7.15620238095241
consec_L4,homo,50,20,789,1000,1.627,1.62,0.9838333333333331,9.762,0.48810000000000536,2.093,0.2100484126984121,0.0059188762428470905,0.6537698412698413
dcf_self_excl,homo,50,20,789,1000,1.311,1.62,0.7860000000000005,7.866,0.39330000000000453,2.964,0.18294523809523774,0.0,0.0
pnd,homo,50,20,789,1000,1.55,1.62,0.9311666666666669,9.3,0.4650000000000054,1.473,0.30028928571428454,0.0,0.0
pnd_cd,homo,50,20,789,1000,1.551,1.62,0.9341666666666665,9.306,0.465300000000005,1.445,0.3025261904761892,0.0,0.0
and,homo,50,20,789,1000,0.0,1.62,0.0,0.0,0.0,0.0,1.0,0.0,0.0
oracle,homo,50,20,1234,1000,1.625,1.683,0.9785000000000005,9.75,0.48750000000000515,1.504,0.2887722222222213,0.0,0.0
mfg_no_excl,homo,50,20,1234,1000,1.57,1.683,0.9388333333333335,9.42,0.47100000000000514,1.598,0.2844091269841264,0.0,0.0
self_excl_only,homo,50,20,1234,1000,1.572,1.683,0.9306666666666669,9.432,0.4716000000000053,1.596,0.28938928571428485,0.0,0.0
ema_fixed_low,homo,50,20,1234,1000,1.618,1.683,0.9815000000000003,9.708,0.48540000000000466,2.125,0.20765634920634862,0.005797612502623796,7.583034920634942
ema_fixed_high,homo,50,20,1234,1000,1.594,1.683,0.9546666666666669,9.564,0.47820000000000523,2.045,0.21785277777777698,0.0057285076553341375,19.016080555555508
ema_adaptive,homo,50,20,1234,1000,1.634,1.683,0.9899999999999999,9.804,0.4902000000000052,2.011,0.21195317460317376,0.005695116372711589,15.946619047619055
ema_ad_low,homo,50,20,1234,1000,1.603,1.683,0.949333333333333,9.618,0.4809000000000055,1.661,0.26494126984126887,0.0024940520645106577,13.003388095238083
ema_ad_med,homo,50,20,1234,1000,1.578,1.683,0.9610000000000001,9.468,0.4734000000000054,1.786,0.25358690476190415,0.0034539536792137712,14.18110119047618
ema_no_coll,homo,50,20,1234,1000,1.553,1.683,0.9281666666666668,9.318,0.46590000000000464,1.417,0.31234999999999874,0.0022955551830079195,11.033447619047616
consec_L2,homo,50,20,1234,1000,1.6,1.683,0.944166666666666,9.6,0.4800000000000051,2.039,0.21492817460317412,0.0060004425084312285,7.205299206349238
consec_L4,homo,50,20,1234,1000,1.613,1.683,0.9654999999999992,9.678,0.48390000000000455,2.176,0.20200158730158682,0.005820121219540118,0.8608908730158734
dcf_self_excl,homo,50,20,1234,1000,1.335,1.683,0.8005000000000004,8.01,0.4005000000000046,2.941,0.1839238095238092,0.0,0.0
pnd,homo,50,20,1234,1000,1.535,1.683,0.9178333333333331,9.21,0.460500000000005,1.461,0.30910476190476077,0.0,0.0
pnd_cd,homo,50,20,1234,1000,1.56,1.683,0.9374999999999999,9.36,0.46800000000000513,1.441,0.30285238095238015,0.0,0.0
and,homo,50,20,1234,1000,0.0,1.683,0.0,0.0,0.0,0.0,1.0,0.0,0.0
oracle,homo,50,50,42,1000,4.166,4.126,1.1597190476190462,24.996,0.4999200000000082,4.104,0.2771768669625876,0.0,0.0
mfg_no_excl,homo,50,50,42,1000,4.17,4.126,1.1619357142857127,25.02,0.5004000000000082,4.107,0.2756323767263016,0.0,0.0
self_excl_only,homo,50,50,42,1000,4.23,4.126,1.1844000000000015,25.38,0.5076000000000079,4.067,0.27187593837621016,0.0,0.0
ema_fixed_low,homo,50,50,42,1000,4.46,4.126,1.250563095238096,26.76,0.5352000000000092,8.333,0.13585473374283596,0.009572729636029965,19.273827498796873
ema_fixed_high,homo,50,50,42,1000,4.458,4.126,1.2460214285714275,26.748,0.5349600000000091,6.968,0.16310577058820097,0.0084541676803235,23.34184993561649
ema_adaptive,homo,50,50,42,1000,4.5,4.126,1.2576988095238109,27.0,0.5400000000000094,7.509,0.14686393379563592,0.008855020995531013,21.215307882212752
ema_ad_low,homo,50,50,42,1000,4.255,4.126,1.1907404761904754,25.53,0.5106000000000083,4.549,0.2442547080370615,0.003490737946579776,13.316002387563415
ema_ad_med,homo,50,50,42,1000,4.402,4.126,1.2340773809523815,26.412,0.5282400000000084,5.609,0.20144789017741813,0.005788290611812867,16.091920506149346
ema_no_coll,homo,50,50,42,1000,4.096,4.126,1.1529047619047614,24.576,0.4915200000000078,3.913,0.2849117646242651,0.0027342776753137023,11.352079592629584
consec_L2,homo,50,50,42,1000,4.395,4.126,1.2233333333333327,26.37,0.527400000000009,7.169,0.16125917179226024,0.009023702657811189,11.831591028484766
consec_L4,homo,50,50,42,1000,4.524,4.126,1.2537785714285703,27.144,0.5428800000000092,8.482,0.1256467651053804,0.010235509148998234,4.549526258204299
dcf_self_excl,homo,50,50,42,1000,3.687,4.126,1.0248654761904759,22.122,0.44244000000000716,8.845,0.17639512105111957,0.0,0.0
pnd,homo,50,50,42,1000,3.917,4.126,1.0931797619047612,23.502,0.47004000000000795,3.63,0.30029828782328866,0.0,0.0
pnd_cd,homo,50,50,42,1000,3.932,4.126,1.089536904761904,23.592,0.47184000000000725,3.781,0.2948549422799428,0.0,0.0
and,homo,50,50,42,1000,0.0,4.126,0.0,0.0,0.0,0.0,1.0,0.0,0.0
oracle,homo,50,50,123,1000,4.127,4.209,1.1029488095238076,24.762,0.4952400000000078,4.088,0.2793821951698117,0.0,0.0
mfg_no_excl,homo,50,50,123,1000,4.163,4.209,1.1168452380952385,24.978,0.49956000000000794,4.094,0.2771883137416422,0.0,0.0
self_excl_only,homo,50,50,123,1000,4.267,4.209,1.145545238095237,25.602,0.5120400000000079,4.073,0.26851974896019093,0.0,0.0
ema_fixed_low,homo,50,50,123,1000,4.546,4.209,1.2113166666666673,27.276,0.5455200000000094,8.155,0.13161133015665985,0.009188974672849692,19.08748280668512
ema_fixed_high,homo,50,50,123,1000,4.514,4.209,1.203977380952382,27.084,0.5416800000000095,6.861,0.16266485895855126,0.008397744787898344,22.979536397799823
ema_adaptive,homo,50,50,123,1000,4.463,4.209,1.1993309523809514,26.778,0.5355600000000094,7.511,0.14983039858748112,0.00898836764528892,21.178319640357067
ema_ad_low,homo,50,50,123,1000,4.289,4.209,1.1349059523809526,25.734,0.5146800000000077,4.545,0.2444274104979996,0.003632091766744873,13.286029949462296
ema_ad_med,homo,50,50,123,1000,4.364,4.209,1.1747369047619047,26.184,0.5236800000000089,5.673,0.20341892037700895,0.0057586318463781995,16.46180455214718
ema_no_coll,homo,50,50,123,1000,4.089,4.209,1.0981035714285712,24.534,0.4906800000000081,3.901,0.28594072732822806,0.002715565269734853,11.482581969419456
consec_L2,homo,50,50,123,1000,4.386,4.209,1.1557869047619045,26.316,0.5263200000000089,7.164,0.16120034838742295,0.008958795958308062,11.986122254474106
consec_L4,homo,50,50,123,1000,4.45,4.209,1.195609523809524,26.7,0.5340000000000088,8.696,0.12626224760623314,0.010159976393428707,5.110874435998523
dcf_self_excl,homo,50,50,123,1000,3.646,4.209,0.9781702380952376,21.876,0.4375200000000068,8.992,0.1758564174387707,0.0,0.0
pnd,homo,50,50,123,1000,3.959,4.209,1.0650059523809519,23.754,0.47508000000000733,3.673,0.2956878316128327,0.0,0.0
pnd_cd,homo,50,50,123,1000,3.881,4.209,1.0363416666666656,23.286,0.4657200000000069,3.81,0.29671547896548,0.0,0.0
and,homo,50,50,123,1000,0.0,4.209,0.0,0.0,0.0,0.0,1.0,0.0,0.0
oracle,homo,50,50,456,1000,4.118,4.228,1.1084797619047608,24.708,0.49416000000000787,4.092,0.2835661809337905,0.0,0.0
mfg_no_excl,homo,50,50,456,1000,4.187,4.228,1.1226285714285709,25.122,0.5024400000000081,3.935,0.28108077151606625,0.0,0.0
self_excl_only,homo,50,50,456,1000,4.175,4.228,1.1214416666666656,25.05,0.5010000000000081,4.135,0.274490152674983,0.0,0.0
ema_fixed_low,homo,50,50,456,1000,4.528,4.228,1.2141357142857134,27.168,0.543360000000009,8.352,0.12949986840768085,0.009271481768034839,19.079481200340723
ema_fixed_high,homo,50,50,456,1000,4.353,4.228,1.1646642857142848,26.118,0.5223600000000089,7.079,0.16699929703079877,0.008507196498518244,23.831228048881858
ema_adaptive,homo,50,50,456,1000,4.514,4.228,1.2085785714285706,27.084,0.5416800000000093,7.369,0.14886398376735105,0.008897141611808533,20.515112238367916
ema_ad_low,homo,50,50,456,1000,4.294,4.228,1.147042857142857,25.764,0.5152800000000081,4.525,0.24465507825507912,0.0035856991769332297,13.065461090298598
ema_ad_med,homo,50,50,456,1000,4.461,4.228,1.1897845238095233,26.766,0.5353200000000088,5.587,0.19821379877862075,0.005666622352822374,15.888604806231788
ema_no_coll,homo,50,50,456,1000,4.137,4.228,1.100732142857142,24.822,0.49644000000000776,3.971,0.278506528194029,0.0027203457338760965,11.482907554945042
consec_L2,homo,50,50,456,1000,4.443,4.228,1.1882083333333333,26.658,0.5331600000000092,7.106,0.1595087132294952,0.008910323187008547,11.724532645961702
consec_L4,homo,50,50,456,1000,4.519,4.228,1.2093523809523812,27.114,0.5422800000000086,8.675,0.12246881664517202,0.010041571910511797,4.788183353806493
dcf_self_excl,homo,50,50,456,1000,3.606,4.228,0.9585499999999993,21.636,0.43272000000000665,8.95,0.1789494413781952,0.0,0.0
pnd,homo,50,50,456,1000,3.959,4.228,1.0534249999999994,23.754,0.4750800000000078,3.737,0.29314341214341344,0.0,0.0
pnd_cd,homo,50,50,456,1000,3.943,4.228,1.0600500000000002,23.658,0.47316000000000724,3.766,0.2926752580752588,0.0,0.0
and,homo,50,50,456,1000,0.0,4.228,0.0,0.0,0.0,0.0,1.0,0.0,0.0
oracle,homo,50,50,789,1000,4.133,4.194,1.1224666666666665,24.798,0.4959600000000079,4.025,0.28082488736753547,0.0,0.0
mfg_no_excl,homo,50,50,789,1000,4.145,4.194,1.1210059523809517,24.87,0.4974000000000077,4.075,0.278082236554296,0.0,0.0
self_excl_only,homo,50,50,789,1000,4.163,4.194,1.1271999999999998,24.978,0.49956000000000755,4.169,0.27633116450113404,0.0,0.0
ema_fixed_low,homo,50,50,789,1000,4.488,4.194,1.2170309523809533,26.928,0.5385600000000089,8.424,0.13054698956661034,0.009406305620105007,19.39561181871164
ema_fixed_high,homo,50,50,789,1000,4.408,4.194,1.190838095238095,26.448,0.528960000000009,6.922,0.1660785803635649,0.00834651091983475,23.1938134984082
ema_adaptive,homo,50,50,789,1000,4.4,4.194,1.196904761904761,26.4,0.5280000000000088,7.667,0.15057468410913394,0.00897294694543672,21.424981880844427
ema_ad_low,homo,50,50,789,1000,4.247,4.194,1.1577511904761901,25.482,0.5096400000000081,4.481,0.2486398559773569,0.0036062318550272796,13.028930308580309
ema_ad_med,homo,50,50,789,1000,4.373,4.194,1.181592857142856,26.238,0.5247600000000089,5.673,0.20247688448032894,0.00566821629973558,16.480738488824567
ema_no_coll,homo,50,50,789,1000,4.13,4.194,1.120360714285713,24.78,0.49560000000000776,3.891,0.2833531107781112,0.002704109729470489,11.239698253135746
consec_L2,homo,50,50,789,1000,4.389,4.194,1.1914119047619043,26.334,0.526680000000009,7.275,0.15995937751189326,0.008989274065859367,12.182983164754061
consec_L4,homo,50,50,789,1000,4.52,4.194,1.2275297619047612,27.12,0.5424000000000092,8.598,0.12420207505301949,0.010202951023785933,4.6156319480245624
dcf_self_excl,homo,50,50,789,1000,3.647,4.194,0.9866309523809511,21.882,0.43764000000000663,9.045,0.17500981710498,0.0,0.0
pnd,homo,50,50,789,1000,3.874,4.194,1.053695238095237,23.244,0.4648800000000072,3.751,0.30025574148074213,0.0,0.0
pnd_cd,homo,50,50,789,1000,3.923,4.194,1.0615404761904765,23.538,0.4707600000000071,3.735,0.2958500083250092,0.0,0.0
and,homo,50,50,789,1000,0.0,4.194,0.0,0.0,0.0,0.0,1.0,0.0,0.0
oracle,homo,50,50,1234,1000,4.26,4.307,1.1273392857142859,25.56,0.5112000000000082,3.99,0.27280281075134083,0.0,0.0
mfg_no_excl,homo,50,50,1234,1000,4.212,4.307,1.1142011904761884,25.272,0.5054400000000083,4.125,0.2731543384462123,0.0,0.0
self_excl_only,homo,50,50,1234,1000,4.156,4.307,1.0944226190476183,24.936,0.49872000000000805,4.071,0.2776296144172315,0.0,0.0
ema_fixed_low,homo,50,50,1234,1000,4.521,4.307,1.1916797619047628,27.126,0.5425200000000092,8.363,0.12961567557212902,0.0094789316918417,18.95697345816993
ema_fixed_high,homo,50,50,1234,1000,4.432,4.307,1.171103571428571,26.592,0.5318400000000092,6.954,0.16559237384132927,0.008469373259845965,23.214789721883783
ema_adaptive,homo,50,50,1234,1000,4.498,4.307,1.1905833333333342,26.988,0.5397600000000096,7.417,0.1488842741623706,0.008817770228998772,20.868328250344465
ema_ad_low,homo,50,50,1234,1000,4.236,4.307,1.109896428571429,25.416,0.5083200000000084,4.611,0.24535425807852376,0.003544888754824587,13.785716958286823
ema_ad_med,homo,50,50,1234,1000,4.46,4.307,1.179623809523807,26.76,0.5352000000000089,5.528,0.20005811516914476,0.005606145192515748,16.184496877305694
ema_no_coll,homo,50,50,1234,1000,4.04,4.307,1.0686999999999984,24.24,0.4848000000000077,3.856,0.2908698218448228,0.002707749975075315,11.224199272949276
consec_L2,homo,50,50,1234,1000,4.412,4.307,1.1594892857142851,26.472,0.5294400000000089,7.21,0.1589707269983201,0.008895847620170668,12.138310093724627
consec_L4,homo,50,50,1234,1000,4.477,4.307,1.1797749999999982,26.862,0.5372400000000088,8.801,0.1233979604515907,0.010031440486205995,4.970360522035251
dcf_self_excl,homo,50,50,1234,1000,3.68,4.307,0.9744869047619042,22.08,0.4416000000000069,8.925,0.17538963600469046,0.0,0.0
pnd,homo,50,50,1234,1000,3.851,4.307,1.0183178571428568,23.106,0.4621200000000073,3.735,0.30312039904539984,0.0,0.0
pnd_cd,homo,50,50,1234,1000,3.924,4.307,1.0378095238095228,23.544,0.47088000000000735,3.765,0.29606843156843227,0.0,0.0
and,homo,50,50,1234,1000,0.0,4.307,0.0,0.0,0.0,0.0,1.0,0.0,0.0
oracle,homo,50,100,42,1000,8.624,8.63,1.0593533688533698,51.744,0.5174400000000079,8.32,0.2730789898387044,0.0,0.0
mfg_no_excl,homo,50,100,42,1000,8.614,8.63,1.0608306748806744,51.684,0.5168400000000077,8.477,0.27060313255794555,0.0,0.0
self_excl_only,homo,50,100,42,1000,8.69,8.63,1.0675052752802765,52.14,0.5214000000000075,8.449,0.26794660430627676,0.0,0.0
ema_fixed_low,homo,50,100,42,1000,9.253,8.63,1.1369652014652023,55.518,0.5551800000000072,17.562,0.13111950315423923,0.010541502505838947,24.50816978677472
ema_fixed_high,homo,50,100,42,1000,9.209,8.63,1.1337798146298133,55.254,0.5525400000000074,15.694,0.14770802175795816,0.009998991902473177,24.26608388537731
ema_adaptive,homo,50,100,42,1000,9.365,8.63,1.1516497002997002,56.19,0.561900000000006,17.293,0.1279556719950305,0.010501800199905474,22.754016323644983
ema_ad_low,homo,50,100,42,1000,9.108,8.63,1.1201458069708072,54.648,0.5464800000000071,10.984,0.2063837290218251,0.005275619657008382,13.278517550649724
ema_ad_med,homo,50,100,42,1000,9.368,8.63,1.1528011655011652,56.208,0.5620800000000071,13.738,0.16396191847823738,0.007955354600721058,17.92321895089386
ema_no_coll,homo,50,100,42,1000,8.581,8.63,1.0585709928959934,51.486,0.5148600000000076,8.541,0.2687080600892134,0.003163456240230861,9.267226799150619
consec_L2,homo,50,100,42,1000,9.127,8.63,1.1218958596958588,54.762,0.5476200000000072,16.769,0.13943869616333937,0.010677051036242202,13.61605682165218
consec_L4,homo,50,100,42,1000,9.323,8.63,1.1433512404262411,55.938,0.5593800000000073,21.435,0.0941656255682585,0.012692739141306088,7.078946975808508
dcf_self_excl,homo,50,100,42,1000,7.38,8.63,0.9094101814851832,44.28,0.4428000000000065,18.645,0.17887558568624973,0.0,0.0
pnd,homo,50,100,42,1000,8.11,8.63,0.994311632811634,48.66,0.48660000000000736,7.583,0.30216518354660515,0.0,0.0
pnd_cd,homo,50,100,42,1000,8.142,8.63,0.9962071206571219,48.852,0.48852000000000745,7.87,0.295647601094558,0.0,0.0
and,homo,50,100,42,1000,0.0,8.63,0.0,0.0,0.0,0.0,1.0,0.0,0.0
oracle,homo,50,100,123,1000,8.563,8.754,1.0396454517704534,51.378,0.5137800000000078,8.481,0.2727809223489964,0.0,0.0
mfg_no_excl,homo,50,100,123,1000,8.685,8.754,1.053523734598736,52.11,0.521100000000008,8.423,0.26812565509995556,0.0,0.0
self_excl_only,homo,50,100,123,1000,8.6,8.754,1.0404539072039072,51.6,0.5160000000000078,8.542,0.2692930858603634,0.0,0.0
ema_fixed_low,homo,50,100,123,1000,9.303,8.754,1.1248259684759678,55.818,0.5581800000000062,17.233,0.13228654879308155,0.010323058070195996,24.166569108558118
ema_fixed_high,homo,50,100,123,1000,9.212,8.754,1.1162784243534223,55.272,0.5527200000000075,15.668,0.14808977903928477,0.009891016501260173,24.209656647696352
ema_adaptive,homo,50,100,123,1000,9.323,8.754,1.1301287601287615,55.938,0.5593800000000076,17.483,0.12696139904678314,0.01068263048115792,22.86548921215739
ema_ad_low,homo,50,100,123,1000,9.112,8.754,1.1006199106449113,54.672,0.546720000000007,10.984,0.20673092185338174,0.005318456204244747,13.407040654432754
ema_ad_med,homo,50,100,123,1000,9.226,8.754,1.116762074037075,55.356,0.5535600000000075,13.835,0.16758154816260243,0.007878681766656508,17.92381277937812
ema_no_coll,homo,50,100,123,1000,8.633,8.754,1.0421436063936071,51.798,0.517980000000008,8.447,0.2682338293055047,0.0031609603503344264,9.009663086999058
consec_L2,homo,50,100,123,1000,9.233,8.754,1.1137945915195906,55.398,0.5539800000000071,16.569,0.1376202054204922,0.010561791988597509,13.532938288284162
consec_L4,homo,50,100,123,1000,9.26,8.754,1.1223274031524035,55.56,0.5556000000000071,21.59,0.09476553696668331,0.012629395038804834,7.2868916886097095
dcf_self_excl,homo,50,100,123,1000,7.347,8.754,0.8881321317571332,44.082,0.44082000000000626,18.782,0.1785824608482787,0.0,0.0
pnd,homo,50,100,123,1000,8.11,8.754,0.9860920662670676,48.66,0.4866000000000074,7.595,0.3022809206574425,0.0,0.0
pnd_cd,homo,50,100,123,1000,8.132,8.754,0.9826147685647696,48.792,0.4879200000000074,7.855,0.29607444571549013,0.0,0.0
and,homo,50,100,123,1000,0.0,8.754,0.0,0.0,0.0,0.0,1.0,0.0,0.0
oracle,homo,50,100,456,1000,8.559,8.734,1.0367626817626827,51.354,0.513540000000008,8.504,0.27262230374810287,0.0,0.0
mfg_no_excl,homo,50,100,456,1000,8.594,8.734,1.0387586191586213,51.564,0.5156400000000076,8.18,0.2761131586084445,0.0,0.0
self_excl_only,homo,50,100,456,1000,8.625,8.734,1.0426480574980581,51.75,0.517500000000008,8.474,0.2704388503593649,0.0,0.0
ema_fixed_low,homo,50,100,456,1000,9.303,8.734,1.1248348595848578,55.818,0.5581800000000068,17.213,0.1330957951546886,0.010241388203476984,24.219547382143638
ema_fixed_high,homo,50,100,456,1000,9.111,8.734,1.1027339466089465,54.666,0.5466600000000073,15.779,0.15004898631788094,0.009921068592866534,24.70156291731368
ema_adaptive,homo,50,100,456,1000,9.405,8.734,1.134694905094905,56.43,0.5643000000000066,17.242,0.12693223699417983,0.010649313262196322,22.56912074816533
ema_ad_low,homo,50,100,456,1000,9.084,8.734,1.0960216061716073,54.504,0.5450400000000076,10.923,0.20793856279987888,0.005346622123232983,13.271479601520966
ema_ad_med,homo,50,100,456,1000,9.38,8.734,1.1320241230991237,56.28,0.562800000000007,13.585,0.1639452561295727,0.0079552573783592,17.618444326776945
ema_no_coll,homo,50,100,456,1000,8.645,8.734,1.0428076978576977,51.87,0.5187000000000076,8.665,0.2640174072994679,0.0031623305710287777,9.24731213389266
consec_L2,homo,50,100,456,1000,9.2,8.734,1.1096850316350308,55.2,0.5520000000000077,16.688,0.13738912311796647,0.010592245360327412,13.465236613858663
consec_L4,homo,50,100,456,1000,9.358,8.734,1.1291113414363414,56.148,0.561480000000007,21.501,0.09288763553116902,0.012604442496903456,6.973264889528399
dcf_self_excl,homo,50,100,456,1000,7.347,8.734,0.888777011877012,44.082,0.44082000000000626,18.774,0.1790757257631717,0.0,0.0
pnd,homo,50,100,456,1000,8.151,8.734,0.9859371239871247,48.906,0.48906000000000743,7.608,0.2995271101961314,0.0,0.0
pnd_cd,homo,50,100,456,1000,8.195,8.734,0.9903036352536361,49.17,0.4917000000000074,7.723,0.2959519319467721,0.0,0.0
and,homo,50,100,456,1000,0.0,8.734,0.0,0.0,0.0,0.0,1.0,0.0,0.0
oracle,homo,50,100,789,1000,8.585,8.667,1.0497299617049616,51.51,0.5151000000000084,8.317,0.2740345446755142,0.0,0.0
mfg_no_excl,homo,50,100,789,1000,8.527,8.667,1.0417876678876685,51.162,0.5116200000000083,8.399,0.27566788257160185,0.0,0.0
self_excl_only,homo,50,100,789,1000,8.545,8.667,1.0434374375624385,51.27,0.5127000000000083,8.579,0.272152891421159,0.0,0.0
ema_fixed_low,homo,50,100,789,1000,9.411,8.667,1.1453432400932395,56.466,0.5646600000000068,17.308,0.12796161227251454,0.010352715754039376,24.226657343467846
ema_fixed_high,homo,50,100,789,1000,9.176,8.667,1.1182929098679095,55.056,0.550560000000007,15.614,0.14943741798248722,0.009892564618260028,24.296640219857288
ema_adaptive,homo,50,100,789,1000,9.306,8.667,1.1360729187479202,55.836,0.5583600000000075,17.277,0.12950786083465912,0.010525627135833564,22.91004962340065
ema_ad_low,homo,50,100,789,1000,9.071,8.667,1.1058898934398929,54.426,0.5442600000000067,10.846,0.2098841873848263,0.005519401543671977,13.051846580380294
ema_ad_med,homo,50,100,789,1000,9.3,8.667,1.1333664002664001,55.8,0.5580000000000073,13.66,0.16604583084032176,0.007842180489526786,17.928857413298296
ema_no_coll,homo,50,100,789,1000,8.567,8.667,1.0462424741924747,51.402,0.514020000000008,8.569,0.26864540838564543,0.0031791592279112484,9.211674740935237
consec_L2,homo,50,100,789,1000,9.213,8.667,1.1240215256965254,55.278,0.5527800000000075,16.693,0.13728581614348986,0.01064467049849719,13.492585355295523
consec_L4,homo,50,100,789,1000,9.308,8.667,1.1342954573204564,55.848,0.5584800000000064,21.687,0.09325391516756654,0.012700621298519264,7.110902720868949
dcf_self_excl,homo,50,100,789,1000,7.321,8.667,0.8939457403707415,43.926,0.439260000000006,18.799,0.17959031940021544,0.0,0.0
pnd,homo,50,100,789,1000,8.069,8.667,0.9816176212676223,48.414,0.484140000000007,7.66,0.30281676913475575,0.0,0.0
pnd_cd,homo,50,100,789,1000,8.118,8.667,0.990180056055057,48.708,0.48708000000000734,7.867,0.297113003218948,0.0,0.0
and,homo,50,100,789,1000,0.0,8.667,0.0,0.0,0.0,0.0,1.0,0.0,0.0
oracle,homo,50,100,1234,1000,8.765,8.784,1.0586481990232004,52.59,0.5259000000000077,8.385,0.26617322910356506,0.0,0.0
mfg_no_excl,homo,50,100,1234,1000,8.698,8.784,1.0494533411033422,52.188,0.521880000000008,8.621,0.2654125932171759,0.0,0.0
self_excl_only,homo,50,100,1234,1000,8.665,8.784,1.0462906343656362,51.99,0.5199000000000081,8.402,0.2700736300345646,0.0,0.0
ema_fixed_low,homo,50,100,1234,1000,9.318,8.784,1.124548579198578,55.908,0.5590800000000071,17.255,0.131760324316947,0.010437466580765624,24.145571385947022
ema_fixed_high,homo,50,100,1234,1000,9.152,8.784,1.1001249694749697,54.912,0.549120000000007,15.64,0.1499399830619974,0.010035881825145452,24.378863438311207
ema_adaptive,homo,50,100,1234,1000,9.401,8.784,1.131357220557222,56.406,0.5640600000000064,17.322,0.12597647216844973,0.010547520190168623,22.682503494999814
ema_ad_low,homo,50,100,1234,1000,8.998,8.784,1.076542116217116,53.988,0.5398800000000069,10.996,0.21078267506196083,0.0053382142636128485,13.39461559630164
ema_ad_med,homo,50,100,1234,1000,9.279,8.784,1.1195843573093587,55.674,0.5567400000000071,13.753,0.1665371532249148,0.007783395900361849,17.93177772532512
ema_no_coll,homo,50,100,1234,1000,8.529,8.784,1.0256073759573765,51.174,0.5117400000000083,8.461,0.272521816976953,0.0031580078597305606,9.04204470539007
consec_L2,homo,50,100,1234,1000,9.117,8.784,1.0961573870573869,54.702,0.5470200000000074,16.756,0.13967022050132208,0.010567610006527612,13.652084923292131
consec_L4,homo,50,100,1234,1000,9.339,8.784,1.1228081612831606,56.034,0.5603400000000066,21.609,0.09271716371677115,0.012485031792653535,7.229547413420255
dcf_self_excl,homo,50,100,1234,1000,7.34,8.784,0.8854978077478087,44.04,0.4404000000000062,18.794,0.17891061786171308,0.0,0.0
pnd,homo,50,100,1234,1000,8.061,8.784,0.9673750305250326,48.366,0.48366000000000725,7.654,0.3031986046176895,0.0,0.0
pnd_cd,homo,50,100,1234,1000,8.111,8.784,0.9781454933954941,48.666,0.4866600000000076,7.856,0.29730030234152677,0.0,0.0
and,homo,50,100,1234,1000,0.0,8.784,0.0,0.0,0.0,0.0,1.0,0.0,0.0
oracle,homo,50,200,42,1000,17.485,17.641,1.015835276545705,104.91,0.5245500000000016,17.061,0.2691366826949862,0.0,0.0
mfg_no_excl,homo,50,200,42,1000,17.504,17.641,1.0179208216369335,105.024,0.5251200000000014,17.187,0.2675341936718296,0.0,0.0
self_excl_only,homo,50,200,42,1000,17.597,17.641,1.0218389726267734,105.582,0.5279100000000018,17.123,0.26580372515088896,0.0,0.0
ema_fixed_low,homo,50,200,42,1000,18.064,17.641,1.051445744812426,108.384,0.5419200000000017,30.475,0.1669696953911111,0.011584350863961437,23.536601459607265
ema_fixed_high,homo,50,200,42,1000,18.787,17.641,1.0920704480000487,112.722,0.5636100000000016,33.132,0.1405357318817355,0.011821806297224891,22.535655979677102
ema_adaptive,homo,50,200,42,1000,18.486,17.641,1.0748100115359673,110.916,0.5545800000000021,32.019,0.15103472018703076,0.01158170483147147,22.645722531754334
ema_ad_low,homo,50,200,42,1000,18.628,17.641,1.0812678070654316,111.768,0.5588400000000019,23.678,0.19611311809709364,0.0073514294149659935,14.735703373383238
ema_ad_med,homo,50,200,42,1000,18.782,17.641,1.0930274162604712,112.692,0.5634600000000021,27.248,0.17148417696721838,0.009396044034676327,18.716042742698974
ema_no_coll,homo,50,200,42,1000,17.633,17.641,1.0267721025807923,105.798,0.5289900000000008,18.4,0.25390987343955873,0.004823593269367287,8.758436532486483
consec_L2,homo,50,200,42,1000,18.754,17.641,1.0904156651203898,112.524,0.5626200000000027,36.028,0.12760200747623535,0.012706026931702226,13.046520230549088
consec_L4,homo,50,200,42,1000,18.871,17.641,1.0956080893075304,113.226,0.5661300000000022,47.699,0.08192528218776486,0.01523228475032398,7.463164955834368
dcf_self_excl,homo,50,200,42,1000,14.494,17.641,0.8426778794051124,86.964,0.43481999999999943,37.581,0.18835202231264384,0.0,0.0
pnd,homo,50,200,42,1000,16.405,17.641,0.9532185946920161,98.43,0.4921500000000004,15.362,0.3035273922202424,0.0,0.0
pnd_cd,homo,50,200,42,1000,16.492,17.641,0.956213203724979,98.952,0.494760000000001,15.899,0.296351181389677,0.0,0.0
and,homo,50,200,42,1000,0.108,17.641,0.0062692500026633085,0.648,0.003239999999999994,0.01,0.9964349376114103,0.0,0.0
oracle,homo,50,200,123,1000,17.409,17.646,1.0120237418989853,104.454,0.5222700000000008,17.113,0.2699247745525188,0.0,0.0
mfg_no_excl,homo,50,200,123,1000,17.588,17.646,1.0231778162175993,105.528,0.5276400000000016,17.157,0.2659547258335374,0.0,0.0
self_excl_only,homo,50,200,123,1000,17.464,17.646,1.013117571828271,104.784,0.5239200000000007,17.029,0.2696314324159655,0.0,0.0
ema_fixed_low,homo,50,200,123,1000,18.307,17.646,1.0629954370580448,109.842,0.5492100000000022,29.964,0.16541502690109183,0.011232388127468795,23.256847112175066
ema_fixed_high,homo,50,200,123,1000,18.844,17.646,1.0937041327362158,113.064,0.5653200000000026,32.891,0.14077721260485826,0.011739099163156594,22.344547399012455
ema_adaptive,homo,50,200,123,1000,18.515,17.646,1.0755316920992,111.09,0.5554500000000024,32.239,0.14963657674021646,0.011692208643858774,22.581017929076015
ema_ad_low,homo,50,200,123,1000,18.525,17.646,1.074736094076987,111.15,0.5557500000000017,23.721,0.1975804650509016,0.007480141466014288,14.727873104494076
ema_ad_med,homo,50,200,123,1000,18.456,17.646,1.0729031000908578,110.736,0.553680000000002,27.552,0.1754860891032276,0.009389967451594998,19.128156943270348
ema_no_coll,homo,50,200,123,1000,17.745,17.646,1.0289539818265303,106.47,0.5323500000000008,18.297,0.2522947731775038,0.004875698035056207,8.47684683236303
consec_L2,homo,50,200,123,1000,18.914,17.646,1.0982060880557285,113.484,0.5674200000000026,35.604,0.12698306674684465,0.01256262889791911,12.92864305473118
consec_L4,homo,50,200,123,1000,18.883,17.646,1.0983779871194446,113.298,0.5664900000000022,47.696,0.08166067797395826,0.015333312330956372,7.498980264846844
dcf_self_excl,homo,50,200,123,1000,14.363,17.646,0.8339119581826328,86.178,0.43088999999999883,37.847,0.18921573204297626,0.0,0.0
pnd,homo,50,200,123,1000,16.384,17.646,0.9514299826947257,98.304,0.49152000000000046,15.425,0.3032344493056381,0.0,0.0
pnd_cd,homo,50,200,123,1000,16.539,17.646,0.9597358147390229,99.234,0.4961700000000004,15.908,0.29505318243268813,0.0,0.0
and,homo,50,200,123,1000,0.116,17.646,0.006631057142480613,0.696,0.003479999999999993,0.017,0.9959857397504484,0.0,0.0
oracle,homo,50,200,456,1000,17.403,17.729,1.0090768997915907,104.418,0.5220900000000012,17.234,0.26935978796236215,0.0,0.0
mfg_no_excl,homo,50,200,456,1000,17.621,17.729,1.019619649096623,105.726,0.5286300000000017,16.967,0.2668688368882111,0.0,0.0
self_excl_only,homo,50,200,456,1000,17.553,17.729,1.0159537630777564,105.318,0.5265900000000008,17.008,0.2680558378012166,0.0,0.0
ema_fixed_low,homo,50,200,456,1000,18.215,17.729,1.0538232752002188,109.29,0.5464500000000025,30.312,0.16484810793742535,0.011519876801377966,23.19746081289026
ema_fixed_high,homo,50,200,456,1000,18.826,17.729,1.0908712604012172,112.956,0.5647800000000021,32.999,0.14049293880104602,0.011719006099370164,22.66312030724986
ema_adaptive,homo,50,200,456,1000,18.63,17.729,1.0770881317140109,111.78,0.5589000000000022,32.085,0.14835073812850574,0.01158663990120019,22.451407530454205
ema_ad_low,homo,50,200,456,1000,18.515,17.729,1.072750609151509,111.09,0.5554500000000023,23.598,0.19848885977293163,0.007498617508688014,14.67669329091023
ema_ad_med,homo,50,200,456,1000,18.838,17.729,1.091507552147303,113.028,0.5651400000000028,27.458,0.16915851071333365,0.009491995511424442,18.738743693633616
ema_no_coll,homo,50,200,456,1000,17.657,17.729,1.0223228170917489,105.942,0.529710000000001,18.505,0.25229407451116714,0.004926587349766967,8.843054280759679
consec_L2,homo,50,200,456,1000,18.769,17.729,1.087695552817307,112.614,0.5630700000000024,35.995,0.12765687741935827,0.012646206765164317,12.979189593312018
consec_L4,homo,50,200,456,1000,19.035,17.729,1.1024543899892811,114.21,0.5710500000000027,47.5,0.080102761511727,0.015265382188077294,7.269002607719981
dcf_self_excl,homo,50,200,456,1000,14.458,17.729,0.8368860523082844,86.748,0.4337399999999997,37.722,0.18812215608269112,0.0,0.0
pnd,homo,50,200,456,1000,16.304,17.729,0.9436510124450275,97.824,0.48912000000000005,15.424,0.3048589824197735,0.0,0.0
pnd_cd,homo,50,200,456,1000,16.495,17.729,0.9554699888320061,98.97,0.4948500000000006,15.913,0.2962072800239741,0.0,0.0
and,homo,50,200,456,1000,0.111,17.729,0.006261515377915626,0.666,0.003329999999999994,0.02,0.9960515915457118,0.0,0.0
oracle,homo,50,200,789,1000,17.519,17.556,1.0244581650470295,105.114,0.5255700000000015,16.987,0.2682157868186073,0.0,0.0
mfg_no_excl,homo,50,200,789,1000,17.382,17.556,1.0160755061554638,104.292,0.5214600000000015,17.242,0.2696540681611858,0.0,0.0
self_excl_only,homo,50,200,789,1000,17.486,17.556,1.0227553297313663,104.916,0.524580000000001,17.212,0.2674023812234546,0.0,0.0
ema_fixed_low,homo,50,200,789,1000,18.311,17.556,1.0700880659749836,109.866,0.549330000000002,30.163,0.16419203950638064,0.01140272478976901,23.173618144351817
ema_fixed_high,homo,50,200,789,1000,18.648,17.556,1.0899802728360755,111.888,0.5594400000000026,32.953,0.14347780413332345,0.011667845491374776,22.604330211536368
ema_adaptive,homo,50,200,789,1000,18.47,17.556,1.0786963546487012,110.82,0.5541000000000013,31.847,0.1525574838872119,0.011552582749021725,22.60671267593661
ema_ad_low,homo,50,200,789,1000,18.526,17.556,1.0823389295799017,111.156,0.555780000000002,23.768,0.19732384209468,0.007583743982618867,14.748223563287874
ema_ad_med,homo,50,200,789,1000,18.725,17.556,1.0946781515226884,112.35,0.5617500000000022,27.37,0.17157986262558997,0.009482101725787371,18.844723082331985
ema_no_coll,homo,50,200,789,1000,17.552,17.556,1.026345936363632,105.312,0.526560000000001,18.28,0.2564817483616067,0.004983625433543406,8.910604373338652
consec_L2,homo,50,200,789,1000,18.892,17.556,1.1040882447993887,113.352,0.5667600000000029,35.746,0.12654109247063391,0.01268290050779611,12.89976046718193
consec_L4,homo,50,200,789,1000,18.866,17.556,1.101290471287211,113.196,0.5659800000000016,47.952,0.08079581732868671,0.015263955205074427,7.4008831239143795
dcf_self_excl,homo,50,200,789,1000,14.516,17.556,0.8479680107593389,87.096,0.43547999999999926,37.78,0.1869299756573897,0.0,0.0
pnd,homo,50,200,789,1000,16.341,17.556,0.9530695626833212,98.046,0.4902299999999998,15.383,0.30458549038553695,0.0,0.0
pnd_cd,homo,50,200,789,1000,16.553,17.556,0.9683772137193754,99.318,0.4965900000000004,15.862,0.29575551538264616,0.0,0.0
and,homo,50,200,789,1000,0.108,17.556,0.006355434814807538,0.648,0.0032399999999999946,0.015,0.9962887700534783,0.0,0.0
oracle,homo,50,200,1234,1000,17.722,17.708,1.0266744432769197,106.332,0.531660000000001,16.949,0.26482535461903334,0.0,0.0
mfg_no_excl,homo,50,200,1234,1000,17.438,17.708,1.0097626162328355,104.628,0.5231400000000008,17.308,0.2682680635993881,0.0,0.0
self_excl_only,homo,50,200,1234,1000,17.546,17.708,1.0160926557944614,105.276,0.5263800000000005,17.054,0.26740613820231374,0.0,0.0
ema_fixed_low,homo,50,200,1234,1000,18.266,17.708,1.0561225005875727,109.596,0.5479800000000015,30.066,0.16549535147389194,0.01139963580128695,23.18995929102682
ema_fixed_high,homo,50,200,1234,1000,18.753,17.708,1.084172769167686,112.518,0.5625900000000018,32.923,0.1420410556328306,0.01179751071039681,22.501731319471
ema_adaptive,homo,50,200,1234,1000,18.621,17.708,1.0757870268350953,111.726,0.5586300000000018,31.798,0.1499643423315192,0.011498364614730354,22.442820399735883
ema_ad_low,homo,50,200,1234,1000,18.457,17.708,1.0677105597361765,110.742,0.5537100000000011,23.653,0.19944881055386884,0.007454532406110389,14.895930519659817
ema_ad_med,homo,50,200,1234,1000,18.579,17.708,1.0738364434521903,111.474,0.5573700000000026,27.385,0.1741789002537558,0.009278122146047263,18.95007757386721
ema_no_coll,homo,50,200,1234,1000,17.538,17.708,1.0132838856896247,105.228,0.5261400000000006,18.408,0.2559564339771064,0.00492564418759806,8.596423804657384
consec_L2,homo,50,200,1234,1000,18.704,17.708,1.0807170146463378,112.224,0.5611200000000028,36.021,0.1283190173613156,0.012614637189341516,13.082772540707774
consec_L4,homo,50,200,1234,1000,18.934,17.708,1.0937570840145705,113.604,0.5680200000000027,47.529,0.08154543886077752,0.01514883429092551,7.417035916720732
dcf_self_excl,homo,50,200,1234,1000,14.411,17.708,0.8325131145070901,86.466,0.43232999999999955,37.791,0.18854497492140693,0.0,0.0
pnd,homo,50,200,1234,1000,16.284,17.708,0.9421403179255953,97.704,0.48852000000000056,15.402,0.3056147305737877,0.0,0.0
pnd_cd,homo,50,200,1234,1000,16.488,17.708,0.9532299683119265,98.928,0.49464000000000036,15.92,0.29623679212963394,0.0,0.0
and,homo,50,200,1234,1000,0.128,17.708,0.007367220819480539,0.768,0.0038399999999999914,0.015,0.9956827094474179,0.0,0.0
oracle,uniform,10,20,42,1000,1.648,1.555,0.9816333333333335,10.359,0.5179499999999991,1.246,0.27727738095238086,0.0,0.0
mfg_no_excl,uniform,10,20,42,1000,1.189,1.555,0.7051999999999997,8.372,0.41859999999999936,1.825,0.38526926406926365,0.0,0.0
self_excl_only,uniform,10,20,42,1000,1.454,1.555,0.8573499999999997,9.517,0.4758500000000004,2.219,0.2179253968253966,0.0,0.0
ema_fixed_low,uniform,10,20,42,1000,1.425,1.555,0.8400000000000003,9.489,0.47444999999999954,2.846,0.15995931845931832,0.12489071014754274,0.68997296037296
ema_fixed_high,uniform,10,20,42,1000,1.451,1.555,0.8743166666666667,9.424,0.4711999999999998,2.683,0.17080689033188998,0.11847006982721356,1.9533278499278472
ema_adaptive,uniform,10,20,42,1000,1.48,1.555,0.8656000000000001,9.657,0.48284999999999995,2.816,0.16243748196248198,0.1259067642386713,0.7441415945165941
ema_ad_low,uniform,10,20,42,1000,1.481,1.555,0.8712333333333333,9.562,0.4780999999999995,2.319,0.20337031024531016,0.11000238072139709,0.6624436507936509
ema_ad_med,uniform,10,20,42,1000,1.464,1.555,0.8785666666666666,9.721,0.48604999999999926,2.433,0.18700714285714265,0.11052185350041185,0.7315846681096682
ema_no_coll,uniform,10,20,42,1000,1.513,1.555,0.8891333333333331,9.919,0.4959499999999996,2.277,0.1943079365079362,0.10668302411584492,0.5985659063159062
consec_L2,uniform,10,20,42,1000,1.481,1.555,0.8714833333333336,9.625,0.48124999999999934,2.606,0.16612074314574313,0.12064621834470612,0.6513544372294375
consec_L4,uniform,10,20,42,1000,1.45,1.555,0.8456833333333337,9.487,0.4743499999999992,2.744,0.16584256854256862,0.12724643539559122,0.09638643578643578
dcf_self_excl,uniform,10,20,42,1000,1.39,1.555,0.8282333333333338,8.921,0.4460500000000005,3.078,0.15957344877344853,0.0,0.0
pnd,uniform,10,20,42,1000,1.464,1.555,0.8704166666666671,9.352,0.46759999999999946,2.063,0.21262976190476177,0.0,0.0
pnd_cd,uniform,10,20,42,1000,1.435,1.555,0.861516666666667,9.32,0.4659999999999993,2.038,0.22558531746031715,0.0,0.0
and,uniform,10,20,42,1000,0.178,1.555,0.10783333333333331,0.885,0.044249999999999984,0.083,0.9070928571428565,0.0,0.0
oracle,uniform,10,20,123,1000,1.594,1.523,0.9459999999999997,10.002,0.5000999999999989,1.149,0.29413134920634887,0.0,0.0
mfg_no_excl,uniform,10,20,123,1000,1.249,1.523,0.7526666666666669,8.614,0.43069999999999986,1.742,0.38444660894660826,0.0,0.0
self_excl_only,uniform,10,20,123,1000,1.482,1.523,0.8906666666666664,9.619,0.4809499999999996,2.014,0.22325357142857122,0.0,0.0
ema_fixed_low,uniform,10,20,123,1000,1.398,1.523,0.8105,9.2,0.45999999999999946,2.884,0.1733268759018756,0.12767698315691806,0.6820263042513035
ema_fixed_high,uniform,10,20,123,1000,1.506,1.523,0.8790833333333334,9.687,0.48434999999999906,2.642,0.16284574314574304,0.12281684324368879,1.763172077922076
ema_adaptive,uniform,10,20,123,1000,1.462,1.523,0.8766666666666669,9.564,0.47819999999999907,2.632,0.16792236652236636,0.12534179552426783,0.7602922438672437
ema_ad_low,uniform,10,20,123,1000,1.516,1.523,0.8919166666666671,9.913,0.4956499999999997,2.393,0.19592348484848465,0.11047757130320063,0.7002477272727273
ema_ad_med,uniform,10,20,123,1000,1.493,1.523,0.9010833333333333,9.756,0.4877999999999994,2.506,0.18658380230880206,0.11829832919175287,0.667863780663781
ema_no_coll,uniform,10,20,123,1000,1.432,1.523,0.8464166666666665,9.396,0.4697999999999995,2.307,0.21604285714285704,0.10735870765716221,0.6424852453102455
consec_L2,uniform,10,20,123,1000,1.401,1.523,0.8180833333333336,9.033,0.4516499999999998,2.713,0.17635678210678188,0.1232017210062789,0.7066436147186145
consec_L4,uniform,10,20,123,1000,1.449,1.523,0.8569999999999999,9.384,0.46919999999999923,2.901,0.16342150072150066,0.1255631984278122,0.10964715007215019
dcf_self_excl,uniform,10,20,123,1000,1.366,1.523,0.8290000000000003,8.865,0.44325,3.052,0.16181904761904747,0.0,0.0
pnd,uniform,10,20,123,1000,1.456,1.523,0.8734166666666672,9.52,0.4759999999999994,1.905,0.2243249999999998,0.0,0.0
pnd_cd,uniform,10,20,123,1000,1.443,1.523,0.8534166666666666,9.326,0.46629999999999927,2.008,0.21777698412698396,0.0,0.0
and,uniform,10,20,123,1000,0.179,1.523,0.10924999999999999,0.864,0.04319999999999999,0.062,0.9128666666666657,0.0,0.0
oracle,uniform,10,20,456,1000,1.611,1.616,0.8824000000000001,9.893,0.4946499999999994,1.198,0.290774603174603,0.0,0.0
mfg_no_excl,uniform,10,20,456,1000,1.25,1.616,0.6747,8.59,0.42950000000000005,1.752,0.38429145021644945,0.0,0.0
self_excl_only,uniform,10,20,456,1000,1.5,1.616,0.8165833333333335,9.791,0.4895499999999999,2.065,0.2116500360750358,0.0,0.0
ema_fixed_low,uniform,10,20,456,1000,1.429,1.616,0.7576166666666669,9.312,0.4655999999999994,2.876,0.16181426073926053,0.12751262411280265,0.6169483155733152
ema_fixed_high,uniform,10,20,456,1000,1.437,1.616,0.7817833333333333,9.136,0.4567999999999998,2.706,0.17398568931068908,0.12216422169833623,2.003675083250082
ema_adaptive,uniform,10,20,456,1000,1.441,1.616,0.7808333333333335,9.532,0.4765999999999998,2.951,0.1532291486291485,0.12701726614815234,0.7963874098124102
ema_ad_low,uniform,10,20,456,1000,1.491,1.616,0.8175333333333334,9.694,0.48469999999999935,2.317,0.1970480158730155,0.10809565415383487,0.6735095238095238
ema_ad_med,uniform,10,20,456,1000,1.487,1.616,0.7830666666666669,9.541,0.4770499999999995,2.448,0.1924079725829725,0.11177175512285295,0.707628138528138
ema_no_coll,uniform,10,20,456,1000,1.471,1.616,0.800616666666667,9.492,0.47459999999999947,2.27,0.20687312409812386,0.1059811201035088,0.6032012987012983
consec_L2,uniform,10,20,456,1000,1.472,1.616,0.7991000000000008,9.596,0.4797999999999991,2.601,0.16798268398268382,0.12358033566638793,0.6640891774891776
consec_L4,uniform,10,20,456,1000,1.49,1.616,0.8031500000000004,9.623,0.4811499999999998,2.835,0.160590523365523,0.12953992122339966,0.09634477744477751
dcf_self_excl,uniform,10,20,456,1000,1.337,1.616,0.7280333333333339,8.831,0.4415499999999999,3.102,0.16591078643578638,0.0,0.0
pnd,uniform,10,20,456,1000,1.437,1.616,0.7742833333333335,9.157,0.45784999999999965,1.921,0.23233412698412675,0.0,0.0
pnd_cd,uniform,10,20,456,1000,1.442,1.616,0.7741499999999999,9.161,0.4580499999999995,2.034,0.22426269841269808,0.0,0.0
and,uniform,10,20,456,1000,0.17,1.616,0.1068333333333333,0.847,0.042349999999999964,0.056,0.9161666666666652,0.0,0.0
oracle,uniform,10,20,789,1000,1.56,1.547,0.9180333333333334,9.983,0.49914999999999987,1.209,0.2977190476190475,0.0,0.0
mfg_no_excl,uniform,10,20,789,1000,1.267,1.547,0.7626833333333337,8.64,0.4319999999999998,1.716,0.37333546176046095,0.0,0.0
self_excl_only,uniform,10,20,789,1000,1.471,1.547,0.8901500000000002,9.497,0.4748499999999997,2.095,0.21967976190476168,0.0,0.0
ema_fixed_low,uniform,10,20,789,1000,1.466,1.547,0.8703333333333335,9.506,0.4752999999999996,2.874,0.15851637806637786,0.12699928001302324,0.6613845099345103
ema_fixed_high,uniform,10,20,789,1000,1.466,1.547,0.8744500000000004,9.456,0.47279999999999994,2.631,0.17384963924963906,0.12011249953363448,1.8285760461760445
ema_adaptive,uniform,10,20,789,1000,1.478,1.547,0.8985666666666667,9.537,0.4768499999999991,2.848,0.1574055916305915,0.12844247688506477,0.7352111471861469
ema_ad_low,uniform,10,20,789,1000,1.494,1.547,0.8922333333333335,9.527,0.4763499999999992,2.414,0.1946190476190472,0.1115302512659771,0.6556320707070705
ema_ad_med,uniform,10,20,789,1000,1.515,1.547,0.9215666666666666,9.852,0.4926000000000001,2.499,0.1830076229326227,0.11139622822340667,0.6990820401820397
ema_no_coll,uniform,10,20,789,1000,1.529,1.547,0.9124833333333326,9.734,0.4866999999999997,2.288,0.19896471861471832,0.10543748014054824,0.6519863997113993
consec_L2,uniform,10,20,789,1000,1.422,1.547,0.8497833333333337,9.236,0.46179999999999977,2.614,0.1798437590187587,0.1188919172388811,0.6541564574314579
consec_L4,uniform,10,20,789,1000,1.511,1.547,0.8995333333333331,9.801,0.4900499999999999,2.782,0.15150165945165925,0.12551397858343746,0.09076991341991343
dcf_self_excl,uniform,10,20,789,1000,1.349,1.547,0.8177666666666665,8.755,0.43775,3.071,0.16175992063492034,0.0,0.0
pnd,uniform,10,20,789,1000,1.458,1.547,0.8649000000000001,9.208,0.4603999999999997,1.876,0.2450107142857141,0.0,0.0
pnd_cd,uniform,10,20,789,1000,1.449,1.547,0.8824500000000003,9.313,0.4656499999999993,2.076,0.22464444444444387,0.0,0.0
and,uniform,10,20,789,1000,0.17,1.547,0.10058333333333332,0.888,0.04439999999999996,0.067,0.9126666666666657,0.0,0.0
oracle,uniform,10,20,1234,1000,1.573,1.584,0.9509166666666669,9.968,0.49839999999999945,1.233,0.28690674603174593,0.0,0.0
mfg_no_excl,uniform,10,20,1234,1000,1.229,1.584,0.7329500000000007,8.549,0.4274499999999997,1.821,0.3772984848484842,0.0,0.0
self_excl_only,uniform,10,20,1234,1000,1.47,1.584,0.8686999999999999,9.629,0.4814500000000003,2.198,0.21389126984126947,0.0,0.0
ema_fixed_low,uniform,10,20,1234,1000,1.409,1.584,0.8362333333333337,9.257,0.4628499999999999,2.886,0.16444694472194477,0.1250550375081251,0.7292018620268623
ema_fixed_high,uniform,10,20,1234,1000,1.447,1.584,0.8624000000000003,9.523,0.47614999999999946,2.501,0.1803456709956707,0.12111679765509607,1.6872962481962475
ema_adaptive,uniform,10,20,1234,1000,1.435,1.584,0.8505666666666665,9.479,0.47394999999999965,2.795,0.16292070707070683,0.12747653357068311,0.7741370601620599
ema_ad_low,uniform,10,20,1234,1000,1.491,1.584,0.8923666666666665,9.694,0.48469999999999963,2.348,0.19656313131313083,0.11243772164040829,0.5891393578643582
ema_ad_med,uniform,10,20,1234,1000,1.436,1.584,0.8494000000000003,9.303,0.4651499999999996,2.576,0.19079646464646446,0.11515125641342935,0.7311560966810968
ema_no_coll,uniform,10,20,1234,1000,1.454,1.584,0.85985,9.531,0.4765499999999998,2.213,0.2152904761904761,0.10565900541204451,0.6250182539682541
consec_L2,uniform,10,20,1234,1000,1.436,1.584,0.8491500000000003,9.451,0.47254999999999986,2.601,0.17293849206349185,0.12324651084657708,0.6672380952380953
consec_L4,uniform,10,20,1234,1000,1.402,1.584,0.8373666666666667,9.242,0.46209999999999923,2.725,0.17556363636363606,0.12507928530220705,0.0833513708513709
dcf_self_excl,uniform,10,20,1234,1000,1.34,1.584,0.8030333333333335,8.736,0.436799999999999,3.104,0.16554686147186123,0.0,0.0
pnd,uniform,10,20,1234,1000,1.441,1.584,0.8645999999999996,9.43,0.47150000000000025,1.971,0.229308333333333,0.0,0.0
pnd_cd,uniform,10,20,1234,1000,1.416,1.584,0.8516499999999999,9.391,0.4695500000000004,2.033,0.22366746031745977,0.0,0.0
and,uniform,10,20,1234,1000,0.197,1.584,0.12133333333333327,0.949,0.04744999999999996,0.08,0.9020333333333321,0.0,0.0
oracle,uniform,10,50,42,1000,3.731,3.619,1.2177547619047617,26.18,0.5236000000000003,3.014,0.26259396657264356,0.0,0.0
mfg_no_excl,uniform,10,50,42,1000,3.22,3.619,1.0549416666666656,23.869,0.4773800000000007,3.531,0.31721835688821004,0.0,0.0
self_excl_only,uniform,10,50,42,1000,3.529,3.619,1.1366928571428558,24.852,0.4970400000000005,3.992,0.23703845060168643,0.0,0.0
ema_fixed_low,uniform,10,50,42,1000,3.78,3.619,1.2374642857142844,27.585,0.5517000000000002,8.084,0.10379488426575005,0.11301990188502599,2.3654727574444934
ema_fixed_high,uniform,10,50,42,1000,3.663,3.619,1.2124988095238098,26.289,0.52578,6.807,0.13657833562808083,0.1023029647620296,3.4688720742200725
ema_adaptive,uniform,10,50,42,1000,3.788,3.619,1.2350392857142856,27.39,0.5478000000000004,8.041,0.10550867181322353,0.11131950012723722,2.263307669702162
ema_ad_low,uniform,10,50,42,1000,3.747,3.619,1.2113952380952382,26.776,0.5355200000000004,5.388,0.17517631698796582,0.09347890596255927,1.311556975914523
ema_ad_med,uniform,10,50,42,1000,3.777,3.619,1.2227261904761901,27.252,0.54504,6.31,0.14136469134151058,0.10197467137223536,1.5794327143058167
ema_no_coll,uniform,10,50,42,1000,3.715,3.619,1.2135583333333322,26.611,0.5322200000000005,4.794,0.19322619469883454,0.08966739030603352,1.0164611762076934
consec_L2,uniform,10,50,42,1000,3.753,3.619,1.2083166666666658,27.024,0.5404800000000004,6.567,0.13279633887765424,0.10212816130636264,1.665845523733757
consec_L4,uniform,10,50,42,1000,3.696,3.619,1.2240297619047613,26.831,0.5366200000000002,8.209,0.10969467679734361,0.11170350029075159,0.6751860336008272
dcf_self_excl,uniform,10,50,42,1000,3.036,3.619,0.980291666666666,21.647,0.43293999999999994,6.981,0.17871464849649898,0.0,0.0
pnd,uniform,10,50,42,1000,3.444,3.619,1.1242916666666658,24.528,0.49056000000000083,3.851,0.23638600843600913,0.0,0.0
pnd_cd,uniform,10,50,42,1000,3.42,3.619,1.110536904761905,24.139,0.4827799999999997,4.099,0.23002507459860477,0.0,0.0
and,uniform,10,50,42,1000,0.465,3.619,0.14752619047619056,2.197,0.04393999999999997,0.461,0.8503076839826804,0.0,0.0
oracle,uniform,10,50,123,1000,3.653,3.569,1.2302321428571426,25.364,0.5072799999999995,2.907,0.27578374427859775,0.0,0.0
mfg_no_excl,uniform,10,50,123,1000,3.324,3.569,1.129733333333333,24.52,0.4904000000000001,3.406,0.31158774379215576,0.0,0.0
self_excl_only,uniform,10,50,123,1000,3.512,3.569,1.197988095238096,24.751,0.49502000000000035,3.594,0.2499657402238286,0.0,0.0
ema_fixed_low,uniform,10,50,123,1000,3.763,3.569,1.2728761904761896,27.079,0.5415800000000007,8.196,0.1069260275595471,0.11097892510535633,2.442263433405372
ema_fixed_high,uniform,10,50,123,1000,3.813,3.569,1.2820773809523804,27.455,0.5491000000000001,6.511,0.13232263723033116,0.10285069177298517,3.2333100462927207
ema_adaptive,uniform,10,50,123,1000,3.755,3.569,1.2586845238095234,26.745,0.5349,8.33,0.10763957654970527,0.11316748578002167,2.3609686860804127
ema_ad_low,uniform,10,50,123,1000,3.76,3.569,1.2709749999999993,26.772,0.53544,5.46,0.17216219623170156,0.0937085652474216,1.35025088022143
ema_ad_med,uniform,10,50,123,1000,3.779,3.569,1.2828607142857142,26.961,0.5392200000000001,6.161,0.1486528876466337,0.1033802989402786,1.5242618183048238
ema_no_coll,uniform,10,50,123,1000,3.592,3.569,1.2047749999999997,25.695,0.5138999999999997,4.92,0.202502807624093,0.08750024791197596,1.0843855428670053
consec_L2,uniform,10,50,123,1000,3.633,3.569,1.2353845238095236,26.188,0.5237600000000004,6.845,0.13564249462268105,0.10339930524692417,1.71378953253489
consec_L4,uniform,10,50,123,1000,3.729,3.569,1.2587011904761896,26.692,0.53384,8.278,0.10749622629374847,0.11408604847783352,0.6442826711960061
dcf_self_excl,uniform,10,50,123,1000,3.057,3.569,1.0413559523809515,21.66,0.433199999999999,6.94,0.17965535828550583,0.0,0.0
pnd,uniform,10,50,123,1000,3.414,3.569,1.1511202380952383,24.282,0.48564,3.822,0.24053168881771886,0.0,0.0
pnd_cd,uniform,10,50,123,1000,3.489,3.569,1.187476190476191,24.566,0.4913200000000009,3.988,0.2289955168197821,0.0,0.0
and,uniform,10,50,123,1000,0.471,3.569,0.15321428571428566,2.297,0.04593999999999999,0.474,0.8474746031745986,0.0,0.0
oracle,uniform,10,50,456,1000,3.668,3.67,1.1676,25.148,0.5029600000000002,3.036,0.2745750408904823,0.0,0.0
mfg_no_excl,uniform,10,50,456,1000,3.291,3.67,1.043420238095238,23.619,0.47238000000000063,3.527,0.31841705957441263,0.0,0.0
self_excl_only,uniform,10,50,456,1000,3.565,3.67,1.1202511904761898,25.124,0.50248,3.726,0.2421240654770072,0.0,0.0
ema_fixed_low,uniform,10,50,456,1000,3.758,3.67,1.204008333333333,26.772,0.5354400000000007,8.343,0.10723041950576251,0.11049435203384693,2.384107739346373
ema_fixed_high,uniform,10,50,456,1000,3.787,3.67,1.2167452380952377,26.717,0.5343400000000009,6.82,0.13301480698075852,0.1024771146174171,3.362742287245665
ema_adaptive,uniform,10,50,456,1000,3.787,3.67,1.211621428571429,27.128,0.54256,8.276,0.10637187366502772,0.1134552395447349,2.307856163402375
ema_ad_low,uniform,10,50,456,1000,3.774,3.67,1.1983797619047623,26.629,0.5325799999999997,5.421,0.17517854376016206,0.09201882836694904,1.3269473901184798
ema_ad_med,uniform,10,50,456,1000,3.784,3.67,1.1955583333333335,26.706,0.5341200000000015,6.479,0.14478956427988998,0.10635023561427553,1.5395190019646667
ema_no_coll,uniform,10,50,456,1000,3.661,3.67,1.1600011904761889,25.801,0.5160200000000005,4.83,0.20298438576817115,0.08545210953620096,1.1018795206814165
consec_L2,uniform,10,50,456,1000,3.774,3.67,1.2133869047619048,26.913,0.5382600000000002,6.698,0.13222272125710915,0.10621326809891202,1.6445174145934156
consec_L4,uniform,10,50,456,1000,3.855,3.67,1.2191702380952367,27.518,0.5503600000000008,8.165,0.10119049031893528,0.11297085030642648,0.6387320941700204
dcf_self_excl,uniform,10,50,456,1000,3.049,3.67,0.9820190476190471,21.724,0.43447999999999976,6.916,0.18037098815786914,0.0,0.0
pnd,uniform,10,50,456,1000,3.396,3.67,1.073553571428571,23.841,0.47682000000000013,3.785,0.24826582029082095,0.0,0.0
pnd_cd,uniform,10,50,456,1000,3.428,3.67,1.094928571428571,24.248,0.48496000000000017,4.079,0.2310447775263958,0.0,0.0
and,uniform,10,50,456,1000,0.476,3.67,0.14567976190476192,2.36,0.04719999999999998,0.501,0.8424837301587267,0.0,0.0
oracle,uniform,10,50,789,1000,3.644,3.62,1.214302777777778,25.308,0.5061600000000002,2.96,0.2724761409342298,0.0,0.0
mfg_no_excl,uniform,10,50,789,1000,3.314,3.62,1.1129694444444445,23.979,0.4795800000000005,3.477,0.3154127315452012,0.0,0.0
self_excl_only,uniform,10,50,789,1000,3.454,3.62,1.155406746031746,24.297,0.4859400000000001,3.641,0.25870498570057454,0.0,0.0
ema_fixed_low,uniform,10,50,789,1000,3.782,3.62,1.2705809523809517,27.356,0.5471200000000007,8.114,0.10581781365939727,0.11166805026626045,2.3467024782598247
ema_fixed_high,uniform,10,50,789,1000,3.74,3.62,1.263354761904762,26.54,0.5308000000000007,6.88,0.13375863279139505,0.10326746664592125,3.3838627708375095
ema_adaptive,uniform,10,50,789,1000,3.805,3.62,1.280322619047619,27.094,0.5418799999999998,8.227,0.10549049844865872,0.11417287514096651,2.2836400809285182
ema_ad_low,uniform,10,50,789,1000,3.764,3.62,1.2642650793650778,26.682,0.5336400000000007,5.371,0.17247663653426068,0.0936636650662487,1.2894566804712302
ema_ad_med,uniform,10,50,789,1000,3.826,3.62,1.2902353174603154,26.996,0.5399200000000001,6.417,0.14426176419040235,0.10234650999346756,1.6665506121286695
ema_no_coll,uniform,10,50,789,1000,3.661,3.62,1.2167519841269847,25.943,0.5188600000000008,4.846,0.2016920390625892,0.0869742702041945,1.0977364272294607
consec_L2,uniform,10,50,789,1000,3.674,3.62,1.2358015873015866,26.173,0.523460000000001,6.817,0.13674114409842011,0.1038815705669099,1.669157838979048
consec_L4,uniform,10,50,789,1000,3.814,3.62,1.2722055555555551,27.298,0.5459599999999994,8.176,0.10490504998153985,0.11373957343077629,0.6347092666886515
dcf_self_excl,uniform,10,50,789,1000,3.061,3.62,1.0299376984126993,21.766,0.43532000000000026,7.05,0.17665044314131056,0.0,0.0
pnd,uniform,10,50,789,1000,3.407,3.62,1.1265571428571417,23.799,0.4759799999999997,3.859,0.24725720945721055,0.0,0.0
pnd_cd,uniform,10,50,789,1000,3.491,3.62,1.175094047619046,24.725,0.4945000000000004,4.003,0.22766048534798602,0.0,0.0
and,uniform,10,50,789,1000,0.45,3.62,0.15769523809523817,2.263,0.04525999999999989,0.484,0.8490753968253937,0.0,0.0
oracle,uniform,10,50,1234,1000,3.547,3.627,1.1715476190476177,24.787,0.49574000000000024,2.932,0.2859724704217351,0.0,0.0
mfg_no_excl,uniform,10,50,1234,1000,3.274,3.627,1.0831047619047618,23.945,0.47890000000000066,3.578,0.31334955126572794,0.0,0.0
self_excl_only,uniform,10,50,1234,1000,3.5,3.627,1.1561571428571424,24.944,0.4988800000000006,3.713,0.24661548459710295,0.0,0.0
ema_fixed_low,uniform,10,50,1234,1000,3.763,3.627,1.2600047619047612,27.246,0.5449200000000002,7.919,0.11041372161598792,0.11089263570677156,2.3798425707162907
ema_fixed_high,uniform,10,50,1234,1000,3.722,3.627,1.226077380952379,26.927,0.53854,6.668,0.1335769979000231,0.10393351379614334,3.3517196782566434
ema_adaptive,uniform,10,50,1234,1000,3.774,3.627,1.2583880952380953,27.488,0.5497600000000006,7.973,0.10580148139580521,0.11067386759584093,2.318227915013932
ema_ad_low,uniform,10,50,1234,1000,3.796,3.627,1.2543119047619038,27.319,0.5463799999999998,5.265,0.1711259919346225,0.09176595987876791,1.222679889331515
ema_ad_med,uniform,10,50,1234,1000,3.78,3.627,1.2570666666666646,27.15,0.5429999999999999,6.321,0.14365864232516753,0.10202890259920953,1.6067573341347328
ema_no_coll,uniform,10,50,1234,1000,3.573,3.627,1.179994047619047,25.517,0.5103400000000003,4.746,0.20862302099345484,0.0888798512035875,1.0985852998523669
consec_L2,uniform,10,50,1234,1000,3.666,3.627,1.209353571428571,26.288,0.5257600000000003,6.797,0.13584589091249363,0.10157582206807382,1.7347877543423216
consec_L4,uniform,10,50,1234,1000,3.73,3.627,1.2367369047619041,26.798,0.5359600000000004,8.267,0.10580149244273686,0.11463408089258371,0.6304229739437287
dcf_self_excl,uniform,10,50,1234,1000,3.031,3.627,1.002801190476189,21.611,0.43221999999999994,6.936,0.18020118571658864,0.0,0.0
pnd,uniform,10,50,1234,1000,3.448,3.627,1.1134202380952383,24.496,0.4899199999999999,3.874,0.23866295232545298,0.0,0.0
pnd_cd,uniform,10,50,1234,1000,3.48,3.627,1.1650880952380926,24.722,0.4944400000000004,3.92,0.22942153075682556,0.0,0.0
and,uniform,10,50,1234,1000,0.459,3.627,0.15260476190476194,2.259,0.04517999999999996,0.434,0.8514543650793602,0.0,0.0
oracle,uniform,10,100,42,1000,7.142,6.956,1.1546765873015878,51.915,0.5191499999999999,5.572,0.25714404821578835,0.0,0.0
mfg_no_excl,uniform,10,100,42,1000,6.769,6.956,1.0974666666666657,50.185,0.5018500000000001,5.899,0.2794783294597332,0.0,0.0
self_excl_only,uniform,10,100,42,1000,6.925,6.956,1.1176972222222237,50.547,0.5054700000000009,6.136,0.2520093267048763,0.0,0.0
ema_fixed_low,uniform,10,100,42,1000,7.797,6.956,1.261950793650792,57.646,0.57646,18.646,0.07487236387061343,0.14632327434399428,3.0144105343601604
ema_fixed_high,uniform,10,100,42,1000,7.638,6.956,1.2342738095238093,56.364,0.5636399999999997,14.862,0.10701753565804902,0.12962617485953365,3.335974012377366
ema_adaptive,uniform,10,100,42,1000,7.766,6.956,1.2607134920634941,57.276,0.5727599999999993,18.716,0.07735080569893119,0.14674936608185116,3.0053937122324625
ema_ad_low,uniform,10,100,42,1000,7.661,6.956,1.2395543650793652,56.494,0.5649399999999993,13.572,0.12199137065460422,0.13565607488433148,1.9387686240306836
ema_ad_med,uniform,10,100,42,1000,7.785,6.956,1.2651567460317446,57.259,0.5725900000000002,15.819,0.09804777960025356,0.14466161739886887,2.3822168672450417
ema_no_coll,uniform,10,100,42,1000,7.583,6.956,1.228384920634919,55.871,0.5587099999999996,12.027,0.14515019675292037,0.1343551313064637,1.49162834172102
consec_L2,uniform,10,100,42,1000,7.66,6.956,1.2400682539682535,56.455,0.5645500000000009,14.91,0.10183694585591997,0.13486747450913125,1.845986087947723
consec_L4,uniform,10,100,42,1000,7.679,6.956,1.2492523809523823,56.819,0.5681900000000005,20.079,0.06925459025191741,0.1487975025975271,1.0103882270975864
dcf_self_excl,uniform,10,100,42,1000,6.291,6.956,1.0152051587301587,46.214,0.46214000000000005,17.477,0.1353664424720734,0.0,0.0
pnd,uniform,10,100,42,1000,6.952,6.956,1.1207932539682546,50.967,0.5096700000000001,7.357,0.22604359606023003,0.0,0.0
pnd_cd,uniform,10,100,42,1000,6.998,6.956,1.1301932539682542,51.141,0.5114099999999999,8.251,0.2083992133005375,0.0,0.0
and,uniform,10,100,42,1000,1.786,6.956,0.29181785714285696,11.892,0.11892000000000007,0.881,0.7758693522980296,0.0,0.0
oracle,uniform,10,100,123,1000,7.076,6.99,1.1196293650793663,51.286,0.5128600000000001,5.537,0.2617600061023316,0.0,0.0
mfg_no_excl,uniform,10,100,123,1000,6.891,6.99,1.0901948412698415,50.826,0.5082600000000002,5.885,0.27467776616808093,0.0,0.0
self_excl_only,uniform,10,100,123,1000,6.891,6.99,1.0910337301587316,50.197,0.5019699999999999,5.807,0.26168540684149294,0.0,0.0
ema_fixed_low,uniform,10,100,123,1000,7.76,6.99,1.2249174603174608,57.433,0.5743300000000006,18.715,0.07655200955643576,0.14468389400430556,3.0670783487300137
ema_fixed_high,uniform,10,100,123,1000,7.773,6.99,1.231998015873017,57.225,0.5722499999999999,14.717,0.10044928122662455,0.13641156842344443,3.1720544024322583
ema_adaptive,uniform,10,100,123,1000,7.733,6.99,1.2257281746031743,56.919,0.5691900000000003,18.809,0.07788222580449872,0.1449775589515172,3.0459701573305455
ema_ad_low,uniform,10,100,123,1000,7.693,6.99,1.2208380952380964,56.37,0.5637000000000004,13.734,0.12012551461752284,0.1372851145232964,1.9525526089033234
ema_ad_med,uniform,10,100,123,1000,7.778,6.99,1.2309638888888892,57.114,0.5711399999999995,15.644,0.09836759346992512,0.14439696075377337,2.3590808965710353
ema_no_coll,uniform,10,100,123,1000,7.491,6.99,1.18096626984127,55.297,0.5529700000000002,11.813,0.15238748700874707,0.12733757141684493,1.5263743627707407
consec_L2,uniform,10,100,123,1000,7.634,6.99,1.2090194444444449,56.314,0.5631399999999993,15.11,0.10189276269040977,0.13249503379657435,1.867891570288825
consec_L4,uniform,10,100,123,1000,7.581,6.99,1.2040888888888885,56.061,0.5606099999999996,20.026,0.07243490231306221,0.14855748518263487,1.0081610017120082
dcf_self_excl,uniform,10,100,123,1000,6.287,6.99,0.9948765873015872,45.881,0.45881,17.58,0.13444513102566857,0.0,0.0
pnd,uniform,10,100,123,1000,6.834,6.99,1.076836904761904,50.004,0.5000400000000003,7.427,0.23029320875656523,0.0,0.0
pnd_cd,uniform,10,100,123,1000,7.074,6.99,1.1222035714285732,51.65,0.5165000000000008,8.231,0.20303263445941425,0.0,0.0
and,uniform,10,100,123,1000,1.738,6.99,0.268271428571428,11.671,0.11670999999999991,0.975,0.7717297049656573,0.0,0.0
oracle,uniform,10,100,456,1000,7.137,7.126,1.08544484126984,51.442,0.5144199999999999,5.448,0.26214366569234193,0.0,0.0
mfg_no_excl,uniform,10,100,456,1000,6.832,7.126,1.0386543650793665,49.656,0.4965600000000002,5.977,0.27769358228772634,0.0,0.0
self_excl_only,uniform,10,100,456,1000,7.019,7.126,1.067804761904762,50.807,0.5080700000000001,5.988,0.25142984077388497,0.0,0.0
ema_fixed_low,uniform,10,100,456,1000,7.794,7.126,1.1881726190476178,56.903,0.5690300000000001,18.903,0.07626269698475387,0.1454653293465718,3.0689915216025385
ema_fixed_high,uniform,10,100,456,1000,7.71,7.126,1.1777591269841265,56.171,0.5617100000000002,15.015,0.10552140923341854,0.13156421654954487,3.290134535808089
ema_adaptive,uniform,10,100,456,1000,7.767,7.126,1.1900583333333337,56.759,0.5675899999999996,19.017,0.07753380618083933,0.14403608765045775,3.0505393789141495
ema_ad_low,uniform,10,100,456,1000,7.709,7.126,1.1732750000000012,56.341,0.5634099999999996,13.687,0.11979858766273549,0.13705886761296043,1.961665133182123
ema_ad_med,uniform,10,100,456,1000,7.823,7.126,1.1919142857142853,57.016,0.5701600000000006,15.815,0.09756729994855176,0.14509722051046833,2.369961733052099
ema_no_coll,uniform,10,100,456,1000,7.526,7.126,1.1450571428571419,54.861,0.5486099999999999,11.983,0.14994014349969662,0.12933357145136812,1.523135238268528
consec_L2,uniform,10,100,456,1000,7.724,7.126,1.175010714285715,56.556,0.56556,15.042,0.1011341695742333,0.13486969448284686,1.8411078901352318
consec_L4,uniform,10,100,456,1000,7.809,7.126,1.1906563492063476,57.264,0.572639999999999,19.947,0.06768533065739352,0.15387390645936638,0.971718969661205
dcf_self_excl,uniform,10,100,456,1000,6.389,7.126,0.9717333333333334,46.182,0.46181999999999956,17.589,0.13348025934783547,0.0,0.0
pnd,uniform,10,100,456,1000,6.859,7.126,1.04255238095238,49.605,0.49604999999999966,7.509,0.231803706737807,0.0,0.0
pnd_cd,uniform,10,100,456,1000,7.18,7.126,1.0923531746031743,52.166,0.5216599999999997,8.191,0.20218805003780368,0.0,0.0
and,uniform,10,100,456,1000,1.765,7.126,0.2712345238095234,11.753,0.11753000000000002,0.947,0.7724957071394386,0.0,0.0
oracle,uniform,10,100,789,1000,7.066,7.039,1.1236448412698412,51.055,0.5105500000000001,5.527,0.2642001876189757,0.0,0.0
mfg_no_excl,uniform,10,100,789,1000,6.846,7.039,1.0762920634920625,50.05,0.5005000000000005,5.941,0.2763797454379699,0.0,0.0
self_excl_only,uniform,10,100,789,1000,6.911,7.039,1.0883817460317464,50.297,0.5029699999999995,6.045,0.2573380315369617,0.0,0.0
ema_fixed_low,uniform,10,100,789,1000,7.792,7.039,1.2336079365079364,57.122,0.5712200000000007,18.899,0.0766745649374537,0.14691301797882023,3.0274477873438395
ema_fixed_high,uniform,10,100,789,1000,7.74,7.039,1.217538492063492,56.734,0.5673400000000002,14.961,0.10421977945530768,0.13146257097678282,3.2570861986897017
ema_adaptive,uniform,10,100,789,1000,7.789,7.039,1.2274253968253968,57.056,0.5705599999999997,18.823,0.0770887776771978,0.14495459124225693,3.0106035536153537
ema_ad_low,uniform,10,100,789,1000,7.739,7.039,1.2259845238095253,56.705,0.5670499999999999,13.542,0.12013519673048113,0.13733448598923406,1.9003489638846245
ema_ad_med,uniform,10,100,789,1000,7.833,7.039,1.2392841269841277,57.343,0.5734300000000001,15.79,0.09745856893027957,0.1444528408891295,2.418184918197447
ema_no_coll,uniform,10,100,789,1000,7.517,7.039,1.180354761904763,55.003,0.5500299999999999,11.888,0.15267793151132542,0.1292877860964782,1.5050586085649351
consec_L2,uniform,10,100,789,1000,7.684,7.039,1.212866666666667,56.29,0.5629000000000007,15.173,0.10110653468951263,0.13089112900981437,1.8822070144051786
consec_L4,uniform,10,100,789,1000,7.694,7.039,1.2122222222222225,56.507,0.5650700000000002,19.935,0.06899784108648731,0.1511553957575585,0.9977582324626574
dcf_self_excl,uniform,10,100,789,1000,6.285,7.039,0.989155555555556,45.911,0.45910999999999985,17.53,0.13566623857284396,0.0,0.0
pnd,uniform,10,100,789,1000,6.93,7.039,1.090894841269841,50.252,0.5025199999999999,7.45,0.22763479009018434,0.0,0.0
pnd_cd,uniform,10,100,789,1000,7.252,7.039,1.1458206349206346,52.744,0.5274400000000002,8.201,0.19895985804408706,0.0,0.0
and,uniform,10,100,789,1000,1.709,7.039,0.26464999999999955,11.217,0.11217000000000009,0.962,0.7769676379906649,0.0,0.0
oracle,uniform,10,100,1234,1000,6.996,7.023,1.0950825396825392,50.83,0.5083000000000003,5.457,0.2662492147416758,0.0,0.0
mfg_no_excl,uniform,10,100,1234,1000,6.799,7.023,1.06782619047619,50.351,0.5035099999999998,5.927,0.27530312262222917,0.0,0.0
self_excl_only,uniform,10,100,1234,1000,7.046,7.023,1.1063702380952374,51.447,0.5144699999999995,6.022,0.24758735086475384,0.0,0.0
ema_fixed_low,uniform,10,100,1234,1000,7.696,7.023,1.2107821428571421,57.012,0.5701199999999995,18.523,0.07908271157323535,0.14624578053045342,3.0294722063059156
ema_fixed_high,uniform,10,100,1234,1000,7.637,7.023,1.2052424603174599,56.387,0.5638699999999998,14.741,0.10682661125123707,0.13240868068769115,3.2641418214858713
ema_adaptive,uniform,10,100,1234,1000,7.761,7.023,1.2209015873015872,57.337,0.5733699999999999,18.596,0.07706140930788927,0.14565991232552908,3.001799241657936
ema_ad_low,uniform,10,100,1234,1000,7.702,7.023,1.212046825396825,56.943,0.5694299999999995,13.797,0.11632548410637654,0.13821032969768499,1.8907135916944096
ema_ad_med,uniform,10,100,1234,1000,7.762,7.023,1.2198956349206356,57.434,0.5743399999999995,15.66,0.09756048806606438,0.14453200552392503,2.405116647429007
ema_no_coll,uniform,10,100,1234,1000,7.433,7.023,1.168646428571429,54.918,0.5491799999999997,11.853,0.15262528170918577,0.12883494761785722,1.5253155960490048
consec_L2,uniform,10,100,1234,1000,7.601,7.023,1.1919551587301591,56.095,0.5609500000000002,15.177,0.1027919317179852,0.13113237038783207,1.9035328007580214
consec_L4,uniform,10,100,1234,1000,7.608,7.023,1.196625396825397,56.38,0.5638,19.99,0.06898194731257824,0.15019412879430688,1.008745725995373
dcf_self_excl,uniform,10,100,1234,1000,6.258,7.023,0.9849043650793643,46.036,0.4603599999999996,17.607,0.13387943556915374,0.0,0.0
pnd,uniform,10,100,1234,1000,6.973,7.023,1.0812940476190482,51.094,0.51094,7.517,0.22341262225024708,0.0,0.0
pnd_cd,uniform,10,100,1234,1000,7.053,7.023,1.1059329365079362,51.601,0.5160099999999999,8.222,0.2043061196785835,0.0,0.0
and,uniform,10,100,1234,1000,1.677,7.023,0.2627337301587296,11.291,0.11291000000000002,0.893,0.7823129471706487,0.0,0.0
oracle,uniform,10,200,42,1000,9.913,9.906,1.003491666666666,74.417,0.37208500000000044,7.064,0.23438630459594112,0.0,0.0
mfg_no_excl,uniform,10,200,42,1000,9.888,9.906,1.0010861111111105,74.23,0.37115000000000054,7.103,0.2408541761707589,0.0,0.0
self_excl_only,uniform,10,200,42,1000,9.903,9.906,1.0025861111111103,74.372,0.3718600000000003,7.258,0.23927285360804262,0.0,0.0
ema_fixed_low,uniform,10,200,42,1000,9.984,9.906,1.0107611111111108,75.068,0.37534000000000056,23.725,0.06395317292435965,0.19024722456526344,2.6398811281695376
ema_fixed_high,uniform,10,200,42,1000,9.989,9.906,1.0112499999999995,75.112,0.37556000000000045,20.058,0.08671395880786895,0.1740077561190219,2.838697238464488
ema_adaptive,uniform,10,200,42,1000,9.982,9.906,1.0105388888888887,75.049,0.37524500000000044,23.989,0.06445608994333397,0.18924935028306952,2.6461599729832117
ema_ad_low,uniform,10,200,42,1000,9.981,9.906,1.0104611111111108,75.051,0.3752550000000004,19.533,0.0922304808782338,0.19334514127015565,1.8327372713840704
ema_ad_med,uniform,10,200,42,1000,9.991,9.906,1.0114611111111107,75.135,0.3756750000000005,21.49,0.07790679572857734,0.1952962960601812,2.1573949405095645
ema_no_coll,uniform,10,200,42,1000,9.962,9.906,1.0085611111111106,74.907,0.3745350000000004,17.879,0.10414613212665634,0.19897687255230556,1.4630014021230207
consec_L2,uniform,10,200,42,1000,9.99,9.906,1.0113499999999995,75.124,0.37562000000000056,20.139,0.08394935735845405,0.17521581084302348,1.6315531081903707
consec_L4,uniform,10,200,42,1000,9.99,9.906,1.011361111111111,75.13,0.37565000000000043,27.712,0.054433863382636616,0.19930929342965598,0.9173236804247178
dcf_self_excl,uniform,10,200,42,1000,9.841,9.906,0.9961960317460302,73.936,0.3696800000000007,40.687,0.07304200587763678,0.0,0.0
pnd,uniform,10,200,42,1000,9.861,9.906,0.9975948412698407,74.013,0.3700650000000005,10.462,0.19281295350293912,0.0,0.0
pnd_cd,uniform,10,200,42,1000,9.94,9.906,1.0061888888888881,74.686,0.37343000000000054,12.135,0.16958955268590573,0.0,0.0
and,uniform,10,200,42,1000,6.045,9.906,0.6115571428571421,43.78,0.21890000000000023,6.566,0.5692795170504368,0.0,0.0
oracle,uniform,10,200,123,1000,9.917,9.894,1.0061539682539677,74.479,0.3723949999999997,7.159,0.23863309875593078,0.0,0.0
mfg_no_excl,uniform,10,200,123,1000,9.876,9.894,1.0021630952380949,74.137,0.3706849999999998,6.958,0.23841564903069337,0.0,0.0
self_excl_only,uniform,10,200,123,1000,9.903,9.894,1.0048226190476182,74.331,0.3716549999999998,7.026,0.24693313292170005,0.0,0.0
ema_fixed_low,uniform,10,200,123,1000,9.979,9.894,1.012648412698412,75.04,0.37519999999999987,24.077,0.06470366195510244,0.18909408651448895,2.6768564007337083
ema_fixed_high,uniform,10,200,123,1000,9.99,9.894,1.0137817460317455,75.108,0.3755399999999999,19.283,0.08210859553817487,0.1776956997331648,2.722985012125377
ema_adaptive,uniform,10,200,123,1000,9.986,9.894,1.0133706349206346,75.092,0.37545999999999985,24.284,0.06631784722489913,0.18869329790996897,2.68326013654421
ema_ad_low,uniform,10,200,123,1000,9.969,9.894,1.0116817460317455,74.954,0.37476999999999977,19.695,0.09018261561592966,0.19700896133618126,1.8284026216063638
ema_ad_med,uniform,10,200,123,1000,9.981,9.894,1.0127888888888883,75.023,0.37511499999999987,21.295,0.07674832325792762,0.19652848149412794,2.126700143514718
ema_no_coll,uniform,10,200,123,1000,9.969,9.894,1.0113924603174598,74.961,0.3748049999999999,17.961,0.10786513156949445,0.19554710371384598,1.5075611343018511
consec_L2,uniform,10,200,123,1000,9.994,9.894,1.0141484126984124,75.157,0.37578499999999987,20.315,0.08327035867120484,0.17419291211143054,1.6470162995140714
consec_L4,uniform,10,200,123,1000,9.991,9.894,1.0138817460317455,75.128,0.37563999999999986,28.093,0.056057464269499396,0.20032951768869317,0.9127796457699524
dcf_self_excl,uniform,10,200,123,1000,9.853,9.894,0.9998861111111094,73.96,0.3697999999999996,40.107,0.0735769053873003,0.0,0.0
pnd,uniform,10,200,123,1000,9.845,9.894,0.9990448412698409,73.917,0.3695849999999999,10.681,0.19659522381558842,0.0,0.0
pnd_cd,uniform,10,200,123,1000,9.954,9.894,1.0101373015873008,74.801,0.3740049999999999,11.906,0.16501885785104214,0.0,0.0
and,uniform,10,200,123,1000,5.912,9.894,0.5989789682539683,42.749,0.2137449999999999,6.38,0.5787629411327015,0.0,0.0
oracle,uniform,10,200,456,1000,9.94,9.91,1.0061547619047615,74.091,0.3704549999999998,6.953,0.23738847948805875,0.0,0.0
mfg_no_excl,uniform,10,200,456,1000,9.941,9.91,1.0066726190476187,74.106,0.37052999999999986,7.104,0.2389127029751636,0.0,0.0
self_excl_only,uniform,10,200,456,1000,9.905,9.91,1.0030230158730153,73.815,0.369075,6.992,0.23845658595860264,0.0,0.0
ema_fixed_low,uniform,10,200,456,1000,9.983,9.91,1.0108626984126983,74.455,0.37227499999999986,24.327,0.06424151561422524,0.18862402894794167,2.68051620216634
ema_fixed_high,uniform,10,200,456,1000,9.973,9.91,1.0099182539682539,74.381,0.3719049999999999,19.923,0.08679606830959533,0.17587582262663262,2.8122059589044155
ema_adaptive,uniform,10,200,456,1000,9.974,9.91,1.0100182539682536,74.415,0.3720749999999998,24.105,0.06562112228669935,0.1872628741294311,2.6926849812181968
ema_ad_low,uniform,10,200,456,1000,9.98,9.91,1.0104912698412696,74.427,0.3721349999999998,19.471,0.08940663508152183,0.19564680502236015,1.8246653140913762
ema_ad_med,uniform,10,200,456,1000,9.972,9.91,1.0098293650793648,74.369,0.371845,21.31,0.07771924872064154,0.19544425951765867,2.1436444267347317
ema_no_coll,uniform,10,200,456,1000,9.97,9.91,1.0096626984126982,74.319,0.37159499999999984,17.858,0.10714415919953804,0.19258513248781628,1.5024726903693304
consec_L2,uniform,10,200,456,1000,9.991,9.91,1.0117626984126982,74.529,0.3726449999999999,20.174,0.08360888470905357,0.17676209006359553,1.626537072957219
consec_L4,uniform,10,200,456,1000,9.991,9.91,1.0117182539682539,74.536,0.37267999999999984,27.217,0.053229271337229406,0.2023823152664288,0.8871198546037813
dcf_self_excl,uniform,10,200,456,1000,9.846,9.91,0.9968932539682525,73.351,0.36675500000000005,40.761,0.0730366951418936,0.0,0.0
pnd,uniform,10,200,456,1000,9.846,9.91,0.9968793650793647,73.258,0.3662899999999997,10.693,0.1960333726851185,0.0,0.0
pnd_cd,uniform,10,200,456,1000,9.957,9.91,1.0082503968253966,74.255,0.3712749999999999,11.818,0.1639041539263807,0.0,0.0
and,uniform,10,200,456,1000,6.035,9.91,0.6103623015873013,43.42,0.2170999999999999,6.406,0.5764571104603528,0.0,0.0
oracle,uniform,10,200,789,1000,9.938,9.899,1.0072738095238087,74.16,0.3708000000000006,7.037,0.2404825227850074,0.0,0.0
mfg_no_excl,uniform,10,200,789,1000,9.89,9.899,1.002103174603174,73.782,0.36891000000000024,7.075,0.2401844025719457,0.0,0.0
self_excl_only,uniform,10,200,789,1000,9.881,9.899,1.000969444444444,73.666,0.3683300000000005,7.069,0.24677951103536874,0.0,0.0
ema_fixed_low,uniform,10,200,789,1000,9.974,9.899,1.0108960317460314,74.529,0.3726450000000004,24.162,0.06536501702425446,0.1885397079579564,2.6607948387292994
ema_fixed_high,uniform,10,200,789,1000,9.987,9.899,1.0121960317460315,74.635,0.37317500000000053,19.903,0.08492267755399219,0.17647548887551895,2.788449196704359
ema_adaptive,uniform,10,200,789,1000,9.984,9.899,1.0118960317460315,74.612,0.37306000000000045,24.244,0.06474882778157363,0.18864132302011505,2.6547118172900586
ema_ad_low,uniform,10,200,789,1000,9.99,9.899,1.0124420634920632,74.656,0.37328000000000044,19.449,0.08935924662419528,0.19735031311174925,1.7946359360348554
ema_ad_med,uniform,10,200,789,1000,9.967,9.899,1.0101210317460316,74.488,0.37244000000000044,21.551,0.07704966622763985,0.19716732232987147,2.1758421735936966
ema_no_coll,uniform,10,200,789,1000,9.957,9.899,1.0089849206349206,74.356,0.3717800000000005,17.9,0.10817001138580695,0.194085236544871,1.488391652410527
consec_L2,uniform,10,200,789,1000,9.988,9.899,1.0122960317460314,74.65,0.3732500000000006,20.243,0.083140765583089,0.1740875721230991,1.656216762492937
consec_L4,uniform,10,200,789,1000,9.996,9.899,1.0130960317460316,74.716,0.3735800000000005,27.644,0.05404044478772707,0.20196693683232672,0.9022665471345528
dcf_self_excl,uniform,10,200,789,1000,9.869,9.899,1.0002019841269827,73.676,0.3683800000000005,40.184,0.07316190882292672,0.0,0.0
pnd,uniform,10,200,789,1000,9.829,9.899,0.9960654761904758,73.273,0.36636500000000044,10.565,0.19638260530795337,0.0,0.0
pnd_cd,uniform,10,200,789,1000,9.953,9.899,1.0087960317460312,74.334,0.3716700000000006,11.78,0.16385986995915638,0.0,0.0
and,uniform,10,200,789,1000,5.92,9.899,0.5979535714285709,42.451,0.21225500000000022,6.522,0.5785367569421257,0.0,0.0
oracle,uniform,10,200,1234,1000,9.921,9.916,1.0046424603174595,74.673,0.37336499999999984,7.111,0.24216229093008632,0.0,0.0
mfg_no_excl,uniform,10,200,1234,1000,9.919,9.916,1.0044484126984121,74.726,0.3736300000000001,7.029,0.23825332293151336,0.0,0.0
self_excl_only,uniform,10,200,1234,1000,9.934,9.916,1.0060785714285707,74.794,0.3739699999999999,7.014,0.23579902323208773,0.0,0.0
ema_fixed_low,uniform,10,200,1234,1000,9.974,9.916,1.0100785714285712,75.186,0.37593,24.029,0.06667979000891958,0.19178787573327222,2.640647233967362
ema_fixed_high,uniform,10,200,1234,1000,9.992,9.916,1.011835714285714,75.329,0.3766450000000001,19.913,0.08597963247180289,0.17705116301056725,2.781585514609865
ema_adaptive,uniform,10,200,1234,1000,9.976,9.916,1.0102785714285711,75.212,0.3760600000000001,24.028,0.06556906268531242,0.1907187934977455,2.644101324263495
ema_ad_low,uniform,10,200,1234,1000,9.985,9.916,1.011178571428571,75.253,0.376265,19.569,0.0884723258916779,0.19619079477105192,1.7873538147754628
ema_ad_med,uniform,10,200,1234,1000,9.98,9.916,1.010678571428571,75.222,0.37611,21.343,0.07718326536298577,0.19607917872727226,2.164279444114766
ema_no_coll,uniform,10,200,1234,1000,9.973,9.916,1.0099119047619045,75.165,0.37582499999999996,17.723,0.10953196636366822,0.19150614108487923,1.4908798114867048
consec_L2,uniform,10,200,1234,1000,9.985,9.916,1.01116746031746,75.266,0.37633000000000005,20.497,0.08420395820495334,0.17305205589632597,1.6726850086703373
consec_L4,uniform,10,200,1234,1000,9.995,9.916,1.0121535714285712,75.365,0.376825,27.802,0.054363364464019875,0.20137450776093524,0.9063074708854288
dcf_self_excl,uniform,10,200,1234,1000,9.86,9.916,0.9986063492063476,74.265,0.37132499999999985,40.287,0.07345395377901119,0.0,0.0
pnd,uniform,10,200,1234,1000,9.851,9.916,0.9973869047619046,74.139,0.37069499999999994,10.531,0.19234063130821535,0.0,0.0
pnd_cd,uniform,10,200,1234,1000,9.92,9.916,1.004528571428571,74.673,0.3733649999999999,11.809,0.16825429889845722,0.0,0.0
and,uniform,10,200,1234,1000,5.86,9.916,0.5938734126984114,42.76,0.21380000000000016,6.187,0.5867502965645899,0.0,0.0
oracle,uniform,20,20,42,1000,1.549,1.549,0.9004000000000001,9.558,0.4778999999999995,1.361,0.3083234487734485,0.0,0.0
mfg_no_excl,uniform,20,20,42,1000,1.218,1.549,0.7094166666666668,8.296,0.4147999999999999,1.97,0.38798113275613233,0.0,0.0
self_excl_only,uniform,20,20,42,1000,1.463,1.549,0.8445833333333334,9.539,0.4769499999999998,2.352,0.2097041125541123,0.0,0.0
ema_fixed_low,uniform,20,20,42,1000,1.386,1.549,0.7967333333333341,9.141,0.45705000000000007,2.968,0.1741089466089463,0.06936321644220718,1.0472004329004336
ema_fixed_high,uniform,20,20,42,1000,1.402,1.549,0.8070333333333337,9.182,0.4591,2.849,0.17487233044733014,0.06767402644728873,3.1658298340548314
ema_adaptive,uniform,20,20,42,1000,1.392,1.549,0.8130333333333337,9.113,0.45565,2.97,0.16618294760794752,0.0696388892628098,2.769974719724718
ema_ad_low,uniform,20,20,42,1000,1.48,1.549,0.8842,9.561,0.47804999999999936,2.417,0.20452503607503583,0.05998855754611716,2.655661291486292
ema_ad_med,uniform,20,20,42,1000,1.474,1.549,0.8703166666666667,9.615,0.48074999999999957,2.593,0.1852858225108222,0.06445888927610172,2.64169981962482
ema_no_coll,uniform,20,20,42,1000,1.421,1.549,0.8411333333333336,9.129,0.45644999999999947,2.307,0.2298103174603171,0.056375880664915404,2.889342460317458
consec_L2,uniform,20,20,42,1000,1.438,1.549,0.8469500000000008,9.348,0.4673999999999996,2.726,0.17660793650793616,0.06503870238368487,1.0945460317460316
consec_L4,uniform,20,20,42,1000,1.38,1.549,0.8237000000000009,9.175,0.4587499999999992,3.036,0.16617958152958123,0.06945461007298634,0.12851381673881673
dcf_self_excl,uniform,20,20,42,1000,1.351,1.549,0.7889499999999997,8.782,0.4390999999999997,3.426,0.1545516594516594,0.0,0.0
pnd,uniform,20,20,42,1000,1.424,1.549,0.8177000000000003,9.186,0.4592999999999994,2.204,0.21794603174603144,0.0,0.0
pnd_cd,uniform,20,20,42,1000,1.383,1.549,0.8058666666666671,8.933,0.44664999999999927,2.083,0.23134365079365038,0.0,0.0
and,uniform,20,20,42,1000,0.025,1.549,0.013583333333333336,0.093,0.0046500000000000005,0.005,0.9891666666666662,0.0,0.0
oracle,uniform,20,20,123,1000,1.548,1.505,0.9037500000000003,9.751,0.4875499999999994,1.329,0.3034488095238096,0.0,0.0
mfg_no_excl,uniform,20,20,123,1000,1.184,1.505,0.6774166666666669,8.088,0.4044000000000003,1.941,0.39721328393828303,0.0,0.0
self_excl_only,uniform,20,20,123,1000,1.463,1.505,0.8472499999999997,9.429,0.4714499999999998,2.335,0.210929401154401,0.0,0.0
ema_fixed_low,uniform,20,20,123,1000,1.405,1.505,0.7962500000000003,9.236,0.46179999999999927,3.121,0.1602806998556997,0.07098484498928273,1.2313713203463201
ema_fixed_high,uniform,20,20,123,1000,1.375,1.505,0.7869999999999999,9.133,0.4566499999999993,2.794,0.179754015429015,0.06752905625272781,3.339251615051613
ema_adaptive,uniform,20,20,123,1000,1.419,1.505,0.810916666666667,9.352,0.4675999999999994,2.836,0.17413502886002866,0.06930806069676203,2.6325774170274157
ema_ad_low,uniform,20,20,123,1000,1.456,1.505,0.83475,9.448,0.47240000000000026,2.512,0.20092503607503584,0.05896135881681241,2.8207814768564714
ema_ad_med,uniform,20,20,123,1000,1.381,1.505,0.7859166666666667,9.064,0.4531999999999999,2.472,0.2115480519480518,0.06204576570346709,2.6602579864579874
ema_no_coll,uniform,20,20,123,1000,1.427,1.505,0.8203333333333334,9.283,0.4641499999999991,2.294,0.22350955988455945,0.05871529132517663,2.6693358225108206
consec_L2,uniform,20,20,123,1000,1.407,1.505,0.8125,9.204,0.46019999999999955,2.754,0.17507705627705603,0.06736609894754052,0.8904457070707072
consec_L4,uniform,20,20,123,1000,1.402,1.505,0.8085000000000001,9.228,0.46139999999999937,2.977,0.1683477272727271,0.07023221562952071,0.15022301587301592
dcf_self_excl,uniform,20,20,123,1000,1.299,1.505,0.7430833333333337,8.331,0.4165499999999995,3.559,0.1574180014430013,0.0,0.0
pnd,uniform,20,20,123,1000,1.439,1.505,0.8333333333333333,9.329,0.46644999999999964,2.067,0.22407063492063464,0.0,0.0
pnd_cd,uniform,20,20,123,1000,1.42,1.505,0.8182500000000004,9.128,0.45639999999999964,2.115,0.2320539682539679,0.0,0.0
and,uniform,20,20,123,1000,0.019,1.505,0.008,0.061,0.0030499999999999993,0.01,0.9906666666666664,0.0,0.0
oracle,uniform,20,20,456,1000,1.595,1.541,0.9115000000000001,9.91,0.4954999999999991,1.291,0.2979892857142852,0.0,0.0
mfg_no_excl,uniform,20,20,456,1000,1.248,1.541,0.7201666666666666,8.43,0.42150000000000015,2.031,0.37974132811632777,0.0,0.0
self_excl_only,uniform,20,20,456,1000,1.458,1.541,0.8503333333333332,9.501,0.4750499999999993,2.4,0.21262460317460274,0.0,0.0
ema_fixed_low,uniform,20,20,456,1000,1.44,1.541,0.8556666666666668,9.269,0.4634499999999993,3.029,0.16067312409812412,0.07117772376826187,0.9634923160173157
ema_fixed_high,uniform,20,20,456,1000,1.451,1.541,0.8228333333333335,9.247,0.46234999999999926,2.897,0.16765800865800856,0.06543602370530659,3.412698196248196
ema_adaptive,uniform,20,20,456,1000,1.475,1.541,0.8565833333333344,9.622,0.4810999999999996,2.825,0.1648564935064934,0.06714956832508891,2.7079479437229446
ema_ad_low,uniform,20,20,456,1000,1.478,1.541,0.8646666666666668,9.473,0.4736499999999999,2.41,0.2048599567099563,0.05955783616775586,2.7849470779220775
ema_ad_med,uniform,20,20,456,1000,1.469,1.541,0.8613333333333332,9.463,0.47314999999999946,2.495,0.19348863636363595,0.06307309924310132,2.7035284271284263
ema_no_coll,uniform,20,20,456,1000,1.485,1.541,0.8725000000000006,9.578,0.47889999999999994,2.314,0.21209603174603145,0.056403411056996054,2.6263039682539664
consec_L2,uniform,20,20,456,1000,1.414,1.541,0.8055000000000001,9.054,0.45270000000000027,2.755,0.17844484126984111,0.06428618242878938,1.0985527777777773
consec_L4,uniform,20,20,456,1000,1.441,1.541,0.8470833333333337,9.389,0.4694499999999996,3.019,0.16070927128427134,0.07008034947989333,0.13035220057720057
dcf_self_excl,uniform,20,20,456,1000,1.332,1.541,0.7706666666666667,8.536,0.42679999999999957,3.509,0.15798535353535334,0.0,0.0
pnd,uniform,20,20,456,1000,1.425,1.541,0.8497500000000001,9.231,0.46154999999999974,2.14,0.2266591269841265,0.0,0.0
pnd_cd,uniform,20,20,456,1000,1.438,1.541,0.8294166666666664,9.219,0.4609500000000001,2.193,0.21957658730158688,0.0,0.0
and,uniform,20,20,456,1000,0.018,1.541,0.008750000000000003,0.081,0.00405,0.01,0.9896666666666663,0.0,0.0
oracle,uniform,20,20,789,1000,1.522,1.503,0.8506500000000001,9.668,0.4833999999999998,1.302,0.3102246031746027,0.0,0.0
mfg_no_excl,uniform,20,20,789,1000,1.202,1.503,0.6674833333333334,8.208,0.41039999999999976,1.948,0.3859540043290043,0.0,0.0
self_excl_only,uniform,20,20,789,1000,1.48,1.503,0.8407999999999994,9.749,0.4874500000000002,2.246,0.21150595238095213,0.0,0.0
ema_fixed_low,uniform,20,20,789,1000,1.409,1.503,0.7838666666666669,9.172,0.4585999999999996,3.125,0.1573989288489288,0.07096439878377839,1.0868524891774896
ema_fixed_high,uniform,20,20,789,1000,1.446,1.503,0.8099666666666668,9.421,0.47104999999999914,2.705,0.1749449494949494,0.0652363315625983,3.2657507936507932
ema_adaptive,uniform,20,20,789,1000,1.447,1.503,0.8111166666666669,9.464,0.4731999999999994,2.815,0.16464099234099222,0.06832030054627124,2.7892723110223083
ema_ad_low,uniform,20,20,789,1000,1.448,1.503,0.8351000000000004,9.354,0.46769999999999906,2.465,0.20070753968253946,0.06121737663167051,2.723596067821067
ema_ad_med,uniform,20,20,789,1000,1.467,1.503,0.8159833333333336,9.295,0.4647499999999998,2.59,0.19147662337662313,0.06245955107141074,2.898671645021641
ema_no_coll,uniform,20,20,789,1000,1.41,1.503,0.7831499999999998,9.204,0.46019999999999955,2.354,0.22057225829725782,0.05687285645360614,2.669253751803751
consec_L2,uniform,20,20,789,1000,1.43,1.503,0.79475,9.295,0.4647499999999993,2.727,0.1719682900432898,0.06598231678714837,0.9043490981240973
consec_L4,uniform,20,20,789,1000,1.44,1.503,0.7943666666666667,9.233,0.4616499999999992,2.948,0.16414805194805177,0.06998181843741053,0.12056038961038959
dcf_self_excl,uniform,20,20,789,1000,1.381,1.503,0.7628833333333334,9.021,0.45105000000000034,3.434,0.14801948051948044,0.0,0.0
pnd,uniform,20,20,789,1000,1.413,1.503,0.788566666666667,8.952,0.4475999999999996,2.091,0.23503452380952344,0.0,0.0
pnd_cd,uniform,20,20,789,1000,1.453,1.503,0.8223833333333336,9.403,0.47014999999999946,2.042,0.22355198412698385,0.0,0.0
and,uniform,20,20,789,1000,0.007,1.503,0.00425,0.025,0.0012499999999999998,0.005,0.9958333333333331,0.0,0.0
oracle,uniform,20,20,1234,1000,1.497,1.517,0.8560833333333338,9.57,0.47849999999999937,1.352,0.3090039682539678,0.0,0.0
mfg_no_excl,uniform,20,20,1234,1000,1.171,1.517,0.6657833333333338,8.038,0.40190000000000003,2.08,0.3888517676767675,0.0,0.0
self_excl_only,uniform,20,20,1234,1000,1.48,1.517,0.85645,9.626,0.4813000000000004,2.405,0.203201623376623,0.0,0.0
ema_fixed_low,uniform,20,20,1234,1000,1.431,1.517,0.8333166666666666,9.454,0.4726999999999999,2.914,0.16436436896436873,0.07026857180419974,1.0098213369963376
ema_fixed_high,uniform,20,20,1234,1000,1.416,1.517,0.8356833333333337,9.196,0.4597999999999993,2.744,0.1816631673881671,0.06848435283612324,2.831348520923517
ema_adaptive,uniform,20,20,1234,1000,1.442,1.517,0.8374500000000002,9.378,0.46890000000000015,2.859,0.16535014430014416,0.0669852989475856,2.911462734487733
ema_ad_low,uniform,20,20,1234,1000,1.457,1.517,0.849616666666667,9.498,0.47490000000000027,2.427,0.2000476190476188,0.06434175694944734,2.685861435786437
ema_ad_med,uniform,20,20,1234,1000,1.495,1.517,0.8634500000000009,9.583,0.47914999999999885,2.628,0.1861972582972581,0.0625086204251781,2.8778236652236653
ema_no_coll,uniform,20,20,1234,1000,1.414,1.517,0.826816666666667,9.467,0.4733500000000001,2.153,0.23170277777777765,0.05509343902835216,2.686364682539681
consec_L2,uniform,20,20,1234,1000,1.431,1.517,0.8244000000000006,9.252,0.4626000000000001,2.812,0.1708810245310244,0.06671679277579781,1.0415370490620497
consec_L4,uniform,20,20,1234,1000,1.434,1.517,0.8244500000000002,9.233,0.46164999999999984,3.071,0.16292352092352083,0.06969869326138141,0.13227193362193365
dcf_self_excl,uniform,20,20,1234,1000,1.327,1.517,0.7675333333333337,8.648,0.4323999999999995,3.452,0.15826717171717164,0.0,0.0
pnd,uniform,20,20,1234,1000,1.427,1.517,0.8145666666666669,9.05,0.4524999999999999,2.132,0.230173809523809,0.0,0.0
pnd_cd,uniform,20,20,1234,1000,1.395,1.517,0.8035833333333332,9.079,0.4539499999999999,2.09,0.23264246031746,0.0,0.0
and,uniform,20,20,1234,1000,0.026,1.517,0.015366666666666666,0.105,0.00525,0.006,0.9884999999999997,0.0,0.0
oracle,uniform,20,50,42,1000,3.605,3.556,1.2232321428571409,24.763,0.4952600000000012,3.261,0.27548817334626213,0.0,0.0
mfg_no_excl,uniform,20,50,42,1000,3.191,3.556,1.0750071428571422,22.974,0.4594799999999998,3.808,0.320379218566951,0.0,0.0
self_excl_only,uniform,20,50,42,1000,3.434,3.556,1.1584999999999988,24.257,0.4851400000000003,4.257,0.23841413188205043,0.0,0.0
ema_fixed_low,uniform,20,50,42,1000,3.594,3.556,1.2064071428571428,26.062,0.5212399999999998,8.039,0.12162074002394949,0.05496316049103066,4.758913448766353
ema_fixed_high,uniform,20,50,42,1000,3.625,3.556,1.2225940476190469,26.025,0.520500000000001,6.662,0.14647642470188943,0.05028449673325862,6.93967487045548
ema_adaptive,uniform,20,50,42,1000,3.656,3.556,1.2256499999999992,26.22,0.5244000000000005,8.032,0.11898195761496912,0.05626654244534026,4.803315042250489
ema_ad_low,uniform,20,50,42,1000,3.583,3.556,1.194507142857143,25.488,0.5097600000000005,5.063,0.19695402748266583,0.0452686154217811,2.5538678574693283
ema_ad_med,uniform,20,50,42,1000,3.656,3.556,1.2354226190476176,26.401,0.5280199999999997,5.743,0.16684988218247454,0.0489487208443157,3.1638603714339144
ema_no_coll,uniform,20,50,42,1000,3.473,3.556,1.1566321428571422,24.313,0.48626,4.532,0.23098899246178717,0.042906596978989915,2.2709879759945903
consec_L2,uniform,20,50,42,1000,3.647,3.556,1.2219666666666669,25.845,0.5168999999999996,6.803,0.1438002481393741,0.051776768686325955,3.251171202004912
consec_L4,uniform,20,50,42,1000,3.641,3.556,1.2228452380952388,26.386,0.5277200000000005,7.926,0.12098024687301079,0.05566697626766563,1.147264538153624
dcf_self_excl,uniform,20,50,42,1000,3.059,3.556,1.015038095238095,21.803,0.4360600000000007,7.758,0.1654312687010125,0.0,0.0
pnd,uniform,20,50,42,1000,3.297,3.556,1.1014916666666656,23.33,0.4665999999999993,3.917,0.2502332417582428,0.0,0.0
pnd_cd,uniform,20,50,42,1000,3.256,3.556,1.09655,22.804,0.45608000000000026,4.029,0.25148750000000114,0.0,0.0
and,uniform,20,50,42,1000,0.211,3.556,0.07043809523809527,0.788,0.015760000000000014,0.223,0.9196999999999954,0.0,0.0
oracle,uniform,20,50,123,1000,3.578,3.481,1.2475599206349206,24.645,0.4929000000000008,3.253,0.27611499815544005,0.0,0.0
mfg_no_excl,uniform,20,50,123,1000,3.185,3.481,1.1254400793650794,23.3,0.46600000000000025,3.691,0.32035411067690506,0.0,0.0
self_excl_only,uniform,20,50,123,1000,3.404,3.481,1.2067432539682532,24.246,0.4849200000000008,4.094,0.24527987108780525,0.0,0.0
ema_fixed_low,uniform,20,50,123,1000,3.7,3.481,1.2927781746031737,26.674,0.5334799999999997,8.034,0.11649196005494698,0.056610500124025305,4.684828178189495
ema_fixed_high,uniform,20,50,123,1000,3.545,3.481,1.2425773809523804,25.647,0.5129400000000001,6.712,0.14869656065039247,0.05207655157152166,6.892879991529802
ema_adaptive,uniform,20,50,123,1000,3.646,3.481,1.282642857142857,26.107,0.5221400000000004,7.88,0.1233884193870329,0.055850510462336,4.6347684666874
ema_ad_low,uniform,20,50,123,1000,3.579,3.481,1.2495666666666656,25.651,0.5130199999999999,5.117,0.19462778673425007,0.04508954192819557,2.68800956326525
ema_ad_med,uniform,20,50,123,1000,3.564,3.481,1.2472603174603167,25.56,0.5111999999999997,6.087,0.1666171929034163,0.049817077195979005,3.330385847661969
ema_no_coll,uniform,20,50,123,1000,3.554,3.481,1.2291007936507923,25.045,0.5009,4.466,0.2229735290852944,0.043398439599198646,2.0933277633314407
consec_L2,uniform,20,50,123,1000,3.608,3.481,1.275068253968253,26.105,0.5221000000000003,6.714,0.14202928691106,0.05219897584105387,3.230419765863652
consec_L4,uniform,20,50,123,1000,3.621,3.481,1.2719115079365073,26.153,0.52306,8.16,0.11650896677693082,0.056612150144445705,1.175777473310592
dcf_self_excl,uniform,20,50,123,1000,2.987,3.481,1.0539365079365075,21.306,0.42612000000000044,7.798,0.16809188008843634,0.0,0.0
pnd,uniform,20,50,123,1000,3.224,3.481,1.1302960317460307,22.95,0.4589999999999998,3.829,0.25822584360084466,0.0,0.0
pnd_cd,uniform,20,50,123,1000,3.303,3.481,1.1618575396825397,23.406,0.4681200000000001,3.94,0.24842592685092785,0.0,0.0
and,uniform,20,50,123,1000,0.215,3.481,0.07826309523809531,0.79,0.015800000000000012,0.231,0.9176333333333287,0.0,0.0
oracle,uniform,20,50,456,1000,3.594,3.59,1.199576587301586,25.131,0.5026199999999995,3.14,0.27947308418705535,0.0,0.0
mfg_no_excl,uniform,20,50,456,1000,3.245,3.59,1.0840075396825397,23.33,0.46660000000000007,3.94,0.3179570622188272,0.0,0.0
self_excl_only,uniform,20,50,456,1000,3.431,3.59,1.1354083333333322,24.316,0.4863200000000002,4.239,0.24072637117784235,0.0,0.0
ema_fixed_low,uniform,20,50,456,1000,3.657,3.59,1.2292984126984134,26.157,0.5231400000000006,8.313,0.11623180593659471,0.05609346283799153,4.760294497839318
ema_fixed_high,uniform,20,50,456,1000,3.611,3.59,1.2015785714285707,25.727,0.5145400000000006,6.838,0.1452542673657618,0.05157175294753972,6.937281469124271
ema_adaptive,uniform,20,50,456,1000,3.712,3.59,1.2431900793650787,26.433,0.5286600000000005,7.892,0.1187932343430942,0.053130708547551676,4.706234605375706
ema_ad_low,uniform,20,50,456,1000,3.58,3.59,1.188332142857143,25.224,0.50448,5.057,0.19811004124014997,0.04551477056330501,2.557510635971357
ema_ad_med,uniform,20,50,456,1000,3.736,3.59,1.233079761904761,26.372,0.5274400000000004,6.045,0.1579029100156814,0.04871199544266285,3.266210709242597
ema_no_coll,uniform,20,50,456,1000,3.488,3.59,1.1566999999999983,24.721,0.4944200000000005,4.51,0.22710979886127008,0.04173878820141278,2.177474920096244
consec_L2,uniform,20,50,456,1000,3.557,3.59,1.19778492063492,25.553,0.5110600000000001,6.829,0.1471219858613895,0.05142480678159775,3.354840112819198
consec_L4,uniform,20,50,456,1000,3.744,3.59,1.244165079365079,26.681,0.53362,8.086,0.11477832657669355,0.05612640170764812,1.1007586442694253
dcf_self_excl,uniform,20,50,456,1000,3.041,3.59,1.0277047619047608,21.692,0.43383999999999934,7.747,0.16895181765688763,0.0,0.0
pnd,uniform,20,50,456,1000,3.264,3.59,1.0982765873015872,22.854,0.45707999999999954,3.936,0.2561111790986798,0.0,0.0
pnd_cd,uniform,20,50,456,1000,3.313,3.59,1.1058476190476187,23.372,0.4674400000000001,3.953,0.24885690086057818,0.0,0.0
and,uniform,20,50,456,1000,0.219,3.59,0.07408015873015882,0.788,0.015760000000000014,0.263,0.9121809523809479,0.0,0.0
oracle,uniform,20,50,789,1000,3.601,3.475,1.2771630952380943,24.696,0.49392000000000075,3.163,0.28171802503052584,0.0,0.0
mfg_no_excl,uniform,20,50,789,1000,3.201,3.475,1.1375928571428569,23.149,0.46298000000000034,3.867,0.3200507770351425,0.0,0.0
self_excl_only,uniform,20,50,789,1000,3.452,3.475,1.2248416666666662,24.825,0.4964999999999996,4.049,0.2402934876611031,0.0,0.0
ema_fixed_low,uniform,20,50,789,1000,3.623,3.475,1.2928892857142849,26.166,0.5233199999999998,8.103,0.120483841857131,0.054865220298505726,4.869295362825396
ema_fixed_high,uniform,20,50,789,1000,3.659,3.475,1.3008440476190464,26.153,0.5230600000000004,6.719,0.14253410827218932,0.05171064576531822,6.718512404739225
ema_adaptive,uniform,20,50,789,1000,3.702,3.475,1.3317714285714284,26.47,0.5294000000000005,7.791,0.12103786569942125,0.05592417453329359,4.583302348864548
ema_ad_low,uniform,20,50,789,1000,3.574,3.475,1.269083333333333,25.338,0.5067600000000005,5.01,0.1983715532833184,0.0460565854105235,2.4380968446586126
ema_ad_med,uniform,20,50,789,1000,3.674,3.475,1.3195404761904759,26.054,0.521079999999999,5.913,0.16444081094344307,0.050575432739254814,3.1668853817836773
ema_no_coll,uniform,20,50,789,1000,3.472,3.475,1.2409916666666667,24.478,0.48955999999999994,4.524,0.22960578118561917,0.04158363378423479,2.1533690288684495
consec_L2,uniform,20,50,789,1000,3.676,3.475,1.3198226190476183,26.278,0.5255599999999995,6.674,0.1411170402095329,0.05175895729814687,3.18617475095854
consec_L4,uniform,20,50,789,1000,3.675,3.475,1.3079476190476167,26.243,0.5248600000000005,8.118,0.11646285812701447,0.056439542440036974,1.117564356765413
dcf_self_excl,uniform,20,50,789,1000,3.017,3.475,1.0804809523809513,21.579,0.43158000000000024,7.732,0.16842284309258035,0.0,0.0
pnd,uniform,20,50,789,1000,3.238,3.475,1.1328273809523801,23.016,0.4603200000000005,3.917,0.2560198967698976,0.0,0.0
pnd_cd,uniform,20,50,789,1000,3.343,3.475,1.177842857142857,23.69,0.47380000000000044,3.921,0.24508782328782416,0.0,0.0
and,uniform,20,50,789,1000,0.239,3.475,0.08182738095238104,0.872,0.01744,0.2,0.9185523809523757,0.0,0.0
oracle,uniform,20,50,1234,1000,3.562,3.48,1.2473249999999985,25.12,0.5024000000000001,3.149,0.27926035582065023,0.0,0.0
mfg_no_excl,uniform,20,50,1234,1000,3.181,3.48,1.1180309523809517,23.273,0.4654599999999998,3.824,0.32194798071295777,0.0,0.0
self_excl_only,uniform,20,50,1234,1000,3.504,3.48,1.2219702380952366,24.99,0.4998000000000004,4.316,0.23003340333557123,0.0,0.0
ema_fixed_low,uniform,20,50,1234,1000,3.654,3.48,1.2857190476190472,26.355,0.5271,7.953,0.12150480537290793,0.05654659949198781,4.534373658757148
ema_fixed_high,uniform,20,50,1234,1000,3.622,3.48,1.2805535714285705,25.728,0.5145599999999998,6.861,0.14441036100981985,0.052675112526526825,6.684661374195114
ema_adaptive,uniform,20,50,1234,1000,3.704,3.48,1.3053309523809504,26.384,0.5276799999999993,7.902,0.11932242064694916,0.05633719686059836,4.631518220184535
ema_ad_low,uniform,20,50,1234,1000,3.563,3.48,1.2675059523809522,25.519,0.5103800000000005,5.07,0.19810240027000936,0.045345373974986856,2.6228364139902047
ema_ad_med,uniform,20,50,1234,1000,3.663,3.48,1.287730952380951,26.143,0.5228599999999999,6.002,0.1637373921400243,0.049461832506491867,3.278078323538347
ema_no_coll,uniform,20,50,1234,1000,3.432,3.48,1.1938404761904755,24.644,0.4928800000000004,4.462,0.23251184118169468,0.04243276505466207,2.117216298768311
consec_L2,uniform,20,50,1234,1000,3.565,3.48,1.2554833333333324,25.383,0.5076599999999999,6.851,0.14642538228885016,0.052638741430041054,3.1913373228594577
consec_L4,uniform,20,50,1234,1000,3.703,3.48,1.3031988095238092,26.446,0.5289200000000003,8.09,0.11474451808193958,0.057724251439090005,1.1087898151914635
dcf_self_excl,uniform,20,50,1234,1000,2.982,3.48,1.0542857142857134,21.406,0.4281200000000001,7.715,0.17153450525652547,0.0,0.0
pnd,uniform,20,50,1234,1000,3.308,3.48,1.1591630952380947,23.16,0.46320000000000044,3.799,0.25877118437118535,0.0,0.0
pnd_cd,uniform,20,50,1234,1000,3.344,3.48,1.1669809523809525,23.568,0.47136000000000006,3.852,0.24940829725829833,0.0,0.0
and,uniform,20,50,1234,1000,0.222,3.48,0.08155238095238103,0.817,0.01634000000000001,0.223,0.9180333333333285,0.0,0.0
oracle,uniform,20,100,42,1000,6.92,6.874,1.1208275585525591,49.589,0.4958899999999998,6.352,0.2721115002853736,0.0,0.0
mfg_no_excl,uniform,20,100,42,1000,6.506,6.874,1.0527077450327467,47.725,0.4772499999999996,7.013,0.29465078974796444,0.0,0.0
self_excl_only,uniform,20,100,42,1000,6.856,6.874,1.1046574453324447,50.05,0.5004999999999993,7.267,0.24676042113520721,0.0,0.0
ema_fixed_low,uniform,20,100,42,1000,7.659,6.874,1.232991308691311,56.549,0.5654899999999995,16.706,0.10278922243385803,0.049838126683595496,7.593301747977003
ema_fixed_high,uniform,20,100,42,1000,7.435,6.874,1.1979507936507945,54.265,0.5426500000000001,14.031,0.13130789682070754,0.047985886558928395,7.977803535695475
ema_adaptive,uniform,20,100,42,1000,7.561,6.874,1.2208901681651683,55.575,0.5557499999999993,16.944,0.10390513628561734,0.05004799272777581,7.492150977009681
ema_ad_low,uniform,20,100,42,1000,7.414,6.874,1.1996240648240655,54.366,0.5436599999999998,10.645,0.168911327326803,0.04211033645860963,3.924329310020169
ema_ad_med,uniform,20,100,42,1000,7.547,6.874,1.2163756965256967,55.66,0.5566000000000003,13.099,0.1362316136029926,0.046910077303501996,5.407148737402496
ema_no_coll,uniform,20,100,42,1000,7.022,6.874,1.128556748806748,51.004,0.5100399999999995,8.939,0.21484457271942103,0.03857647985616416,2.9853047602548233
consec_L2,uniform,20,100,42,1000,7.426,6.874,1.198207856032858,54.69,0.5469000000000002,14.403,0.12570260629133623,0.04774390094501335,4.345131175562777
consec_L4,uniform,20,100,42,1000,7.573,6.874,1.2163387334887341,55.974,0.5597399999999996,18.722,0.08776730618647906,0.0532390913069788,2.2151425866033008
dcf_self_excl,uniform,20,100,42,1000,5.741,6.874,0.9228995226995227,41.899,0.41899000000000025,14.688,0.18157891688430736,0.0,0.0
pnd,uniform,20,100,42,1000,6.487,6.874,1.038834196359196,47.285,0.47284999999999977,6.966,0.2644666630798704,0.0,0.0
pnd_cd,uniform,20,100,42,1000,6.436,6.874,1.0367305472305475,46.739,0.46738999999999964,7.314,0.25879343506895536,0.0,0.0
and,uniform,20,100,42,1000,0.37,6.874,0.06018511211011226,1.887,0.018869999999999977,0.177,0.9464217948717943,0.0,0.0
oracle,uniform,20,100,123,1000,6.929,6.853,1.1274660617160626,50.071,0.5007099999999999,6.271,0.26966126242868266,0.0,0.0
mfg_no_excl,uniform,20,100,123,1000,6.452,6.853,1.0477715922965938,47.634,0.47633999999999976,6.819,0.29774548325110384,0.0,0.0
self_excl_only,uniform,20,100,123,1000,6.762,6.853,1.0931594877344877,49.387,0.4938700000000002,7.184,0.25282135021722935,0.0,0.0
ema_fixed_low,uniform,20,100,123,1000,7.665,6.853,1.2443973498723493,56.612,0.56612,16.482,0.10351933459119711,0.04878929890028715,7.5813820727345105
ema_fixed_high,uniform,20,100,123,1000,7.304,6.853,1.1841111915861928,53.903,0.53903,13.882,0.13416696249007284,0.04569277916049467,8.105969009356654
ema_adaptive,uniform,20,100,123,1000,7.605,6.853,1.2306687229437248,55.927,0.5592699999999996,16.729,0.10337432126484523,0.049650119971307825,7.461384340766577
ema_ad_low,uniform,20,100,123,1000,7.368,6.853,1.1877047424797427,54.459,0.5445899999999995,10.873,0.16754076889122888,0.04333526876000026,4.081593917317185
ema_ad_med,uniform,20,100,123,1000,7.462,6.853,1.2094328005327988,55.003,0.550030000000001,13.234,0.13695136882707437,0.046124235661220515,5.620863404267633
ema_no_coll,uniform,20,100,123,1000,7.186,6.853,1.1565875541125537,52.545,0.5254500000000003,8.826,0.209366413100642,0.03807173359092283,2.8408630961142984
consec_L2,uniform,20,100,123,1000,7.345,6.853,1.1903107004107023,54.405,0.54405,14.365,0.1265308960839445,0.04832583333847831,4.365013969526624
consec_L4,uniform,20,100,123,1000,7.545,6.853,1.2204510683760676,55.775,0.5577499999999997,18.768,0.08702858048117834,0.053811766575357335,2.2378605559245597
dcf_self_excl,uniform,20,100,123,1000,5.783,6.853,0.9398603230103219,42.456,0.42455999999999927,14.582,0.17949243368044906,0.0,0.0
pnd,uniform,20,100,123,1000,6.467,6.853,1.0440616522366526,47.106,0.4710599999999998,6.854,0.26466542477982474,0.0,0.0
pnd_cd,uniform,20,100,123,1000,6.627,6.853,1.0679387140637135,47.983,0.47982999999999987,7.359,0.24906662763795398,0.0,0.0
and,uniform,20,100,123,1000,0.351,6.853,0.056511399711399804,1.768,0.017679999999999963,0.206,0.9447282439782441,0.0,0.0
oracle,uniform,20,100,456,1000,6.998,6.915,1.1293702575202595,50.307,0.5030700000000001,6.157,0.27234215904605436,0.0,0.0
mfg_no_excl,uniform,20,100,456,1000,6.66,6.915,1.072617624042625,49.008,0.4900799999999999,6.981,0.28645792041550383,0.0,0.0
self_excl_only,uniform,20,100,456,1000,6.857,6.915,1.0960070734820742,49.502,0.49501999999999985,7.512,0.24707486573676168,0.0,0.0
ema_fixed_low,uniform,20,100,456,1000,7.661,6.915,1.2345179403929405,56.075,0.560749999999999,16.742,0.10357526123181987,0.047919839789877544,7.697717235015859
ema_fixed_high,uniform,20,100,456,1000,7.459,6.915,1.202303843378845,54.386,0.5438600000000002,13.949,0.13216649778535006,0.04686866864855688,7.986143752139192
ema_adaptive,uniform,20,100,456,1000,7.746,6.915,1.2450000610500611,56.464,0.5646399999999994,16.401,0.10237686971084207,0.05003695203268459,7.265747691439539
ema_ad_low,uniform,20,100,456,1000,7.344,6.915,1.1718030802530808,53.217,0.5321699999999994,10.949,0.17246145121153098,0.04224482032080981,3.9968933003407323
ema_ad_med,uniform,20,100,456,1000,7.682,6.915,1.2308431623931642,56.116,0.5611600000000005,13.377,0.13040317076098,0.04632500976495009,5.479213285567573
ema_no_coll,uniform,20,100,456,1000,7.093,6.915,1.1356116272616275,51.596,0.5159600000000002,8.767,0.2160139993819003,0.03646605247062654,2.913019447721036
consec_L2,uniform,20,100,456,1000,7.408,6.915,1.1899798479298487,54.233,0.5423299999999999,14.636,0.12585680901463275,0.048354510696301645,4.411487103612987
consec_L4,uniform,20,100,456,1000,7.684,6.915,1.234903141303141,56.139,0.5613900000000002,18.867,0.0863290585501993,0.05405524033060287,2.1457198077599746
dcf_self_excl,uniform,20,100,456,1000,5.751,6.915,0.9215280192030195,41.898,0.41897999999999924,14.651,0.18286546779168156,0.0,0.0
pnd,uniform,20,100,456,1000,6.373,6.915,1.0278410672660683,46.198,0.46198000000000017,6.909,0.270559410548123,0.0,0.0
pnd_cd,uniform,20,100,456,1000,6.63,6.915,1.0662027000777003,48.014,0.48014000000000023,7.273,0.2523648406279475,0.0,0.0
and,uniform,20,100,456,1000,0.324,6.915,0.052308524808524916,1.667,0.01666999999999997,0.227,0.946136324786324,0.0,0.0
oracle,uniform,20,100,789,1000,6.976,6.853,1.1465969252969255,50.037,0.5003700000000003,6.301,0.2706144746581952,0.0,0.0
mfg_no_excl,uniform,20,100,789,1000,6.57,6.853,1.090837234987236,48.367,0.4836699999999998,6.914,0.29223558267239885,0.0,0.0
self_excl_only,uniform,20,100,789,1000,6.793,6.853,1.117871497946498,49.68,0.4968000000000001,7.282,0.25011174108033196,0.0,0.0
ema_fixed_low,uniform,20,100,789,1000,7.544,6.853,1.2466686785436791,55.377,0.5537699999999992,16.688,0.10708322803391677,0.04812647120490337,7.704782323808023
ema_fixed_high,uniform,20,100,789,1000,7.543,6.853,1.2453501498501525,55.27,0.5526999999999996,13.711,0.130970902850985,0.046641064776652995,7.768419798363045
ema_adaptive,uniform,20,100,789,1000,7.649,6.853,1.264320193695194,56.368,0.5636800000000005,16.768,0.10139593444611934,0.05003992018137296,7.36511796596375
ema_ad_low,uniform,20,100,789,1000,7.376,6.853,1.2092246780996792,54.123,0.5412300000000003,10.764,0.17080483888515935,0.04184193902407512,3.941879984071764
ema_ad_med,uniform,20,100,789,1000,7.579,6.853,1.2562220362970375,55.449,0.5544900000000004,13.293,0.1338341082343989,0.04639484229185914,5.507362341066434
ema_no_coll,uniform,20,100,789,1000,7.159,6.853,1.1763876678876684,51.968,0.5196799999999998,8.992,0.21059647464680362,0.038395771797959916,3.0037342049333633
consec_L2,uniform,20,100,789,1000,7.557,6.853,1.249029503829507,55.386,0.5538599999999994,14.332,0.12251306742452878,0.048288495068050614,4.244988521828656
consec_L4,uniform,20,100,789,1000,7.609,6.853,1.252539973914976,55.866,0.5586599999999997,18.93,0.08641192139236342,0.0551093894904975,2.1801589254614884
dcf_self_excl,uniform,20,100,789,1000,5.762,6.853,0.9478758574758562,42.206,0.4220600000000002,14.714,0.18001333056378985,0.0,0.0
pnd,uniform,20,100,789,1000,6.392,6.853,1.0573581085581094,46.736,0.4673599999999995,6.928,0.26759257795979835,0.0,0.0
pnd_cd,uniform,20,100,789,1000,6.646,6.853,1.0980189948939956,48.335,0.4833499999999996,7.27,0.2496142849392731,0.0,0.0
and,uniform,20,100,789,1000,0.354,6.853,0.05967503607503619,1.826,0.018259999999999988,0.213,0.9438601010101005,0.0,0.0
oracle,uniform,20,100,1234,1000,6.922,6.798,1.1470926268176278,50.035,0.5003500000000004,6.259,0.2732195917267763,0.0,0.0
mfg_no_excl,uniform,20,100,1234,1000,6.512,6.798,1.0821992507492522,48.075,0.48075000000000057,6.877,0.2949963556726206,0.0,0.0
self_excl_only,uniform,20,100,1234,1000,6.935,6.798,1.1555293484293478,50.776,0.5077599999999998,7.232,0.2445961027765983,0.0,0.0
ema_fixed_low,uniform,20,100,1234,1000,7.619,6.798,1.260328607503607,55.927,0.5592699999999999,16.787,0.10382019507652279,0.05033695700354051,7.55357170396928
ema_fixed_high,uniform,20,100,1234,1000,7.43,6.798,1.2422030081030109,54.351,0.5435099999999996,13.86,0.1335792368545296,0.047275617948697245,7.92693898289747
ema_adaptive,uniform,20,100,1234,1000,7.603,6.798,1.2614302863802869,55.768,0.5576800000000008,16.805,0.1035980189454347,0.050120696339447844,7.4103065121013
ema_ad_low,uniform,20,100,1234,1000,7.393,6.798,1.2245904928404936,54.141,0.5414100000000005,10.866,0.16833513854532975,0.04111836495458604,4.052419912563134
ema_ad_med,uniform,20,100,1234,1000,7.581,6.798,1.2613825896325903,55.68,0.5567999999999991,13.234,0.13384791882999592,0.04598258552340348,5.50285014887917
ema_no_coll,uniform,20,100,1234,1000,7.033,6.798,1.1625635947385948,51.6,0.5159999999999998,8.789,0.21695683138827637,0.03726833443923253,2.8047877450149357
consec_L2,uniform,20,100,1234,1000,7.515,6.798,1.254942324342326,54.957,0.5495699999999991,14.549,0.12252037846595461,0.04883994344149243,4.3189576524960955
consec_L4,uniform,20,100,1234,1000,7.597,6.798,1.2664001526251543,55.794,0.5579400000000001,18.938,0.08664178189836906,0.053732022589992594,2.2087712671892565
dcf_self_excl,uniform,20,100,1234,1000,5.688,6.798,0.9479247391497384,41.641,0.41641000000000017,14.59,0.1844023236120387,0.0,0.0
pnd,uniform,20,100,1234,1000,6.46,6.798,1.078102303252303,46.896,0.46896000000000015,7.002,0.2639361956909479,0.0,0.0
pnd_cd,uniform,20,100,1234,1000,6.54,6.798,1.085722774447775,47.454,0.47454000000000013,7.259,0.25460056511780493,0.0,0.0
and,uniform,20,100,1234,1000,0.309,6.798,0.054852500277500424,1.526,0.015259999999999973,0.231,0.9470116161616154,0.0,0.0
oracle,uniform,20,200,42,1000,13.693,13.6,1.053157971010758,100.433,0.5021649999999999,12.448,0.26437485870293664,0.0,0.0
mfg_no_excl,uniform,20,200,42,1000,13.344,13.6,1.0254479766492535,99.3,0.49650000000000005,13.007,0.2744735359964944,0.0,0.0
self_excl_only,uniform,20,200,42,1000,13.676,13.6,1.049584769466,101.011,0.5050550000000006,12.893,0.25679787878501514,0.0,0.0
ema_fixed_low,uniform,20,200,42,1000,15.285,13.6,1.1749551897363049,113.501,0.5675050000000001,29.056,0.11988561934556068,0.05926430672365924,7.029286754105429
ema_fixed_high,uniform,20,200,42,1000,15.22,13.6,1.1695762031613048,113.13,0.5656500000000013,28.766,0.11856460164924618,0.06184664809758531,6.803784056829078
ema_adaptive,uniform,20,200,42,1000,15.106,13.6,1.1640130109055027,112.113,0.5605650000000004,28.984,0.12229589885048878,0.05705907954511932,7.091290560036623
ema_ad_low,uniform,20,200,42,1000,15.277,13.6,1.1736091773938147,112.793,0.5639650000000005,24.553,0.1413347237917738,0.059580801959262936,4.822756238356731
ema_ad_med,uniform,20,200,42,1000,15.433,13.6,1.1852036105793073,114.643,0.5732149999999993,26.732,0.1269356468851615,0.059956385614649506,5.81648671144775
ema_no_coll,uniform,20,200,42,1000,14.653,13.6,1.1234432234990672,108.449,0.5422450000000001,20.704,0.1764578124293993,0.05457022309973715,3.6060981765912694
consec_L2,uniform,20,200,42,1000,15.243,13.6,1.1714543608309482,113.108,0.5655400000000005,30.899,0.1097558799591179,0.0629225159610035,3.9561680120448135
consec_L4,uniform,20,200,42,1000,15.466,13.6,1.189281163491654,114.954,0.5747699999999983,42.104,0.06890013372593813,0.07350500524826474,2.2462534839044035
dcf_self_excl,uniform,20,200,42,1000,12.204,13.6,0.9370577053579364,90.585,0.452925,37.022,0.13354206401853777,0.0,0.0
pnd,uniform,20,200,42,1000,13.023,13.6,0.9975891621106784,96.174,0.4808700000000003,13.36,0.2639100724923688,0.0,0.0
pnd_cd,uniform,20,200,42,1000,13.245,13.6,1.0179459562539284,97.869,0.4893449999999997,14.699,0.24584376740564703,0.0,0.0
and,uniform,20,200,42,1000,0.524,13.6,0.04052688015888489,3.264,0.01632000000000001,0.261,0.96058181007309,0.0,0.0
oracle,uniform,20,200,123,1000,13.654,13.493,1.065552599069317,100.708,0.5035400000000003,12.185,0.26698562089587824,0.0,0.0
mfg_no_excl,uniform,20,200,123,1000,13.12,13.493,1.0201509457948312,98.112,0.4905599999999995,12.446,0.2820083552345278,0.0,0.0
self_excl_only,uniform,20,200,123,1000,13.62,13.493,1.0591412581441615,100.988,0.5049399999999993,12.918,0.2566982907581441,0.0,0.0
ema_fixed_low,uniform,20,200,123,1000,15.263,13.493,1.1866877269230605,113.892,0.5694600000000003,28.71,0.1199943155709761,0.05775022773028891,7.011693252694455
ema_fixed_high,uniform,20,200,123,1000,15.043,13.493,1.1729495514590325,112.141,0.560705,28.991,0.11966477576681903,0.06073471202490187,6.9078360580195035
ema_adaptive,uniform,20,200,123,1000,15.238,13.493,1.1850515081538704,113.605,0.5680249999999997,29.272,0.1170667734149193,0.05956478805757596,6.963060042472382
ema_ad_low,uniform,20,200,123,1000,15.143,13.493,1.1771914191544626,112.9,0.5645000000000003,24.17,0.1442392640709448,0.05831889973233163,4.911549157144319
ema_ad_med,uniform,20,200,123,1000,15.116,13.493,1.1780311939694306,112.362,0.5618100000000003,26.446,0.13234970246962977,0.058287543759347964,6.005046862515994
ema_no_coll,uniform,20,200,123,1000,14.783,13.493,1.1489065343540201,110.032,0.5501599999999994,20.978,0.17211719689407853,0.05553356172323383,3.531030883929824
consec_L2,uniform,20,200,123,1000,15.234,13.493,1.1874043119290418,113.507,0.5675349999999996,30.572,0.10892832909814815,0.06254012239253656,3.96064566416274
consec_L4,uniform,20,200,123,1000,15.381,13.493,1.2000773412861654,114.924,0.5746200000000006,41.859,0.06953192645627518,0.07218512660576525,2.278774031962009
dcf_self_excl,uniform,20,200,123,1000,12.255,13.493,0.9550840471791707,91.4,0.4569999999999995,36.919,0.1319876019180629,0.0,0.0
pnd,uniform,20,200,123,1000,12.983,13.493,1.0111553427566593,96.206,0.48102999999999985,13.365,0.26354277184887137,0.0,0.0
pnd_cd,uniform,20,200,123,1000,13.355,13.493,1.035407529897003,98.746,0.49372999999999984,14.688,0.2424494143069959,0.0,0.0
and,uniform,20,200,123,1000,0.613,13.493,0.047480496094892514,3.642,0.018209999999999997,0.282,0.955062316315475,0.0,0.0
oracle,uniform,20,200,456,1000,13.746,13.743,1.0416228533463432,100.519,0.5025950000000001,12.106,0.2677584364443835,0.0,0.0
mfg_no_excl,uniform,20,200,456,1000,13.368,13.743,1.0110841281310705,99.05,0.4952500000000001,12.754,0.27705801681208786,0.0,0.0
self_excl_only,uniform,20,200,456,1000,13.613,13.743,1.0310110622951192,99.87,0.4993499999999998,13.207,0.25694828158081795,0.0,0.0
ema_fixed_low,uniform,20,200,456,1000,15.246,13.743,1.1564283665294117,112.547,0.5627349999999997,28.884,0.12218025785170933,0.057600285708878846,7.063701146967939
ema_fixed_high,uniform,20,200,456,1000,15.175,13.743,1.1505921594959903,111.835,0.5591750000000005,29.003,0.12019759551196292,0.06109023610777097,6.886421660178714
ema_adaptive,uniform,20,200,456,1000,15.494,13.743,1.174709643418156,114.251,0.5712549999999994,29.323,0.11475976503236511,0.061530689297247795,6.779489018774533
ema_ad_low,uniform,20,200,456,1000,15.188,13.743,1.1500118575911549,111.644,0.5582199999999998,24.353,0.14579319567068205,0.058343955834075395,4.868377677954538
ema_ad_med,uniform,20,200,456,1000,15.49,13.743,1.1713500772919903,114.345,0.5717250000000005,26.758,0.12702280970114938,0.06113843819030667,5.769125032629812
ema_no_coll,uniform,20,200,456,1000,14.812,13.743,1.1209817350305376,108.943,0.5447150000000007,20.945,0.17446944556824287,0.05442682602274524,3.6029524407115563
consec_L2,uniform,20,200,456,1000,15.329,13.743,1.15954921143528,113.242,0.5662100000000007,30.871,0.10890392239734205,0.06370752578988494,3.958464028696515
consec_L4,uniform,20,200,456,1000,15.559,13.743,1.1777332530343771,115.055,0.5752749999999995,42.469,0.06804323145890961,0.07439307580039903,2.2137182267262436
dcf_self_excl,uniform,20,200,456,1000,12.318,13.743,0.9317890543065471,90.997,0.4549850000000001,37.14,0.13259465867143808,0.0,0.0
pnd,uniform,20,200,456,1000,12.999,13.743,0.9835658145174401,95.391,0.4769549999999995,13.446,0.2655834303984694,0.0,0.0
pnd_cd,uniform,20,200,456,1000,13.446,13.743,1.018105854852064,98.854,0.49427,14.793,0.24370024741019364,0.0,0.0
and,uniform,20,200,456,1000,0.575,13.743,0.04321696319246641,3.514,0.01756999999999999,0.295,0.9562882129201051,0.0,0.0
oracle,uniform,20,200,789,1000,13.735,13.597,1.0617031018774834,101.195,0.5059750000000003,12.209,0.26507690945682566,0.0,0.0
mfg_no_excl,uniform,20,200,789,1000,13.246,13.597,1.0274128689207247,98.188,0.4909399999999993,12.818,0.2789620215421672,0.0,0.0
self_excl_only,uniform,20,200,789,1000,13.69,13.597,1.0606046337520405,101.157,0.5057849999999996,13.099,0.2555538783287197,0.0,0.0
ema_fixed_low,uniform,20,200,789,1000,15.237,13.597,1.1791897208226958,112.79,0.56395,29.006,0.12081882166291844,0.058645029634683724,7.083053202106012
ema_fixed_high,uniform,20,200,789,1000,15.309,13.597,1.1816986325293237,113.441,0.5672049999999997,28.815,0.11785364445459771,0.062340640132960055,6.700660599381587
ema_adaptive,uniform,20,200,789,1000,15.308,13.597,1.1847116664553206,113.458,0.5672900000000004,29.247,0.11823241456934183,0.06022304599694875,6.918183216247101
ema_ad_low,uniform,20,200,789,1000,15.189,13.597,1.173772841370017,112.426,0.5621300000000002,24.341,0.1447048371083794,0.05869435012216182,4.845583310260779
ema_ad_med,uniform,20,200,789,1000,15.316,13.597,1.1861690995322198,113.766,0.5688300000000007,26.61,0.12982470060324253,0.06032040476561432,5.820208524492217
ema_no_coll,uniform,20,200,789,1000,14.806,13.597,1.1450230546886893,109.557,0.5477849999999996,21.057,0.17264250040411583,0.05598041417782175,3.572561568066731
consec_L2,uniform,20,200,789,1000,15.367,13.597,1.1909873477485724,114.003,0.5700149999999999,30.744,0.10750719477135194,0.06364726322962996,3.8679244357529177
consec_L4,uniform,20,200,789,1000,15.411,13.597,1.1927919089939982,114.415,0.5720750000000008,42.067,0.06986377097803298,0.07329537174103207,2.252642058323579
dcf_self_excl,uniform,20,200,789,1000,12.246,13.597,0.9467915544852462,90.725,0.45362499999999956,37.339,0.1318971388614278,0.0,0.0
pnd,uniform,20,200,789,1000,13.019,13.597,1.007090490890258,96.638,0.4831900000000003,13.383,0.26420350660669956,0.0,0.0
pnd_cd,uniform,20,200,789,1000,13.478,13.597,1.0445948527349835,99.556,0.4977799999999999,14.599,0.24173338880979578,0.0,0.0
and,uniform,20,200,789,1000,0.583,13.597,0.04580227232347998,3.441,0.017204999999999995,0.312,0.954884065933323,0.0,0.0
oracle,uniform,20,200,1234,1000,13.681,13.549,1.0618602546447353,100.864,0.5043200000000001,12.283,0.2665096182565262,0.0,0.0
mfg_no_excl,uniform,20,200,1234,1000,13.204,13.549,1.0236978115623634,98.124,0.49061999999999945,12.86,0.27829018321783383,0.0,0.0
self_excl_only,uniform,20,200,1234,1000,13.807,13.549,1.0725102131056081,101.864,0.5093199999999998,13.068,0.2516310363329685,0.0,0.0
ema_fixed_low,uniform,20,200,1234,1000,15.216,13.549,1.1763721103629774,112.741,0.5637049999999999,29.194,0.12024404782171177,0.05889950070511502,7.040001569113588
ema_fixed_high,uniform,20,200,1234,1000,15.195,13.549,1.1781664736149653,112.595,0.5629750000000001,28.88,0.1190244993993309,0.061673104613842226,6.813537750588248
ema_adaptive,uniform,20,200,1234,1000,15.288,13.549,1.1881620056328257,113.675,0.5683749999999994,29.18,0.11846257306875844,0.05879386879419691,6.938501794851221
ema_ad_low,uniform,20,200,1234,1000,15.286,13.549,1.1849747837602718,113.562,0.5678100000000001,24.206,0.14208080381145305,0.059241698061029156,4.824782940513537
ema_ad_med,uniform,20,200,1234,1000,15.257,13.549,1.179967764163083,113.071,0.5653549999999997,26.663,0.1299782689248613,0.06043157503696447,5.8743313901022125
ema_no_coll,uniform,20,200,1234,1000,14.767,13.549,1.141607789849471,109.282,0.5464100000000002,20.851,0.17405301772858747,0.05449491748355986,3.531131982926283
consec_L2,uniform,20,200,1234,1000,15.422,13.549,1.1947820208343418,114.408,0.5720399999999999,30.526,0.10713007867524828,0.06349119883948191,3.885110398178737
consec_L4,uniform,20,200,1234,1000,15.467,13.549,1.2023752636424476,115.3,0.5765,41.928,0.06868065304834721,0.073697005369451,2.2351787608070444
dcf_self_excl,uniform,20,200,1234,1000,12.054,13.549,0.9370209344491076,89.568,0.4478400000000004,36.973,0.1362558799788422,0.0,0.0
pnd,uniform,20,200,1234,1000,13.047,13.549,1.0125705908513563,96.383,0.48191500000000015,13.284,0.26462435180246696,0.0,0.0
pnd_cd,uniform,20,200,1234,1000,13.42,13.549,1.038263890327939,98.87,0.4943499999999996,14.589,0.24354797444079423,0.0,0.0
and,uniform,20,200,1234,1000,0.557,13.549,0.04337533122622147,3.356,0.01677999999999999,0.326,0.9559697985403899,0.0,0.0
oracle,uniform,30,20,42,1000,1.516,1.512,0.8832833333333339,9.567,0.47834999999999944,1.434,0.3005626984126982,0.0,0.0
mfg_no_excl,uniform,30,20,42,1000,1.225,1.512,0.7197166666666664,8.474,0.4236999999999996,1.958,0.3929346681096673,0.0,0.0
self_excl_only,uniform,30,20,42,1000,1.45,1.512,0.8744333333333336,9.463,0.4731499999999996,2.383,0.21382860750360713,0.0,0.0
ema_fixed_low,uniform,30,20,42,1000,1.407,1.512,0.8371333333333333,9.211,0.4605499999999998,3.092,0.16553744588744554,0.04957391203670437,1.5706362914862915
ema_fixed_high,uniform,30,20,42,1000,1.402,1.512,0.8377000000000002,9.065,0.45324999999999954,2.842,0.17919819624819627,0.044800665212491424,4.919759487734489
ema_adaptive,uniform,30,20,42,1000,1.409,1.512,0.8490500000000002,9.297,0.4648499999999998,2.899,0.16982741702741688,0.04622919962037241,4.089436832611831
ema_ad_low,uniform,30,20,42,1000,1.447,1.512,0.8670833333333337,9.255,0.46274999999999966,2.457,0.20878333333333293,0.03900905729296903,3.9786014069264066
ema_ad_med,uniform,30,20,42,1000,1.488,1.512,0.8828333333333332,9.659,0.4829499999999997,2.558,0.1853457431457426,0.04224364778061433,4.085083585858585
ema_no_coll,uniform,30,20,42,1000,1.405,1.512,0.84775,9.269,0.46344999999999964,2.285,0.22735324675324659,0.037726665161070184,4.200610822510822
consec_L2,uniform,30,20,42,1000,1.374,1.512,0.8211,9.017,0.4508499999999995,2.875,0.1755238095238093,0.04559163384995268,1.326806349206349
consec_L4,uniform,30,20,42,1000,1.471,1.512,0.8821333333333332,9.508,0.47539999999999916,3.052,0.15846563159063148,0.04723433987803423,0.12636220168720172
dcf_self_excl,uniform,30,20,42,1000,1.335,1.512,0.7852166666666666,8.771,0.4385499999999999,3.646,0.14452183649683656,0.0,0.0
pnd,uniform,30,20,42,1000,1.433,1.512,0.8599666666666667,9.187,0.4593499999999989,2.245,0.21817460317460283,0.0,0.0
pnd_cd,uniform,30,20,42,1000,1.449,1.512,0.8465500000000005,9.304,0.46519999999999956,2.121,0.2262384920634918,0.0,0.0
and,uniform,30,20,42,1000,0.002,1.512,0.001,0.006,0.0003,0.001,0.999,0.0,0.0
oracle,uniform,30,20,123,1000,1.59,1.484,0.9149166666666663,10.059,0.502949999999999,1.392,0.28520721500721424,0.0,0.0
mfg_no_excl,uniform,30,20,123,1000,1.156,1.484,0.6836666666666668,8.118,0.4058999999999998,1.878,0.40661327561327454,0.0,0.0
self_excl_only,uniform,30,20,123,1000,1.409,1.484,0.8294166666666668,9.353,0.4676499999999991,2.394,0.22210360750360725,0.0,0.0
ema_fixed_low,uniform,30,20,123,1000,1.418,1.484,0.8361666666666666,9.2,0.4599999999999996,3.084,0.16016836219336197,0.04776442026775829,1.5646041847041845
ema_fixed_high,uniform,30,20,123,1000,1.417,1.484,0.8242500000000006,9.033,0.4516499999999994,2.947,0.16759303751803734,0.04734233867139532,4.779744119769122
ema_adaptive,uniform,30,20,123,1000,1.416,1.484,0.8406666666666672,9.236,0.4617999999999994,2.94,0.1686325868575866,0.04489448941133882,4.130122175047174
ema_ad_low,uniform,30,20,123,1000,1.434,1.484,0.8649166666666667,9.435,0.4717499999999991,2.444,0.19981158008657987,0.038265596460153144,4.161739646464647
ema_ad_med,uniform,30,20,123,1000,1.423,1.484,0.8579999999999998,9.249,0.46244999999999964,2.486,0.2031932539682537,0.0430976689861818,3.8483619047619047
ema_no_coll,uniform,30,20,123,1000,1.382,1.484,0.8181666666666664,8.973,0.4486499999999992,2.198,0.24177063492063453,0.03744971934886786,4.034213744588744
consec_L2,uniform,30,20,123,1000,1.424,1.484,0.8534166666666667,9.125,0.45624999999999927,2.752,0.18473618326118282,0.046508240833683795,1.3223034992784988
consec_L4,uniform,30,20,123,1000,1.391,1.484,0.8290833333333334,9.253,0.4626499999999995,3.063,0.16558311688311678,0.04761385881536148,0.1363215728715729
dcf_self_excl,uniform,30,20,123,1000,1.34,1.484,0.7765000000000004,8.728,0.43639999999999984,3.523,0.15238499278499268,0.0,0.0
pnd,uniform,30,20,123,1000,1.364,1.484,0.811416666666667,8.786,0.4392999999999999,2.145,0.23635396825396776,0.0,0.0
pnd_cd,uniform,30,20,123,1000,1.389,1.484,0.8228333333333336,9.09,0.4544999999999994,2.059,0.23855039682539647,0.0,0.0
and,uniform,30,20,123,1000,0.002,1.484,0.0005,0.006,0.0003,0.001,0.9989999999999999,0.0,0.0
oracle,uniform,30,20,456,1000,1.527,1.504,0.8818333333333335,9.754,0.4876999999999998,1.29,0.3121373376623377,0.0,0.0
mfg_no_excl,uniform,30,20,456,1000,1.189,1.504,0.6985833333333333,8.111,0.40554999999999963,2.064,0.38823823953823844,0.0,0.0
self_excl_only,uniform,30,20,456,1000,1.444,1.504,0.8249166666666666,9.3,0.46499999999999964,2.433,0.21270231990231947,0.0,0.0
ema_fixed_low,uniform,30,20,456,1000,1.397,1.504,0.8179166666666666,9.281,0.4640499999999995,3.002,0.1691819624819625,0.04855975422209161,1.2609696608946601
ema_fixed_high,uniform,30,20,456,1000,1.401,1.504,0.809583333333334,9.046,0.45229999999999976,2.912,0.1783260461760459,0.04563463910674239,4.850845202020204
ema_adaptive,uniform,30,20,456,1000,1.415,1.504,0.8275000000000003,9.119,0.4559499999999996,2.967,0.1661445165945163,0.046651775696298865,3.850380050505048
ema_ad_low,uniform,30,20,456,1000,1.469,1.504,0.8637499999999998,9.523,0.4761500000000002,2.336,0.20740158730158692,0.040255365676902605,3.8733730158730166
ema_ad_med,uniform,30,20,456,1000,1.438,1.504,0.8225833333333334,9.336,0.46679999999999966,2.56,0.1937535714285713,0.04118370493472383,3.9180446969696967
ema_no_coll,uniform,30,20,456,1000,1.414,1.504,0.8231666666666667,9.026,0.4512999999999999,2.384,0.2245821789321786,0.03818380104322067,4.026478124653123
consec_L2,uniform,30,20,456,1000,1.419,1.504,0.8173333333333334,9.036,0.4517999999999995,2.769,0.17497023809523793,0.04302442934115039,1.2943615079365078
consec_L4,uniform,30,20,456,1000,1.438,1.504,0.8322500000000005,9.431,0.47154999999999964,2.98,0.16765086580086566,0.04683147091776214,0.11926479076479077
dcf_self_excl,uniform,30,20,456,1000,1.318,1.504,0.7801666666666669,8.459,0.42294999999999977,3.513,0.16164848484848482,0.0,0.0
pnd,uniform,30,20,456,1000,1.351,1.504,0.7918333333333334,8.854,0.4426999999999994,2.151,0.23875119047618973,0.0,0.0
pnd_cd,uniform,30,20,456,1000,1.448,1.504,0.8451666666666667,9.295,0.4647499999999995,2.115,0.22122976190476168,0.0,0.0
and,uniform,30,20,456,1000,0.002,1.504,0.0005,0.006,0.0003,0.001,0.999,0.0,0.0
oracle,uniform,30,20,789,1000,1.512,1.484,0.8951,9.402,0.4700999999999994,1.32,0.3151567460317456,0.0,0.0
mfg_no_excl,uniform,30,20,789,1000,1.169,1.484,0.6855333333333333,8.011,0.4005500000000001,1.981,0.4015025252525244,0.0,0.0
self_excl_only,uniform,30,20,789,1000,1.444,1.484,0.8359833333333334,9.121,0.4560499999999999,2.486,0.21963293650793586,0.0,0.0
ema_fixed_low,uniform,30,20,789,1000,1.422,1.484,0.8164499999999998,9.31,0.4655000000000001,3.014,0.16482508325008316,0.047867560372911115,1.5102041153291146
ema_fixed_high,uniform,30,20,789,1000,1.427,1.484,0.8355666666666668,9.326,0.46630000000000005,2.789,0.174687121212121,0.04494689872930756,4.401163383838382
ema_adaptive,uniform,30,20,789,1000,1.436,1.484,0.8253999999999999,9.335,0.4667500000000001,2.821,0.17355732323232317,0.04527254701313119,4.034245238095236
ema_ad_low,uniform,30,20,789,1000,1.444,1.484,0.8571500000000001,9.38,0.46899999999999953,2.313,0.20987539682539638,0.03963312956136876,4.036780952380951
ema_ad_med,uniform,30,20,789,1000,1.471,1.484,0.8361666666666667,9.441,0.47204999999999997,2.463,0.19989166666666638,0.04143371617337104,4.113143253968255
ema_no_coll,uniform,30,20,789,1000,1.453,1.484,0.8382333333333335,9.365,0.4682499999999996,2.163,0.2326086691086688,0.03753526761581061,3.9975628205128215
consec_L2,uniform,30,20,789,1000,1.412,1.484,0.8184500000000005,9.185,0.4592499999999998,2.868,0.17087936507936477,0.04514721554800023,1.2673539682539685
consec_L4,uniform,30,20,789,1000,1.424,1.484,0.8321000000000008,9.3,0.46499999999999964,2.847,0.17613625541125533,0.04569752060635867,0.1288354256854257
dcf_self_excl,uniform,30,20,789,1000,1.329,1.484,0.7827999999999999,8.535,0.4267499999999998,3.616,0.15245156232656232,0.0,0.0
pnd,uniform,30,20,789,1000,1.414,1.484,0.8264166666666672,8.869,0.4434499999999996,2.117,0.2351769841269835,0.0,0.0
pnd_cd,uniform,30,20,789,1000,1.448,1.484,0.8355499999999998,9.561,0.4780499999999997,2.06,0.2240698412698408,0.0,0.0
and,uniform,30,20,789,1000,0.008,1.484,0.0055,0.024,0.0012,0.001,0.9969999999999999,0.0,0.0
oracle,uniform,30,20,1234,1000,1.513,1.556,0.8479500000000002,9.601,0.4800499999999995,1.441,0.299340512265512,0.0,0.0
mfg_no_excl,uniform,30,20,1234,1000,1.247,1.556,0.7092833333333337,8.509,0.42545,1.927,0.38377521645021634,0.0,0.0
self_excl_only,uniform,30,20,1234,1000,1.427,1.556,0.812716666666667,9.167,0.4583499999999998,2.456,0.21712828282828245,0.0,0.0
ema_fixed_low,uniform,30,20,1234,1000,1.407,1.556,0.8029333333333334,9.34,0.4669999999999992,3.109,0.16144857919857916,0.0493941281839417,1.3542866938616938
ema_fixed_high,uniform,30,20,1234,1000,1.405,1.556,0.7939333333333332,9.236,0.46179999999999916,2.73,0.1792016594516592,0.04451390849055517,4.609932178932182
ema_adaptive,uniform,30,20,1234,1000,1.465,1.556,0.8376000000000002,9.706,0.48529999999999907,2.859,0.161976479076479,0.04473662144485663,4.06798672438672
ema_ad_low,uniform,30,20,1234,1000,1.453,1.556,0.8047,9.421,0.4710499999999998,2.414,0.21001432178932164,0.04091686950285045,3.824002236652235
ema_ad_med,uniform,30,20,1234,1000,1.447,1.556,0.8306333333333339,9.494,0.4747,2.497,0.19398777056277047,0.03995603789138668,4.457622366522369
ema_no_coll,uniform,30,20,1234,1000,1.441,1.556,0.8341666666666667,9.196,0.4597999999999996,2.368,0.22367106782106752,0.040822511948551465,3.8945983044733037
consec_L2,uniform,30,20,1234,1000,1.39,1.556,0.7737166666666665,9.145,0.4572499999999999,2.792,0.18099007936507902,0.044248411670314715,1.2111043650793658
consec_L4,uniform,30,20,1234,1000,1.417,1.556,0.8248500000000006,9.125,0.4562499999999991,3.067,0.16661565656565627,0.04928315524589116,0.11407132034632037
dcf_self_excl,uniform,30,20,1234,1000,1.373,1.556,0.789616666666667,8.854,0.44269999999999976,3.582,0.14720692640692634,0.0,0.0
pnd,uniform,30,20,1234,1000,1.398,1.556,0.8046,9.006,0.4503000000000004,2.13,0.23663611111111077,0.0,0.0
pnd_cd,uniform,30,20,1234,1000,1.368,1.556,0.8004666666666669,8.454,0.42269999999999935,2.213,0.23676071428571382,0.0,0.0
and,uniform,30,20,1234,1000,0.004,1.556,0.002583333333333333,0.012,0.0006,0.0,0.9986666666666666,0.0,0.0
oracle,uniform,30,50,42,1000,3.534,3.512,1.215719047619048,24.384,0.4876800000000002,3.24,0.2845865704127319,0.0,0.0
mfg_no_excl,uniform,30,50,42,1000,3.174,3.512,1.0894607142857133,23.2,0.4639999999999999,3.763,0.3250438231273374,0.0,0.0
self_excl_only,uniform,30,50,42,1000,3.425,3.512,1.153711904761905,24.301,0.4860200000000001,4.29,0.24013259089551708,0.0,0.0
ema_fixed_low,uniform,30,50,42,1000,3.672,3.512,1.2588071428571423,26.396,0.5279200000000004,7.824,0.12192003892351393,0.0370383165722784,6.920459983196313
ema_fixed_high,uniform,30,50,42,1000,3.601,3.512,1.2445702380952364,25.56,0.5112000000000001,6.778,0.14807650354031976,0.03372021524299232,10.513966557015392
ema_adaptive,uniform,30,50,42,1000,3.585,3.512,1.242985714285713,25.935,0.5187,7.781,0.12842287186284856,0.035914474944880384,7.950661084417522
ema_ad_low,uniform,30,50,42,1000,3.526,3.512,1.2194011904761906,25.257,0.5051399999999995,4.92,0.20272685696656334,0.029240338202276478,4.689485153571916
ema_ad_med,uniform,30,50,42,1000,3.667,3.512,1.262322619047618,26.216,0.5243200000000001,5.716,0.16932742724681626,0.03206258909036897,5.284560106375397
ema_no_coll,uniform,30,50,42,1000,3.354,3.512,1.150341666666665,23.786,0.47572,4.376,0.24000092056636246,0.02702040764937505,3.999898485338194
consec_L2,uniform,30,50,42,1000,3.512,3.512,1.2128178571428563,25.379,0.5075800000000004,6.789,0.14850791778311206,0.03468058001233106,4.836828641078562
consec_L4,uniform,30,50,42,1000,3.661,3.512,1.2646928571428564,26.102,0.5220400000000008,8.166,0.11962945114255236,0.03716356163582889,1.6139559328519035
dcf_self_excl,uniform,30,50,42,1000,3.068,3.512,1.0487880952380952,22.013,0.44026000000000015,7.9,0.16248748832436946,0.0,0.0
pnd,uniform,30,50,42,1000,3.224,3.512,1.109320238095238,22.949,0.45898000000000044,3.838,0.25574610944611015,0.0,0.0
pnd_cd,uniform,30,50,42,1000,3.186,3.512,1.1017571428571438,22.527,0.4505400000000005,3.886,0.2619995074370084,0.0,0.0
and,uniform,30,50,42,1000,0.156,3.512,0.053195238095238136,0.514,0.010279999999999996,0.159,0.9398761904761865,0.0,0.0
oracle,uniform,30,50,123,1000,3.571,3.484,1.2322154761904773,24.931,0.4986199999999998,3.247,0.27663645696408934,0.0,0.0
mfg_no_excl,uniform,30,50,123,1000,3.083,3.484,1.077520238095238,22.753,0.45506000000000013,3.77,0.32960888905556135,0.0,0.0
self_excl_only,uniform,30,50,123,1000,3.376,3.484,1.1805071428571432,24.166,0.48331999999999975,4.353,0.24076912293073352,0.0,0.0
ema_fixed_low,uniform,30,50,123,1000,3.673,3.484,1.2739678571428565,26.449,0.5289800000000001,7.897,0.12094482850789212,0.03621136875252728,6.962091182932218
ema_fixed_high,uniform,30,50,123,1000,3.52,3.484,1.2226785714285706,25.068,0.5013599999999996,6.808,0.15039139839348883,0.03444082313221515,10.440541256528984
ema_adaptive,uniform,30,50,123,1000,3.562,3.484,1.242228571428571,25.846,0.5169200000000006,7.65,0.12950288691002002,0.03590383562996769,7.622736087851737
ema_ad_low,uniform,30,50,123,1000,3.565,3.484,1.233301190476189,25.605,0.5121000000000003,4.864,0.20178563713548273,0.028433397440346304,4.5731826375722715
ema_ad_med,uniform,30,50,123,1000,3.57,3.484,1.2550440476190468,25.444,0.5088800000000004,5.802,0.17515866483877368,0.03227430488288657,5.480705199113754
ema_no_coll,uniform,30,50,123,1000,3.381,3.484,1.1919297619047613,23.933,0.47866000000000003,4.362,0.23850684299360853,0.026657344700602506,3.955347129899686
consec_L2,uniform,30,50,123,1000,3.617,3.484,1.2572738095238087,25.727,0.5145399999999997,6.867,0.14257538285587873,0.03570018714043452,4.768182318708985
consec_L4,uniform,30,50,123,1000,3.626,3.484,1.2541047619047623,26.242,0.5248400000000003,8.033,0.11950169738212674,0.037599194408785216,1.6149038065048484
dcf_self_excl,uniform,30,50,123,1000,2.977,3.484,1.021692857142857,21.366,0.4273199999999993,8.013,0.16512826738105413,0.0,0.0
pnd,uniform,30,50,123,1000,3.219,3.484,1.1200261904761897,22.753,0.4550600000000001,3.867,0.26113457816693203,0.0,0.0
pnd_cd,uniform,30,50,123,1000,3.271,3.484,1.1333654761904761,23.132,0.46264000000000016,4.014,0.25020415279165364,0.0,0.0
and,uniform,30,50,123,1000,0.142,3.484,0.04690357142857145,0.467,0.009339999999999992,0.138,0.9465095238095201,0.0,0.0
oracle,uniform,30,50,456,1000,3.589,3.514,1.2286130952380938,24.803,0.49605999999999945,3.271,0.2805094647999068,0.0,0.0
mfg_no_excl,uniform,30,50,456,1000,3.181,3.514,1.068513095238095,22.844,0.45688,3.83,0.32242048311165983,0.0,0.0
self_excl_only,uniform,30,50,456,1000,3.36,3.514,1.1381642857142853,23.596,0.47192000000000095,4.45,0.24212559054292873,0.0,0.0
ema_fixed_low,uniform,30,50,456,1000,3.645,3.514,1.2386976190476187,26.307,0.5261399999999996,8.135,0.11820624670120632,0.036476882205442075,7.122845455534765
ema_fixed_high,uniform,30,50,456,1000,3.578,3.514,1.2084666666666661,25.453,0.5090600000000003,6.832,0.1490895934775586,0.03339606513295738,10.343228666891228
ema_adaptive,uniform,30,50,456,1000,3.77,3.514,1.2731999999999994,26.58,0.5316000000000005,7.685,0.12151063631332898,0.036300590597930914,7.639464043455312
ema_ad_low,uniform,30,50,456,1000,3.478,3.514,1.2135333333333318,24.596,0.49192,4.782,0.21336088251703633,0.029703214809174282,4.271153526903955
ema_ad_med,uniform,30,50,456,1000,3.595,3.514,1.2421392857142846,25.526,0.5105200000000002,5.838,0.17409200400992242,0.03201152865417312,5.778329075280583
ema_no_coll,uniform,30,50,456,1000,3.429,3.514,1.157948809523809,24.039,0.4807799999999996,4.34,0.24110131330228113,0.0256656316398437,3.9457624252811194
consec_L2,uniform,30,50,456,1000,3.64,3.514,1.2366916666666667,25.681,0.5136200000000003,6.747,0.1449544172803467,0.0341279198929155,4.747319935890569
consec_L4,uniform,30,50,456,1000,3.759,3.514,1.2725142857142833,26.605,0.5321000000000006,8.038,0.11673365745974687,0.037397297586259336,1.5841531097815145
dcf_self_excl,uniform,30,50,456,1000,3.001,3.514,1.0318488095238092,21.306,0.42612000000000044,7.914,0.16877750453880513,0.0,0.0
pnd,uniform,30,50,456,1000,3.166,3.514,1.0737595238095232,22.417,0.44833999999999957,3.855,0.2655401523313298,0.0,0.0
pnd_cd,uniform,30,50,456,1000,3.304,3.514,1.1316119047619055,23.277,0.46554000000000006,3.81,0.2541883644133652,0.0,0.0
and,uniform,30,50,456,1000,0.138,3.514,0.04265595238095241,0.45,0.008999999999999992,0.154,0.9441714285714249,0.0,0.0
oracle,uniform,30,50,789,1000,3.488,3.429,1.1925904761904758,24.2,0.4839999999999994,3.209,0.2857332370244142,0.0,0.0
mfg_no_excl,uniform,30,50,789,1000,3.181,3.429,1.0903940476190477,23.237,0.46474000000000054,3.885,0.3235100392168897,0.0,0.0
self_excl_only,uniform,30,50,789,1000,3.46,3.429,1.1913869047619035,24.259,0.4851799999999995,4.364,0.23658155257195584,0.0,0.0
ema_fixed_low,uniform,30,50,789,1000,3.644,3.429,1.2532916666666656,26.18,0.5235999999999998,8.068,0.12036946590183928,0.03684263472876888,6.848033688825086
ema_fixed_high,uniform,30,50,789,1000,3.642,3.429,1.2543666666666653,25.826,0.5165200000000003,6.682,0.14867242998229893,0.033908040076790116,10.018883187564063
ema_adaptive,uniform,30,50,789,1000,3.651,3.429,1.259896428571427,25.966,0.5193200000000003,7.765,0.1270438774655078,0.03560690402011499,7.695209675327509
ema_ad_low,uniform,30,50,789,1000,3.493,3.429,1.1839071428571422,24.614,0.49228000000000016,4.788,0.2142644668240262,0.028269222771601914,4.53672036108027
ema_ad_med,uniform,30,50,789,1000,3.664,3.429,1.2544119047619031,26.114,0.5222799999999999,5.738,0.16852725990899414,0.03117502783781033,5.5962158994900895
ema_no_coll,uniform,30,50,789,1000,3.439,3.429,1.1747309523809528,24.271,0.48542000000000063,4.385,0.23586617338629803,0.02715395722310065,3.831772770014644
consec_L2,uniform,30,50,789,1000,3.603,3.429,1.2366499999999985,25.89,0.5178000000000009,6.65,0.1471611930767895,0.03335614188232528,4.82502988606251
consec_L4,uniform,30,50,789,1000,3.668,3.429,1.248405952380952,26.377,0.5275399999999995,7.88,0.1198341981990512,0.03727073819954891,1.548278443717371
dcf_self_excl,uniform,30,50,789,1000,3.136,3.429,1.078664285714286,22.195,0.44390000000000035,7.891,0.161256217234778,0.0,0.0
pnd,uniform,30,50,789,1000,3.284,3.429,1.1321833333333327,22.854,0.4570799999999994,3.888,0.25666369463869554,0.0,0.0
pnd_cd,uniform,30,50,789,1000,3.265,3.429,1.1150130952380946,22.998,0.45996,3.921,0.2550697413697426,0.0,0.0
and,uniform,30,50,789,1000,0.149,3.429,0.04954404761904767,0.496,0.009919999999999995,0.159,0.9412047619047579,0.0,0.0
oracle,uniform,30,50,1234,1000,3.482,3.543,1.1861742063492056,24.412,0.488239999999999,3.247,0.28795925814381745,0.0,0.0
mfg_no_excl,uniform,30,50,1234,1000,3.254,3.543,1.1004964285714272,23.736,0.4747200000000006,3.868,0.3202462774325782,0.0,0.0
self_excl_only,uniform,30,50,1234,1000,3.383,3.543,1.1481027777777761,24.027,0.4805400000000006,4.439,0.23490922855524277,0.0,0.0
ema_fixed_low,uniform,30,50,1234,1000,3.689,3.543,1.273246428571428,26.695,0.5339000000000012,7.741,0.1221341686538816,0.03766493095923995,6.693920445324859
ema_fixed_high,uniform,30,50,1234,1000,3.611,3.543,1.250684523809523,25.687,0.5137399999999996,6.603,0.1503373116391698,0.034576158420299485,9.97582984010743
ema_adaptive,uniform,30,50,1234,1000,3.692,3.543,1.2741138888888877,26.892,0.5378400000000002,7.44,0.12508678660651562,0.03613222008927951,7.492015787397197
ema_ad_low,uniform,30,50,1234,1000,3.482,3.543,1.1961162698412684,25.192,0.5038400000000002,4.957,0.20502305865788892,0.029112976160501795,4.566566628018524
ema_ad_med,uniform,30,50,1234,1000,3.624,3.543,1.2324650793650793,25.802,0.5160400000000002,5.817,0.17027688939887098,0.03221249486032206,5.598518020356843
ema_no_coll,uniform,30,50,1234,1000,3.435,3.543,1.1909158730158729,24.442,0.48884000000000005,4.249,0.23839885463264024,0.027334283136609083,3.626781978878534
consec_L2,uniform,30,50,1234,1000,3.512,3.543,1.1999805555555556,25.276,0.5055200000000001,6.842,0.1482547501303312,0.03508738806394114,4.895958645181781
consec_L4,uniform,30,50,1234,1000,3.678,3.543,1.255890873015871,26.439,0.5287800000000009,8.061,0.11643438501754969,0.0365507192532624,1.7420094175344611
dcf_self_excl,uniform,30,50,1234,1000,3.121,3.543,1.0703206349206338,22.22,0.4444000000000001,7.926,0.16116689525215103,0.0,0.0
pnd,uniform,30,50,1234,1000,3.238,3.543,1.104214285714285,22.856,0.45711999999999997,3.814,0.26049201076701134,0.0,0.0
pnd_cd,uniform,30,50,1234,1000,3.124,3.543,1.0712603174603172,21.99,0.4398000000000001,4.004,0.26368864885114945,0.0,0.0
and,uniform,30,50,1234,1000,0.139,3.543,0.0468218253968254,0.475,0.009499999999999991,0.154,0.9444095238095193,0.0,0.0
oracle,uniform,30,100,42,1000,6.782,6.792,1.1074460844710847,48.972,0.4897199999999999,6.511,0.2738854590549391,0.0,0.0
mfg_no_excl,uniform,30,100,42,1000,6.573,6.792,1.0917908535908554,48.602,0.48601999999999973,6.98,0.2926880833111576,0.0,0.0
self_excl_only,uniform,30,100,42,1000,6.753,6.792,1.113551734376736,49.037,0.49037000000000014,7.467,0.24994022842354663,0.0,0.0
ema_fixed_low,uniform,30,100,42,1000,7.653,6.792,1.2521766622266628,55.991,0.5599100000000001,15.996,0.11006252544648361,0.029950051458402953,11.870135829826225
ema_fixed_high,uniform,30,100,42,1000,7.448,6.792,1.2235673076923075,54.345,0.5434499999999999,13.692,0.13558281267971076,0.029576754734428088,12.60814349838307
ema_adaptive,uniform,30,100,42,1000,7.558,6.792,1.2364087218337225,55.397,0.5539699999999997,16.285,0.10979555203050233,0.030880706348075465,11.603802253318324
ema_ad_low,uniform,30,100,42,1000,7.342,6.792,1.1991456987456988,53.777,0.5377699999999997,10.098,0.1792812184912879,0.025490725946616468,6.000527502403731
ema_ad_med,uniform,30,100,42,1000,7.521,6.792,1.237158394383396,55.42,0.5541999999999994,12.64,0.14058887310555823,0.029301957764809088,8.150373526197527
ema_no_coll,uniform,30,100,42,1000,6.81,6.792,1.1197184759684766,49.77,0.4976999999999996,8.143,0.23417610383167223,0.022277846162872008,4.441806485455065
consec_L2,uniform,30,100,42,1000,7.326,6.792,1.2017759879009877,53.705,0.5370500000000001,14.401,0.13011988763663265,0.030469694755233232,6.772138657789347
consec_L4,uniform,30,100,42,1000,7.569,6.792,1.2450800338550352,55.401,0.5540100000000001,18.525,0.0912351746658854,0.0340483613504043,3.2892472744723813
dcf_self_excl,uniform,30,100,42,1000,5.85,6.792,0.9675372571872572,42.507,0.42507,15.186,0.1742545106461408,0.0,0.0
pnd,uniform,30,100,42,1000,6.245,6.792,1.0269527361527369,45.798,0.4579800000000003,6.769,0.2754533551281443,0.0,0.0
pnd_cd,uniform,30,100,42,1000,6.366,6.792,1.051671994671995,46.207,0.4620699999999998,7.102,0.26602004655542544,0.0,0.0
and,uniform,30,100,42,1000,0.162,6.792,0.026507178932178934,0.649,0.006490000000000002,0.082,0.974748484848485,0.0,0.0
oracle,uniform,30,100,123,1000,6.775,6.796,1.1211609113109113,49.02,0.4902000000000007,6.298,0.2769153634637805,0.0,0.0
mfg_no_excl,uniform,30,100,123,1000,6.407,6.796,1.0581403374403373,47.559,0.4755900000000001,6.904,0.3000138364753733,0.0,0.0
self_excl_only,uniform,30,100,123,1000,6.636,6.796,1.108599306249307,48.8,0.488000000000001,7.502,0.2529252313265973,0.0,0.0
ema_fixed_low,uniform,30,100,123,1000,7.576,6.796,1.2618731296481323,55.772,0.5577199999999998,15.987,0.11094317031653864,0.030219527702973755,11.919833747239373
ema_fixed_high,uniform,30,100,123,1000,7.283,6.796,1.2143775446775456,53.672,0.5367199999999999,13.558,0.13832234852438563,0.029630637119698846,12.538518422604064
ema_adaptive,uniform,30,100,123,1000,7.428,6.796,1.2304696664446673,55.1,0.5509999999999999,16.137,0.1121683621467252,0.030776160713948737,11.459568097618304
ema_ad_low,uniform,30,100,123,1000,7.264,6.796,1.197121891996893,53.715,0.5371499999999999,10.007,0.18144327313322067,0.024623792383120607,6.1039005956862065
ema_ad_med,uniform,30,100,123,1000,7.454,6.796,1.2370668387168398,54.738,0.5473800000000002,12.637,0.1444746561403632,0.028924898962852105,8.335618322887328
ema_no_coll,uniform,30,100,123,1000,6.848,6.796,1.1413885364635359,50.064,0.5006400000000001,8.128,0.23357185683459947,0.02194538354376783,4.221241266578366
consec_L2,uniform,30,100,123,1000,7.305,6.796,1.2088449300699318,53.552,0.5355199999999999,14.236,0.1317391175497782,0.030645996058337267,6.70207066444195
consec_L4,uniform,30,100,123,1000,7.52,6.796,1.2424792263292284,55.706,0.5570600000000004,18.364,0.0912626507207185,0.0338721245174438,3.324458605879141
dcf_self_excl,uniform,30,100,123,1000,5.76,6.796,0.950268475968475,42.292,0.4229200000000002,15.24,0.1742939224650575,0.0,0.0
pnd,uniform,30,100,123,1000,6.366,6.796,1.056393525918526,46.55,0.4654999999999995,6.713,0.27221237059201037,0.0,0.0
pnd_cd,uniform,30,100,123,1000,6.401,6.796,1.0574281801531809,46.615,0.4661499999999997,7.02,0.26547231181671177,0.0,0.0
and,uniform,30,100,123,1000,0.179,6.796,0.030353391053391025,0.715,0.007150000000000004,0.104,0.9706196969696977,0.0,0.0
oracle,uniform,30,100,456,1000,6.851,6.952,1.0876522144522136,49.228,0.49228000000000055,6.39,0.27583900437852527,0.0,0.0
mfg_no_excl,uniform,30,100,456,1000,6.412,6.952,1.01593732933733,46.911,0.4691099999999998,7.092,0.30199276983947654,0.0,0.0
self_excl_only,uniform,30,100,456,1000,6.786,6.952,1.078881235431236,49.262,0.4926199999999992,7.559,0.24868831537250286,0.0,0.0
ema_fixed_low,uniform,30,100,456,1000,7.628,6.952,1.217535725385725,56.081,0.5608100000000011,16.062,0.10987573274937758,0.02997009764453347,11.96026859538079
ema_fixed_high,uniform,30,100,456,1000,7.351,6.952,1.175142915417918,53.684,0.5368399999999994,13.673,0.1377021481897924,0.029801189892086678,12.452319186705004
ema_adaptive,uniform,30,100,456,1000,7.687,6.952,1.2192311799311806,56.044,0.5604399999999993,16.138,0.10733264584112498,0.03141683670229313,11.140610931264089
ema_ad_low,uniform,30,100,456,1000,7.258,6.952,1.157262576312577,52.98,0.5297999999999998,9.949,0.18532340262679248,0.025644037302403572,5.718275762019999
ema_ad_med,uniform,30,100,456,1000,7.44,6.952,1.1887295954045958,54.243,0.5424299999999996,12.668,0.14618600340663204,0.02747922083433277,8.616458950238163
ema_no_coll,uniform,30,100,456,1000,6.853,6.952,1.0898360889110899,49.735,0.49735000000000057,8.197,0.2345049664842335,0.02171117404718153,4.403196601338961
consec_L2,uniform,30,100,456,1000,7.403,6.952,1.1742913142413152,53.953,0.53953,14.184,0.1305115177133224,0.03012976179010112,6.620010467604892
consec_L4,uniform,30,100,456,1000,7.692,6.952,1.2263488067488086,56.179,0.5617899999999996,18.449,0.08897443830592798,0.03352256791677273,3.30568187376349
dcf_self_excl,uniform,30,100,456,1000,5.832,6.952,0.934609213009212,42.398,0.4239799999999999,15.225,0.1744061239368431,0.0,0.0
pnd,uniform,30,100,456,1000,6.239,6.952,0.9931317848817852,45.375,0.45374999999999965,6.849,0.2767554117063081,0.0,0.0
pnd_cd,uniform,30,100,456,1000,6.483,6.952,1.0316986541236544,46.828,0.4682799999999994,7.018,0.26381945108530214,0.0,0.0
and,uniform,30,100,456,1000,0.176,6.952,0.028737049062049054,0.722,0.007220000000000006,0.097,0.9718313131313135,0.0,0.0
oracle,uniform,30,100,789,1000,6.841,6.77,1.1219047979797985,49.28,0.49279999999999974,6.389,0.27460675821879255,0.0,0.0
mfg_no_excl,uniform,30,100,789,1000,6.519,6.77,1.0674561327561345,48.112,0.4811199999999997,6.962,0.29612353162939176,0.0,0.0
self_excl_only,uniform,30,100,789,1000,6.79,6.77,1.1178336219336227,49.381,0.49380999999999997,7.65,0.24724382702238873,0.0,0.0
ema_fixed_low,uniform,30,100,789,1000,7.577,6.77,1.2407654040404055,55.582,0.5558199999999996,16.346,0.10909993368666185,0.030382916563778735,12.067212162369804
ema_fixed_high,uniform,30,100,789,1000,7.46,6.77,1.2251609668109673,54.232,0.5423199999999998,13.595,0.13607874944040035,0.030124636031946723,12.250714045613462
ema_adaptive,uniform,30,100,789,1000,7.607,6.77,1.2420375180375183,55.574,0.5557400000000007,16.294,0.10886635147698807,0.0308566966949859,11.420810174706865
ema_ad_low,uniform,30,100,789,1000,7.208,6.77,1.1764338744588765,52.382,0.5238200000000007,9.992,0.18788740891921832,0.025170045660384485,5.93841333542636
ema_ad_med,uniform,30,100,789,1000,7.571,6.77,1.2441091269841278,55.292,0.5529199999999991,12.527,0.14276895221188443,0.027739248273527924,8.441877403959275
ema_no_coll,uniform,30,100,789,1000,6.869,6.77,1.1272393578643578,49.828,0.4982800000000002,8.248,0.23290738071950962,0.021851967287635287,4.329928294836399
consec_L2,uniform,30,100,789,1000,7.433,6.77,1.216661976911978,54.287,0.5428699999999997,14.33,0.12855339634395246,0.030621690373717984,6.619555234443779
consec_L4,uniform,30,100,789,1000,7.639,6.77,1.2486124819624826,55.914,0.5591399999999992,18.478,0.08958541021596154,0.03335192245004051,3.3266414352077445
dcf_self_excl,uniform,30,100,789,1000,5.814,6.77,0.9532329725829725,42.134,0.4213399999999998,15.336,0.17355976342981014,0.0,0.0
pnd,uniform,30,100,789,1000,6.292,6.77,1.0290969696969698,45.403,0.45403000000000054,6.797,0.2768538107943944,0.0,0.0
pnd_cd,uniform,30,100,789,1000,6.457,6.77,1.0580068903318913,46.912,0.4691200000000001,7.03,0.26392621450072784,0.0,0.0
and,uniform,30,100,789,1000,0.176,6.77,0.029792243867243856,0.686,0.006860000000000003,0.112,0.9704686868686869,0.0,0.0
oracle,uniform,30,100,1234,1000,6.742,6.848,1.1015402375402379,48.932,0.48932,6.391,0.2778359247751255,0.0,0.0
mfg_no_excl,uniform,30,100,1234,1000,6.56,6.848,1.0696227466977464,48.758,0.48758000000000046,6.932,0.2918921457553221,0.0,0.0
self_excl_only,uniform,30,100,1234,1000,6.687,6.848,1.0917693667443673,48.819,0.4881899999999995,7.602,0.24910778140472556,0.0,0.0
ema_fixed_low,uniform,30,100,1234,1000,7.625,6.848,1.2519092879342892,56.163,0.5616300000000002,16.23,0.1072852357563299,0.03119810336110966,11.760893753877015
ema_fixed_high,uniform,30,100,1234,1000,7.318,6.848,1.194698634698635,53.73,0.5372999999999998,13.493,0.1390413155412816,0.029554536375642603,12.399598982112554
ema_adaptive,uniform,30,100,1234,1000,7.564,6.848,1.2463754023754032,55.931,0.5593099999999998,16.169,0.10805694786976493,0.03138840382455879,11.301620408905803
ema_ad_low,uniform,30,100,1234,1000,7.23,6.848,1.1753474664224668,53.348,0.5334800000000003,10.047,0.18397660111020783,0.025200696814428564,5.9818612200954
ema_ad_med,uniform,30,100,1234,1000,7.525,6.848,1.234017402042402,54.913,0.5491300000000006,12.562,0.1440513791279808,0.028409556759838347,8.23618684430759
ema_no_coll,uniform,30,100,1234,1000,6.919,6.848,1.1368680430680442,50.512,0.5051200000000002,7.959,0.2333025342687914,0.02283334168760124,4.211553440965233
consec_L2,uniform,30,100,1234,1000,7.31,6.848,1.1967270618270618,53.849,0.5384900000000006,14.207,0.13109972039460205,0.029468824132189934,6.850617112870471
consec_L4,uniform,30,100,1234,1000,7.553,6.848,1.2427210733710747,55.51,0.5550999999999996,18.427,0.09171573140460801,0.03337228094674179,3.438283716848252
dcf_self_excl,uniform,30,100,1234,1000,5.888,6.848,0.9575635225885233,43.358,0.4335800000000007,15.205,0.17132761235960187,0.0,0.0
pnd,uniform,30,100,1234,1000,6.282,6.848,1.028092418692419,45.736,0.4573600000000001,6.824,0.2754220380844224,0.0,0.0
pnd_cd,uniform,30,100,1234,1000,6.31,6.848,1.0284160117660122,45.96,0.4596000000000003,7.106,0.2674705786100808,0.0,0.0
and,uniform,30,100,1234,1000,0.167,6.848,0.027086255411255398,0.67,0.006700000000000001,0.116,0.9709111111111114,0.0,0.0
oracle,uniform,30,200,42,1000,13.534,13.432,1.0548131586556304,99.22,0.4960999999999993,12.917,0.26621358249279564,0.0,0.0
mfg_no_excl,uniform,30,200,42,1000,13.123,13.432,1.0268388387604748,98.006,0.4900299999999994,13.184,0.28108254166014257,0.0,0.0
self_excl_only,uniform,30,200,42,1000,13.361,13.432,1.0427064423831656,98.548,0.4927400000000001,13.801,0.257473410279813,0.0,0.0
ema_fixed_low,uniform,30,200,42,1000,14.802,13.432,1.152933212473913,109.685,0.5484249999999996,26.453,0.14162582984986272,0.028530544401497375,12.397538654998407
ema_fixed_high,uniform,30,200,42,1000,15.008,13.432,1.173005925628081,110.952,0.5547600000000001,27.794,0.1304781235998478,0.030916441363083677,12.00524733408136
ema_adaptive,uniform,30,200,42,1000,14.686,13.432,1.144731204952525,108.77,0.5438500000000006,27.515,0.13777028388355092,0.029930055816533463,12.241458074545639
ema_ad_low,uniform,30,200,42,1000,14.808,13.432,1.1541545018525645,109.382,0.5469100000000002,21.296,0.1696563845664556,0.025975506378505653,8.077398443392616
ema_ad_med,uniform,30,200,42,1000,14.939,13.432,1.1655065891271736,110.887,0.5544349999999996,24.124,0.1493031779660828,0.027844349865697598,10.095481460578666
ema_no_coll,uniform,30,200,42,1000,14.096,13.432,1.0990378640669904,104.051,0.5202549999999999,17.039,0.21506162892053202,0.022965307500558394,5.16089967216398
consec_L2,uniform,30,200,42,1000,15.02,13.432,1.1725561766255697,111.447,0.5572350000000003,29.658,0.11992844798712772,0.03158593365411073,6.852689988561262
consec_L4,uniform,30,200,42,1000,15.397,13.432,1.2031210976348865,114.107,0.570535,40.594,0.0766165915416645,0.0368909018674596,3.855677357998814
dcf_self_excl,uniform,30,200,42,1000,11.038,13.432,0.8619686055964796,81.391,0.4069549999999993,29.611,0.18654906529253523,0.0,0.0
pnd,uniform,30,200,42,1000,12.415,13.432,0.9687480583218919,91.99,0.4599499999999995,12.624,0.2850450348442038,0.0,0.0
pnd_cd,uniform,30,200,42,1000,12.668,13.432,0.991454102743549,93.31,0.4665499999999998,13.479,0.27153112480531705,0.0,0.0
and,uniform,30,200,42,1000,0.145,13.432,0.01107153300626176,0.619,0.003095000000000001,0.09,0.9874553880244298,0.0,0.0
oracle,uniform,30,200,123,1000,13.289,13.365,1.0404800962968919,98.421,0.49210499999999996,12.46,0.2747972777737693,0.0,0.0
mfg_no_excl,uniform,30,200,123,1000,12.946,13.365,1.014152493361471,96.931,0.4846550000000001,13.049,0.2843635826948942,0.0,0.0
self_excl_only,uniform,30,200,123,1000,13.303,13.365,1.0425384294025541,99.152,0.4957600000000003,13.741,0.2578824451910754,0.0,0.0
ema_fixed_low,uniform,30,200,123,1000,14.83,13.365,1.1594677885023474,110.221,0.5511050000000002,26.607,0.1394625897634367,0.028306334412910538,12.415237658622807
ema_fixed_high,uniform,30,200,123,1000,14.88,13.365,1.1667399740739146,110.696,0.5534800000000002,27.555,0.13111291224911364,0.031185400890559108,11.992711832632276
ema_adaptive,uniform,30,200,123,1000,14.657,13.365,1.1489414800241058,109.272,0.5463600000000001,27.537,0.13655758592667053,0.029706805426475587,12.227625176298334
ema_ad_low,uniform,30,200,123,1000,14.679,13.365,1.146372624361362,109.305,0.5465250000000004,21.067,0.17083774806539376,0.025725106352599173,8.090821504415118
ema_ad_med,uniform,30,200,123,1000,14.982,13.365,1.170866461282095,111.704,0.5585199999999998,24.068,0.14837323115344667,0.028003496133278183,10.118709110034727
ema_no_coll,uniform,30,200,123,1000,14.006,13.365,1.098024783416618,104.228,0.5211400000000008,16.875,0.21584301699812777,0.022324417789401092,5.063624655771951
consec_L2,uniform,30,200,123,1000,15.033,13.365,1.17449916541577,111.513,0.5575650000000002,29.651,0.11939176818266699,0.03190050261566193,6.880009468987989
consec_L4,uniform,30,200,123,1000,15.278,13.365,1.1953378060450037,114.375,0.5718749999999997,40.182,0.07734785567692345,0.03642525379661567,3.874312537445447
dcf_self_excl,uniform,30,200,123,1000,10.954,13.365,0.8595065040437722,81.429,0.4071449999999993,29.472,0.18653992455116006,0.0,0.0
pnd,uniform,30,200,123,1000,12.604,13.365,0.9872676367191459,93.495,0.46747500000000036,12.614,0.2799716319851312,0.0,0.0
pnd_cd,uniform,30,200,123,1000,12.7,13.365,0.9926793710202763,94.128,0.47064000000000017,13.365,0.270905593596651,0.0,0.0
and,uniform,30,200,123,1000,0.144,13.365,0.011393893236965985,0.605,0.0030250000000000016,0.098,0.987065179660382,0.0,0.0
oracle,uniform,30,200,456,1000,13.595,13.617,1.0481370351295096,99.297,0.4964849999999996,12.73,0.26832415464703413,0.0,0.0
mfg_no_excl,uniform,30,200,456,1000,13.108,13.617,1.009873567562729,97.056,0.48527999999999993,13.289,0.2833314135756389,0.0,0.0
self_excl_only,uniform,30,200,456,1000,13.378,13.617,1.0328218386471,98.293,0.4914649999999998,13.926,0.2571686948090652,0.0,0.0
ema_fixed_low,uniform,30,200,456,1000,14.71,13.617,1.1367903839919526,108.86,0.5442999999999996,26.592,0.14304235694628964,0.028543339014842465,12.49597675700513
ema_fixed_high,uniform,30,200,456,1000,14.97,13.617,1.154355865155509,110.508,0.55254,27.661,0.1313019609954438,0.030561769721614607,12.004616279919684
ema_adaptive,uniform,30,200,456,1000,14.993,13.617,1.1540216461205908,111.078,0.5553899999999998,27.397,0.13350062578238173,0.029650207124017627,11.972382031461358
ema_ad_low,uniform,30,200,456,1000,14.726,13.617,1.1367697888619226,108.991,0.5449549999999994,21.131,0.17132904630350862,0.02575519409546666,7.928392991247017
ema_ad_med,uniform,30,200,456,1000,14.8,13.617,1.1419923957148803,109.035,0.5451750000000002,24.206,0.15305498032517062,0.027377155812699745,10.323839730384512
ema_no_coll,uniform,30,200,456,1000,14.033,13.617,1.0826657417383303,103.076,0.51538,17.034,0.21745198045697323,0.02293114390987367,5.279170126805176
consec_L2,uniform,30,200,456,1000,15.131,13.617,1.1692715379817673,111.748,0.5587399999999998,29.727,0.1188232252723474,0.031805754553738685,6.780901128632148
consec_L4,uniform,30,200,456,1000,15.495,13.617,1.1957099391513133,114.724,0.5736200000000007,40.265,0.07666474509222261,0.03636496111389083,3.8387208927084924
dcf_self_excl,uniform,30,200,456,1000,11.092,13.617,0.8549439737208248,81.564,0.4078199999999997,29.935,0.18428087347383548,0.0,0.0
pnd,uniform,30,200,456,1000,12.443,13.617,0.9600537039283227,91.623,0.4581149999999997,12.875,0.28422077555641256,0.0,0.0
pnd_cd,uniform,30,200,456,1000,12.902,13.617,0.9974797768232493,94.714,0.4735699999999994,13.353,0.2685794040782589,0.0,0.0
and,uniform,30,200,456,1000,0.151,13.617,0.011422834379467159,0.654,0.003270000000000001,0.116,0.9857240659095636,0.0,0.0
oracle,uniform,30,200,789,1000,13.449,13.376,1.0534255189856605,98.427,0.4921349999999997,12.424,0.27345266743372026,0.0,0.0
mfg_no_excl,uniform,30,200,789,1000,13.173,13.376,1.0255275701379807,98.269,0.4913450000000001,13.084,0.28082047805256927,0.0,0.0
self_excl_only,uniform,30,200,789,1000,13.557,13.376,1.0614839168270667,99.848,0.4992400000000005,14.097,0.2523577492276034,0.0,0.0
ema_fixed_low,uniform,30,200,789,1000,14.635,13.376,1.1449537648153376,108.245,0.5412250000000001,26.838,0.14292100469792973,0.02829035078364843,12.549675152756812
ema_fixed_high,uniform,30,200,789,1000,14.935,13.376,1.1699346444104568,110.373,0.5518649999999998,27.53,0.132627100374377,0.030760729767056145,11.842745495915027
ema_adaptive,uniform,30,200,789,1000,14.822,13.376,1.1596448919114954,109.905,0.5495249999999995,27.479,0.1353794477700394,0.030029586147074197,12.071815108667588
ema_ad_low,uniform,30,200,789,1000,14.792,13.376,1.1554416647379113,109.334,0.5466699999999999,21.199,0.17048257967129776,0.025734540891243395,8.066867852048347
ema_ad_med,uniform,30,200,789,1000,14.951,13.376,1.167575957436098,110.665,0.553325000000001,24.113,0.15070231554336408,0.027551721532358166,10.159739518405763
ema_no_coll,uniform,30,200,789,1000,14.102,13.376,1.103462244613831,104.049,0.5202449999999995,17.076,0.21439780302735673,0.022335013048119957,5.252317892303553
consec_L2,uniform,30,200,789,1000,15.116,13.376,1.1821368446225267,111.757,0.5587850000000002,29.729,0.11930262099730958,0.03235171110363206,6.795593915413719
consec_L4,uniform,30,200,789,1000,15.429,13.376,1.2055303636035435,114.471,0.5723550000000003,40.167,0.07714000120400771,0.03667494568289323,3.8369988865874385
dcf_self_excl,uniform,30,200,789,1000,11.015,13.376,0.8624849432344397,81.175,0.4058749999999998,29.673,0.18606460693751567,0.0,0.0
pnd,uniform,30,200,789,1000,12.501,13.376,0.97604346410813,91.761,0.4588049999999999,12.763,0.2843275780082939,0.0,0.0
pnd_cd,uniform,30,200,789,1000,12.866,13.376,1.0057906671072292,95.1,0.4754999999999998,13.423,0.2677782507157872,0.0,0.0
and,uniform,30,200,789,1000,0.162,13.376,0.012584833213741873,0.692,0.003460000000000002,0.1,0.9860648698394845,0.0,0.0
oracle,uniform,30,200,1234,1000,13.447,13.483,1.0506269269441453,98.857,0.4942849999999993,12.749,0.27003228168038274,0.0,0.0
mfg_no_excl,uniform,30,200,1234,1000,13.196,13.483,1.0285948884443281,98.507,0.49253500000000044,13.415,0.2783609716281659,0.0,0.0
self_excl_only,uniform,30,200,1234,1000,13.325,13.483,1.0394934925122221,98.565,0.4928249999999997,14.051,0.2555903436523968,0.0,0.0
ema_fixed_low,uniform,30,200,1234,1000,14.648,13.483,1.1418641565728138,108.676,0.5433800000000003,26.359,0.14386915961491537,0.027992411218602506,12.497069973717018
ema_fixed_high,uniform,30,200,1234,1000,14.932,13.483,1.1644081431763502,110.67,0.5533500000000009,27.439,0.13159020994400897,0.030484313161793293,11.929027107197193
ema_adaptive,uniform,30,200,1234,1000,14.786,13.483,1.1528000615718939,109.818,0.5490899999999994,27.371,0.1360604023127492,0.02998650772294248,12.058983774335474
ema_ad_low,uniform,30,200,1234,1000,14.589,13.483,1.1402868224779759,108.488,0.5424399999999997,21.169,0.17317494067508554,0.025899105615339982,8.158989805257406
ema_ad_med,uniform,30,200,1234,1000,14.914,13.483,1.159719665196494,110.334,0.5516699999999988,24.167,0.15108616291604848,0.028072018466742066,10.141221008142486
ema_no_coll,uniform,30,200,1234,1000,14.121,13.483,1.1033379325517374,104.663,0.5233150000000001,16.728,0.21559272855430134,0.022921766119722034,4.985187045732254
consec_L2,uniform,30,200,1234,1000,15.018,13.483,1.168283408558546,111.522,0.5576100000000007,29.655,0.11972295033772934,0.03167777304076413,6.887036849961322
consec_L4,uniform,30,200,1234,1000,15.5,13.483,1.209578929051127,114.797,0.5739850000000002,40.214,0.07674568101822696,0.03650399872270976,3.8619809144708084
dcf_self_excl,uniform,30,200,1234,1000,11.186,13.483,0.8723322607462016,83.239,0.41619500000000004,29.603,0.1833652218440954,0.0,0.0
pnd,uniform,30,200,1234,1000,12.57,13.483,0.9784928108035981,93.205,0.4660249999999998,12.669,0.2815473083857561,0.0,0.0
pnd_cd,uniform,30,200,1234,1000,12.709,13.483,0.9904294261897523,93.604,0.46801999999999966,13.495,0.2704758144060216,0.0,0.0
and,uniform,30,200,1234,1000,0.156,13.483,0.012240928799442725,0.674,0.0033699999999999997,0.102,0.9862260135633213,0.0,0.0
oracle,uniform,50,20,42,1000,1.448,1.556,0.8366500000000001,9.182,0.4590999999999993,1.478,0.3157861111111107,0.0,0.0
mfg_no_excl,uniform,50,20,42,1000,1.216,1.556,0.7107333333333336,8.4,0.42,1.943,0.38971023143523065,0.0,0.0
self_excl_only,uniform,50,20,42,1000,1.491,1.556,0.8803166666666669,9.749,0.4874499999999994,2.393,0.2069329365079362,0.0,0.0
ema_fixed_low,uniform,50,20,42,1000,1.393,1.556,0.7936666666666664,9.019,0.4509499999999998,3.192,0.1691936618936616,0.02800000288526053,2.5621472721722722
ema_fixed_high,uniform,50,20,42,1000,1.396,1.556,0.7993833333333333,9.132,0.4565999999999997,2.841,0.18066879509379463,0.026740887348236167,7.503122077922084
ema_adaptive,uniform,50,20,42,1000,1.402,1.556,0.8177833333333342,9.165,0.4582499999999991,2.917,0.1743778499278496,0.026762094769792914,6.561130844155845
ema_ad_low,uniform,50,20,42,1000,1.409,1.556,0.8207000000000001,9.113,0.4556499999999994,2.354,0.22107391774891738,0.022515131715643878,6.408025216450223
ema_ad_med,uniform,50,20,42,1000,1.455,1.556,0.8483166666666667,9.307,0.46534999999999915,2.438,0.20396194083694058,0.023885035377691162,6.315260569985579
ema_no_coll,uniform,50,20,42,1000,1.429,1.556,0.8305,9.179,0.45894999999999975,2.149,0.23892936507936471,0.021173268591461333,6.459465079365087
consec_L2,uniform,50,20,42,1000,1.433,1.556,0.8382666666666669,9.3,0.46499999999999936,2.775,0.1762774170274168,0.027201768897261766,2.027440440115439
consec_L4,uniform,50,20,42,1000,1.373,1.556,0.7962333333333335,9.266,0.4632999999999996,2.976,0.1720526917526915,0.027634772870120266,0.18178879453879454
dcf_self_excl,uniform,50,20,42,1000,1.356,1.556,0.8039000000000004,8.66,0.4330000000000002,3.504,0.1537357503607503,0.0,0.0
pnd,uniform,50,20,42,1000,1.42,1.556,0.8234000000000002,9.17,0.45849999999999946,2.155,0.22543571428571407,0.0,0.0
pnd_cd,uniform,50,20,42,1000,1.364,1.556,0.7887833333333336,8.749,0.4374499999999994,2.114,0.23717658730158686,0.0,0.0
and,uniform,50,20,42,1000,0.0,1.556,0.0,0.0,0.0,0.0,1.0,0.0,0.0
oracle,uniform,50,20,123,1000,1.489,1.518,0.8450833333333334,9.142,0.4570999999999996,1.457,0.3073432900432895,0.0,0.0
mfg_no_excl,uniform,50,20,123,1000,1.162,1.518,0.663366666666667,7.999,0.39995000000000014,2.038,0.39968798701298647,0.0,0.0
self_excl_only,uniform,50,20,123,1000,1.44,1.518,0.8116499999999999,9.249,0.46244999999999986,2.408,0.22527698412698402,0.0,0.0
ema_fixed_low,uniform,50,20,123,1000,1.425,1.518,0.7938166666666667,9.162,0.45810000000000006,3.142,0.16388787878787844,0.028743612949049233,2.564670165945167
ema_fixed_high,uniform,50,20,123,1000,1.397,1.518,0.7899500000000003,9.125,0.45624999999999877,2.894,0.17375187590187574,0.02598175325558513,7.950433189033188
ema_adaptive,uniform,50,20,123,1000,1.413,1.518,0.8022666666666668,9.009,0.45044999999999935,2.844,0.18067788600288562,0.026710707006778783,6.44307633477634
ema_ad_low,uniform,50,20,123,1000,1.46,1.518,0.828666666666667,9.418,0.4708999999999997,2.36,0.21616551226551198,0.022018714244706417,6.5136405483405495
ema_ad_med,uniform,50,20,123,1000,1.401,1.518,0.8047000000000009,9.083,0.45414999999999955,2.475,0.20854249639249592,0.023836204393283267,6.64793914141415
ema_no_coll,uniform,50,20,123,1000,1.458,1.518,0.8324166666666664,9.317,0.46584999999999943,2.238,0.22359126984126956,0.02243402565403427,6.110501803751809
consec_L2,uniform,50,20,123,1000,1.424,1.518,0.8234500000000003,9.286,0.4642999999999996,2.7,0.17846078643578603,0.025922032276476294,2.008394660894659
consec_L4,uniform,50,20,123,1000,1.37,1.518,0.7733666666666663,9.012,0.4505999999999998,2.973,0.1803929653679651,0.02703311241092454,0.2018265873015873
dcf_self_excl,uniform,50,20,123,1000,1.33,1.518,0.7407333333333334,8.604,0.43019999999999997,3.706,0.14685490620490624,0.0,0.0
pnd,uniform,50,20,123,1000,1.406,1.518,0.8011666666666675,9.178,0.45889999999999914,2.151,0.22917857142857115,0.0,0.0
pnd_cd,uniform,50,20,123,1000,1.386,1.518,0.7832833333333332,9.03,0.4515000000000002,2.178,0.230124603174603,0.0,0.0
and,uniform,50,20,123,1000,0.0,1.518,0.0,0.0,0.0,0.0,1.0,0.0,0.0
oracle,uniform,50,20,456,1000,1.51,1.55,0.9133166666666669,9.429,0.47144999999999926,1.418,0.3085484126984124,0.0,0.0
mfg_no_excl,uniform,50,20,456,1000,1.196,1.55,0.7340666666666671,8.355,0.4177499999999996,1.932,0.38386330891330817,0.0,0.0
self_excl_only,uniform,50,20,456,1000,1.394,1.55,0.8522833333333332,9.221,0.4610499999999999,2.459,0.21971316738816712,0.0,0.0
ema_fixed_low,uniform,50,20,456,1000,1.466,1.55,0.8920666666666665,9.582,0.4790999999999998,3.137,0.15287959262959258,0.02784186864814961,2.145954284604285
ema_fixed_high,uniform,50,20,456,1000,1.396,1.55,0.8271166666666673,9.065,0.45324999999999976,2.81,0.1829465367965365,0.025930304919681468,7.674588419913422
ema_adaptive,uniform,50,20,456,1000,1.454,1.55,0.8681166666666668,9.601,0.4800499999999996,2.744,0.17479206349206322,0.025623284706337894,6.099921825396832
ema_ad_low,uniform,50,20,456,1000,1.457,1.55,0.86945,9.308,0.4654000000000001,2.276,0.21950952380952332,0.02194495629939435,6.446899025974031
ema_ad_med,uniform,50,20,456,1000,1.456,1.55,0.8604000000000003,9.58,0.47899999999999904,2.447,0.19966666666666627,0.023445315352162772,6.2891273809523875
ema_no_coll,uniform,50,20,456,1000,1.43,1.55,0.8487333333333335,9.332,0.46659999999999974,2.226,0.22316031746031723,0.021786719185952503,6.602995238095244
consec_L2,uniform,50,20,456,1000,1.418,1.55,0.8300666666666668,9.088,0.45440000000000036,2.869,0.17005093795093779,0.026881463827560303,1.9780250360750347
consec_L4,uniform,50,20,456,1000,1.436,1.55,0.8727000000000005,9.294,0.46469999999999917,3.058,0.15981002886002862,0.028089804251896854,0.2179642857142857
dcf_self_excl,uniform,50,20,456,1000,1.257,1.55,0.7501166666666667,8.039,0.4019499999999995,3.699,0.16342795815295794,0.0,0.0
pnd,uniform,50,20,456,1000,1.458,1.55,0.8806500000000003,9.347,0.46734999999999943,2.175,0.21834011544011525,0.0,0.0
pnd_cd,uniform,50,20,456,1000,1.432,1.55,0.8459333333333333,9.273,0.46365,2.128,0.2216531746031742,0.0,0.0
and,uniform,50,20,456,1000,0.0,1.55,0.0,0.0,0.0,0.0,1.0,0.0,0.0
oracle,uniform,50,20,789,1000,1.412,1.556,0.8076666666666665,9.1,0.4549999999999992,1.353,0.32923769841269757,0.0,0.0
mfg_no_excl,uniform,50,20,789,1000,1.164,1.556,0.6718333333333334,8.101,0.4050499999999999,2.045,0.39356880341880296,0.0,0.0
self_excl_only,uniform,50,20,789,1000,1.389,1.556,0.7861666666666673,9.068,0.45339999999999964,2.404,0.22602153679653628,0.0,0.0
ema_fixed_low,uniform,50,20,789,1000,1.451,1.556,0.8269166666666671,9.5,0.4749999999999992,3.113,0.15812204184704168,0.02796480668530032,2.4785191780441793
ema_fixed_high,uniform,50,20,789,1000,1.446,1.556,0.833083333333334,9.455,0.47274999999999984,2.846,0.16993701298701275,0.026156247936533865,7.332256637806642
ema_adaptive,uniform,50,20,789,1000,1.393,1.556,0.7990000000000003,9.015,0.4507499999999991,2.767,0.1837158730158728,0.027337517548868095,6.107544660894669
ema_ad_low,uniform,50,20,789,1000,1.408,1.556,0.8277500000000003,9.159,0.45794999999999986,2.291,0.22275436507936494,0.022602322068005425,6.615049639249644
ema_ad_med,uniform,50,20,789,1000,1.419,1.556,0.8184166666666663,9.26,0.46299999999999975,2.575,0.20166194083694056,0.023801516402028627,6.189107359307367
ema_no_coll,uniform,50,20,789,1000,1.424,1.556,0.8103333333333333,9.117,0.45584999999999976,2.292,0.23300753968253918,0.022762812771019544,6.201216733266739
consec_L2,uniform,50,20,789,1000,1.449,1.556,0.8335000000000001,9.264,0.46320000000000006,2.786,0.17616230158730126,0.025768329617361214,2.322285714285714
consec_L4,uniform,50,20,789,1000,1.421,1.556,0.8133333333333331,9.236,0.4617999999999996,3.043,0.1695457792207792,0.02785862718771579,0.1633152958152958
dcf_self_excl,uniform,50,20,789,1000,1.304,1.556,0.7371666666666669,8.738,0.43690000000000057,3.576,0.15146677489177499,0.0,0.0
pnd,uniform,50,20,789,1000,1.397,1.556,0.8051666666666669,8.974,0.44869999999999954,2.129,0.2300476190476186,0.0,0.0
pnd_cd,uniform,50,20,789,1000,1.379,1.556,0.7985833333333339,8.855,0.44275,2.134,0.2370095238095237,0.0,0.0
and,uniform,50,20,789,1000,0.0,1.556,0.0,0.0,0.0,0.0,1.0,0.0,0.0
oracle,uniform,50,20,1234,1000,1.502,1.517,0.8989500000000001,9.692,0.48459999999999964,1.418,0.30451587301587246,0.0,0.0
mfg_no_excl,uniform,50,20,1234,1000,1.177,1.517,0.7215666666666668,8.219,0.41095000000000037,1.908,0.3934322871572863,0.0,0.0
self_excl_only,uniform,50,20,1234,1000,1.408,1.517,0.83735,9.184,0.45919999999999994,2.413,0.22141832611832585,0.0,0.0
ema_fixed_low,uniform,50,20,1234,1000,1.416,1.517,0.8540166666666668,9.306,0.4652999999999993,3.051,0.16509787157287142,0.028549020795353652,2.280788997113996
ema_fixed_high,uniform,50,20,1234,1000,1.439,1.517,0.8503666666666667,9.356,0.46779999999999955,2.824,0.17249971139971135,0.026312414772401083,7.909441702741709
ema_adaptive,uniform,50,20,1234,1000,1.462,1.517,0.8662833333333334,9.328,0.46639999999999954,2.827,0.17077792207792178,0.026343240900691355,6.441429112554118
ema_ad_low,uniform,50,20,1234,1000,1.414,1.517,0.8561500000000003,9.182,0.45909999999999973,2.464,0.20774603174603132,0.02385419518157858,6.62441865079366
ema_ad_med,uniform,50,20,1234,1000,1.448,1.517,0.8727333333333338,9.243,0.4621500000000002,2.565,0.1971650793650791,0.023538207666108837,7.046339285714297
ema_no_coll,uniform,50,20,1234,1000,1.393,1.517,0.8336833333333332,9.135,0.4567499999999995,2.177,0.2390302669552665,0.022724644931321893,6.143458080808087
consec_L2,uniform,50,20,1234,1000,1.416,1.517,0.8538166666666671,9.214,0.4606999999999995,2.77,0.18059848484848484,0.025764243702552116,2.2766293650793648
consec_L4,uniform,50,20,1234,1000,1.409,1.517,0.8567833333333333,9.15,0.4574999999999995,3.074,0.1668066017316015,0.027933684861566523,0.2096920995670996
dcf_self_excl,uniform,50,20,1234,1000,1.287,1.517,0.7769833333333338,8.528,0.4263999999999997,3.637,0.15345613275613254,0.0,0.0
pnd,uniform,50,20,1234,1000,1.37,1.517,0.8202833333333333,8.764,0.43819999999999976,2.138,0.24057103174603145,0.0,0.0
pnd_cd,uniform,50,20,1234,1000,1.392,1.517,0.8448333333333341,9.03,0.4514999999999995,2.13,0.23120873015872973,0.0,0.0
and,uniform,50,20,1234,1000,0.0,1.517,0.0,0.0,0.0,0.0,1.0,0.0,0.0
oracle,uniform,50,50,42,1000,3.445,3.481,1.2006380952380957,24.052,0.48103999999999986,3.346,0.28522279591323757,0.0,0.0
mfg_no_excl,uniform,50,50,42,1000,3.131,3.481,1.0942190476190472,22.989,0.45977999999999986,3.872,0.3243438273327984,0.0,0.0
self_excl_only,uniform,50,50,42,1000,3.452,3.481,1.1885154761904753,24.869,0.49738000000000077,4.281,0.2351356923692068,0.0,0.0
ema_fixed_low,uniform,50,50,42,1000,3.603,3.481,1.2512035714285725,25.736,0.5147200000000006,7.918,0.12822340800978282,0.021237172738537428,11.833800768858621
ema_fixed_high,uniform,50,50,42,1000,3.573,3.481,1.231404761904761,25.403,0.50806,6.609,0.15389152082008153,0.019497508341595363,17.16289880462675
ema_adaptive,uniform,50,50,42,1000,3.624,3.481,1.2766523809523802,26.098,0.5219600000000001,7.069,0.13852744825693797,0.020166199921841526,14.78803042886335
ema_ad_low,uniform,50,50,42,1000,3.423,3.481,1.1859226190476189,24.485,0.48970000000000025,4.503,0.22554200668612492,0.015486958630951442,10.032598056681886
ema_ad_med,uniform,50,50,42,1000,3.527,3.481,1.2106035714285706,24.956,0.4991200000000003,5.451,0.18677280206463692,0.01811072737439712,11.503366661271308
ema_no_coll,uniform,50,50,42,1000,3.379,3.481,1.1803952380952383,23.774,0.4754799999999999,4.061,0.25087622973431856,0.014612874487812478,9.12425885593165
consec_L2,uniform,50,50,42,1000,3.526,3.481,1.227142857142856,25.132,0.5026399999999998,6.79,0.1518096758246919,0.020172383687412924,7.9323742889979005
consec_L4,uniform,50,50,42,1000,3.607,3.481,1.2511119047619044,26.07,0.5214000000000003,7.775,0.1254949939005978,0.02111262521658894,2.705932915703635
dcf_self_excl,uniform,50,50,42,1000,3.094,3.481,1.0810416666666665,21.879,0.43757999999999964,8.147,0.15868088491166676,0.0,0.0
pnd,uniform,50,50,42,1000,3.242,3.481,1.1345702380952367,22.933,0.4586599999999998,3.831,0.2580974636474645,0.0,0.0
pnd_cd,uniform,50,50,42,1000,3.234,3.481,1.1077416666666664,22.611,0.45221999999999984,3.821,0.26186279831279935,0.0,0.0
and,uniform,50,50,42,1000,0.066,3.481,0.023599999999999986,0.206,0.004120000000000002,0.038,0.9793333333333318,0.0,0.0
oracle,uniform,50,50,123,1000,3.46,3.48,1.2069488095238095,23.939,0.4787799999999998,3.374,0.2860460062984832,0.0,0.0
mfg_no_excl,uniform,50,50,123,1000,3.11,3.48,1.0795892857142848,22.744,0.45488,3.925,0.3274391381236582,0.0,0.0
self_excl_only,uniform,50,50,123,1000,3.44,3.48,1.197842857142857,24.2,0.4840000000000004,4.382,0.23731181424354847,0.0,0.0
ema_fixed_low,uniform,50,50,123,1000,3.667,3.48,1.2505178571428566,26.296,0.5259200000000004,7.728,0.1246185731971554,0.020684981086360233,12.291322770345694
ema_fixed_high,uniform,50,50,123,1000,3.53,3.48,1.2122511904761883,25.683,0.5136599999999998,6.479,0.15306854822164456,0.019203795173923247,16.991626128811827
ema_adaptive,uniform,50,50,123,1000,3.626,3.48,1.2454392857142849,25.904,0.5180800000000005,7.218,0.1371606671020764,0.020761952981535978,14.188969218878801
ema_ad_low,uniform,50,50,123,1000,3.459,3.48,1.1728273809523815,24.582,0.49164000000000074,4.614,0.21793002495870192,0.01585854275036757,10.018474935358743
ema_ad_med,uniform,50,50,123,1000,3.503,3.48,1.2051297619047612,24.757,0.49513999999999986,5.571,0.1865827105900639,0.018194467775416806,11.32400309469942
ema_no_coll,uniform,50,50,123,1000,3.357,3.48,1.1580702380952368,23.632,0.47264,4.086,0.250687031024532,0.015198213647132943,9.109735135697635
consec_L2,uniform,50,50,123,1000,3.555,3.48,1.2152916666666662,25.163,0.5032600000000003,6.73,0.15114971904600447,0.019776801021479076,8.139079980932378
consec_L4,uniform,50,50,123,1000,3.641,3.48,1.2703035714285706,26.071,0.5214200000000011,8.038,0.11958947735402074,0.02143870668272579,2.6526320225496227
dcf_self_excl,uniform,50,50,123,1000,3.05,3.48,1.0592916666666667,21.809,0.4361799999999998,8.127,0.16057965276897224,0.0,0.0
pnd,uniform,50,50,123,1000,3.296,3.48,1.1322261904761908,23.26,0.4651999999999998,3.862,0.25350670995671076,0.0,0.0
pnd_cd,uniform,50,50,123,1000,3.15,3.48,1.0894035714285708,22.55,0.4510000000000002,3.946,0.25890644633144716,0.0,0.0
and,uniform,50,50,123,1000,0.057,3.48,0.018633333333333335,0.175,0.0035000000000000022,0.046,0.9795999999999988,0.0,0.0
oracle,uniform,50,50,456,1000,3.442,3.557,1.136370238095238,23.85,0.47700000000000053,3.297,0.2920285445935221,0.0,0.0
mfg_no_excl,uniform,50,50,456,1000,3.15,3.557,1.0486654761904763,23.012,0.4602400000000008,3.765,0.33153630389218686,0.0,0.0
self_excl_only,uniform,50,50,456,1000,3.348,3.557,1.1179880952380947,23.702,0.47403999999999946,4.48,0.24075333821665174,0.0,0.0
ema_fixed_low,uniform,50,50,456,1000,3.616,3.557,1.20645238095238,26.048,0.5209600000000001,7.952,0.12377033543306512,0.02064710123768612,11.772236446465843
ema_fixed_high,uniform,50,50,456,1000,3.511,3.557,1.1753226190476178,25.16,0.5032000000000006,6.757,0.154528115129625,0.019854468187003146,17.51635106490516
ema_adaptive,uniform,50,50,456,1000,3.629,3.557,1.2031023809523804,26.239,0.5247800000000007,6.861,0.13992381509660137,0.019968850878920075,14.058070756688673
ema_ad_low,uniform,50,50,456,1000,3.471,3.557,1.1432130952380952,24.605,0.49210000000000026,4.605,0.21963487990337918,0.015940866115443823,9.798378558889498
ema_ad_med,uniform,50,50,456,1000,3.596,3.557,1.2013702380952371,25.613,0.5122599999999998,5.546,0.17990062757589892,0.01821857427472918,11.066261068622618
ema_no_coll,uniform,50,50,456,1000,3.411,3.557,1.1304452380952374,23.985,0.47969999999999985,4.222,0.24333482538703208,0.014855838324004788,9.295644030560936
consec_L2,uniform,50,50,456,1000,3.585,3.557,1.1836785714285707,25.898,0.5179600000000001,6.545,0.14953535127583176,0.019801863849205206,7.651985799082236
consec_L4,uniform,50,50,456,1000,3.667,3.557,1.210969047619048,26.146,0.5229199999999997,7.933,0.12176198735654412,0.02130974720728511,2.6183472717793115
dcf_self_excl,uniform,50,50,456,1000,3.066,3.557,1.0175988095238095,21.751,0.4350199999999997,8.184,0.1603560043284893,0.0,0.0
pnd,uniform,50,50,456,1000,3.21,3.557,1.0614535714285702,22.594,0.45188000000000006,3.873,0.2607281635031644,0.0,0.0
pnd_cd,uniform,50,50,456,1000,3.284,3.557,1.1004738095238105,22.948,0.45896000000000003,3.909,0.25401628371628504,0.0,0.0
and,uniform,50,50,456,1000,0.071,3.557,0.024042857142857137,0.216,0.004320000000000001,0.054,0.9750999999999975,0.0,0.0
oracle,uniform,50,50,789,1000,3.431,3.5,1.1875833333333334,23.997,0.47993999999999987,3.314,0.28748347412391606,0.0,0.0
mfg_no_excl,uniform,50,50,789,1000,3.098,3.5,1.0640380952380948,22.881,0.4576199999999995,3.892,0.32830068972994714,0.0,0.0
self_excl_only,uniform,50,50,789,1000,3.354,3.5,1.1664499999999995,23.958,0.4791600000000001,4.383,0.2414713370779551,0.0,0.0
ema_fixed_low,uniform,50,50,789,1000,3.622,3.5,1.2682166666666674,26.219,0.5243800000000004,7.917,0.12276916082328625,0.021231063332640843,11.345467070922009
ema_fixed_high,uniform,50,50,789,1000,3.564,3.5,1.2205964285714281,25.36,0.5072000000000002,6.569,0.15520328952952828,0.019806298562120874,16.762395043759124
ema_adaptive,uniform,50,50,789,1000,3.526,3.5,1.2247011904761893,25.062,0.5012400000000001,7.434,0.13974178764132383,0.020391256140677588,14.706709430451722
ema_ad_low,uniform,50,50,789,1000,3.409,3.5,1.1945797619047616,24.226,0.48452000000000023,4.519,0.2267967083570032,0.016476818986801492,9.752261555682875
ema_ad_med,uniform,50,50,789,1000,3.499,3.5,1.2091297619047616,25.044,0.5008799999999998,5.517,0.18437594655516512,0.017946102689507342,11.520600629508941
ema_no_coll,uniform,50,50,789,1000,3.333,3.5,1.1505892857142856,23.701,0.47402000000000066,4.144,0.24890314097667088,0.015216074005244239,9.009566638426938
consec_L2,uniform,50,50,789,1000,3.535,3.5,1.228255952380952,25.033,0.50066,6.848,0.15009186532421884,0.019830450507248947,7.991042388236117
consec_L4,uniform,50,50,789,1000,3.611,3.5,1.2541440476190466,26.144,0.5228800000000008,7.985,0.12169518342406076,0.021846347545882164,2.402034618883344
dcf_self_excl,uniform,50,50,789,1000,3.042,3.5,1.0416630952380956,21.916,0.43832000000000015,8.257,0.1576801875992276,0.0,0.0
pnd,uniform,50,50,789,1000,3.189,3.5,1.120172619047619,22.574,0.45148000000000027,3.913,0.26099532273282355,0.0,0.0
pnd_cd,uniform,50,50,789,1000,3.222,3.5,1.1046797619047626,22.791,0.45582,3.8,0.26022555361305444,0.0,0.0
and,uniform,50,50,789,1000,0.05,3.5,0.016650000000000005,0.153,0.0030600000000000024,0.043,0.9815333333333316,0.0,0.0
oracle,uniform,50,50,1234,1000,3.527,3.553,1.2214055555555554,24.979,0.4995799999999996,3.281,0.27901153258506245,0.0,0.0
mfg_no_excl,uniform,50,50,1234,1000,3.128,3.553,1.0604912698412705,22.81,0.45620000000000094,3.978,0.32390186096583157,0.0,0.0
self_excl_only,uniform,50,50,1234,1000,3.354,3.553,1.1371730158730153,23.761,0.4752199999999996,4.382,0.24256000535412378,0.0,0.0
ema_fixed_low,uniform,50,50,1234,1000,3.666,3.553,1.2464297619047606,26.227,0.5245400000000002,7.877,0.12566241795150948,0.020743321266097365,11.513184345314725
ema_fixed_high,uniform,50,50,1234,1000,3.573,3.553,1.211736507936508,25.384,0.50768,6.657,0.15364716641287904,0.019818671838906926,17.008027407611294
ema_adaptive,uniform,50,50,1234,1000,3.689,3.553,1.2543321428571423,26.214,0.5242800000000006,7.076,0.1367254588166584,0.019940183015676845,14.474616608851555
ema_ad_low,uniform,50,50,1234,1000,3.415,3.553,1.1491563492063488,24.32,0.4864000000000008,4.712,0.21715088057367535,0.01636711465844236,10.493892327443797
ema_ad_med,uniform,50,50,1234,1000,3.573,3.553,1.214763888888889,25.462,0.5092400000000004,5.44,0.18441989686869764,0.017582456322128428,11.836411601178325
ema_no_coll,uniform,50,50,1234,1000,3.305,3.553,1.1231805555555554,23.328,0.4665600000000002,4.003,0.25719045366398374,0.014776341996962502,9.056475580546904
consec_L2,uniform,50,50,1234,1000,3.526,3.553,1.1931750000000003,25.02,0.5004000000000004,6.892,0.15012177026619808,0.020231937031208767,8.073015580931806
consec_L4,uniform,50,50,1234,1000,3.638,3.553,1.2370436507936486,25.969,0.5193800000000004,8.155,0.12073139554232205,0.021016453898946814,2.8845746092146896
dcf_self_excl,uniform,50,50,1234,1000,3.105,3.553,1.0647841269841265,22.147,0.4429400000000007,8.163,0.1565740281160715,0.0,0.0
pnd,uniform,50,50,1234,1000,3.149,3.553,1.0668321428571423,22.368,0.4473600000000002,3.849,0.2664493992119003,0.0,0.0
pnd_cd,uniform,50,50,1234,1000,3.224,3.553,1.0995579365079362,22.924,0.45848000000000044,3.889,0.2566596653346663,0.0,0.0
and,uniform,50,50,1234,1000,0.065,3.553,0.022116666666666663,0.2,0.004000000000000003,0.046,0.9780333333333314,0.0,0.0
oracle,uniform,50,100,42,1000,6.819,6.748,1.1336585608835614,49.121,0.49121000000000065,6.539,0.272257070700303,0.0,0.0
mfg_no_excl,uniform,50,100,42,1000,6.424,6.748,1.0693820734820718,47.649,0.47649,7.141,0.29608377964893556,0.0,0.0
self_excl_only,uniform,50,100,42,1000,6.736,6.748,1.1187689865689885,49.295,0.49294999999999994,7.566,0.24945997916543913,0.0,0.0
ema_fixed_low,uniform,50,100,42,1000,7.459,6.748,1.240514030414032,54.676,0.5467599999999992,15.883,0.11718178468839015,0.01688019408458714,20.83994117245255
ema_fixed_high,uniform,50,100,42,1000,7.336,6.748,1.2259866855366854,53.677,0.5367700000000007,13.465,0.14020709553829053,0.016807574004619838,21.18157609064128
ema_adaptive,uniform,50,100,42,1000,7.5,6.748,1.2431422188922197,55.108,0.5510799999999998,15.39,0.11741531558386495,0.016693084499756396,19.797147768286926
ema_ad_low,uniform,50,100,42,1000,7.088,6.748,1.1777334360084368,51.823,0.5182300000000002,9.345,0.1993930990713668,0.012835382277136738,10.929290921437774
ema_ad_med,uniform,50,100,42,1000,7.327,6.748,1.2219686008436008,53.739,0.53739,11.854,0.15673491937968836,0.015144691883307818,14.893830281403885
ema_no_coll,uniform,50,100,42,1000,6.7,6.748,1.1161796509046524,48.73,0.48729999999999984,7.519,0.24985440946309903,0.011989135645382258,7.829727085345681
consec_L2,uniform,50,100,42,1000,7.23,6.748,1.2009529526029514,53.009,0.5300900000000001,14.087,0.13647838219655692,0.01672907032607035,11.738011453901692
consec_L4,uniform,50,100,42,1000,7.536,6.748,1.2453155094905102,55.415,0.5541499999999997,18.055,0.0946775510666515,0.018736458675241933,5.637104399966853
dcf_self_excl,uniform,50,100,42,1000,5.956,6.748,0.9881232350982345,43.465,0.43465000000000004,15.65,0.16609794106139614,0.0,0.0
pnd,uniform,50,100,42,1000,6.187,6.748,1.0262981851481858,45.187,0.45187000000000016,6.679,0.2804964168545227,0.0,0.0
pnd_cd,uniform,50,100,42,1000,6.258,6.748,1.029659138084139,45.06,0.4506000000000005,6.872,0.275903903206582,0.0,0.0
and,uniform,50,100,42,1000,0.095,6.748,0.015442857142857131,0.349,0.0034899999999999983,0.046,0.9850606060606071,0.0,0.0
oracle,uniform,50,100,123,1000,6.67,6.778,1.0975762931512933,48.46,0.4845999999999995,6.557,0.27745704654583436,0.0,0.0
mfg_no_excl,uniform,50,100,123,1000,6.465,6.778,1.0626862110112112,47.845,0.4784499999999999,7.052,0.2975283036865098,0.0,0.0
self_excl_only,uniform,50,100,123,1000,6.728,6.778,1.1024684870684873,48.877,0.4887699999999997,7.599,0.24901223508033943,0.0,0.0
ema_fixed_low,uniform,50,100,123,1000,7.506,6.778,1.2255222527472538,54.885,0.5488500000000005,15.509,0.11757471228854656,0.01689492802781054,20.327042279284736
ema_fixed_high,uniform,50,100,123,1000,7.251,6.778,1.1907546703296716,53.852,0.5385199999999999,13.234,0.14167833701268573,0.01641254348779929,21.136492765547633
ema_adaptive,uniform,50,100,123,1000,7.501,6.778,1.2306625097125115,55.198,0.5519800000000004,15.506,0.11487169287965625,0.017129606420932097,19.70209907925727
ema_ad_low,uniform,50,100,123,1000,7.132,6.778,1.1625995976245984,52.317,0.5231700000000002,9.377,0.19689738709765509,0.013450052421720999,10.670805676343653
ema_ad_med,uniform,50,100,123,1000,7.311,6.778,1.1988301393051417,53.393,0.5339299999999995,11.722,0.15820234500737607,0.015220895099468487,14.642048199833951
ema_no_coll,uniform,50,100,123,1000,6.652,6.778,1.09143427960928,48.105,0.4810499999999996,7.486,0.25419169331522484,0.01112389977666291,7.863484301202849
consec_L2,uniform,50,100,123,1000,7.376,6.778,1.2030500638250645,53.913,0.5391299999999996,13.964,0.13293910655721392,0.01662748923615405,11.61856635707533
consec_L4,uniform,50,100,123,1000,7.465,6.778,1.230042538017538,54.723,0.5472299999999997,18.325,0.09518722357902631,0.018716129842387227,5.952259628270161
dcf_self_excl,uniform,50,100,123,1000,5.881,6.778,0.9698852369852362,43.103,0.4310299999999992,15.775,0.16719382371859684,0.0,0.0
pnd,uniform,50,100,123,1000,6.339,6.778,1.044111383061384,45.914,0.45913999999999955,6.613,0.27749520388702664,0.0,0.0
pnd_cd,uniform,50,100,123,1000,6.186,6.778,1.0135088189588195,45.259,0.45258999999999944,6.794,0.27818182849722956,0.0,0.0
and,uniform,50,100,123,1000,0.1,6.778,0.016029004329004316,0.364,0.0036399999999999965,0.046,0.9845161616161627,0.0,0.0
oracle,uniform,50,100,456,1000,6.644,6.911,1.0621451104451098,48.207,0.4820699999999999,6.651,0.2780825101154506,0.0,0.0
mfg_no_excl,uniform,50,100,456,1000,6.402,6.911,1.0237830613830619,47.413,0.47413,6.789,0.3034615966765729,0.0,0.0
self_excl_only,uniform,50,100,456,1000,6.651,6.911,1.060378155178155,48.651,0.48651000000000016,7.533,0.2540113012316627,0.0,0.0
ema_fixed_low,uniform,50,100,456,1000,7.464,6.911,1.1902453851703847,54.959,0.54959,15.532,0.11806969892799699,0.01643572423223145,20.51271475763884
ema_fixed_high,uniform,50,100,456,1000,7.201,6.911,1.1516947163947178,52.665,0.5266499999999997,13.629,0.14363630586836654,0.016256284597391143,21.96348986529103
ema_adaptive,uniform,50,100,456,1000,7.503,6.911,1.1936352675102684,55.15,0.5514999999999994,15.233,0.1177592351824196,0.017433190058837564,19.3200785720315
ema_ad_low,uniform,50,100,456,1000,7.102,6.911,1.1296747474747477,52.225,0.5222499999999995,9.312,0.20005493710447253,0.013036769745013775,10.713412772766414
ema_ad_med,uniform,50,100,456,1000,7.476,6.911,1.1910294372294379,54.443,0.5444299999999999,11.806,0.15519071539979765,0.015374443140655098,14.349590348768526
ema_no_coll,uniform,50,100,456,1000,6.761,6.911,1.0740037434787435,48.981,0.48980999999999963,7.684,0.2460604985819533,0.011239559697002143,8.016174271084946
consec_L2,uniform,50,100,456,1000,7.32,6.911,1.1702181013431028,53.964,0.5396399999999991,14.007,0.13277270287286996,0.0165479582400264,11.48880485174816
consec_L4,uniform,50,100,456,1000,7.587,6.911,1.2028320124320142,55.355,0.5535499999999997,18.244,0.09319042924094276,0.01865097466493567,5.57087689157053
dcf_self_excl,uniform,50,100,456,1000,5.914,6.911,0.9423396686646692,43.08,0.43079999999999974,15.7,0.16766533625419724,0.0,0.0
pnd,uniform,50,100,456,1000,6.294,6.911,0.9975279359529371,45.652,0.4565199999999999,6.798,0.2756963745167734,0.0,0.0
pnd_cd,uniform,50,100,456,1000,6.303,6.911,1.0092791625041635,45.692,0.45691999999999966,6.786,0.27442324643032534,0.0,0.0
and,uniform,50,100,456,1000,0.109,6.911,0.016689621489621474,0.385,0.0038499999999999962,0.026,0.9855000000000012,0.0,0.0
oracle,uniform,50,100,789,1000,6.716,6.826,1.0924295510045516,48.612,0.48612,6.439,0.2795048202511784,0.0,0.0
mfg_no_excl,uniform,50,100,789,1000,6.345,6.826,1.0287999722499728,47.268,0.4726799999999998,7.034,0.3021715835612661,0.0,0.0
self_excl_only,uniform,50,100,789,1000,6.548,6.826,1.0582408008658002,48.049,0.4804899999999997,7.735,0.2526951066943265,0.0,0.0
ema_fixed_low,uniform,50,100,789,1000,7.476,6.826,1.2105300643800667,55.261,0.55261,15.619,0.11593373139495412,0.016835601464316705,20.46752901990296
ema_fixed_high,uniform,50,100,789,1000,7.258,6.826,1.1753667471417486,53.2,0.5320000000000001,13.365,0.1432975922285274,0.016278420423723513,21.393348196292806
ema_adaptive,uniform,50,100,789,1000,7.365,6.826,1.1991594017094027,53.84,0.5384000000000003,15.489,0.1212937578804055,0.01712702765781365,20.158641958234945
ema_ad_low,uniform,50,100,789,1000,7.037,6.826,1.1465538766788772,51.422,0.51422,9.341,0.20141612309320336,0.013226009467573756,10.53601454590979
ema_ad_med,uniform,50,100,789,1000,7.345,6.826,1.1962218253968258,53.833,0.5383300000000003,11.794,0.15673372630674304,0.01469689276849069,14.81681184098069
ema_no_coll,uniform,50,100,789,1000,6.655,6.826,1.0805014735264726,48.914,0.48913999999999985,7.519,0.24965896472797108,0.011139388683025898,7.888351463272451
consec_L2,uniform,50,100,789,1000,7.294,6.826,1.1861344655344663,53.441,0.5344099999999989,14.074,0.1342406729037612,0.01684630321644857,11.55560593009788
consec_L4,uniform,50,100,789,1000,7.498,6.826,1.2178554584304588,55.259,0.5525900000000004,18.271,0.09444174810283622,0.018833824398637965,5.560905809027978
dcf_self_excl,uniform,50,100,789,1000,5.875,6.826,0.9553925185925182,43.224,0.4322399999999995,15.648,0.16716510890622358,0.0,0.0
pnd,uniform,50,100,789,1000,6.168,6.826,1.0032855561105556,44.934,0.4493400000000004,6.712,0.2812744684708744,0.0,0.0
pnd_cd,uniform,50,100,789,1000,6.216,6.826,1.0044476329226335,45.379,0.45379000000000064,6.783,0.2781172379413866,0.0,0.0
and,uniform,50,100,789,1000,0.104,6.826,0.01749487734487733,0.375,0.0037499999999999955,0.063,0.9823626262626274,0.0,0.0
oracle,uniform,50,100,1234,1000,6.91,6.886,1.1095117160617156,50.38,0.5037999999999999,6.511,0.2674111759459118,0.0,0.0
mfg_no_excl,uniform,50,100,1234,1000,6.569,6.886,1.0565292873792875,48.226,0.4822600000000002,7.257,0.2897216740225426,0.0,0.0
self_excl_only,uniform,50,100,1234,1000,6.64,6.886,1.0705757131757137,48.421,0.4842099999999999,7.552,0.252714380029061,0.0,0.0
ema_fixed_low,uniform,50,100,1234,1000,7.554,6.886,1.2109468975468973,55.385,0.55385,15.504,0.11619682611239004,0.016486622631786206,20.44758945253021
ema_fixed_high,uniform,50,100,1234,1000,7.266,6.886,1.170231315906317,53.093,0.5309299999999996,13.405,0.14367665982126854,0.01652289456734714,21.378092265292246
ema_adaptive,uniform,50,100,1234,1000,7.59,6.886,1.2223812215562224,55.67,0.5566999999999998,15.268,0.11543782972358643,0.01686699259193122,19.600005561810374
ema_ad_low,uniform,50,100,1234,1000,7.038,6.886,1.1256513347763348,51.228,0.5122799999999998,9.453,0.20160170382727735,0.01365891053867615,10.875628862747257
ema_ad_med,uniform,50,100,1234,1000,7.408,6.886,1.195663217338219,54.178,0.5417800000000002,11.8,0.15709881473792875,0.014850087247823785,14.84373342627155
ema_no_coll,uniform,50,100,1234,1000,6.611,6.886,1.0603944943944947,48.057,0.4805699999999998,7.417,0.25567651667908176,0.011600304416357713,7.63606016244181
consec_L2,uniform,50,100,1234,1000,7.238,6.886,1.1625234626484635,52.818,0.5281800000000002,14.125,0.13668840136425955,0.01671674285213601,11.806681622222293
consec_L4,uniform,50,100,1234,1000,7.541,6.886,1.2086192002442009,55.497,0.5549699999999995,18.244,0.0936753708382873,0.01839156300817818,5.8211989592697
dcf_self_excl,uniform,50,100,1234,1000,5.912,6.886,0.9496310189810188,43.345,0.4334499999999997,15.707,0.1669483903220508,0.0,0.0
pnd,uniform,50,100,1234,1000,6.144,6.886,0.9817489732489736,44.709,0.44708999999999893,6.721,0.28312474529329507,0.0,0.0
pnd_cd,uniform,50,100,1234,1000,6.256,6.886,1.0078731768231757,45.654,0.45653999999999995,6.857,0.274700069454783,0.0,0.0
and,uniform,50,100,1234,1000,0.108,6.886,0.01708336940836939,0.39,0.003899999999999997,0.032,0.9850000000000011,0.0,0.0
oracle,uniform,50,200,42,1000,13.273,13.508,1.029788777647249,98.035,0.49017499999999997,12.882,0.271840442819313,0.0,0.0
mfg_no_excl,uniform,50,200,42,1000,13.014,13.508,1.0122068486305356,96.592,0.4829599999999997,13.663,0.28195332943274004,0.0,0.0
self_excl_only,uniform,50,200,42,1000,13.372,13.508,1.039241255525856,98.887,0.4944350000000004,13.993,0.25641047048314164,0.0,0.0
ema_fixed_low,uniform,50,200,42,1000,14.351,13.508,1.114163040756824,106.394,0.5319700000000014,25.659,0.1532596335437962,0.014705705824963639,23.323198129488283
ema_fixed_high,uniform,50,200,42,1000,14.74,13.508,1.1453598277186468,109.002,0.5450099999999994,26.964,0.13809787311693816,0.01565266759727772,22.125012701360774
ema_adaptive,uniform,50,200,42,1000,14.67,13.508,1.1393644617760896,108.623,0.5431150000000002,27.364,0.13848484339164596,0.015522763540128156,22.008026262964297
ema_ad_low,uniform,50,200,42,1000,14.493,13.508,1.1240756890352832,107.183,0.5359149999999997,19.574,0.18539772197181584,0.012285113456399965,13.678296611622743
ema_ad_med,uniform,50,200,42,1000,14.69,13.508,1.1429241993282875,108.822,0.5441100000000006,22.993,0.15995171403639197,0.013865163283450195,18.144506533644915
ema_no_coll,uniform,50,200,42,1000,13.415,13.508,1.0434461634576226,98.964,0.4948200000000002,14.784,0.24677676201357632,0.010029113574701778,8.160735546399327
consec_L2,uniform,50,200,42,1000,14.763,13.508,1.1472103371013538,109.132,0.5456600000000007,29.314,0.1265921632855295,0.016263411947223114,12.697619592852222
consec_L4,uniform,50,200,42,1000,15.277,13.508,1.1825011692858387,113.035,0.5651750000000005,39.538,0.08185793836305387,0.01834369424144898,7.129157417798947
dcf_self_excl,uniform,50,200,42,1000,11.413,13.508,0.8854616377064163,84.461,0.42230500000000004,30.044,0.17838450741727094,0.0,0.0
pnd,uniform,50,200,42,1000,12.275,13.508,0.9546649754557369,90.906,0.4545299999999996,12.346,0.2914408397430194,0.0,0.0
pnd_cd,uniform,50,200,42,1000,12.365,13.508,0.957876229230343,91.069,0.4553449999999994,12.802,0.2848230880155945,0.0,0.0
and,uniform,50,200,42,1000,0.05,13.508,0.003740186284303933,0.156,0.0007800000000000004,0.033,0.9954295321637433,0.0,0.0
oracle,uniform,50,200,123,1000,13.27,13.489,1.032428715788855,97.449,0.4872449999999993,13.054,0.271190011367265,0.0,0.0
mfg_no_excl,uniform,50,200,123,1000,13.023,13.489,1.011094544980303,97.288,0.4864399999999998,13.446,0.28070077619665407,0.0,0.0
self_excl_only,uniform,50,200,123,1000,13.165,13.489,1.0184706914387631,97.333,0.4866649999999989,13.906,0.26043563848807066,0.0,0.0
ema_fixed_low,uniform,50,200,123,1000,14.44,13.489,1.1212060735059572,106.876,0.5343800000000006,25.532,0.15176745039254874,0.014640612904957898,23.05440670840712
ema_fixed_high,uniform,50,200,123,1000,14.66,13.489,1.1343050098121696,109.668,0.54834,26.583,0.1389036642546996,0.015456335206002252,21.950394134248153
ema_adaptive,uniform,50,200,123,1000,14.695,13.489,1.137978444938276,109.56,0.5478000000000007,27.335,0.13598754883529518,0.01557162589088386,21.982893765477034
ema_ad_low,uniform,50,200,123,1000,14.317,13.489,1.105771116615584,106.673,0.5333650000000001,19.357,0.18825550238182454,0.012396446365256901,13.611131768086453
ema_ad_med,uniform,50,200,123,1000,14.505,13.489,1.1238844663978953,107.534,0.5376700000000008,23.3,0.16106189741439716,0.013900084926418753,18.32018823466002
ema_no_coll,uniform,50,200,123,1000,13.483,13.489,1.042369189419111,99.539,0.4976949999999996,14.42,0.24668646729296514,0.010038499160110894,7.934226862341899
consec_L2,uniform,50,200,123,1000,14.824,13.489,1.1479485670933822,110.592,0.5529600000000002,28.85,0.12568421344696987,0.016017014302050978,12.619513945069917
consec_L4,uniform,50,200,123,1000,15.274,13.489,1.1852419710492474,113.38,0.5668999999999995,39.141,0.08241352572435169,0.018481930479916583,7.125416679594514
dcf_self_excl,uniform,50,200,123,1000,11.354,13.489,0.88026259143763,84.417,0.4220850000000001,30.217,0.17737799514722075,0.0,0.0
pnd,uniform,50,200,123,1000,12.257,13.489,0.9486657049692647,90.393,0.45196500000000006,12.269,0.2932071225439017,0.0,0.0
pnd_cd,uniform,50,200,123,1000,12.292,13.489,0.9521132293274307,91.213,0.4560649999999992,12.645,0.2871968973089734,0.0,0.0
and,uniform,50,200,123,1000,0.049,13.489,0.0036406184286989257,0.154,0.0007700000000000005,0.025,0.9959239766081878,0.0,0.0
oracle,uniform,50,200,456,1000,13.178,13.573,1.0191693632715975,96.967,0.48483499999999946,13.049,0.27371867124186317,0.0,0.0
mfg_no_excl,uniform,50,200,456,1000,13.092,13.573,1.0089853386534726,97.436,0.48718000000000067,13.335,0.2818505573062412,0.0,0.0
self_excl_only,uniform,50,200,456,1000,13.284,13.573,1.0227843871368094,98.066,0.4903300000000004,13.921,0.2593262743739739,0.0,0.0
ema_fixed_low,uniform,50,200,456,1000,14.486,13.573,1.115605628679811,107.362,0.5368099999999997,25.411,0.15180989363196157,0.014814295591614996,22.86282671600233
ema_fixed_high,uniform,50,200,456,1000,14.733,13.573,1.1373462761993465,109.182,0.5459100000000001,26.884,0.13864050368522998,0.015457000863365534,22.371269131573488
ema_adaptive,uniform,50,200,456,1000,14.816,13.573,1.1386812335331111,109.969,0.5498449999999993,27.423,0.1347815587716276,0.015561594870000453,21.8179912862348
ema_ad_low,uniform,50,200,456,1000,14.366,13.573,1.1069215279857454,106.576,0.5328800000000008,19.376,0.18887443271941756,0.012059588662796107,13.698702334976016
ema_ad_med,uniform,50,200,456,1000,14.859,13.573,1.1429448987393682,109.992,0.5499600000000002,23.397,0.1563846548838555,0.014023459686731882,17.94528699517611
ema_no_coll,uniform,50,200,456,1000,13.466,13.573,1.0369627346074526,99.3,0.49649999999999933,14.937,0.24443851611375259,0.010091339726346214,8.260352907165503
consec_L2,uniform,50,200,456,1000,14.847,13.573,1.1448053564279088,110.461,0.5523049999999998,28.839,0.12562958928971618,0.015853317519853003,12.589895339355841
consec_L4,uniform,50,200,456,1000,15.436,13.573,1.190790464622985,114.61,0.5730499999999997,39.209,0.08020085810664246,0.018404490314315604,6.94711969808242
dcf_self_excl,uniform,50,200,456,1000,11.385,13.573,0.8792921379535802,83.863,0.4193149999999997,30.241,0.1781112803140918,0.0,0.0
pnd,uniform,50,200,456,1000,12.319,13.573,0.9508377363217979,90.703,0.4535149999999999,12.372,0.2918789609540303,0.0,0.0
pnd_cd,uniform,50,200,456,1000,12.385,13.573,0.9551492386214527,90.935,0.4546750000000004,12.743,0.28557187137205975,0.0,0.0
and,uniform,50,200,456,1000,0.047,13.573,0.0036358718465916624,0.153,0.0007650000000000005,0.034,0.9955350877192991,0.0,0.0
oracle,uniform,50,200,789,1000,13.321,13.389,1.045357855268226,97.995,0.4899749999999997,12.776,0.2724253799632224,0.0,0.0
mfg_no_excl,uniform,50,200,789,1000,12.83,13.389,1.0055407766425175,95.846,0.4792299999999999,13.695,0.2842007963734214,0.0,0.0
self_excl_only,uniform,50,200,789,1000,13.113,13.389,1.0270743222206071,97.329,0.48664499999999977,13.906,0.261617065501546,0.0,0.0
ema_fixed_low,uniform,50,200,789,1000,14.545,13.389,1.1405197551330684,108.037,0.5401850000000004,25.469,0.15006066440083238,0.014463250961787544,23.008901657618136
ema_fixed_high,uniform,50,200,789,1000,14.682,13.389,1.1498975925132666,108.501,0.542505,27.113,0.13898526620116647,0.015702038760640306,22.20261402949857
ema_adaptive,uniform,50,200,789,1000,14.584,13.389,1.143818333111678,107.919,0.5395950000000003,27.435,0.1390593064417499,0.015814801757125074,22.063703361568372
ema_ad_low,uniform,50,200,789,1000,14.423,13.389,1.127749176288107,106.709,0.5335449999999998,19.574,0.18648470290372612,0.012523758400632298,13.66192638283894
ema_ad_med,uniform,50,200,789,1000,14.687,13.389,1.1488112019516443,108.741,0.5437050000000001,23.169,0.15970541037196742,0.013791538730030136,18.059890604287432
ema_no_coll,uniform,50,200,789,1000,13.368,13.389,1.0485839813995779,99.022,0.49511000000000105,14.748,0.24705921585311663,0.010125699058479173,8.462758885780863
consec_L2,uniform,50,200,789,1000,14.853,13.389,1.1642921897589866,109.846,0.5492299999999999,29.184,0.12566167449744256,0.016181524084700864,12.553744987413
consec_L4,uniform,50,200,789,1000,15.335,13.389,1.2010569278244976,113.782,0.5689100000000002,39.685,0.08051332099105937,0.018426906983128735,7.034909195573133
dcf_self_excl,uniform,50,200,789,1000,11.426,13.389,0.8957229524861081,84.574,0.4228699999999994,30.289,0.1758875650792643,0.0,0.0
pnd,uniform,50,200,789,1000,12.285,13.389,0.9609483811767858,90.689,0.4534449999999999,12.314,0.2923626195663896,0.0,0.0
pnd_cd,uniform,50,200,789,1000,12.305,13.389,0.9647590446790912,90.825,0.45412499999999933,12.804,0.2868435003489887,0.0,0.0
and,uniform,50,200,789,1000,0.032,13.389,0.0026070201856966567,0.107,0.0005350000000000002,0.035,0.9963315789473689,0.0,0.0
oracle,uniform,50,200,1234,1000,13.512,13.575,1.0436640607070957,99.973,0.4998649999999999,12.858,0.2667910512070842,0.0,0.0
mfg_no_excl,uniform,50,200,1234,1000,13.058,13.575,1.0089097631427741,96.797,0.4839850000000002,13.835,0.2801769929876933,0.0,0.0
self_excl_only,uniform,50,200,1234,1000,13.344,13.575,1.0295994945886586,98.548,0.4927399999999998,13.767,0.2580343674349129,0.0,0.0
ema_fixed_low,uniform,50,200,1234,1000,14.456,13.575,1.114294183134547,106.95,0.5347500000000004,25.564,0.15160462371885378,0.014803062701782098,22.939132758188208
ema_fixed_high,uniform,50,200,1234,1000,14.757,13.575,1.1380080650214937,109.498,0.5474900000000004,26.96,0.13755595592070086,0.01585658450307407,22.096946420202553
ema_adaptive,uniform,50,200,1234,1000,14.814,13.575,1.1413110250087042,109.9,0.5494999999999994,27.226,0.13640060491552558,0.015561785270192545,21.691428115004094
ema_ad_low,uniform,50,200,1234,1000,14.337,13.575,1.1030673426934259,105.852,0.5292600000000001,19.529,0.18983805381929977,0.012315775135375004,13.954283326106262
ema_ad_med,uniform,50,200,1234,1000,14.686,13.575,1.132646166209093,108.411,0.5420550000000003,23.066,0.16164205993933525,0.013399681070942594,18.24200568270071
ema_no_coll,uniform,50,200,1234,1000,13.31,13.575,1.025050431646097,98.566,0.4928299999999998,14.642,0.2495760730874804,0.010256297562531286,8.002010675065593
consec_L2,uniform,50,200,1234,1000,14.761,13.575,1.1353815477608054,109.2,0.5460000000000004,29.43,0.12645103780717631,0.01631162651926617,12.726724476075768
consec_L4,uniform,50,200,1234,1000,15.363,13.575,1.1815567572606274,113.941,0.5697049999999998,39.353,0.08116129452486329,0.018334730041043343,7.076165096142659
dcf_self_excl,uniform,50,200,1234,1000,11.447,13.575,0.8817946070226632,84.844,0.42421999999999954,30.22,0.17722142421213816,0.0,0.0
pnd,uniform,50,200,1234,1000,12.234,13.575,0.9416206314583252,90.115,0.4505749999999999,12.371,0.29289006583376687,0.0,0.0
pnd_cd,uniform,50,200,1234,1000,12.338,13.575,0.9518529018453157,91.051,0.45525499999999997,12.75,0.28634830691267865,0.0,0.0
and,uniform,50,200,1234,1000,0.058,13.575,0.0043291824360709805,0.181,0.0009050000000000005,0.033,0.9950175438596498,0.0,0.0
oracle,bimodal,10,20,42,1000,1.599,1.523,1.0016166666666666,9.884,0.49420000000000097,1.248,0.27111587301587303,0.0,0.0
mfg_no_excl,bimodal,10,20,42,1000,1.164,1.523,0.7276999999999998,8.072,0.40360000000000074,1.74,0.3878421632289276,0.0,0.0
self_excl_only,bimodal,10,20,42,1000,1.515,1.523,0.955066666666667,9.46,0.4730000000000007,2.099,0.19638019480519495,0.0,0.0
ema_fixed_low,bimodal,10,20,42,1000,1.441,1.523,0.8940999999999999,9.156,0.4578000000000008,2.743,0.14996252913752922,0.10540883586145837,1.194593548118548
ema_fixed_high,bimodal,10,20,42,1000,1.44,1.523,0.8945666666666666,9.024,0.45120000000000077,2.575,0.16020822510822505,0.09934804925917042,2.5639319985569946
ema_adaptive,bimodal,10,20,42,1000,1.495,1.523,0.9249,9.444,0.4722000000000014,2.723,0.14892319624819625,0.10395291263461032,1.255900974025974
ema_ad_low,bimodal,10,20,42,1000,1.509,1.523,0.9390333333333333,9.396,0.4698000000000001,2.235,0.18509823232323233,0.09023925925864346,0.9935652597402598
ema_ad_med,bimodal,10,20,42,1000,1.469,1.523,0.9286833333333328,9.308,0.46540000000000087,2.351,0.17341764069264054,0.09444740638168933,1.143168434343434
ema_no_coll,bimodal,10,20,42,1000,1.53,1.523,0.9396166666666667,9.688,0.4844000000000009,2.226,0.17421396103896103,0.08700472253513873,0.9697298396048389
consec_L2,bimodal,10,20,42,1000,1.462,1.523,0.9141833333333332,9.272,0.4636000000000011,2.492,0.16275313852813864,0.09961581385277249,1.084142388167388
consec_L4,bimodal,10,20,42,1000,1.446,1.523,0.8999333333333333,9.136,0.456800000000001,2.666,0.1535423160173161,0.10381484054154738,0.2635131313131311
dcf_self_excl,bimodal,10,20,42,1000,1.385,1.523,0.8436333333333333,8.724,0.43620000000000003,2.803,0.1626183982683982,0.0,0.0
pnd,bimodal,10,20,42,1000,1.49,1.523,0.9313500000000002,9.008,0.45040000000000013,2.029,0.19888134920634937,0.0,0.0
pnd_cd,bimodal,10,20,42,1000,1.486,1.523,0.9235499999999998,9.104,0.45520000000000016,2.007,0.20291309523809523,0.0,0.0
and,bimodal,10,20,42,1000,0.456,1.523,0.2865,1.872,0.09360000000000059,0.139,0.8039999999999993,0.0,0.0
oracle,bimodal,10,20,123,1000,1.486,1.482,0.8913166666666664,9.328,0.4664000000000008,1.189,0.2982634920634919,0.0,0.0
mfg_no_excl,bimodal,10,20,123,1000,1.211,1.482,0.7199333333333333,8.308,0.41540000000000066,1.66,0.3865135281385276,0.0,0.0
self_excl_only,bimodal,10,20,123,1000,1.52,1.482,0.8958333333333331,9.376,0.46880000000000055,1.94,0.20442204184704185,0.0,0.0
ema_fixed_low,bimodal,10,20,123,1000,1.452,1.482,0.8506,9.24,0.462000000000001,2.742,0.152519769119769,0.10316355777988,1.1960585497835505
ema_fixed_high,bimodal,10,20,123,1000,1.51,1.482,0.8852000000000003,9.336,0.46680000000000066,2.529,0.15447730880230873,0.09998282187088074,2.3941428932178934
ema_adaptive,bimodal,10,20,123,1000,1.463,1.482,0.8748666666666666,9.14,0.4570000000000004,2.553,0.16137622655122666,0.09974070590828704,1.2321955266955265
ema_ad_low,bimodal,10,20,123,1000,1.536,1.482,0.894166666666667,9.648,0.48240000000000116,2.362,0.17123864746364742,0.08897887188473291,1.0787845737595736
ema_ad_med,bimodal,10,20,123,1000,1.557,1.482,0.9335833333333338,9.652,0.48260000000000086,2.362,0.16552875180375173,0.0943466573394841,1.0938292929292928
ema_no_coll,bimodal,10,20,123,1000,1.511,1.482,0.9060333333333334,9.452,0.47260000000000096,2.154,0.18912705627705637,0.0851760456276318,0.9653595959595953
consec_L2,bimodal,10,20,123,1000,1.431,1.482,0.8501333333333331,8.836,0.4418000000000007,2.547,0.16240981240981234,0.09938708067903226,1.1375854978354978
consec_L4,bimodal,10,20,123,1000,1.442,1.482,0.8620833333333333,9.12,0.4560000000000008,2.747,0.1525705627705628,0.10063457478048864,0.2799594516594516
dcf_self_excl,bimodal,10,20,123,1000,1.344,1.482,0.801283333333334,8.544,0.4272000000000006,2.748,0.16804065656565634,0.0,0.0
pnd,bimodal,10,20,123,1000,1.473,1.482,0.8614500000000004,9.324,0.4662000000000004,1.884,0.20401746031746046,0.0,0.0
pnd_cd,bimodal,10,20,123,1000,1.479,1.482,0.8818666666666667,9.004,0.4502000000000001,1.944,0.19941349206349235,0.0,0.0
and,bimodal,10,20,123,1000,0.413,1.482,0.24341666666666675,1.692,0.08460000000000047,0.114,0.8253833333333316,0.0,0.0
oracle,bimodal,10,20,456,1000,1.539,1.59,0.8923333333333334,9.348,0.46740000000000026,1.237,0.2865190476190476,0.0,0.0
mfg_no_excl,bimodal,10,20,456,1000,1.222,1.59,0.7129166666666665,8.352,0.41760000000000114,1.751,0.3852524170274162,0.0,0.0
self_excl_only,bimodal,10,20,456,1000,1.557,1.59,0.8881666666666671,9.596,0.47980000000000095,1.984,0.19321075036075044,0.0,0.0
ema_fixed_low,bimodal,10,20,456,1000,1.424,1.59,0.8245833333333333,8.952,0.4476000000000006,2.74,0.15177723665223652,0.10312964062887653,1.148548665223664
ema_fixed_high,bimodal,10,20,456,1000,1.446,1.59,0.8363333333333333,8.76,0.4380000000000005,2.544,0.17083163780663774,0.09636779085359179,2.6084237012987024
ema_adaptive,bimodal,10,20,456,1000,1.455,1.59,0.8551666666666667,9.156,0.4578000000000009,2.818,0.14850977633477658,0.10198140934210233,1.3557085858585844
ema_ad_low,bimodal,10,20,456,1000,1.508,1.59,0.8840833333333333,9.424,0.4712000000000011,2.274,0.17947308802308792,0.08558700281929194,1.0720134199134197
ema_ad_med,bimodal,10,20,456,1000,1.522,1.59,0.8695000000000004,9.36,0.46800000000000036,2.401,0.17174556277056283,0.09353618148331747,1.1209333333333327
ema_no_coll,bimodal,10,20,456,1000,1.489,1.59,0.8718333333333336,9.092,0.4546000000000003,2.203,0.1922433982683983,0.0858422423364367,0.9530428932178934
consec_L2,bimodal,10,20,456,1000,1.503,1.59,0.8820833333333337,9.364,0.4682000000000007,2.387,0.15872608225108228,0.09754612218617086,1.0746170995670998
consec_L4,bimodal,10,20,456,1000,1.473,1.59,0.8614166666666667,9.284,0.46420000000000117,2.706,0.15108113275613277,0.10065533157813755,0.26468762626262626
dcf_self_excl,bimodal,10,20,456,1000,1.318,1.59,0.7663333333333338,8.464,0.42320000000000124,2.822,0.17066237373737378,0.0,0.0
pnd,bimodal,10,20,456,1000,1.474,1.59,0.8874166666666666,8.896,0.4447999999999999,1.92,0.21208055555555563,0.0,0.0
pnd_cd,bimodal,10,20,456,1000,1.44,1.59,0.8393333333333337,8.696,0.43480000000000074,1.947,0.21625277777777782,0.0,0.0
and,bimodal,10,20,456,1000,0.403,1.59,0.23291666666666674,1.684,0.08420000000000048,0.133,0.822749999999998,0.0,0.0
oracle,bimodal,10,20,789,1000,1.553,1.522,0.9300000000000002,9.708,0.4854000000000004,1.246,0.2839234126984124,0.0,0.0
mfg_no_excl,bimodal,10,20,789,1000,1.223,1.522,0.73775,8.204,0.41020000000000084,1.675,0.3748838744588739,0.0,0.0
self_excl_only,bimodal,10,20,789,1000,1.545,1.522,0.8977499999999995,9.324,0.46620000000000006,1.975,0.1986884060384063,0.0,0.0
ema_fixed_low,bimodal,10,20,789,1000,1.481,1.522,0.8705000000000003,9.172,0.45860000000000073,2.746,0.1445958513708515,0.10129455931579961,1.1645813131313132
ema_fixed_high,bimodal,10,20,789,1000,1.456,1.522,0.8607500000000003,9.056,0.4528000000000009,2.548,0.1664926406926408,0.09405491162564705,2.5018716450216467
ema_adaptive,bimodal,10,20,789,1000,1.508,1.522,0.8916666666666667,9.296,0.4648000000000011,2.691,0.1455252886002886,0.10149904949097074,1.2674389971139968
ema_ad_low,bimodal,10,20,789,1000,1.534,1.522,0.9017500000000005,9.336,0.46680000000000094,2.282,0.183930266955267,0.08790824026983332,1.0188670634920636
ema_ad_med,bimodal,10,20,789,1000,1.549,1.522,0.9086666666666665,9.62,0.48100000000000137,2.431,0.162026911976912,0.09167068156489071,1.139665007215007
ema_no_coll,bimodal,10,20,789,1000,1.548,1.522,0.9073333333333337,9.512,0.4756000000000005,2.201,0.187159704184704,0.08525073883409025,0.983911191586192
consec_L2,bimodal,10,20,789,1000,1.423,1.522,0.8391666666666668,8.844,0.4422000000000001,2.419,0.17174512987013002,0.09470004509710479,1.0807597763347774
consec_L4,bimodal,10,20,789,1000,1.506,1.522,0.8880833333333332,9.52,0.476000000000001,2.592,0.1493501082251081,0.09910156620804467,0.23065378787878785
dcf_self_excl,bimodal,10,20,789,1000,1.332,1.522,0.7945833333333335,8.464,0.42320000000000085,2.745,0.17598257575757567,0.0,0.0
pnd,bimodal,10,20,789,1000,1.471,1.522,0.8856666666666669,8.764,0.43819999999999903,1.798,0.2204015873015875,0.0,0.0
pnd_cd,bimodal,10,20,789,1000,1.471,1.522,0.8734166666666666,8.948,0.4474000000000002,1.936,0.21457063492063477,0.0,0.0
and,bimodal,10,20,789,1000,0.356,1.522,0.1957500000000001,1.448,0.07240000000000035,0.126,0.8400833333333311,0.0,0.0
oracle,bimodal,10,20,1234,1000,1.551,1.571,0.9254166666666667,9.58,0.47900000000000026,1.284,0.2768834054834055,0.0,0.0
mfg_no_excl,bimodal,10,20,1234,1000,1.213,1.571,0.7252500000000005,8.252,0.4126000000000006,1.775,0.38120404040403993,0.0,0.0
self_excl_only,bimodal,10,20,1234,1000,1.523,1.571,0.9111666666666671,9.42,0.47100000000000064,2.168,0.1886660173160175,0.0,0.0
ema_fixed_low,bimodal,10,20,1234,1000,1.454,1.571,0.86425,9.088,0.4544000000000003,2.755,0.15261143578643552,0.09931944588826526,1.2377820707070708
ema_fixed_high,bimodal,10,20,1234,1000,1.462,1.571,0.8703333333333334,9.136,0.4568000000000008,2.46,0.1652876262626262,0.10123345153457489,2.303249675324675
ema_adaptive,bimodal,10,20,1234,1000,1.432,1.571,0.8478333333333331,9.024,0.4512000000000005,2.689,0.15448706016206012,0.10367704497812072,1.3148126845376846
ema_ad_low,bimodal,10,20,1234,1000,1.525,1.571,0.9166666666666669,9.508,0.4754000000000006,2.311,0.17526886724386742,0.09102483395144637,0.9789084415584417
ema_ad_med,bimodal,10,20,1234,1000,1.455,1.571,0.881666666666667,8.98,0.44900000000000045,2.537,0.17476421356421365,0.09544866998400975,1.2035315656565653
ema_no_coll,bimodal,10,20,1234,1000,1.496,1.571,0.87375,9.28,0.4640000000000008,2.197,0.18675101010101014,0.08707065744366561,0.9893462842712838
consec_L2,bimodal,10,20,1234,1000,1.445,1.571,0.8442500000000005,9.116,0.45580000000000104,2.482,0.16296525974025974,0.10027334413100238,1.0975562049062049
consec_L4,bimodal,10,20,1234,1000,1.457,1.571,0.8755833333333336,9.132,0.45660000000000106,2.601,0.15590862193362187,0.10340769778567141,0.23606186868686868
dcf_self_excl,bimodal,10,20,1234,1000,1.311,1.571,0.7868333333333334,8.268,0.41339999999999993,2.879,0.17395440115440072,0.0,0.0
pnd,bimodal,10,20,1234,1000,1.454,1.571,0.8785,9.096,0.4548000000000009,1.92,0.21220519480519484,0.0,0.0
pnd_cd,bimodal,10,20,1234,1000,1.425,1.571,0.8497500000000001,9.012,0.45060000000000067,1.924,0.2060718253968257,0.0,0.0
and,bimodal,10,20,1234,1000,0.441,1.571,0.2760833333333333,1.796,0.08980000000000059,0.136,0.8095999999999987,0.0,0.0
oracle,bimodal,10,50,42,1000,3.574,3.456,1.2669690476190476,25.696,0.5139200000000006,2.933,0.26837946293902176,0.0,0.0
mfg_no_excl,bimodal,10,50,42,1000,3.078,3.456,1.0717380952380946,23.256,0.46512000000000053,3.412,0.3252818259355024,0.0,0.0
self_excl_only,bimodal,10,50,42,1000,3.443,3.456,1.2082821428571422,24.732,0.49463999999999975,3.885,0.238043901089451,0.0,0.0
ema_fixed_low,bimodal,10,50,42,1000,3.646,3.456,1.2871273809523813,27.192,0.5438399999999992,7.82,0.10749196847147177,0.10390587761378606,2.4229614079572204
ema_fixed_high,bimodal,10,50,42,1000,3.574,3.456,1.2819845238095235,26.104,0.5220799999999992,6.705,0.13501900719679424,0.09623881956383491,3.555433438993924
ema_adaptive,bimodal,10,50,42,1000,3.659,3.456,1.2999202380952382,27.156,0.5431199999999996,7.742,0.10845086501373885,0.10445601910621105,2.3063577084165816
ema_ad_low,bimodal,10,50,42,1000,3.65,3.456,1.2727297619047606,26.568,0.5313599999999988,5.285,0.17265560878749767,0.08418648427808442,1.3810851272695315
ema_ad_med,bimodal,10,50,42,1000,3.671,3.456,1.301958333333332,26.996,0.5399199999999986,6.099,0.14304749302106842,0.09253140261264922,1.6548283047257413
ema_no_coll,bimodal,10,50,42,1000,3.615,3.456,1.2768869047619054,26.252,0.52504,4.741,0.1962651087818275,0.07842097631093257,1.1070679412134141
consec_L2,bimodal,10,50,42,1000,3.709,3.456,1.3144369047619047,26.884,0.5376799999999984,6.554,0.12917037652129743,0.09805249617357674,1.7424321444277528
consec_L4,bimodal,10,50,42,1000,3.553,3.456,1.2510369047619048,26.476,0.5295199999999995,7.89,0.11265520886977914,0.10313311509019968,0.7412315901579468
dcf_self_excl,bimodal,10,50,42,1000,3.034,3.456,1.062402380952381,21.824,0.43647999999999965,6.879,0.1715956966348449,0.0,0.0
pnd,bimodal,10,50,42,1000,3.431,3.456,1.217409523809523,24.58,0.4915999999999986,3.829,0.2316659032101375,0.0,0.0
pnd_cd,bimodal,10,50,42,1000,3.343,3.456,1.1838309523809518,23.852,0.47703999999999885,3.962,0.23355148497013897,0.0,0.0
and,bimodal,10,50,42,1000,0.201,3.456,0.07199047619047617,0.972,0.019439999999999985,0.08,0.9571474025974029,0.0,0.0
oracle,bimodal,10,50,123,1000,3.529,3.445,1.2565587301587289,24.772,0.49543999999999977,2.94,0.2798477798474317,0.0,0.0
mfg_no_excl,bimodal,10,50,123,1000,3.15,3.445,1.1290317460317467,23.96,0.4792000000000002,3.319,0.3192315674091989,0.0,0.0
self_excl_only,bimodal,10,50,123,1000,3.453,3.445,1.248359920634919,24.58,0.49159999999999954,3.581,0.24563814763667724,0.0,0.0
ema_fixed_low,bimodal,10,50,123,1000,3.618,3.445,1.2821503968253956,26.752,0.5350400000000001,7.911,0.10930317492309694,0.10471987429991933,2.5003168606142845
ema_fixed_high,bimodal,10,50,123,1000,3.742,3.445,1.3432714285714287,27.232,0.5446399999999993,6.402,0.13124042170980257,0.09833429132688454,3.317597132247926
ema_adaptive,bimodal,10,50,123,1000,3.628,3.445,1.2734035714285712,26.496,0.5299199999999991,8.038,0.10812714741387852,0.1077437816757338,2.4055651215032863
ema_ad_low,bimodal,10,50,123,1000,3.679,3.445,1.3088876984126983,26.46,0.5292000000000002,5.397,0.17192293398017794,0.08391497652755095,1.4377341426790116
ema_ad_med,bimodal,10,50,123,1000,3.655,3.445,1.3148674603174588,26.556,0.5311199999999997,6.022,0.15127422218177622,0.09399233636712563,1.6183088541654946
ema_no_coll,bimodal,10,50,123,1000,3.535,3.445,1.2482519841269841,25.428,0.5085599999999996,4.918,0.20164166541662712,0.07834198650187015,1.1983289463202775
consec_L2,bimodal,10,50,123,1000,3.545,3.445,1.2568980158730143,26.1,0.5219999999999987,6.645,0.1350468289347773,0.09498355275308866,1.7736196778102624
consec_L4,bimodal,10,50,123,1000,3.581,3.445,1.2851206349206346,26.444,0.5288800000000002,7.856,0.11334646096132887,0.10320863191445166,0.7007253387861669
dcf_self_excl,bimodal,10,50,123,1000,3.021,3.445,1.0781726190476189,21.612,0.4322399999999995,6.884,0.17242927966688,0.0,0.0
pnd,bimodal,10,50,123,1000,3.344,3.445,1.1929797619047615,24.0,0.47999999999999926,3.746,0.24384394380129748,0.0,0.0
pnd_cd,bimodal,10,50,123,1000,3.411,3.445,1.2365829365079353,24.124,0.4824799999999996,3.929,0.23001619400980913,0.0,0.0
and,bimodal,10,50,123,1000,0.201,3.445,0.07223214285714287,0.956,0.019119999999999988,0.119,0.9532579975579973,0.0,0.0
oracle,bimodal,10,50,456,1000,3.497,3.508,1.192611507936508,24.308,0.48615999999999954,2.977,0.2824643690416911,0.0,0.0
mfg_no_excl,bimodal,10,50,456,1000,3.127,3.508,1.0525480158730158,23.388,0.4677600000000006,3.393,0.32393245761376566,0.0,0.0
self_excl_only,bimodal,10,50,456,1000,3.499,3.508,1.1890468253968243,24.78,0.495599999999999,3.756,0.239776863332746,0.0,0.0
ema_fixed_low,bimodal,10,50,456,1000,3.623,3.508,1.2377063492063491,26.348,0.5269599999999995,8.162,0.10745606213052672,0.10584215239658926,2.467105456241712
ema_fixed_high,bimodal,10,50,456,1000,3.693,3.508,1.2570654761904745,26.3,0.5259999999999995,6.699,0.1325251887543522,0.0983075644556518,3.4371658104985636
ema_adaptive,bimodal,10,50,456,1000,3.651,3.508,1.2382769841269838,26.724,0.5344799999999995,7.919,0.11025213913477744,0.10515416994174266,2.366608861682733
ema_ad_low,bimodal,10,50,456,1000,3.688,3.508,1.2391658730158726,26.456,0.5291199999999996,5.368,0.1719343741110302,0.08529635991437354,1.3991629369259633
ema_ad_med,bimodal,10,50,456,1000,3.71,3.508,1.2556321428571418,26.704,0.5340799999999991,6.251,0.14496392820061935,0.09672253867675142,1.6219552421776573
ema_no_coll,bimodal,10,50,456,1000,3.599,3.508,1.2332928571428552,25.436,0.5087200000000003,4.98,0.19655055069909574,0.08138887383149544,1.2003347580475487
consec_L2,bimodal,10,50,456,1000,3.681,3.508,1.2592880952380945,26.756,0.5351199999999979,6.389,0.13338201877018074,0.09642380834816122,1.7312630040596992
consec_L4,bimodal,10,50,456,1000,3.754,3.508,1.2601313492063495,27.32,0.5464000000000006,7.931,0.10236117850034901,0.1065295363309804,0.6939807422764486
dcf_self_excl,bimodal,10,50,456,1000,3.039,3.508,1.052487301587301,21.876,0.4375199999999995,6.804,0.17217397089476,0.0,0.0
pnd,bimodal,10,50,456,1000,3.348,3.508,1.143642857142856,23.68,0.47359999999999886,3.762,0.2473700431104846,0.0,0.0
pnd_cd,bimodal,10,50,456,1000,3.413,3.508,1.1593353174603178,24.036,0.4807199999999988,3.943,0.23228392987731278,0.0,0.0
and,bimodal,10,50,456,1000,0.204,3.508,0.06484206349206352,1.08,0.02159999999999997,0.08,0.9556666666666669,0.0,0.0
oracle,bimodal,10,50,789,1000,3.507,3.51,1.2207281746031744,24.684,0.4936800000000002,2.89,0.2778457889332892,0.0,0.0
mfg_no_excl,bimodal,10,50,789,1000,3.21,3.51,1.1122273809523804,23.792,0.47584,3.353,0.31462743339821475,0.0,0.0
self_excl_only,bimodal,10,50,789,1000,3.42,3.51,1.1991142857142858,24.28,0.4855999999999998,3.736,0.24723138011799048,0.0,0.0
ema_fixed_low,bimodal,10,50,789,1000,3.674,3.51,1.2802904761904759,26.792,0.5358399999999993,8.106,0.1057581336765735,0.1074830825506735,2.4240054798355892
ema_fixed_high,bimodal,10,50,789,1000,3.682,3.51,1.2894051587301574,26.424,0.5284799999999987,6.725,0.1323671840507505,0.09465119062465058,3.422319510001337
ema_adaptive,bimodal,10,50,789,1000,3.694,3.51,1.2983218253968263,26.688,0.53376,7.954,0.10822160594094982,0.10638361073808453,2.343963012041637
ema_ad_low,bimodal,10,50,789,1000,3.703,3.51,1.2775948412698404,26.468,0.5293599999999989,5.316,0.17168246036299487,0.08518494578750996,1.373994188040201
ema_ad_med,bimodal,10,50,789,1000,3.737,3.51,1.3066805555555552,26.764,0.5352799999999992,6.285,0.14644608650491658,0.09357580524464643,1.7217164147728394
ema_no_coll,bimodal,10,50,789,1000,3.638,3.51,1.2654230158730155,25.672,0.5134399999999997,4.897,0.19897770072205126,0.0794609794185991,1.1846686823324595
consec_L2,bimodal,10,50,789,1000,3.589,3.51,1.2610369047619037,25.9,0.517999999999999,6.615,0.13746717804021186,0.0945432262696585,1.7740609274796255
consec_L4,bimodal,10,50,789,1000,3.749,3.51,1.307210714285714,27.14,0.5428000000000003,7.936,0.10592470057854594,0.10650327501072705,0.6963070286466724
dcf_self_excl,bimodal,10,50,789,1000,3.057,3.51,1.0736678571428575,21.82,0.43639999999999873,6.96,0.1708727396440709,0.0,0.0
pnd,bimodal,10,50,789,1000,3.35,3.51,1.1501849206349195,23.48,0.4695999999999996,3.692,0.24667740278297598,0.0,0.0
pnd_cd,bimodal,10,50,789,1000,3.463,3.51,1.214629761904762,24.484,0.4896799999999992,4.043,0.2235412272368161,0.0,0.0
and,bimodal,10,50,789,1000,0.238,3.51,0.08446071428571426,1.104,0.022079999999999964,0.084,0.950509920634921,0.0,0.0
oracle,bimodal,10,50,1234,1000,3.415,3.438,1.1946083333333326,24.58,0.49160000000000037,2.836,0.2841834480062423,0.0,0.0
mfg_no_excl,bimodal,10,50,1234,1000,3.09,3.438,1.0789369047619042,23.456,0.46912000000000076,3.47,0.31754624945917537,0.0,0.0
self_excl_only,bimodal,10,50,1234,1000,3.477,3.438,1.1885988095238087,24.924,0.4984800000000002,3.765,0.23891789621197554,0.0,0.0
ema_fixed_low,bimodal,10,50,1234,1000,3.642,3.438,1.2639547619047604,27.024,0.5404799999999996,7.682,0.11031599049759028,0.10447621403544174,2.451414899957546
ema_fixed_high,bimodal,10,50,1234,1000,3.595,3.438,1.239165476190476,26.404,0.5280799999999986,6.513,0.13409834482645497,0.09574602134205935,3.440758675339636
ema_adaptive,bimodal,10,50,1234,1000,3.651,3.438,1.2656630952380947,27.044,0.5408799999999994,7.79,0.1057554659374362,0.10399884128694858,2.380168992722258
ema_ad_low,bimodal,10,50,1234,1000,3.7,3.438,1.2812892857142868,27.0,0.5399999999999993,5.257,0.168516818548669,0.08734784890154235,1.2628715683525293
ema_ad_med,bimodal,10,50,1234,1000,3.678,3.438,1.2835011904761886,26.792,0.5358399999999995,6.249,0.14447246010353657,0.09506665168926257,1.6899417173255
ema_no_coll,bimodal,10,50,1234,1000,3.494,3.438,1.1996000000000004,25.464,0.5092799999999997,4.594,0.20968749496099312,0.07580456596390525,1.1658907845721371
consec_L2,bimodal,10,50,1234,1000,3.615,3.438,1.2519904761904765,26.092,0.5218399999999984,6.693,0.13365909676633123,0.09879462992265349,1.7820255500657634
consec_L4,bimodal,10,50,1234,1000,3.6,3.438,1.2504583333333328,26.28,0.5256000000000006,8.064,0.10762175493999496,0.10897394565232937,0.6990215968907187
dcf_self_excl,bimodal,10,50,1234,1000,3.029,3.438,1.0504011904761896,21.78,0.4355999999999985,6.798,0.17343065729681784,0.0,0.0
pnd,bimodal,10,50,1234,1000,3.415,3.438,1.174947619047619,24.5,0.48999999999999905,3.752,0.23760490196078488,0.0,0.0
pnd_cd,bimodal,10,50,1234,1000,3.423,3.438,1.1981428571428565,24.588,0.491759999999999,3.899,0.22592561531605715,0.0,0.0
and,bimodal,10,50,1234,1000,0.193,3.438,0.06513095238095246,0.98,0.019599999999999982,0.095,0.9564335137085138,0.0,0.0
oracle,bimodal,10,100,42,1000,6.781,6.627,1.1723182539682548,50.996,0.5099600000000003,5.328,0.25788371684733585,0.0,0.0
mfg_no_excl,bimodal,10,100,42,1000,6.358,6.627,1.0926107142857133,49.488,0.49488,5.727,0.2848661888229823,0.0,0.0
self_excl_only,bimodal,10,100,42,1000,6.624,6.627,1.139650396825397,50.032,0.5003200000000001,6.124,0.24760839712319355,0.0,0.0
ema_fixed_low,bimodal,10,100,42,1000,7.462,6.627,1.2859932539682535,57.744,0.57744,17.777,0.0759028767232741,0.14447368658934126,3.025578221791186
ema_fixed_high,bimodal,10,100,42,1000,7.314,6.627,1.2604551587301602,56.272,0.5627200000000007,14.222,0.10897908625802741,0.12749612753573986,3.4019643281458216
ema_adaptive,bimodal,10,100,42,1000,7.412,6.627,1.2805646825396844,57.24,0.5724000000000008,17.93,0.07841087619243536,0.14492289803972203,2.999399423033843
ema_ad_low,bimodal,10,100,42,1000,7.302,6.627,1.2535916666666669,56.192,0.5619200000000003,12.865,0.12437490082788692,0.13396697622351889,1.9001388545352527
ema_ad_med,bimodal,10,100,42,1000,7.405,6.627,1.2803103174603174,56.948,0.5694800000000009,14.849,0.10172621882044525,0.14089027929315243,2.343742068167428
ema_no_coll,bimodal,10,100,42,1000,7.236,6.627,1.2444178571428575,55.672,0.5567200000000004,11.287,0.14840136662297534,0.12931996615898178,1.4588060249366845
consec_L2,bimodal,10,100,42,1000,7.326,6.627,1.261882142857141,56.344,0.5634400000000004,14.161,0.10348784642744424,0.1320414460145632,1.8755130030075862
consec_L4,bimodal,10,100,42,1000,7.328,6.627,1.2661003968253985,56.608,0.5660800000000009,19.211,0.07097662508762481,0.14847802584519487,1.0091397341982842
dcf_self_excl,bimodal,10,100,42,1000,5.921,6.627,1.0160099206349202,45.228,0.4522799999999999,16.434,0.1416543634035743,0.0,0.0
pnd,bimodal,10,100,42,1000,6.624,6.627,1.141988888888889,50.464,0.5046399999999992,7.139,0.22547178915210492,0.0,0.0
pnd_cd,bimodal,10,100,42,1000,6.625,6.627,1.1406170634920632,50.18,0.5017999999999998,7.885,0.21083961983268193,0.0,0.0
and,bimodal,10,100,42,1000,1.611,6.627,0.2777607142857141,10.668,0.10668000000000033,0.724,0.7917335276488281,0.0,0.0
oracle,bimodal,10,100,123,1000,6.733,6.638,1.1321099206349203,50.356,0.5035600000000002,5.296,0.2626436740537471,0.0,0.0
mfg_no_excl,bimodal,10,100,123,1000,6.483,6.638,1.089773412698413,49.98,0.49980000000000013,5.723,0.2814374756636022,0.0,0.0
self_excl_only,bimodal,10,100,123,1000,6.557,6.638,1.1006749999999994,49.3,0.49300000000000027,5.797,0.2588508265054195,0.0,0.0
ema_fixed_low,bimodal,10,100,123,1000,7.424,6.638,1.2408027777777775,57.512,0.575120000000001,17.884,0.07727630999267406,0.14234596775942193,3.0945935409037006
ema_fixed_high,bimodal,10,100,123,1000,7.453,6.638,1.244431746031745,57.084,0.5708400000000009,13.971,0.10203434897513129,0.13192759949349234,3.2341724439485118
ema_adaptive,bimodal,10,100,123,1000,7.375,6.638,1.2374158730158715,56.708,0.5670800000000006,18.022,0.079280821273232,0.14301646714637026,3.048917966959442
ema_ad_low,bimodal,10,100,123,1000,7.32,6.638,1.2240361111111129,55.84,0.5584000000000002,13.014,0.12248005427643276,0.1355203735104958,1.9068327833546033
ema_ad_med,bimodal,10,100,123,1000,7.433,6.638,1.2451321428571427,56.956,0.5695600000000004,14.783,0.10165187380429212,0.14154983470840418,2.32654839856187
ema_no_coll,bimodal,10,100,123,1000,7.118,6.638,1.1880761904761914,54.856,0.5485599999999996,11.156,0.15752261271219778,0.12160674248365995,1.5110622021181748
consec_L2,bimodal,10,100,123,1000,7.3,6.638,1.2280523809523802,56.12,0.5612000000000009,14.406,0.10343542102467537,0.1297728959293867,1.8909384707904353
consec_L4,bimodal,10,100,123,1000,7.234,6.638,1.2133341269841278,56.088,0.5608800000000006,19.013,0.07452629466906294,0.1439999978106157,1.0098977272065062
dcf_self_excl,bimodal,10,100,123,1000,5.945,6.638,0.9924928571428567,44.852,0.4485199999999995,16.504,0.13976112763693355,0.0,0.0
pnd,bimodal,10,100,123,1000,6.517,6.638,1.0943484126984135,49.164,0.4916399999999998,7.206,0.22990906422975668,0.0,0.0
pnd_cd,bimodal,10,100,123,1000,6.729,6.638,1.1307218253968259,50.692,0.5069199999999995,7.94,0.2035744989110706,0.0,0.0
and,bimodal,10,100,123,1000,1.595,6.638,0.26690992063492025,10.764,0.10764000000000015,0.759,0.7899728523908431,0.0,0.0
oracle,bimodal,10,100,456,1000,6.782,6.78,1.1098083333333324,50.608,0.5060800000000006,5.196,0.2625672276337243,0.0,0.0
mfg_no_excl,bimodal,10,100,456,1000,6.427,6.78,1.0435884920634924,48.964,0.4896399999999996,5.849,0.28497508781096353,0.0,0.0
self_excl_only,bimodal,10,100,456,1000,6.699,6.78,1.092906746031746,50.188,0.5018800000000002,5.915,0.24713640637086273,0.0,0.0
ema_fixed_low,bimodal,10,100,456,1000,7.449,6.78,1.2169059523809516,56.892,0.5689200000000004,18.113,0.07674327324860229,0.1429564236318732,3.0782379834069657
ema_fixed_high,bimodal,10,100,456,1000,7.354,6.78,1.203501587301588,55.76,0.5576000000000012,14.366,0.1064496624020533,0.12948402175488063,3.3380164595083612
ema_adaptive,bimodal,10,100,456,1000,7.425,6.78,1.2222579365079353,56.812,0.5681200000000007,18.001,0.0790479251095447,0.13939953712106615,3.0708625693524323
ema_ad_low,bimodal,10,100,456,1000,7.37,6.78,1.1976559523809522,55.936,0.5593600000000013,13.022,0.12267135118299963,0.1342126988506041,1.9211129121546453
ema_ad_med,bimodal,10,100,456,1000,7.487,6.78,1.2178916666666666,57.108,0.5710800000000005,15.033,0.0995677701131756,0.14228744414530511,2.3453957376251724
ema_no_coll,bimodal,10,100,456,1000,7.152,6.78,1.169730952380953,54.2,0.5420000000000006,11.337,0.1525032274418274,0.1268613122381933,1.507226234204232
consec_L2,bimodal,10,100,456,1000,7.36,6.78,1.2041579365079362,56.04,0.5604000000000007,14.322,0.10331299151837733,0.13033077484982322,1.8670979403289096
consec_L4,bimodal,10,100,456,1000,7.462,6.78,1.2185686507936506,57.176,0.5717599999999986,19.032,0.06945807748287411,0.1512814519496055,0.9731296455691881
dcf_self_excl,bimodal,10,100,456,1000,6.016,6.78,0.98652142857143,45.104,0.45103999999999955,16.484,0.13961202052089108,0.0,0.0
pnd,bimodal,10,100,456,1000,6.578,6.78,1.0740619047619047,48.848,0.4884800000000005,7.234,0.2289777413963368,0.0,0.0
pnd_cd,bimodal,10,100,456,1000,6.833,6.78,1.115424603174604,51.508,0.5150799999999991,7.797,0.20234477745790422,0.0,0.0
and,bimodal,10,100,456,1000,1.562,6.78,0.25567857142857103,10.6,0.10600000000000008,0.756,0.7936693824020896,0.0,0.0
oracle,bimodal,10,100,789,1000,6.749,6.721,1.1289170634920653,49.98,0.49979999999999997,5.274,0.2644225455846418,0.0,0.0
mfg_no_excl,bimodal,10,100,789,1000,6.429,6.721,1.0629007936507935,48.94,0.4893999999999996,5.785,0.28284393349270176,0.0,0.0
self_excl_only,bimodal,10,100,789,1000,6.629,6.721,1.09900119047619,49.396,0.49395999999999946,6.048,0.2529864016264996,0.0,0.0
ema_fixed_low,bimodal,10,100,789,1000,7.471,6.721,1.238761904761904,57.02,0.5702,18.063,0.07739044681425677,0.1438995142485625,3.0482545157244765
ema_fixed_high,bimodal,10,100,789,1000,7.418,6.721,1.2280761904761914,56.456,0.5645600000000004,14.29,0.10514330170076565,0.12904914423725705,3.309481983045188
ema_adaptive,bimodal,10,100,789,1000,7.484,6.721,1.2368559523809532,56.872,0.5687200000000007,18.24,0.07749965359444604,0.14477768189128018,2.9981728359121984
ema_ad_low,bimodal,10,100,789,1000,7.395,6.721,1.227018253968254,56.004,0.56004,12.905,0.12283970872300343,0.1341686351255699,1.8758201572006525
ema_ad_med,bimodal,10,100,789,1000,7.525,6.721,1.2519976190476194,57.412,0.5741199999999999,15.033,0.0989254908928764,0.14092024247999246,2.390963146112053
ema_no_coll,bimodal,10,100,789,1000,7.188,6.721,1.1795035714285715,54.344,0.5434400000000001,11.246,0.15647016737166805,0.12414454060702139,1.4880860900048385
consec_L2,bimodal,10,100,789,1000,7.346,6.721,1.2155392857142848,55.888,0.5588800000000004,14.514,0.10343438462198658,0.12874962049158045,1.9056569756142376
consec_L4,bimodal,10,100,789,1000,7.364,6.721,1.2196603174603171,56.208,0.5620800000000005,19.06,0.07128253136942818,0.1497172976403672,0.9997401176304291
dcf_self_excl,bimodal,10,100,789,1000,5.991,6.721,0.98524365079365,45.1,0.45099999999999907,16.566,0.14134228055900147,0.0,0.0
pnd,bimodal,10,100,789,1000,6.612,6.721,1.0927269841269844,49.432,0.4943199999999994,7.182,0.228356938732271,0.0,0.0
pnd_cd,bimodal,10,100,789,1000,6.922,6.721,1.1419043650793654,52.016,0.5201599999999992,7.92,0.20015878764539727,0.0,0.0
and,bimodal,10,100,789,1000,1.565,6.721,0.25574246031745973,10.212,0.10212000000000013,0.736,0.7960492184844808,0.0,0.0
oracle,bimodal,10,100,1234,1000,6.652,6.71,1.0989329365079357,50.04,0.5004000000000001,5.234,0.2663996416031114,0.0,0.0
mfg_no_excl,bimodal,10,100,1234,1000,6.401,6.71,1.0543642857142863,49.484,0.49483999999999984,5.77,0.28242417563709205,0.0,0.0
self_excl_only,bimodal,10,100,1234,1000,6.703,6.71,1.1128345238095236,50.692,0.5069199999999997,6.005,0.2446044997480143,0.0,0.0
ema_fixed_low,bimodal,10,100,1234,1000,7.377,6.71,1.224625396825397,57.108,0.5710800000000007,17.653,0.07988688094808304,0.1425561886605432,3.039708988876055
ema_fixed_high,bimodal,10,100,1234,1000,7.267,6.71,1.206691666666666,56.1,0.5610000000000012,14.109,0.10829906750562329,0.13092194255766781,3.3133717758702064
ema_adaptive,bimodal,10,100,1234,1000,7.416,6.71,1.230439682539682,57.48,0.5747999999999993,17.589,0.07834916941660079,0.14110880077014848,3.0207200893274084
ema_ad_low,bimodal,10,100,1234,1000,7.334,6.71,1.2151932539682546,56.496,0.56496,12.945,0.11984821569345652,0.1337709335867929,1.8480651489968467
ema_ad_med,bimodal,10,100,1234,1000,7.393,6.71,1.2252634920634922,57.084,0.57084,14.891,0.09937007067528626,0.14136697351493938,2.375776898139194
ema_no_coll,bimodal,10,100,1234,1000,7.035,6.71,1.1640781746031745,54.188,0.5418800000000004,11.032,0.1589404290163463,0.12262187448359758,1.5151100851020933
consec_L2,bimodal,10,100,1234,1000,7.261,6.71,1.2003523809523817,55.812,0.5581200000000006,14.434,0.10434887647260509,0.12781977131934802,1.9294541351241123
consec_L4,bimodal,10,100,1234,1000,7.26,6.71,1.2013476190476189,56.216,0.5621600000000002,19.042,0.07053978793062217,0.14744827864766968,1.0144008866973193
dcf_self_excl,bimodal,10,100,1234,1000,5.916,6.71,0.9781476190476183,45.136,0.4513599999999995,16.564,0.13991390046210742,0.0,0.0
pnd,bimodal,10,100,1234,1000,6.676,6.71,1.0906773809523802,50.44,0.5043999999999993,7.223,0.2230072924865614,0.0,0.0
pnd_cd,bimodal,10,100,1234,1000,6.722,6.71,1.1127289682539692,50.896,0.5089599999999997,7.896,0.20518305049550997,0.0,0.0
and,bimodal,10,100,1234,1000,1.558,6.71,0.2564293650793646,10.248,0.10248000000000025,0.759,0.7948748653694151,0.0,0.0
oracle,bimodal,10,200,42,1000,9.84,9.797,1.0111305555555548,78.36,0.3917999999999996,7.021,0.23518034052456088,0.0,0.0
mfg_no_excl,bimodal,10,200,42,1000,9.781,9.797,1.005380158730158,77.94,0.3896999999999997,7.086,0.2419967487589018,0.0,0.0
self_excl_only,bimodal,10,200,42,1000,9.782,9.797,1.0054523809523792,77.864,0.38931999999999944,7.258,0.23987814284209374,0.0,0.0
ema_fixed_low,bimodal,10,200,42,1000,9.969,9.797,1.0248253968253962,79.708,0.39853999999999945,23.699,0.06412062930534662,0.18988870585295153,2.643593415255325
ema_fixed_high,bimodal,10,200,42,1000,9.966,9.797,1.0245182539682527,79.664,0.39831999999999956,20.021,0.0869564132648157,0.17369936712263087,2.843036232686571
ema_adaptive,bimodal,10,200,42,1000,9.965,9.797,1.024446031746031,79.636,0.3981799999999996,23.979,0.06457473227038486,0.1890565867435865,2.648592301477388
ema_ad_low,bimodal,10,200,42,1000,9.947,9.797,1.0225376984126977,79.54,0.39769999999999955,19.478,0.0926088999555143,0.1927742771578332,1.8378008609641865
ema_ad_med,bimodal,10,200,42,1000,9.974,9.797,1.0253349206349198,79.792,0.39895999999999954,21.46,0.0781560125625335,0.19492467574664385,2.1611730019602398
ema_no_coll,bimodal,10,200,42,1000,9.941,9.797,1.0217305555555547,79.492,0.3974599999999996,17.813,0.10472254089982518,0.19810143618883722,1.463905718708655
consec_L2,bimodal,10,200,42,1000,9.972,9.797,1.0250821428571422,79.728,0.3986399999999995,20.094,0.08411252299428167,0.1748406298588738,1.6337592270644865
consec_L4,bimodal,10,200,42,1000,9.974,9.797,1.0253682539682532,79.784,0.3989199999999995,27.672,0.05452544808436935,0.19910244564393542,0.9182588705321747
dcf_self_excl,bimodal,10,200,42,1000,9.755,9.797,1.0025079365079343,77.844,0.3892199999999995,39.643,0.07440837625739372,0.0,0.0
pnd,bimodal,10,200,42,1000,9.781,9.797,1.0046412698412688,77.876,0.3893799999999996,10.388,0.19377153637574654,0.0,0.0
pnd_cd,bimodal,10,200,42,1000,9.869,9.797,1.0140599206349195,78.684,0.3934199999999996,12.072,0.1703780373478109,0.0,0.0
and,bimodal,10,200,42,1000,5.354,9.797,0.5484253968253969,39.688,0.19844000000000012,5.122,0.6080470881441066,0.0,0.0
oracle,bimodal,10,200,123,1000,9.801,9.815,1.0050619047619038,77.932,0.3896599999999991,7.124,0.24005414550084028,0.0,0.0
mfg_no_excl,bimodal,10,200,123,1000,9.783,9.815,1.003607539682539,77.868,0.3893399999999994,6.937,0.24000374978213798,0.0,0.0
self_excl_only,bimodal,10,200,123,1000,9.773,9.815,1.0021448412698395,77.588,0.3879399999999991,7.009,0.2478929242720421,0.0,0.0
ema_fixed_low,bimodal,10,200,123,1000,9.957,9.815,1.0214408730158722,79.5,0.3974999999999993,24.044,0.06484185431385903,0.18868985978410938,2.6810217523659245
ema_fixed_high,bimodal,10,200,123,1000,9.973,9.815,1.0232325396825388,79.628,0.39813999999999933,19.264,0.08222978161584454,0.177520486714275,2.725597098396468
ema_adaptive,bimodal,10,200,123,1000,9.968,9.815,1.0227103174603165,79.576,0.39787999999999935,24.265,0.06638233283513802,0.18852693045977192,2.6853332781392067
ema_ad_low,bimodal,10,200,123,1000,9.942,9.815,1.0200880952380944,79.368,0.39683999999999936,19.646,0.09049775984591749,0.196478559392799,1.8336452433877333
ema_ad_med,bimodal,10,200,123,1000,9.968,9.815,1.022538888888888,79.52,0.3975999999999993,21.234,0.07700819693597202,0.19606055783228035,2.1318097125837454
ema_no_coll,bimodal,10,200,123,1000,9.939,9.815,1.0192777777777766,79.332,0.3966599999999993,17.902,0.10846562077227417,0.19475173644970908,1.5092201944897865
consec_L2,bimodal,10,200,123,1000,9.981,9.815,1.0239325396825387,79.7,0.39849999999999935,20.288,0.08335504641397937,0.17394626400841115,1.6486952715909127
consec_L4,bimodal,10,200,123,1000,9.975,9.815,1.0234214285714276,79.636,0.39817999999999937,28.042,0.0561385138601542,0.20005559229186867,0.9139486297920401
dcf_self_excl,bimodal,10,200,123,1000,9.766,9.815,1.0020646825396804,77.712,0.3885599999999992,39.01,0.07501242655829447,0.0,0.0
pnd,bimodal,10,200,123,1000,9.738,9.815,0.9987539682539673,77.376,0.3868799999999991,10.616,0.1975014615518158,0.0,0.0
pnd_cd,bimodal,10,200,123,1000,9.891,9.815,1.0145611111111101,78.876,0.39437999999999906,11.813,0.1661043967203651,0.0,0.0
and,bimodal,10,200,123,1000,5.184,9.815,0.5295396825396829,38.664,0.19332000000000016,4.961,0.6203290835177815,0.0,0.0
oracle,bimodal,10,200,456,1000,9.847,9.832,1.0076150793650775,77.86,0.38929999999999954,6.913,0.2383351119734274,0.0,0.0
mfg_no_excl,bimodal,10,200,456,1000,9.849,9.832,1.008266269841269,77.996,0.38997999999999955,7.086,0.24017294302263867,0.0,0.0
self_excl_only,bimodal,10,200,456,1000,9.808,9.832,1.0035436507936497,77.512,0.38755999999999957,6.972,0.238902682875947,0.0,0.0
ema_fixed_low,bimodal,10,200,456,1000,9.95,9.832,1.0180658730158723,78.928,0.3946399999999997,24.258,0.06466770819592468,0.1881223725131447,2.6876023709116015
ema_fixed_high,bimodal,10,200,456,1000,9.947,9.832,1.0182753968253964,78.9,0.39449999999999963,19.863,0.08705980301007361,0.17538943675095575,2.817924113030545
ema_adaptive,bimodal,10,200,456,1000,9.952,9.832,1.018740873015872,78.968,0.39483999999999964,24.036,0.06593338549238163,0.18669840084260522,2.69978210505659
ema_ad_low,bimodal,10,200,456,1000,9.954,9.832,1.0189511904761896,78.936,0.3946799999999996,19.417,0.0898302097157412,0.1950545227335408,1.8309194427249147
ema_ad_med,bimodal,10,200,456,1000,9.944,9.832,1.0177797619047613,78.864,0.39431999999999967,21.261,0.07803475686998905,0.19478664386417566,2.1488084195380304
ema_no_coll,bimodal,10,200,456,1000,9.93,9.832,1.0167031746031738,78.688,0.3934399999999996,17.749,0.10805010160449345,0.19153582805572505,1.508902792620166
consec_L2,bimodal,10,200,456,1000,9.974,9.832,1.021121031746031,79.16,0.3957999999999996,20.145,0.08371381880073184,0.1765578263308822,1.6280982560807975
consec_L4,bimodal,10,200,456,1000,9.978,9.832,1.021421031746031,79.2,0.3959999999999997,27.183,0.05329442919286164,0.20219815461050666,0.8879530626232414
dcf_self_excl,bimodal,10,200,456,1000,9.774,9.832,1.0002674603174584,77.336,0.38667999999999936,39.619,0.07447454910283796,0.0,0.0
pnd,bimodal,10,200,456,1000,9.72,9.832,0.9950626984126972,76.6,0.38299999999999945,10.585,0.19745157646485567,0.0,0.0
pnd_cd,bimodal,10,200,456,1000,9.891,9.832,1.012545634920634,78.348,0.3917399999999997,11.732,0.164956737343826,0.0,0.0
and,bimodal,10,200,456,1000,5.323,9.832,0.5438626984126982,39.172,0.19585999999999995,5.068,0.6146218295480764,0.0,0.0
oracle,bimodal,10,200,789,1000,9.837,9.798,1.0112952380952367,77.58,0.3878999999999984,6.994,0.24164818885926634,0.0,0.0
mfg_no_excl,bimodal,10,200,789,1000,9.791,9.798,1.0058079365079358,77.1,0.38549999999999873,7.062,0.2414454458091435,0.0,0.0
self_excl_only,bimodal,10,200,789,1000,9.786,9.798,1.0048837301587292,77.016,0.3850799999999985,7.058,0.24716622628101334,0.0,0.0
ema_fixed_low,bimodal,10,200,789,1000,9.949,9.798,1.0229269841269832,78.708,0.3935399999999987,24.126,0.06558611662940508,0.18814310172575283,2.6658385360670267
ema_fixed_high,bimodal,10,200,789,1000,9.965,9.798,1.0244353174603167,78.828,0.39413999999999855,19.852,0.085180454865384,0.17598091961035073,2.793973415388523
ema_adaptive,bimodal,10,200,789,1000,9.964,9.798,1.024415873015872,78.848,0.39423999999999854,24.206,0.06495249754274482,0.18827471691808542,2.659444908520074
ema_ad_low,bimodal,10,200,789,1000,9.971,9.798,1.0249476190476179,78.924,0.39461999999999847,19.403,0.08959422328011593,0.19690376143319419,1.7977597389980073
ema_ad_med,bimodal,10,200,789,1000,9.938,9.798,1.0216242063492051,78.584,0.39291999999999855,21.49,0.07736578181844957,0.19668542282487747,2.182323260288824
ema_no_coll,bimodal,10,200,789,1000,9.927,9.798,1.0203924603174594,78.436,0.3921799999999986,17.8,0.10892466640363227,0.19282001908205512,1.4931659616040558
consec_L2,bimodal,10,200,789,1000,9.969,9.798,1.0249603174603166,78.86,0.3942999999999985,20.208,0.08321247501743484,0.17390304356391628,1.6581507348737345
consec_L4,bimodal,10,200,789,1000,9.986,9.798,1.026726984126983,79.04,0.39519999999999855,27.612,0.054107291414070884,0.2017073599453464,0.9029928644308134
dcf_self_excl,bimodal,10,200,789,1000,9.785,9.798,1.005551190476188,77.244,0.3862199999999986,39.048,0.07476765588757715,0.0,0.0
pnd,bimodal,10,200,789,1000,9.725,9.798,0.9995948412698398,76.516,0.3825799999999986,10.468,0.19752037691823898,0.0,0.0
pnd_cd,bimodal,10,200,789,1000,9.889,9.798,1.0166519841269825,78.076,0.39037999999999856,11.705,0.164844521677689,0.0,0.0
and,bimodal,10,200,789,1000,5.2,9.798,0.5319674603174603,37.856,0.1892800000000001,5.182,0.6169339947602313,0.0,0.0
oracle,bimodal,10,200,1234,1000,9.815,9.823,1.0067214285714272,78.316,0.3915799999999994,7.074,0.24327520911987122,0.0,0.0
mfg_no_excl,bimodal,10,200,1234,1000,9.798,9.823,1.004837301587301,78.312,0.39155999999999924,7.003,0.23999237664765663,0.0,0.0
self_excl_only,bimodal,10,200,1234,1000,9.836,9.823,1.0092599206349193,78.504,0.39251999999999937,6.991,0.2366958469658172,0.0,0.0
ema_fixed_low,bimodal,10,200,1234,1000,9.954,9.823,1.0212980158730154,79.768,0.3988399999999994,23.994,0.0668644880831482,0.19144020092918893,2.6442864798189074
ema_fixed_high,bimodal,10,200,1234,1000,9.971,9.823,1.0225817460317455,79.916,0.39957999999999927,19.87,0.0862389409777633,0.17657998893613594,2.785872415099045
ema_adaptive,bimodal,10,200,1234,1000,9.954,9.823,1.021325793650793,79.816,0.3990799999999992,24.0,0.06572772318248023,0.19028362712419827,2.648501219051442
ema_ad_low,bimodal,10,200,1234,1000,9.948,9.823,1.0207841269841262,79.68,0.39839999999999914,19.535,0.08884007764731523,0.1957897162959641,1.7910719324972193
ema_ad_med,bimodal,10,200,1234,1000,9.954,9.823,1.0209345238095233,79.736,0.39867999999999926,21.302,0.07739906308549396,0.1955355673728932,2.1691032397098677
ema_no_coll,bimodal,10,200,1234,1000,9.924,9.823,1.018198412698412,79.496,0.3974799999999994,17.606,0.11052708951916794,0.1900501586534083,1.4969439004847285
consec_L2,bimodal,10,200,1234,1000,9.96,9.823,1.0217654761904753,79.784,0.3989199999999992,20.467,0.08432329157288825,0.17281706565974062,1.6744549413581276
consec_L4,bimodal,10,200,1234,1000,9.981,9.823,1.0240412698412693,80.044,0.4002199999999993,27.742,0.05447130949371726,0.20091529957007995,0.9077569746149476
dcf_self_excl,bimodal,10,200,1234,1000,9.778,9.823,1.003140476190474,78.2,0.3909999999999993,39.28,0.07492529555953772,0.0,0.0
pnd,bimodal,10,200,1234,1000,9.726,9.823,0.9970186507936496,77.544,0.3877199999999993,10.438,0.19365798209341795,0.0,0.0
pnd_cd,bimodal,10,200,1234,1000,9.832,9.823,1.0086361111111104,78.576,0.3928799999999992,11.721,0.1692679687763466,0.0,0.0
and,bimodal,10,200,1234,1000,5.176,9.823,0.5302357142857137,38.328,0.1916400000000001,4.858,0.6248882257761134,0.0,0.0
oracle,bimodal,20,20,42,1000,1.493,1.442,0.9119166666666666,9.132,0.45659999999999973,1.37,0.2856115800865799,0.0,0.0
mfg_no_excl,bimodal,20,20,42,1000,1.192,1.442,0.7553666666666673,7.912,0.39560000000000073,1.784,0.38419267676767604,0.0,0.0
self_excl_only,bimodal,20,20,42,1000,1.487,1.442,0.9266833333333339,9.252,0.4626000000000009,2.145,0.1949739538239538,0.0,0.0
ema_fixed_low,bimodal,20,20,42,1000,1.403,1.442,0.8745833333333332,8.956,0.44780000000000075,2.604,0.16322608225108204,0.04270202122823333,2.445185569985571
ema_fixed_high,bimodal,20,20,42,1000,1.428,1.442,0.8665333333333335,8.84,0.4420000000000003,2.504,0.17392622655122664,0.041539932279040445,5.199544047619052
ema_adaptive,bimodal,20,20,42,1000,1.38,1.442,0.8637500000000001,8.792,0.43960000000000055,2.538,0.1714130591630592,0.04176658312605834,4.376729004329002
ema_ad_low,bimodal,20,20,42,1000,1.467,1.442,0.9321666666666668,9.164,0.45820000000000033,2.127,0.19512348484848513,0.03456603989187734,3.8783144300144254
ema_ad_med,bimodal,20,20,42,1000,1.489,1.442,0.9274500000000004,9.42,0.47100000000000086,2.233,0.1782541125541125,0.037442242350860536,3.8791726190476146
ema_no_coll,bimodal,20,20,42,1000,1.467,1.442,0.9260833333333331,9.028,0.4514000000000007,2.055,0.21203932178932194,0.03255667034361933,3.8999245670995624
consec_L2,bimodal,20,20,42,1000,1.448,1.442,0.9140833333333335,8.992,0.4496000000000003,2.437,0.1707410173160173,0.04057562082034031,2.409184054834055
consec_L4,bimodal,20,20,42,1000,1.373,1.442,0.8656500000000001,8.836,0.44180000000000047,2.696,0.15786259018758994,0.04411351269618026,0.6490886002886003
dcf_self_excl,bimodal,20,20,42,1000,1.352,1.442,0.8540666666666666,8.68,0.4340000000000007,2.876,0.16299466089466083,0.0,0.0
pnd,bimodal,20,20,42,1000,1.4,1.442,0.9039500000000003,8.736,0.4368000000000002,1.909,0.2152214285714289,0.0,0.0
pnd_cd,bimodal,20,20,42,1000,1.435,1.442,0.8867,8.948,0.44740000000000035,1.782,0.219666666666667,0.0,0.0
and,bimodal,20,20,42,1000,0.047,1.442,0.03266666666666667,0.188,0.009399999999999999,0.007,0.9819999999999995,0.0,0.0
oracle,bimodal,20,20,123,1000,1.498,1.457,0.9147833333333337,9.336,0.46680000000000105,1.358,0.28791114718614746,0.0,0.0
mfg_no_excl,bimodal,20,20,123,1000,1.158,1.457,0.6887833333333333,7.856,0.3928000000000004,1.803,0.38954790764790653,0.0,0.0
self_excl_only,bimodal,20,20,123,1000,1.473,1.457,0.8900333333333333,9.132,0.4566000000000002,1.985,0.2028036075036076,0.0,0.0
ema_fixed_low,bimodal,20,20,123,1000,1.407,1.457,0.844866666666667,8.988,0.44940000000000097,2.739,0.16111076146076156,0.04314259869086678,2.6949285381285417
ema_fixed_high,bimodal,20,20,123,1000,1.403,1.457,0.8551500000000001,8.892,0.44460000000000066,2.454,0.16929682539682536,0.041443292334078646,5.311494877344882
ema_adaptive,bimodal,20,20,123,1000,1.41,1.457,0.8609166666666667,8.832,0.4416000000000007,2.559,0.17092950937950954,0.04225975057299815,4.117377092352093
ema_ad_low,bimodal,20,20,123,1000,1.492,1.457,0.8893666666666666,9.352,0.4676000000000011,2.199,0.18922240259740258,0.034555650978406446,4.074546212121209
ema_ad_med,bimodal,20,20,123,1000,1.412,1.457,0.8511166666666669,8.848,0.4424000000000006,2.219,0.19596443001443004,0.037763154806909095,4.044960750360747
ema_no_coll,bimodal,20,20,123,1000,1.488,1.457,0.8948166666666671,9.216,0.46080000000000104,1.965,0.2124894300144301,0.03296573028836574,3.743699170274169
consec_L2,bimodal,20,20,123,1000,1.43,1.457,0.8807833333333336,9.008,0.4504000000000008,2.4,0.17203239538239537,0.041976558716002796,2.208155952380952
consec_L4,bimodal,20,20,123,1000,1.386,1.457,0.8409166666666666,8.808,0.44040000000000096,2.634,0.16108874458874461,0.042992353654199476,0.6015712121212119
dcf_self_excl,bimodal,20,20,123,1000,1.313,1.457,0.7729,8.18,0.409,3.065,0.16606381673881707,0.0,0.0
pnd,bimodal,20,20,123,1000,1.448,1.457,0.8801166666666665,8.912,0.44560000000000033,1.831,0.21311865079365122,0.0,0.0
pnd_cd,bimodal,20,20,123,1000,1.437,1.457,0.8559166666666668,8.836,0.4418000000000003,1.857,0.2192912698412701,0.0,0.0
and,bimodal,20,20,123,1000,0.045,1.457,0.026666666666666665,0.18,0.009,0.014,0.9803333333333327,0.0,0.0
oracle,bimodal,20,20,456,1000,1.491,1.456,0.9165833333333336,9.228,0.4613999999999999,1.32,0.28889880952380953,0.0,0.0
mfg_no_excl,bimodal,20,20,456,1000,1.215,1.456,0.7300833333333335,8.124,0.4062000000000006,1.877,0.371290476190476,0.0,0.0
self_excl_only,bimodal,20,20,456,1000,1.472,1.456,0.8995000000000003,9.44,0.47200000000000103,2.071,0.19929541847041846,0.0,0.0
ema_fixed_low,bimodal,20,20,456,1000,1.447,1.456,0.8890833333333333,8.988,0.44940000000000035,2.646,0.16248120490620488,0.04246414923880607,2.376579184704185
ema_fixed_high,bimodal,20,20,456,1000,1.451,1.456,0.8892500000000002,9.028,0.4514000000000003,2.497,0.17093340548340533,0.04049193763345156,5.446343939393936
ema_adaptive,bimodal,20,20,456,1000,1.501,1.456,0.9072500000000002,9.348,0.46740000000000026,2.478,0.15794209956709984,0.04175192911574793,4.245342424242423
ema_ad_low,bimodal,20,20,456,1000,1.525,1.456,0.9220833333333333,9.124,0.4562000000000007,2.165,0.19108152958152988,0.03480984026977071,3.9592847763347723
ema_ad_med,bimodal,20,20,456,1000,1.526,1.456,0.9247500000000001,9.24,0.4620000000000007,2.224,0.17941100288600306,0.03666456783246384,3.9891483766233784
ema_no_coll,bimodal,20,20,456,1000,1.461,1.456,0.8825833333333338,9.268,0.46340000000000103,2.021,0.20651915584415634,0.03251672894418284,3.750889935064929
consec_L2,bimodal,20,20,456,1000,1.399,1.456,0.8399166666666669,8.62,0.4310000000000006,2.441,0.18093676046176033,0.04095105514434604,2.3973256493506496
consec_L4,bimodal,20,20,456,1000,1.425,1.456,0.8721666666666666,9.052,0.45260000000000106,2.617,0.15774733044733064,0.04293332952083271,0.6009481962481963
dcf_self_excl,bimodal,20,20,456,1000,1.34,1.456,0.8296666666666677,8.368,0.41840000000000066,3.005,0.1661404040404039,0.0,0.0
pnd,bimodal,20,20,456,1000,1.418,1.456,0.8600000000000008,8.928,0.4464000000000004,1.819,0.222696428571429,0.0,0.0
pnd_cd,bimodal,20,20,456,1000,1.447,1.456,0.8787499999999999,8.876,0.4437999999999994,1.947,0.2121583333333335,0.0,0.0
and,bimodal,20,20,456,1000,0.046,1.456,0.028666666666666663,0.184,0.0092,0.011,0.9809999999999993,0.0,0.0
oracle,bimodal,20,20,789,1000,1.468,1.433,0.8890000000000003,9.16,0.4580000000000009,1.301,0.29880797258297254,0.0,0.0
mfg_no_excl,bimodal,20,20,789,1000,1.175,1.433,0.6945833333333332,8.036,0.4018000000000006,1.769,0.3747098484848479,0.0,0.0
self_excl_only,bimodal,20,20,789,1000,1.487,1.433,0.8775166666666666,9.468,0.47340000000000093,1.956,0.20150811688311715,0.0,0.0
ema_fixed_low,bimodal,20,20,789,1000,1.395,1.433,0.8211499999999999,8.764,0.4382000000000006,2.662,0.16361796536796538,0.042311608037543955,2.5537312409812434
ema_fixed_high,bimodal,20,20,789,1000,1.437,1.433,0.8502833333333336,9.004,0.4502000000000002,2.451,0.17067958152958174,0.03962713823861694,5.199397763347763
ema_adaptive,bimodal,20,20,789,1000,1.425,1.433,0.86315,8.932,0.4466000000000003,2.47,0.16949271284271278,0.040231002262399396,4.3134544011544
ema_ad_low,bimodal,20,20,789,1000,1.48,1.433,0.8860333333333337,9.08,0.4539999999999999,2.129,0.19261341991341993,0.033840923032510836,3.9991800865800813
ema_ad_med,bimodal,20,20,789,1000,1.469,1.433,0.8854500000000002,9.02,0.4510000000000002,2.24,0.18604249639249665,0.036004559563024896,4.136685497835495
ema_no_coll,bimodal,20,20,789,1000,1.47,1.433,0.8700333333333333,9.16,0.4580000000000008,2.038,0.20634101731601737,0.031925626468514504,3.6874081529581475
consec_L2,bimodal,20,20,789,1000,1.443,1.433,0.867566666666667,9.044,0.45220000000000043,2.334,0.17289343434343415,0.04021978752839627,2.173374025974027
consec_L4,bimodal,20,20,789,1000,1.459,1.433,0.8571166666666669,8.94,0.4470000000000005,2.581,0.1608988455988455,0.04208343889400613,0.48811587301587295
dcf_self_excl,bimodal,20,20,789,1000,1.354,1.433,0.8081499999999999,8.768,0.43840000000000123,2.908,0.15957655122655115,0.0,0.0
pnd,bimodal,20,20,789,1000,1.427,1.433,0.8521666666666671,8.724,0.4362000000000004,1.865,0.22720674603174623,0.0,0.0
pnd_cd,bimodal,20,20,789,1000,1.463,1.433,0.8804000000000005,8.972,0.44859999999999994,1.85,0.2168238095238097,0.0,0.0
and,bimodal,20,20,789,1000,0.042,1.433,0.030166666666666665,0.168,0.008400000000000003,0.007,0.983666666666666,0.0,0.0
oracle,bimodal,20,20,1234,1000,1.46,1.461,0.877233333333333,9.168,0.4584000000000007,1.361,0.29007063492063484,0.0,0.0
mfg_no_excl,bimodal,20,20,1234,1000,1.167,1.461,0.7021166666666669,7.948,0.3974000000000003,1.852,0.3721655483405481,0.0,0.0
self_excl_only,bimodal,20,20,1234,1000,1.484,1.461,0.8807,9.288,0.4644000000000008,2.172,0.19300548340548357,0.0,0.0
ema_fixed_low,bimodal,20,20,1234,1000,1.441,1.461,0.8524166666666668,8.988,0.4494000000000008,2.625,0.16055183982683988,0.043502231505951276,2.384554040404042
ema_fixed_high,bimodal,20,20,1234,1000,1.44,1.461,0.8837833333333333,8.968,0.44840000000000024,2.399,0.1761276334776337,0.04214432154186144,4.833521500721504
ema_adaptive,bimodal,20,20,1234,1000,1.445,1.461,0.8657666666666668,8.932,0.4466000000000006,2.524,0.1629869769119769,0.04138823157782818,4.527819660894659
ema_ad_low,bimodal,20,20,1234,1000,1.487,1.461,0.8935166666666668,9.292,0.4646000000000003,2.052,0.19917788600288613,0.03468876167831829,3.84109224386724
ema_ad_med,bimodal,20,20,1234,1000,1.497,1.461,0.892616666666667,9.284,0.4642000000000003,2.321,0.17952184759684758,0.03678383367258599,4.228567521367517
ema_no_coll,bimodal,20,20,1234,1000,1.47,1.461,0.8918333333333333,9.224,0.46120000000000033,1.946,0.21556006493506502,0.03365996199210028,3.6906738816738778
consec_L2,bimodal,20,20,1234,1000,1.431,1.461,0.8542333333333335,8.916,0.44580000000000036,2.439,0.17112730880230867,0.040966929343806385,2.2020613275613274
consec_L4,bimodal,20,20,1234,1000,1.439,1.461,0.8697833333333337,8.98,0.4490000000000009,2.667,0.15783452380952392,0.04326582775870877,0.5692913780663784
dcf_self_excl,bimodal,20,20,1234,1000,1.308,1.461,0.7860333333333337,8.336,0.41680000000000045,2.967,0.16797608225108213,0.0,0.0
pnd,bimodal,20,20,1234,1000,1.433,1.461,0.8459333333333338,8.716,0.43579999999999985,1.834,0.2244646825396829,0.0,0.0
pnd_cd,bimodal,20,20,1234,1000,1.416,1.461,0.8579,8.752,0.43759999999999993,1.854,0.22329206349206362,0.0,0.0
and,bimodal,20,20,1234,1000,0.057,1.461,0.03233333333333333,0.228,0.011399999999999997,0.008,0.9784999999999993,0.0,0.0
oracle,bimodal,20,50,42,1000,3.408,3.361,1.2326916666666667,24.04,0.4807999999999997,3.136,0.2829984477940365,0.0,0.0
mfg_no_excl,bimodal,20,50,42,1000,3.0,3.361,1.0942353174603168,22.456,0.44912,3.575,0.32327705342902757,0.0,0.0
self_excl_only,bimodal,20,50,42,1000,3.401,3.361,1.2375813492063497,24.148,0.4829599999999989,3.966,0.2376356922274494,0.0,0.0
ema_fixed_low,bimodal,20,50,42,1000,3.477,3.361,1.2552452380952372,25.724,0.5144799999999993,7.533,0.12334185625549945,0.0402803930100686,5.480934988726703
ema_fixed_high,bimodal,20,50,42,1000,3.538,3.361,1.2855349206349216,25.768,0.515359999999999,6.27,0.14674657734766172,0.03590377497267604,7.607002559703795
ema_adaptive,bimodal,20,50,42,1000,3.545,3.361,1.2923761904761897,26.028,0.5205599999999996,7.335,0.1257044915494915,0.03926980059088659,5.577697309488196
ema_ad_low,bimodal,20,50,42,1000,3.505,3.361,1.2692623015873012,25.26,0.5051999999999992,4.722,0.19951315830712174,0.027841757781145827,3.166463352076199
ema_ad_med,bimodal,20,50,42,1000,3.556,3.361,1.2841694444444434,26.256,0.5251199999999986,5.369,0.16714183364327978,0.032172495837294084,3.7958637351864537
ema_no_coll,bimodal,20,50,42,1000,3.471,3.361,1.242291269841269,24.532,0.49063999999999863,4.186,0.23276786301933416,0.024252032661945637,2.8008133102191946
consec_L2,bimodal,20,50,42,1000,3.514,3.361,1.2826559523809526,25.592,0.5118399999999989,6.215,0.14894607905424545,0.03640498735055146,3.770187053533841
consec_L4,bimodal,20,50,42,1000,3.522,3.361,1.2665126984126978,26.112,0.5222399999999997,7.398,0.1251975544291644,0.040330947318518884,1.4658906380834436
dcf_self_excl,bimodal,20,50,42,1000,2.999,3.361,1.0769349206349204,21.572,0.4314399999999996,7.369,0.16509671411749677,0.0,0.0
pnd,bimodal,20,50,42,1000,3.229,3.361,1.1732261904761907,23.092,0.46183999999999914,3.594,0.2546890639589177,0.0,0.0
pnd_cd,bimodal,20,50,42,1000,3.219,3.361,1.1541476190476183,22.652,0.45303999999999833,3.736,0.25440992014521496,0.0,0.0
and,bimodal,20,50,42,1000,0.005,3.361,0.00215,0.02,0.0004,0.0,0.9991666666666666,0.0,0.0
oracle,bimodal,20,50,123,1000,3.309,3.285,1.2374932539682535,23.572,0.47144000000000014,3.184,0.28534784643461164,0.0,0.0
mfg_no_excl,bimodal,20,50,123,1000,3.038,3.285,1.1504777777777768,22.776,0.4555199999999999,3.531,0.3235373077902489,0.0,0.0
self_excl_only,bimodal,20,50,123,1000,3.363,3.285,1.2602924603174601,24.188,0.48375999999999925,3.737,0.24721537020770798,0.0,0.0
ema_fixed_low,bimodal,20,50,123,1000,3.571,3.285,1.3400273809523808,26.42,0.5283999999999992,7.426,0.12175675855493205,0.039061662057580916,5.427415260151343
ema_fixed_high,bimodal,20,50,123,1000,3.454,3.285,1.2915861111111113,25.376,0.5075199999999991,6.163,0.1516854647889096,0.03584602947799323,7.5603645049223225
ema_adaptive,bimodal,20,50,123,1000,3.523,3.285,1.3122293650793644,25.908,0.5181599999999994,7.247,0.12766947185362085,0.039783940504080184,5.327963742334643
ema_ad_low,bimodal,20,50,123,1000,3.516,3.285,1.3178960317460315,25.408,0.5081599999999997,4.799,0.19880930205415545,0.02837520410713609,3.253183961708228
ema_ad_med,bimodal,20,50,123,1000,3.474,3.285,1.289306349206349,25.312,0.5062399999999999,5.603,0.17291152270502183,0.03297281155758276,4.064548244832221
ema_no_coll,bimodal,20,50,123,1000,3.481,3.285,1.2772325396825395,24.796,0.4959199999999998,4.115,0.22774542712189857,0.024507444362638613,2.660449446876655
consec_L2,bimodal,20,50,123,1000,3.521,3.285,1.3124658730158714,25.916,0.5183199999999983,6.231,0.14698513585358827,0.03750896709620944,3.7699642330308856
consec_L4,bimodal,20,50,123,1000,3.485,3.285,1.302636111111111,25.932,0.5186399999999997,7.336,0.12415800914883657,0.04004477068785789,1.4879863730104506
dcf_self_excl,bimodal,20,50,123,1000,2.961,3.285,1.1109742063492065,21.22,0.42439999999999933,7.409,0.16726612024026952,0.0,0.0
pnd,bimodal,20,50,123,1000,3.207,3.285,1.2161575396825395,22.636,0.452719999999999,3.599,0.26045884834120203,0.0,0.0
pnd_cd,bimodal,20,50,123,1000,3.242,3.285,1.1878007936507928,23.32,0.46639999999999876,3.542,0.2557637806637814,0.0,0.0
and,bimodal,20,50,123,1000,0.004,3.285,0.0018333333333333333,0.016,0.00032,0.0,0.9993333333333334,0.0,0.0
oracle,bimodal,20,50,456,1000,3.426,3.391,1.230277380952383,24.664,0.49327999999999983,3.069,0.28034020391373365,0.0,0.0
mfg_no_excl,bimodal,20,50,456,1000,3.051,3.391,1.1092361111111106,22.788,0.4557600000000004,3.678,0.3193639548360138,0.0,0.0
self_excl_only,bimodal,20,50,456,1000,3.35,3.391,1.1981555555555556,24.208,0.4841599999999989,3.82,0.24772700548935128,0.0,0.0
ema_fixed_low,bimodal,20,50,456,1000,3.57,3.391,1.286197619047618,25.984,0.5196799999999996,7.603,0.12138622519682127,0.03991367074234934,5.467330782756523
ema_fixed_high,bimodal,20,50,456,1000,3.54,3.391,1.2592511904761878,25.512,0.5102399999999988,6.326,0.14929111751513385,0.03563474624228458,7.654273633066287
ema_adaptive,bimodal,20,50,456,1000,3.618,3.391,1.2971246031746027,26.256,0.5251200000000001,7.373,0.12101336739885578,0.03978203176467226,5.403929184549544
ema_ad_low,bimodal,20,50,456,1000,3.491,3.391,1.2484714285714282,24.876,0.4975199999999989,4.739,0.20490355334809704,0.027542569145826888,3.150661121583953
ema_ad_med,bimodal,20,50,456,1000,3.653,3.391,1.306803968253968,25.964,0.5192799999999982,5.683,0.16023678777363046,0.033204272937382664,3.943441911451122
ema_no_coll,bimodal,20,50,456,1000,3.429,3.391,1.2238710317460306,24.732,0.49463999999999936,4.118,0.23261843531855186,0.024323264840658776,2.670159897292248
consec_L2,bimodal,20,50,456,1000,3.5,3.391,1.2507249999999985,25.512,0.5102399999999988,6.309,0.1505895110436527,0.03637850066363245,3.851504936137137
consec_L4,bimodal,20,50,456,1000,3.635,3.391,1.3047547619047624,26.356,0.5271199999999997,7.43,0.12055322531038393,0.04089835205273558,1.3638619406929444
dcf_self_excl,bimodal,20,50,456,1000,2.992,3.391,1.059723412698412,21.592,0.43184000000000017,7.367,0.16599029850998898,0.0,0.0
pnd,bimodal,20,50,456,1000,3.191,3.391,1.1585845238095234,22.892,0.45783999999999914,3.575,0.26147668997669066,0.0,0.0
pnd_cd,bimodal,20,50,456,1000,3.267,3.391,1.17937380952381,23.124,0.4624799999999994,3.633,0.2543967560217565,0.0,0.0
and,bimodal,20,50,456,1000,0.002,3.391,0.00045,0.008,0.00016,0.003,0.9992619047619048,0.0,0.0
oracle,bimodal,20,50,789,1000,3.432,3.255,1.2955400793650806,24.112,0.48223999999999984,3.079,0.2850856782106788,0.0,0.0
mfg_no_excl,bimodal,20,50,789,1000,3.044,3.255,1.15465119047619,22.496,0.4499200000000002,3.662,0.320478170814394,0.0,0.0
self_excl_only,bimodal,20,50,789,1000,3.411,3.255,1.2848285714285708,24.804,0.49607999999999985,3.79,0.24101732850053328,0.0,0.0
ema_fixed_low,bimodal,20,50,789,1000,3.546,3.255,1.3533230158730152,25.992,0.5198399999999996,7.501,0.12392231760921826,0.03859806999892713,5.537498304806518
ema_fixed_high,bimodal,20,50,789,1000,3.611,3.255,1.359354761904762,26.196,0.523919999999999,6.225,0.14652248630712336,0.0352693649510419,7.415700228551119
ema_adaptive,bimodal,20,50,789,1000,3.579,3.255,1.364287301587301,26.068,0.5213599999999998,7.186,0.12743190123822348,0.039121821866820165,5.368452813349666
ema_ad_low,bimodal,20,50,789,1000,3.509,3.255,1.3328992063492069,25.356,0.507119999999999,4.505,0.2072031107809128,0.026685839510334416,3.069348345210077
ema_ad_med,bimodal,20,50,789,1000,3.606,3.255,1.369319444444445,25.768,0.515359999999999,5.462,0.1708698777873318,0.032434265390875565,3.8245733887973037
ema_no_coll,bimodal,20,50,789,1000,3.382,3.255,1.2863440476190466,24.136,0.48271999999999954,4.234,0.234998144176086,0.02396011172906836,2.7255643821305955
consec_L2,bimodal,20,50,789,1000,3.558,3.255,1.3642420634920622,25.904,0.518079999999999,6.195,0.14744697723587127,0.03557165682039971,3.8151585825165557
consec_L4,bimodal,20,50,789,1000,3.599,3.255,1.3473678571428553,25.996,0.5199199999999996,7.499,0.12202389626160409,0.04044378011017474,1.447322390920092
dcf_self_excl,bimodal,20,50,789,1000,3.011,3.255,1.1492373015873008,21.564,0.4312799999999991,7.338,0.1656280458447648,0.0,0.0
pnd,bimodal,20,50,789,1000,3.173,3.255,1.195837698412699,22.66,0.45319999999999944,3.596,0.2631699397824404,0.0,0.0
pnd_cd,bimodal,20,50,789,1000,3.298,3.255,1.2546043650793637,23.472,0.4694399999999992,3.617,0.24962454489954586,0.0,0.0
and,bimodal,20,50,789,1000,0.001,3.255,0.0002,0.004,8e-05,0.001,0.9996904761904761,0.0,0.0
oracle,bimodal,20,50,1234,1000,3.327,3.297,1.237180952380951,24.308,0.48616,3.058,0.28738345796360515,0.0,0.0
mfg_no_excl,bimodal,20,50,1234,1000,3.028,3.297,1.1143250000000011,22.72,0.45440000000000064,3.549,0.32051860273799126,0.0,0.0
self_excl_only,bimodal,20,50,1234,1000,3.426,3.297,1.273900793650793,24.96,0.49920000000000003,3.921,0.2340939421388728,0.0,0.0
ema_fixed_low,bimodal,20,50,1234,1000,3.583,3.297,1.3143496031746036,26.292,0.5258399999999994,7.267,0.12448968854999781,0.04025384410770362,5.19471355880965
ema_fixed_high,bimodal,20,50,1234,1000,3.564,3.297,1.3130376984126981,25.424,0.5084799999999992,6.362,0.148188928275887,0.03635587595120224,7.508506299977965
ema_adaptive,bimodal,20,50,1234,1000,3.593,3.297,1.3244511904761893,25.988,0.5197599999999991,7.372,0.12272228689316017,0.039845296844513343,5.426121724446343
ema_ad_low,bimodal,20,50,1234,1000,3.457,3.297,1.2807103174603187,25.236,0.5047199999999998,4.658,0.20202240179840864,0.0273761825224789,3.216738954681371
ema_ad_med,bimodal,20,50,1234,1000,3.599,3.297,1.326809523809522,26.1,0.521999999999999,5.534,0.16616433306975173,0.03273204931664319,3.92441170233705
ema_no_coll,bimodal,20,50,1234,1000,3.357,3.297,1.231403571428571,24.404,0.48808,4.029,0.24259756581138223,0.023334578399142377,2.6222928425375813
consec_L2,bimodal,20,50,1234,1000,3.456,3.297,1.2892694444444441,25.152,0.5030399999999988,6.305,0.15265852744270506,0.03728080943184871,3.756743213201225
consec_L4,bimodal,20,50,1234,1000,3.581,3.297,1.3306376984126969,26.02,0.5203999999999989,7.469,0.12081836357832443,0.04063073735703177,1.4208790570233154
dcf_self_excl,bimodal,20,50,1234,1000,2.949,3.297,1.1003166666666662,21.476,0.4295199999999998,7.262,0.16856471291417857,0.0,0.0
pnd,bimodal,20,50,1234,1000,3.243,3.297,1.194413095238095,22.988,0.45975999999999867,3.477,0.2638108481387901,0.0,0.0
pnd_cd,bimodal,20,50,1234,1000,3.255,3.297,1.2080817460317452,23.3,0.4659999999999988,3.502,0.256152450572304,0.0,0.0
and,bimodal,20,50,1234,1000,0.002,3.297,0.0006666666666666666,0.008,0.00016,0.0,0.9996666666666666,0.0,0.0
oracle,bimodal,20,100,42,1000,6.445,6.465,1.141620840270841,48.444,0.4844400000000006,6.056,0.27629464770409107,0.0,0.0
mfg_no_excl,bimodal,20,100,42,1000,6.133,6.465,1.0894439532689537,47.156,0.47155999999999976,6.486,0.2935256267709708,0.0,0.0
self_excl_only,bimodal,20,100,42,1000,6.568,6.465,1.1544183150183152,49.56,0.4955999999999995,6.793,0.2466527427966636,0.0,0.0
ema_fixed_low,bimodal,20,100,42,1000,7.295,6.465,1.281552375402377,56.276,0.5627600000000009,15.71,0.10389770930730675,0.04098057180872891,7.810948180550385
ema_fixed_high,bimodal,20,100,42,1000,7.1,6.465,1.2508283244533243,53.8,0.5379999999999999,13.16,0.13327056479694555,0.038167089866345434,8.327603437322393
ema_adaptive,bimodal,20,100,42,1000,7.253,6.465,1.281582897657898,55.788,0.5578799999999997,15.865,0.10457143148145832,0.040939860009302984,7.682155575080816
ema_ad_low,bimodal,20,100,42,1000,7.071,6.465,1.2493981379731385,53.852,0.5385199999999999,9.899,0.1723628241931844,0.03102849553880744,4.093095538078739
ema_ad_med,bimodal,20,100,42,1000,7.198,6.465,1.2624395687645684,55.432,0.5543199999999995,12.202,0.13837945607118834,0.036203095952062135,5.506742077518146
ema_no_coll,bimodal,20,100,42,1000,6.719,6.465,1.1855365551115555,50.66,0.506599999999999,8.224,0.2192527143054761,0.02546097699664939,3.186974925112027
consec_L2,bimodal,20,100,42,1000,7.09,6.465,1.2509255772005794,54.376,0.54376,13.545,0.1275000712824738,0.03935060361215175,4.5596885636446265
consec_L4,bimodal,20,100,42,1000,7.238,6.465,1.2654674880674885,55.776,0.5577600000000007,17.7,0.08881071851323281,0.045572662322643204,2.320498200373347
dcf_self_excl,bimodal,20,100,42,1000,5.51,6.465,0.9689579059829052,41.912,0.41911999999999994,13.793,0.1821971313540314,0.0,0.0
pnd,bimodal,20,100,42,1000,6.219,6.465,1.0929157231657232,46.692,0.46691999999999895,6.395,0.26658963749064407,0.0,0.0
pnd_cd,bimodal,20,100,42,1000,6.199,6.465,1.0858996808746813,46.772,0.467719999999999,6.732,0.2580932898636202,0.0,0.0
and,bimodal,20,100,42,1000,0.276,6.465,0.049013825063825144,1.52,0.015199999999999908,0.076,0.9621326728826781,0.0,0.0
oracle,bimodal,20,100,123,1000,6.508,6.424,1.1378374764124755,49.0,0.4900000000000001,6.009,0.2733503528152578,0.0,0.0
mfg_no_excl,bimodal,20,100,123,1000,6.056,6.424,1.0666930014430014,46.832,0.4683199999999999,6.375,0.29854113264620663,0.0,0.0
self_excl_only,bimodal,20,100,123,1000,6.493,6.424,1.137960844710847,49.028,0.4902800000000008,6.73,0.2534209548502199,0.0,0.0
ema_fixed_low,bimodal,20,100,123,1000,7.349,6.424,1.2843975108225114,56.812,0.5681200000000011,15.564,0.10354199378968197,0.04062902058529759,7.782989009234394
ema_fixed_high,bimodal,20,100,123,1000,6.971,6.424,1.2240587440337445,53.436,0.5343600000000001,13.049,0.1356903510812951,0.037158303076837165,8.401297969061213
ema_adaptive,bimodal,20,100,123,1000,7.268,6.424,1.2644852536352567,55.744,0.5574400000000006,15.793,0.10414287020433939,0.04097321021306663,7.588499800900652
ema_ad_low,bimodal,20,100,123,1000,7.027,6.424,1.2300405178155203,54.044,0.54044,10.017,0.17193915995303277,0.0308576201152603,4.20657153478429
ema_ad_med,bimodal,20,100,123,1000,7.084,6.424,1.23938931901432,54.336,0.5433600000000004,12.353,0.1397709138505618,0.03597174895445158,5.714524856909664
ema_no_coll,bimodal,20,100,123,1000,6.862,6.424,1.1943317432567429,51.744,0.5174399999999996,8.346,0.21166383558551397,0.026835461072175822,3.000444234448701
consec_L2,bimodal,20,100,123,1000,7.027,6.424,1.232910561660563,54.444,0.5444399999999995,13.376,0.12884313800480288,0.03810456691069949,4.633986786780272
consec_L4,bimodal,20,100,123,1000,7.157,6.424,1.2483358447108457,55.452,0.55452,17.509,0.09046428897571757,0.045424799766782535,2.3580122630901887
dcf_self_excl,bimodal,20,100,123,1000,5.585,6.424,0.9807121350871345,42.46,0.4246000000000002,13.719,0.17939230786781094,0.0,0.0
pnd,bimodal,20,100,123,1000,6.175,6.424,1.0811783827283847,46.332,0.46331999999999923,6.428,0.26618815957173003,0.0,0.0
pnd_cd,bimodal,20,100,123,1000,6.3,6.424,1.099612876012876,47.328,0.4732799999999997,6.832,0.2525085513948755,0.0,0.0
and,bimodal,20,100,123,1000,0.283,6.424,0.04993623043623048,1.46,0.014599999999999912,0.061,0.96264646464647,0.0,0.0
oracle,bimodal,20,100,456,1000,6.584,6.476,1.178110611610612,49.28,0.49280000000000074,5.872,0.27483909632694664,0.0,0.0
mfg_no_excl,bimodal,20,100,456,1000,6.263,6.476,1.1179950160950158,48.524,0.48523999999999995,6.503,0.28443727723626994,0.0,0.0
self_excl_only,bimodal,20,100,456,1000,6.566,6.476,1.1598003191253203,49.2,0.4919999999999997,6.837,0.25059543252530475,0.0,0.0
ema_fixed_low,bimodal,20,100,456,1000,7.338,6.476,1.3142652125652121,56.152,0.5615200000000002,15.827,0.10323748632465575,0.039977852744363676,7.878966789224085
ema_fixed_high,bimodal,20,100,456,1000,7.173,6.476,1.2727565601065598,54.204,0.5420400000000001,13.04,0.1333210875230168,0.03763174376043381,8.34724680221321
ema_adaptive,bimodal,20,100,456,1000,7.413,6.476,1.3102615689865682,56.252,0.5625200000000005,15.551,0.10365619258472808,0.04143278083491364,7.4083227763974735
ema_ad_low,bimodal,20,100,456,1000,7.01,6.476,1.2366802475302476,52.824,0.5282400000000002,10.05,0.17706059752721393,0.03065861352145313,4.122178966415892
ema_ad_med,bimodal,20,100,456,1000,7.313,6.476,1.293845171495172,55.66,0.5565999999999999,12.324,0.13420493159611424,0.0360475801165452,5.601762428640507
ema_no_coll,bimodal,20,100,456,1000,6.742,6.476,1.1928997890997903,51.208,0.51208,8.165,0.21969741131787776,0.02553589695184678,3.0515065321205657
consec_L2,bimodal,20,100,456,1000,7.042,6.476,1.2542017232767249,53.792,0.5379200000000004,13.577,0.12998036124689716,0.038888720128306686,4.629526572219782
consec_L4,bimodal,20,100,456,1000,7.348,6.476,1.3062216894216883,56.04,0.5603999999999999,17.578,0.08898020540679023,0.0452107268112811,2.2646395339478205
dcf_self_excl,bimodal,20,100,456,1000,5.529,6.476,0.9769582473082474,41.956,0.41955999999999977,13.738,0.18293428226567607,0.0,0.0
pnd,bimodal,20,100,456,1000,6.125,6.476,1.0854260378510387,46.212,0.4621199999999993,6.411,0.269364015538948,0.0,0.0
pnd_cd,bimodal,20,100,456,1000,6.3,6.476,1.122194882894884,47.408,0.4740799999999992,6.667,0.25729926254369195,0.0,0.0
and,bimodal,20,100,456,1000,0.27,6.476,0.0525950216450217,1.448,0.014479999999999917,0.079,0.9621064491064544,0.0,0.0
oracle,bimodal,20,100,789,1000,6.512,6.476,1.143784143634143,48.904,0.4890399999999996,6.058,0.27367121575256254,0.0,0.0
mfg_no_excl,bimodal,20,100,789,1000,6.197,6.476,1.0965845432345425,47.644,0.4764399999999997,6.462,0.2909523036897703,0.0,0.0
self_excl_only,bimodal,20,100,789,1000,6.507,6.476,1.142747433122432,49.308,0.4930799999999996,6.771,0.2521856717042744,0.0,0.0
ema_fixed_low,bimodal,20,100,789,1000,7.259,6.476,1.2836020757020767,55.308,0.5530800000000008,15.867,0.10734323261944492,0.04010471464306799,7.92480034490065
ema_fixed_high,bimodal,20,100,789,1000,7.202,6.476,1.267278274503276,55.032,0.5503200000000011,12.83,0.13362291927991377,0.03694070781676184,8.100639706123559
ema_adaptive,bimodal,20,100,789,1000,7.314,6.476,1.2906050088800092,56.128,0.5612800000000012,15.767,0.10271809897590578,0.040525024865254194,7.537997755706583
ema_ad_low,bimodal,20,100,789,1000,7.04,6.476,1.2343756549006566,53.608,0.5360799999999997,10.015,0.17512993102615876,0.030779010731083484,4.074560133671141
ema_ad_med,bimodal,20,100,789,1000,7.203,6.476,1.2657902985903005,54.908,0.5490800000000009,12.35,0.138045124095169,0.035374335178634496,5.6294551962370445
ema_no_coll,bimodal,20,100,789,1000,6.84,6.476,1.2023424519924526,51.36,0.5136,8.267,0.21416828030630217,0.02511270841550325,3.1472152112508054
consec_L2,bimodal,20,100,789,1000,7.279,6.476,1.2879828310578332,55.444,0.5544399999999999,13.293,0.12472145963198988,0.038481273886662996,4.496263239872149
consec_L4,bimodal,20,100,789,1000,7.326,6.476,1.2860263875013886,55.728,0.55728,17.571,0.08940184083742465,0.04582099167249279,2.286940190681838
dcf_self_excl,bimodal,20,100,789,1000,5.537,6.476,0.9706644966144969,42.068,0.4206799999999999,13.822,0.18103555593530257,0.0,0.0
pnd,bimodal,20,100,789,1000,6.158,6.476,1.0829984903984902,46.624,0.466239999999999,6.384,0.26936928942535293,0.0,0.0
pnd_cd,bimodal,20,100,789,1000,6.333,6.476,1.1174142940392942,47.772,0.47771999999999976,6.611,0.2545016085885131,0.0,0.0
and,bimodal,20,100,789,1000,0.266,6.476,0.05197071817071827,1.448,0.01447999999999991,0.073,0.9632045454545507,0.0,0.0
oracle,bimodal,20,100,1234,1000,6.477,6.416,1.1683902430902442,49.412,0.49411999999999967,5.948,0.2746075371097878,0.0,0.0
mfg_no_excl,bimodal,20,100,1234,1000,6.133,6.416,1.0941202380952382,47.5,0.4749999999999998,6.441,0.29422109843983374,0.0,0.0
self_excl_only,bimodal,20,100,1234,1000,6.642,6.416,1.1872784632034645,50.368,0.5036800000000002,6.835,0.24400974601240363,0.0,0.0
ema_fixed_low,bimodal,20,100,1234,1000,7.288,6.416,1.311237587412589,55.776,0.5577600000000006,15.775,0.1049762661412158,0.04107105999947205,7.757834447967242
ema_fixed_high,bimodal,20,100,1234,1000,7.145,6.416,1.2910783272283297,54.124,0.5412399999999994,13.02,0.13422000896752376,0.03787261896348068,8.285813272930572
ema_adaptive,bimodal,20,100,1234,1000,7.276,6.416,1.3123184565434582,55.44,0.5544000000000014,15.851,0.10486026601125986,0.04163115050209565,7.569633750860531
ema_ad_low,bimodal,20,100,1234,1000,7.023,6.416,1.2588573371073402,53.692,0.5369199999999994,10.075,0.1715855443765133,0.030921607889073582,4.197678763114793
ema_ad_med,bimodal,20,100,1234,1000,7.249,6.416,1.3093244338994352,55.748,0.5574799999999998,12.224,0.13690063835981936,0.03613188224695541,5.5918121464569
ema_no_coll,bimodal,20,100,1234,1000,6.753,6.416,1.2138682595182595,51.332,0.5133199999999998,8.194,0.21954070877526838,0.02573337210704357,2.958501008623199
consec_L2,bimodal,20,100,1234,1000,7.211,6.416,1.3045934565434572,54.828,0.5482800000000005,13.511,0.12539948267433607,0.038931623367713046,4.54575916020023
consec_L4,bimodal,20,100,1234,1000,7.26,6.416,1.312532861582863,55.576,0.5557600000000006,17.703,0.08895155669814749,0.04480695845360806,2.3325624963971507
dcf_self_excl,bimodal,20,100,1234,1000,5.457,6.416,0.9899747169497176,41.78,0.41779999999999984,13.646,0.18390196104297474,0.0,0.0
pnd,bimodal,20,100,1234,1000,6.157,6.416,1.108620326895328,46.46,0.46459999999999907,6.412,0.267293240796672,0.0,0.0
pnd_cd,bimodal,20,100,1234,1000,6.258,6.416,1.1328684981684987,47.128,0.4712799999999993,6.729,0.25583703585853007,0.0,0.0
and,bimodal,20,100,1234,1000,0.244,6.416,0.05018685481185489,1.304,0.013039999999999934,0.079,0.9646590909090956,0.0,0.0
oracle,bimodal,20,200,42,1000,12.884,12.813,1.05904913356767,99.192,0.49595999999999996,11.826,0.2649470665422761,0.0,0.0
mfg_no_excl,bimodal,20,200,42,1000,12.478,12.813,1.0246206056886005,97.88,0.4893999999999999,12.252,0.27643319386480214,0.0,0.0
self_excl_only,bimodal,20,200,42,1000,12.898,12.813,1.057880665215416,100.032,0.5001599999999995,12.355,0.2549597245508133,0.0,0.0
ema_fixed_low,bimodal,20,200,42,1000,14.512,12.813,1.191491067107128,113.744,0.5687200000000008,27.825,0.11869897212148545,0.055321697064803145,7.214210419673457
ema_fixed_high,bimodal,20,200,42,1000,14.42,12.813,1.1833811488734873,112.672,0.5633600000000005,27.208,0.12005344324312982,0.057596632401093,6.999118053857853
ema_adaptive,bimodal,20,200,42,1000,14.335,12.813,1.1820872057680898,112.076,0.5603799999999999,27.974,0.1199263039420091,0.05468911064047846,7.237225435069645
ema_ad_low,bimodal,20,200,42,1000,14.493,12.813,1.1909191735466125,112.476,0.5623800000000007,23.15,0.14274036972275936,0.05573893157936696,4.87181122942908
ema_ad_med,bimodal,20,200,42,1000,14.631,12.813,1.1997980496412781,114.156,0.5707800000000012,25.522,0.12663278011467885,0.05565697379946746,5.942863918826494
ema_no_coll,bimodal,20,200,42,1000,13.794,12.813,1.1300344498681576,107.568,0.5378400000000001,19.221,0.1810253583113796,0.04868342185427641,3.6257186850507965
consec_L2,bimodal,20,200,42,1000,14.512,12.813,1.191986275390416,113.36,0.5667999999999999,29.161,0.11052229928507479,0.058584119640137176,4.072467406946974
consec_L4,bimodal,20,200,42,1000,14.717,12.813,1.210209064250165,115.332,0.5766600000000003,39.876,0.0701937268202538,0.06980354438431145,2.2988740335770634
dcf_self_excl,bimodal,20,200,42,1000,11.411,12.813,0.934053555208121,88.892,0.44445999999999924,34.084,0.1410441084465048,0.0,0.0
pnd,bimodal,20,200,42,1000,12.296,12.813,1.0046788502562103,94.976,0.4748799999999998,12.535,0.26496085573974104,0.0,0.0
pnd_cd,bimodal,20,200,42,1000,12.427,12.813,1.0207519815323987,96.524,0.4826199999999998,13.649,0.24965733152820174,0.0,0.0
and,bimodal,20,200,42,1000,0.583,12.813,0.049846402595512686,3.5,0.017499999999999884,0.131,0.9610548859035768,0.0,0.0
oracle,bimodal,20,200,123,1000,12.801,12.686,1.0724142090279858,99.212,0.49605999999999995,11.523,0.26929795642979126,0.0,0.0
mfg_no_excl,bimodal,20,200,123,1000,12.246,12.686,1.0225361326753728,96.6,0.48300000000000004,11.862,0.2859699191020981,0.0,0.0
self_excl_only,bimodal,20,200,123,1000,12.911,12.686,1.0765597084889644,100.228,0.50114,12.426,0.2540189412192786,0.0,0.0
ema_fixed_low,bimodal,20,200,123,1000,14.531,12.686,1.2134202998412014,114.108,0.5705399999999995,27.578,0.11853267046667018,0.054200985364666325,7.169936383590876
ema_fixed_high,bimodal,20,200,123,1000,14.221,12.686,1.1890740560780806,111.812,0.5590600000000003,27.324,0.1215021914758185,0.05558784131389085,7.125088470606819
ema_adaptive,bimodal,20,200,123,1000,14.482,12.686,1.2105081796213781,113.728,0.568640000000001,28.134,0.11554670176070189,0.05618251239518529,7.11824573150904
ema_ad_low,bimodal,20,200,123,1000,14.333,12.686,1.1967390484945053,112.596,0.5629800000000007,22.773,0.14602677793390673,0.053347173445861214,4.983614822465589
ema_ad_med,bimodal,20,200,123,1000,14.316,12.686,1.1976169958266727,111.856,0.5592800000000003,25.201,0.13237446214604667,0.05393448604572508,6.1249088022060905
ema_no_coll,bimodal,20,200,123,1000,13.964,12.686,1.1642135255138735,109.16,0.5457999999999998,19.461,0.17631476349535977,0.049167561048624846,3.529350204472475
consec_L2,bimodal,20,200,123,1000,14.45,12.686,1.2080157708089978,113.36,0.5668,29.013,0.11051610688061198,0.05871072278104138,4.071435798809125
consec_L4,bimodal,20,200,123,1000,14.589,12.686,1.2218238048114616,115.156,0.5757800000000003,39.687,0.07080759201009325,0.06849698247833146,2.3375648881564732
dcf_self_excl,bimodal,20,200,123,1000,11.479,12.686,0.9585894867902988,89.916,0.4495799999999995,33.883,0.13935509426165343,0.0,0.0
pnd,bimodal,20,200,123,1000,12.286,12.686,1.0273451337620052,95.288,0.4764399999999995,12.51,0.2631962275978399,0.0,0.0
pnd_cd,bimodal,20,200,123,1000,12.638,12.686,1.0516530612318535,97.864,0.48931999999999953,13.744,0.24378847016296673,0.0,0.0
and,bimodal,20,200,123,1000,0.616,12.686,0.05272877105264901,3.592,0.01795999999999987,0.16,0.9577718557758093,0.0,0.0
oracle,bimodal,20,200,456,1000,12.978,12.916,1.0518648620299547,99.752,0.49875999999999987,11.422,0.2675796931153911,0.0,0.0
mfg_no_excl,bimodal,20,200,456,1000,12.497,12.916,1.01126829808908,97.716,0.48857999999999935,12.066,0.27914037550030996,0.0,0.0
self_excl_only,bimodal,20,200,456,1000,12.872,12.916,1.0413485284366475,99.192,0.49596000000000046,12.667,0.25414289237394594,0.0,0.0
ema_fixed_low,bimodal,20,200,456,1000,14.49,12.916,1.1767037608332505,112.592,0.5629600000000003,27.767,0.12107324056665046,0.05444250304471323,7.244193824727444
ema_fixed_high,bimodal,20,200,456,1000,14.383,12.916,1.1664692215979777,111.268,0.5563400000000008,27.382,0.12170209782300738,0.05697202480438119,7.089334227112205
ema_adaptive,bimodal,20,200,456,1000,14.744,12.916,1.1970879430382138,114.328,0.5716400000000008,28.132,0.11421752799732517,0.05729350422924689,6.944222094850892
ema_ad_low,bimodal,20,200,456,1000,14.364,12.916,1.1629015705613637,110.808,0.5540400000000008,22.913,0.14759727207236303,0.05334090072276178,4.928410274299166
ema_ad_med,bimodal,20,200,456,1000,14.705,12.916,1.1888004764155706,114.22,0.5710999999999998,25.381,0.12713851316143931,0.05601166178409559,5.894199493567344
ema_no_coll,bimodal,20,200,456,1000,13.921,12.916,1.1286959956194462,108.028,0.5401400000000007,19.592,0.1783816992023642,0.04887276429913902,3.611587784925104
consec_L2,bimodal,20,200,456,1000,14.568,12.916,1.1793630893401412,113.096,0.5654800000000005,29.131,0.11026306349809556,0.05933056296967517,4.0762198577941975
consec_L4,bimodal,20,200,456,1000,14.837,12.916,1.2021058927742359,115.716,0.5785800000000006,40.065,0.06912389974202315,0.06988824378596224,2.265048857474978
dcf_self_excl,bimodal,20,200,456,1000,11.485,12.916,0.9276907324959183,89.452,0.4472599999999989,34.01,0.1400068521376834,0.0,0.0
pnd,bimodal,20,200,456,1000,12.255,12.916,0.9919071741425066,94.644,0.4732199999999996,12.576,0.26686509141134257,0.0,0.0
pnd_cd,bimodal,20,200,456,1000,12.664,12.916,1.0261710229356125,97.512,0.48755999999999977,13.725,0.2468007106251105,0.0,0.0
and,bimodal,20,200,456,1000,0.598,12.916,0.04956488593965395,3.552,0.017759999999999877,0.185,0.9576069062389493,0.0,0.0
oracle,bimodal,20,200,789,1000,12.88,12.822,1.0674628027330426,99.28,0.49640000000000023,11.613,0.26774772735849384,0.0,0.0
mfg_no_excl,bimodal,20,200,789,1000,12.456,12.822,1.0340984814549061,97.048,0.4852399999999999,12.127,0.28076645114612797,0.0,0.0
self_excl_only,bimodal,20,200,789,1000,12.974,12.822,1.0787652297779615,100.4,0.5019999999999992,12.41,0.25449502500899757,0.0,0.0
ema_fixed_low,bimodal,20,200,789,1000,14.503,12.822,1.203059748932698,112.636,0.5631800000000013,27.817,0.12034110028644344,0.0543890059753186,7.274506117610217
ema_fixed_high,bimodal,20,200,789,1000,14.559,12.822,1.203557686418329,113.052,0.5652600000000017,27.394,0.11922494645879081,0.05785619871797381,6.892438969855102
ema_adaptive,bimodal,20,200,789,1000,14.573,12.822,1.209992739686354,113.316,0.5665800000000006,28.247,0.1167564848467297,0.056832197326696234,7.0633300173217926
ema_ad_low,bimodal,20,200,789,1000,14.415,12.822,1.193911720799839,111.98,0.5599000000000003,23.053,0.14645311826236823,0.05456338684609459,4.896586458991451
ema_ad_med,bimodal,20,200,789,1000,14.559,12.822,1.2083446312631299,113.708,0.5685400000000009,25.269,0.12989648481127192,0.05538758967642726,5.960161394313288
ema_no_coll,bimodal,20,200,789,1000,14.043,12.822,1.161711492600967,108.7,0.5435000000000011,19.741,0.17577541892198378,0.050807464960166665,3.5958606397384587
consec_L2,bimodal,20,200,789,1000,14.654,12.822,1.2152247926308286,114.048,0.5702400000000001,29.011,0.10882380500320123,0.05939021112392835,3.9819052409426
consec_L4,bimodal,20,200,789,1000,14.686,12.822,1.2169091685404376,114.408,0.5720400000000008,40.132,0.07083460365772253,0.06956242087345435,2.304339109391099
dcf_self_excl,bimodal,20,200,789,1000,11.512,12.822,0.9530395493953934,88.968,0.44483999999999957,34.511,0.13885780081347743,0.0,0.0
pnd,bimodal,20,200,789,1000,12.319,12.822,1.0195975302045726,95.124,0.4756199999999998,12.672,0.2651310655189368,0.0,0.0
pnd_cd,bimodal,20,200,789,1000,12.776,12.822,1.0613900619375454,98.488,0.4924399999999997,13.811,0.2420867532757039,0.0,0.0
and,bimodal,20,200,789,1000,0.595,12.822,0.050539548695199034,3.452,0.017259999999999883,0.156,0.9590139249639315,0.0,0.0
oracle,bimodal,20,200,1234,1000,12.856,12.693,1.0761223893366698,99.8,0.49899999999999967,11.653,0.267077358636722,0.0,0.0
mfg_no_excl,bimodal,20,200,1234,1000,12.326,12.693,1.028114303360899,96.752,0.4837599999999986,12.089,0.2805256706710459,0.0,0.0
self_excl_only,bimodal,20,200,1234,1000,13.059,12.693,1.0910957253874431,100.964,0.5048199999999999,12.532,0.24955502862657925,0.0,0.0
ema_fixed_low,bimodal,20,200,1234,1000,14.51,12.693,1.2082836174317586,113.04,0.5652000000000005,28.09,0.1179777040170226,0.055332770212727284,7.211704605161136
ema_fixed_high,bimodal,20,200,1234,1000,14.427,12.693,1.2039372016614287,112.556,0.56278,27.302,0.12040041566636323,0.05780673569805018,7.020120619040048
ema_adaptive,bimodal,20,200,1234,1000,14.524,12.693,1.212569200905735,113.296,0.5664800000000008,28.089,0.11655635367815427,0.05598452021387493,7.087484188803013
ema_ad_low,bimodal,20,200,1234,1000,14.424,12.693,1.206521316862531,112.92,0.5646000000000005,22.713,0.14409865578011413,0.054183223686926664,4.897769876057774
ema_ad_med,bimodal,20,200,1234,1000,14.505,12.693,1.2071872988509602,113.108,0.5655400000000003,25.423,0.12939132477454088,0.056318397308814966,5.969939217728862
ema_no_coll,bimodal,20,200,1234,1000,13.917,12.693,1.1559887471317818,108.38,0.5419000000000009,19.416,0.17818281154401935,0.04886680686716931,3.5555667948265155
consec_L2,bimodal,20,200,1234,1000,14.657,12.693,1.2231402791609847,114.452,0.5722600000000007,28.895,0.10812121530708109,0.059434348416706535,3.9974886833194017
consec_L4,bimodal,20,200,1234,1000,14.783,12.693,1.2379024482955974,116.012,0.5800600000000006,39.463,0.06964245135656535,0.06834025937505518,2.2996649377105642
dcf_self_excl,bimodal,20,200,1234,1000,11.281,12.693,0.943452502421038,88.324,0.44161999999999946,33.727,0.14434778598990813,0.0,0.0
pnd,bimodal,20,200,1234,1000,12.289,12.693,1.0281940607466151,95.42,0.4770999999999996,12.39,0.26564883567083736,0.0,0.0
pnd_cd,bimodal,20,200,1234,1000,12.658,12.693,1.0558157543436948,97.84,0.48920000000000013,13.662,0.24501015430444353,0.0,0.0
and,bimodal,20,200,1234,1000,0.611,12.693,0.05375526829551621,3.644,0.01821999999999988,0.162,0.957859058631434,0.0,0.0
oracle,bimodal,30,20,42,1000,1.444,1.434,0.8840500000000002,9.0,0.4500000000000001,1.436,0.2831892857142854,0.0,0.0
mfg_no_excl,bimodal,30,20,42,1000,1.193,1.434,0.7209833333333335,8.3,0.41500000000000065,1.746,0.3792204184704178,0.0,0.0
self_excl_only,bimodal,30,20,42,1000,1.475,1.434,0.9008833333333336,9.052,0.45260000000000083,2.051,0.21050854978354985,0.0,0.0
ema_fixed_low,bimodal,30,20,42,1000,1.39,1.434,0.8436666666666669,8.752,0.4376000000000008,2.628,0.16914777444777448,0.026803275793367155,3.789446575646579
ema_fixed_high,bimodal,30,20,42,1000,1.425,1.434,0.8666166666666668,8.86,0.44300000000000017,2.416,0.17299390331890335,0.02520879015329141,8.145023773448777
ema_adaptive,bimodal,30,20,42,1000,1.421,1.434,0.8573166666666666,9.02,0.4510000000000004,2.466,0.17338838383838376,0.02527173782203901,7.042925144300147
ema_ad_low,bimodal,30,20,42,1000,1.443,1.434,0.8691333333333333,8.94,0.4470000000000009,2.141,0.1990612554112556,0.02045262315809341,6.2250581890331915
ema_ad_med,bimodal,30,20,42,1000,1.499,1.434,0.8891166666666667,9.38,0.46900000000000047,2.147,0.18345025252525254,0.02209269197580902,6.424598340548343
ema_no_coll,bimodal,30,20,42,1000,1.436,1.434,0.867216666666667,8.912,0.44560000000000033,1.983,0.21949725829725855,0.019677634954415782,6.2466668109668095
consec_L2,bimodal,30,20,42,1000,1.41,1.434,0.8436833333333336,8.888,0.4444000000000003,2.366,0.17614509379509402,0.025655140572025635,3.3554408730158736
consec_L4,bimodal,30,20,42,1000,1.489,1.434,0.9044999999999999,9.196,0.45980000000000043,2.599,0.15745580808080803,0.026939345521310804,0.8022803751803752
dcf_self_excl,bimodal,30,20,42,1000,1.309,1.434,0.7965166666666667,8.532,0.42660000000000076,2.953,0.16282077922077928,0.0,0.0
pnd,bimodal,30,20,42,1000,1.423,1.434,0.8648666666666669,8.844,0.44219999999999976,1.902,0.21272063492063523,0.0,0.0
pnd_cd,bimodal,30,20,42,1000,1.452,1.434,0.8585833333333336,9.024,0.45119999999999977,1.762,0.22078650793650834,0.0,0.0
and,bimodal,30,20,42,1000,0.001,1.434,0.001,0.004,0.0002,0.0,0.9996666666666667,0.0,0.0
oracle,bimodal,30,20,123,1000,1.522,1.41,0.9351833333333336,9.504,0.47520000000000034,1.332,0.2794499999999998,0.0,0.0
mfg_no_excl,bimodal,30,20,123,1000,1.111,1.41,0.6866000000000001,7.916,0.3958000000000007,1.746,0.39755735653235563,0.0,0.0
self_excl_only,bimodal,30,20,123,1000,1.43,1.41,0.8715666666666665,9.08,0.454,2.054,0.20859853202353243,0.0,0.0
ema_fixed_low,bimodal,30,20,123,1000,1.395,1.41,0.8571833333333332,8.836,0.44180000000000075,2.712,0.16043727661227655,0.026593876692579906,3.9119423604173633
ema_fixed_high,bimodal,30,20,123,1000,1.423,1.41,0.857866666666667,8.884,0.4442000000000006,2.453,0.17126071428571438,0.025739332907704346,8.009503787878794
ema_adaptive,bimodal,30,20,123,1000,1.394,1.41,0.8573999999999999,8.936,0.44680000000000103,2.549,0.16792085137085147,0.02614709977464051,7.08431735209236
ema_ad_low,bimodal,30,20,123,1000,1.453,1.41,0.8983499999999998,9.148,0.45740000000000086,2.152,0.19470248917748942,0.021110130598176426,6.374924531024531
ema_ad_med,bimodal,30,20,123,1000,1.437,1.41,0.8815833333333336,9.06,0.45300000000000035,2.102,0.1991136724386726,0.0230106342570784,6.145044155844155
ema_no_coll,bimodal,30,20,123,1000,1.425,1.41,0.8603833333333333,8.78,0.43900000000000045,1.995,0.2204207792207792,0.020219162636627163,6.042334090909089
consec_L2,bimodal,30,20,123,1000,1.446,1.41,0.893116666666667,8.88,0.4440000000000001,2.356,0.1780974386724386,0.026256741978008338,3.3522655844155853
consec_L4,bimodal,30,20,123,1000,1.41,1.41,0.8565166666666669,9.024,0.45120000000000066,2.622,0.15977768065268066,0.027668726880854925,0.8157886557886559
dcf_self_excl,bimodal,30,20,123,1000,1.326,1.41,0.8021,8.56,0.4280000000000004,2.963,0.1621595959595958,0.0,0.0
pnd,bimodal,30,20,123,1000,1.378,1.41,0.8438666666666667,8.528,0.4263999999999995,1.801,0.22889246031746044,0.0,0.0
pnd_cd,bimodal,30,20,123,1000,1.433,1.41,0.8794333333333334,8.844,0.4421999999999999,1.836,0.22410158730158752,0.0,0.0
and,bimodal,30,20,123,1000,0.004,1.41,0.0025,0.016,0.0008,0.0,0.9986666666666667,0.0,0.0
oracle,bimodal,30,20,456,1000,1.447,1.457,0.8583500000000005,9.252,0.4626000000000006,1.288,0.30189256854256835,0.0,0.0
mfg_no_excl,bimodal,30,20,456,1000,1.164,1.457,0.704916666666667,7.816,0.39080000000000004,1.873,0.37842528860028746,0.0,0.0
self_excl_only,bimodal,30,20,456,1000,1.491,1.457,0.8872833333333333,9.076,0.45380000000000065,2.151,0.19759174991674994,0.0,0.0
ema_fixed_low,bimodal,30,20,456,1000,1.399,1.457,0.8427000000000003,9.036,0.4518000000000008,2.485,0.17146547619047628,0.026570823492317333,3.460608621933623
ema_fixed_high,bimodal,30,20,456,1000,1.421,1.457,0.8480333333333336,8.748,0.4374000000000002,2.524,0.17272647907647917,0.0247160678641633,8.330835894660892
ema_adaptive,bimodal,30,20,456,1000,1.409,1.457,0.8539500000000003,8.732,0.43660000000000027,2.44,0.1729524531024533,0.02512891829588973,6.6597500721500715
ema_ad_low,bimodal,30,20,456,1000,1.484,1.457,0.8999000000000001,9.28,0.4640000000000005,1.956,0.19953780663780693,0.020468550826088366,6.012824747474745
ema_ad_med,bimodal,30,20,456,1000,1.448,1.457,0.8763999999999998,9.08,0.45400000000000085,2.156,0.1967314213564213,0.022614818056876988,6.416337049062049
ema_no_coll,bimodal,30,20,456,1000,1.416,1.457,0.8551833333333336,8.824,0.4411999999999999,1.973,0.21684653679653693,0.019219132308116393,6.082703860028861
consec_L2,bimodal,30,20,456,1000,1.402,1.457,0.8400833333333334,8.584,0.42920000000000014,2.46,0.17518279220779218,0.025576929302262952,3.5441834415584417
consec_L4,bimodal,30,20,456,1000,1.462,1.457,0.8953166666666668,9.224,0.461200000000001,2.491,0.1636712842712842,0.026742765106288723,0.7334765151515151
dcf_self_excl,bimodal,30,20,456,1000,1.309,1.457,0.7958333333333335,8.228,0.41140000000000054,2.983,0.1686397186147185,0.0,0.0
pnd,bimodal,30,20,456,1000,1.348,1.457,0.819816666666667,8.472,0.4235999999999999,1.901,0.22850119047619058,0.0,0.0
pnd_cd,bimodal,30,20,456,1000,1.421,1.457,0.8652333333333334,8.844,0.4422000000000001,1.814,0.22511785714285745,0.0,0.0
and,bimodal,30,20,456,1000,0.003,1.457,0.0008333333333333333,0.012,0.0006000000000000001,0.0,0.999,0.0,0.0
oracle,bimodal,30,20,789,1000,1.437,1.417,0.8685000000000005,8.828,0.4414000000000002,1.303,0.3040999999999998,0.0,0.0
mfg_no_excl,bimodal,30,20,789,1000,1.14,1.417,0.68075,7.776,0.3888000000000005,1.803,0.38993878066377996,0.0,0.0
self_excl_only,bimodal,30,20,789,1000,1.484,1.417,0.8808333333333334,9.056,0.4527999999999999,2.149,0.20262644300144297,0.0,0.0
ema_fixed_low,bimodal,30,20,789,1000,1.41,1.417,0.8513333333333335,8.912,0.4456,2.543,0.16951956376956387,0.0266528579124157,3.6098988206238243
ema_fixed_high,bimodal,30,20,789,1000,1.398,1.417,0.8500000000000001,8.872,0.44359999999999994,2.417,0.1741907287157287,0.02543446027300672,7.858751767676766
ema_adaptive,bimodal,30,20,789,1000,1.44,1.417,0.837166666666667,9.048,0.45240000000000063,2.383,0.17655822510822503,0.02492799540486809,6.708379365079365
ema_ad_low,bimodal,30,20,789,1000,1.463,1.417,0.88475,9.1,0.4550000000000008,2.054,0.2035454184704184,0.02068680913388897,6.011714177489179
ema_ad_med,bimodal,30,20,789,1000,1.453,1.417,0.8581666666666669,9.052,0.45260000000000045,2.145,0.19524534632034618,0.022266794836344247,6.451062842712841
ema_no_coll,bimodal,30,20,789,1000,1.477,1.417,0.8810833333333333,9.052,0.4526000000000006,1.924,0.21772864357864383,0.01961277961184883,5.89342795815296
consec_L2,bimodal,30,20,789,1000,1.391,1.417,0.8432500000000002,8.924,0.44620000000000115,2.392,0.17542539682539676,0.025446809278453233,3.4070766955266953
consec_L4,bimodal,30,20,789,1000,1.421,1.417,0.8688333333333335,8.924,0.4462000000000005,2.437,0.17169704184704188,0.02608483006328395,0.6687868686868688
dcf_self_excl,bimodal,30,20,789,1000,1.346,1.417,0.8129999999999998,8.504,0.4252000000000004,3.013,0.16283639693639687,0.0,0.0
pnd,bimodal,30,20,789,1000,1.404,1.417,0.8400000000000002,8.4,0.4199999999999996,1.843,0.23007341269841278,0.0,0.0
pnd_cd,bimodal,30,20,789,1000,1.483,1.417,0.877416666666667,9.38,0.46900000000000097,1.817,0.2095059523809523,0.0,0.0
and,bimodal,30,20,789,1000,0.004,1.417,0.003,0.016,0.0008,0.001,0.9983333333333333,0.0,0.0
oracle,bimodal,30,20,1234,1000,1.413,1.503,0.8341999999999999,9.004,0.4502000000000006,1.448,0.28828178210678207,0.0,0.0
mfg_no_excl,bimodal,30,20,1234,1000,1.2,1.503,0.7204000000000002,8.112,0.4056000000000007,1.777,0.3756330808080806,0.0,0.0
self_excl_only,bimodal,30,20,1234,1000,1.461,1.503,0.8784333333333335,8.908,0.44540000000000046,2.069,0.20892359307359323,0.0,0.0
ema_fixed_low,bimodal,30,20,1234,1000,1.422,1.503,0.8528833333333334,9.032,0.4516000000000006,2.668,0.1582579476079478,0.02730361388750465,3.814924006549012
ema_fixed_high,bimodal,30,20,1234,1000,1.387,1.503,0.8226500000000002,8.796,0.43979999999999997,2.361,0.17976489898989906,0.025209311369885887,7.857654834054834
ema_adaptive,bimodal,30,20,1234,1000,1.42,1.503,0.8434833333333336,9.184,0.4592000000000009,2.558,0.160159595959596,0.025727178758496515,7.00427766955267
ema_ad_low,bimodal,30,20,1234,1000,1.508,1.503,0.8951333333333339,9.288,0.4644000000000003,2.102,0.1965522727272732,0.021465869230363616,5.938227922077923
ema_ad_med,bimodal,30,20,1234,1000,1.441,1.503,0.8608166666666665,9.164,0.45820000000000016,2.183,0.187671500721501,0.021969472572043416,6.8835689393939425
ema_no_coll,bimodal,30,20,1234,1000,1.443,1.503,0.8970000000000001,9.036,0.45180000000000053,1.949,0.21872821067821088,0.019756230860369154,5.888660028860025
consec_L2,bimodal,30,20,1234,1000,1.409,1.503,0.8405499999999999,8.98,0.44900000000000045,2.385,0.17602759740259738,0.02585283474628445,3.3881812049062066
consec_L4,bimodal,30,20,1234,1000,1.439,1.503,0.8793833333333336,9.108,0.4554000000000005,2.497,0.16971825396825407,0.026468801529671303,0.73542398989899
dcf_self_excl,bimodal,30,20,1234,1000,1.37,1.503,0.8331833333333335,8.728,0.4364000000000009,2.975,0.16070144300144304,0.0,0.0
pnd,bimodal,30,20,1234,1000,1.435,1.503,0.8809999999999998,8.652,0.43259999999999976,1.899,0.221969047619048,0.0,0.0
pnd_cd,bimodal,30,20,1234,1000,1.36,1.503,0.8310166666666671,8.2,0.4099999999999995,1.828,0.23472063492063527,0.0,0.0
and,bimodal,30,20,1234,1000,0.002,1.503,0.0015,0.008,0.0004,0.001,0.999,0.0,0.0
oracle,bimodal,30,50,42,1000,3.324,3.316,1.2325718253968247,23.904,0.47808,3.159,0.2868760991029955,0.0,0.0
mfg_no_excl,bimodal,30,50,42,1000,3.014,3.316,1.1058932539682536,22.656,0.4531200000000008,3.467,0.32343210135381206,0.0,0.0
self_excl_only,bimodal,30,50,42,1000,3.389,3.316,1.2373488095238083,24.172,0.48344000000000015,3.903,0.2425469354991418,0.0,0.0
ema_fixed_low,bimodal,30,50,42,1000,3.524,3.316,1.3023087301587288,25.832,0.51664,7.275,0.12657797600277476,0.02450790690277019,8.174996559003851
ema_fixed_high,bimodal,30,50,42,1000,3.467,3.316,1.283761507936508,25.156,0.5031199999999987,6.262,0.15276681997894032,0.022155260801260998,11.87211932903885
ema_adaptive,bimodal,30,50,42,1000,3.513,3.316,1.291446428571428,25.916,0.5183199999999992,6.94,0.13380168847283272,0.023330223178518756,9.110865785624016
ema_ad_low,bimodal,30,50,42,1000,3.435,3.316,1.279280952380952,24.916,0.49831999999999904,4.499,0.20903146159396224,0.015730117945719505,5.485914395326895
ema_ad_med,bimodal,30,50,42,1000,3.566,3.316,1.3168194444444432,25.896,0.5179199999999989,5.118,0.17698480997846408,0.018781394295260646,6.233934782507656
ema_no_coll,bimodal,30,50,42,1000,3.296,3.316,1.2125702380952386,23.544,0.4708799999999991,3.866,0.24931081826670098,0.013071768499002238,4.753109674394237
consec_L2,bimodal,30,50,42,1000,3.461,3.316,1.2725630952380946,25.052,0.5010399999999985,6.352,0.1535096738083421,0.022859555259591265,5.889767770705014
consec_L4,bimodal,30,50,42,1000,3.54,3.316,1.3125952380952373,25.816,0.5163199999999998,7.442,0.1253437680094101,0.024771257441052616,2.1865763260144764
dcf_self_excl,bimodal,30,50,42,1000,3.015,3.316,1.115562698412699,22.076,0.4415200000000002,7.42,0.16211674775602858,0.0,0.0
pnd,bimodal,30,50,42,1000,3.226,3.316,1.1865218253968244,23.152,0.4630399999999998,3.419,0.25934293729146735,0.0,0.0
pnd_cd,bimodal,30,50,42,1000,3.163,3.316,1.166084920634921,22.564,0.45127999999999874,3.497,0.2645980075480082,0.0,0.0
and,bimodal,30,50,42,1000,0.0,3.316,0.0,0.0,0.0,0.0,1.0,0.0,0.0
oracle,bimodal,30,50,123,1000,3.383,3.215,1.2664845238095244,24.292,0.485839999999999,3.153,0.2806672856941828,0.0,0.0
mfg_no_excl,bimodal,30,50,123,1000,2.91,3.215,1.1140535714285718,22.408,0.4481599999999996,3.459,0.3286654906325194,0.0,0.0
self_excl_only,bimodal,30,50,123,1000,3.295,3.215,1.2500583333333324,24.052,0.4810399999999998,3.824,0.250628855131797,0.0,0.0
ema_fixed_low,bimodal,30,50,123,1000,3.545,3.215,1.3534476190476203,26.212,0.5242400000000004,7.164,0.12752117750514833,0.02420703885677914,8.27880346896216
ema_fixed_high,bimodal,30,50,123,1000,3.451,3.215,1.2963904761904745,25.1,0.5019999999999996,6.175,0.1543994177606027,0.02180708708433347,11.826814496751961
ema_adaptive,bimodal,30,50,123,1000,3.463,3.215,1.3290416666666662,25.684,0.5136799999999997,6.877,0.13539780513305297,0.023851555196539233,8.799042668810975
ema_ad_low,bimodal,30,50,123,1000,3.477,3.215,1.3026738095238088,25.404,0.508079999999999,4.479,0.2047631601413726,0.015735314117651226,5.429575202927451
ema_ad_med,bimodal,30,50,123,1000,3.473,3.215,1.3218059523809509,25.356,0.5071199999999992,5.225,0.18410839725290234,0.019172889844074094,6.420681983092588
ema_no_coll,bimodal,30,50,123,1000,3.336,3.215,1.2874250000000005,23.904,0.4780799999999992,3.87,0.24700076394194123,0.013226793319652303,4.590226027077496
consec_L2,bimodal,30,50,123,1000,3.502,3.215,1.3234988095238087,25.432,0.5086399999999983,6.191,0.1499851265347856,0.022579079304307866,5.841983877113604
consec_L4,bimodal,30,50,123,1000,3.479,3.215,1.302240476190475,25.804,0.5160800000000001,7.366,0.12654276756058366,0.025314143988497607,2.203869477285401
dcf_self_excl,bimodal,30,50,123,1000,2.96,3.215,1.1116023809523812,21.248,0.4249599999999995,7.585,0.1619864851078244,0.0,0.0
pnd,bimodal,30,50,123,1000,3.169,3.215,1.203638095238096,22.532,0.45063999999999965,3.471,0.269911975743555,0.0,0.0
pnd_cd,bimodal,30,50,123,1000,3.205,3.215,1.206251190476191,23.036,0.46071999999999896,3.598,0.25541532911532944,0.0,0.0
and,bimodal,30,50,123,1000,0.0,3.215,0.0,0.0,0.0,0.0,1.0,0.0,0.0
oracle,bimodal,30,50,456,1000,3.361,3.337,1.22771507936508,24.204,0.48407999999999907,3.143,0.28593527567204086,0.0,0.0
mfg_no_excl,bimodal,30,50,456,1000,3.015,3.337,1.0934416666666664,22.204,0.4440800000000003,3.587,0.32304523156582027,0.0,0.0
self_excl_only,bimodal,30,50,456,1000,3.29,3.337,1.1806702380952376,23.432,0.4686399999999992,4.03,0.24962456509778516,0.0,0.0
ema_fixed_low,bimodal,30,50,456,1000,3.533,3.337,1.2690063492063484,25.924,0.51848,7.475,0.12383255461242153,0.024380897378260324,8.487101502217625
ema_fixed_high,bimodal,30,50,456,1000,3.437,3.337,1.2264857142857146,24.98,0.4995999999999987,6.258,0.1543462197030703,0.021870455428564715,11.839685521191061
ema_adaptive,bimodal,30,50,456,1000,3.61,3.337,1.2891670634920633,26.072,0.5214399999999992,6.846,0.13119171349376532,0.023229842617152257,8.94764837511989
ema_ad_low,bimodal,30,50,456,1000,3.439,3.337,1.2557138888888877,24.492,0.4898399999999988,4.298,0.21868836846847736,0.015727219138711546,5.054235471979865
ema_ad_med,bimodal,30,50,456,1000,3.51,3.337,1.2746297619047617,25.36,0.5071999999999993,5.27,0.18094605071571082,0.0185443387133058,6.637014348740349
ema_no_coll,bimodal,30,50,456,1000,3.388,3.337,1.2211416666666663,23.864,0.47727999999999915,3.965,0.24308547269723763,0.013302074965410894,4.709716678419617
consec_L2,bimodal,30,50,456,1000,3.496,3.337,1.2680658730158731,25.368,0.507359999999998,6.046,0.1516147440348128,0.022163330827664814,5.772409392673931
consec_L4,bimodal,30,50,456,1000,3.643,3.337,1.3189178571428573,26.404,0.5280799999999997,7.281,0.12299714168516121,0.024920357409595577,2.195658594720174
dcf_self_excl,bimodal,30,50,456,1000,2.982,3.337,1.077927777777777,21.384,0.4276800000000003,7.422,0.16715523486213105,0.0,0.0
pnd,bimodal,30,50,456,1000,3.104,3.337,1.1298857142857128,22.504,0.4500799999999995,3.53,0.2699404345654354,0.0,0.0
pnd_cd,bimodal,30,50,456,1000,3.207,3.337,1.1523964285714285,22.812,0.45623999999999887,3.564,0.2601621961371966,0.0,0.0
and,bimodal,30,50,456,1000,0.0,3.337,0.0,0.0,0.0,0.0,1.0,0.0,0.0
oracle,bimodal,30,50,789,1000,3.278,3.29,1.1765833333333335,23.464,0.4692799999999995,3.187,0.2884680534334948,0.0,0.0
mfg_no_excl,bimodal,30,50,789,1000,3.011,3.29,1.0876595238095246,22.82,0.45640000000000025,3.588,0.32415300195160873,0.0,0.0
self_excl_only,bimodal,30,50,789,1000,3.389,3.29,1.2380190476190467,23.972,0.4794399999999992,3.969,0.243929955029491,0.0,0.0
ema_fixed_low,bimodal,30,50,789,1000,3.554,3.29,1.3053499999999991,26.0,0.5199999999999997,7.435,0.12420029644343558,0.024512223202455323,8.193104809309165
ema_fixed_high,bimodal,30,50,789,1000,3.558,3.29,1.3073095238095227,25.664,0.5132799999999993,6.143,0.153947452137497,0.021637325974074726,11.434179740265794
ema_adaptive,bimodal,30,50,789,1000,3.537,3.29,1.3139428571428577,25.66,0.5131999999999992,7.102,0.13242712282819044,0.02379315791565362,9.002127030211872
ema_ad_low,bimodal,30,50,789,1000,3.419,3.29,1.2610714285714284,24.46,0.48919999999999875,4.456,0.21738314136843637,0.015788807152559283,5.38719917239623
ema_ad_med,bimodal,30,50,789,1000,3.564,3.29,1.3086833333333328,25.672,0.5134399999999989,5.229,0.17751249795096632,0.01830102318870695,6.619966607266136
ema_no_coll,bimodal,30,50,789,1000,3.356,3.29,1.221738095238095,24.008,0.4801599999999995,3.97,0.2437786380286385,0.013387126743792627,4.631918328322004
consec_L2,bimodal,30,50,789,1000,3.538,3.29,1.2926976190476187,25.576,0.5115199999999988,6.248,0.15022946137110285,0.022551083291585138,5.761886272881743
consec_L4,bimodal,30,50,789,1000,3.583,3.29,1.2960309523809517,25.828,0.5165599999999992,7.336,0.1268589308522433,0.02512769436586972,2.0371671988232234
dcf_self_excl,bimodal,30,50,789,1000,3.072,3.29,1.1288476190476182,21.944,0.43887999999999927,7.53,0.15889772645655095,0.0,0.0
pnd,bimodal,30,50,789,1000,3.189,3.29,1.1771785714285716,22.316,0.4463199999999994,3.428,0.27005200355200426,0.0,0.0
pnd_cd,bimodal,30,50,789,1000,3.216,3.29,1.1880309523809516,23.016,0.4603199999999996,3.455,0.26098722388722456,0.0,0.0
and,bimodal,30,50,789,1000,0.0,3.29,0.0,0.0,0.0,0.0,1.0,0.0,0.0
oracle,bimodal,30,50,1234,1000,3.265,3.378,1.1508853174603169,23.924,0.4784799999999998,3.108,0.29011994500597477,0.0,0.0
mfg_no_excl,bimodal,30,50,1234,1000,3.085,3.378,1.0753531746031744,23.556,0.47111999999999926,3.479,0.3160632415357264,0.0,0.0
self_excl_only,bimodal,30,50,1234,1000,3.356,3.378,1.1769230158730164,23.952,0.4790399999999994,4.004,0.240403917977448,0.0,0.0
ema_fixed_low,bimodal,30,50,1234,1000,3.608,3.378,1.2619071428571431,26.6,0.5319999999999994,7.106,0.12626080950558924,0.02432335085981522,7.9854625905524035
ema_fixed_high,bimodal,30,50,1234,1000,3.518,3.378,1.248238492063491,25.52,0.5103999999999987,6.02,0.155406256557341,0.021716203065020593,11.283071532414954
ema_adaptive,bimodal,30,50,1234,1000,3.613,3.378,1.2810460317460324,26.932,0.5386399999999988,6.823,0.12908096993436782,0.023462441017772267,8.559691768052687
ema_ad_low,bimodal,30,50,1234,1000,3.436,3.378,1.2170238095238093,24.968,0.499359999999999,4.472,0.21008046504149486,0.015485001100895505,5.355033479265826
ema_ad_med,bimodal,30,50,1234,1000,3.555,3.378,1.2511817460317456,25.836,0.5167199999999986,5.127,0.1764873867274802,0.018743350784188983,6.480308136071864
ema_no_coll,bimodal,30,50,1234,1000,3.393,3.378,1.2089015873015874,24.452,0.48903999999999936,3.819,0.24560253994371664,0.013349755910995116,4.328403106044279
consec_L2,bimodal,30,50,1234,1000,3.405,3.378,1.1956238095238094,24.948,0.4989599999999986,6.224,0.15444435878878682,0.022611511647243187,5.963315076478384
consec_L4,bimodal,30,50,1234,1000,3.579,3.378,1.2602730158730144,26.164,0.5232799999999999,7.367,0.12260585480077667,0.024853925005437653,2.2971355584324202
dcf_self_excl,bimodal,30,50,1234,1000,3.063,3.378,1.070048015873016,22.156,0.44312000000000024,7.426,0.16078428184564347,0.0,0.0
pnd,bimodal,30,50,1234,1000,3.194,3.378,1.1221841269841262,22.808,0.4561599999999991,3.406,0.2652781510972694,0.0,0.0
pnd_cd,bimodal,30,50,1234,1000,3.098,3.378,1.092516666666667,21.84,0.4367999999999989,3.613,0.26966163003663074,0.0,0.0
and,bimodal,30,50,1234,1000,0.0,3.378,0.0,0.0,0.0,0.0,1.0,0.0,0.0
oracle,bimodal,30,100,42,1000,6.357,6.374,1.121976234876235,48.06,0.4806,6.215,0.27523213207077163,0.0,0.0
mfg_no_excl,bimodal,30,100,42,1000,6.125,6.374,1.1031064546564553,47.476,0.4747600000000005,6.506,0.29451657873856635,0.0,0.0
self_excl_only,bimodal,30,100,42,1000,6.44,6.374,1.150282825507826,48.664,0.486639999999999,6.899,0.25255370867813326,0.0,0.0
ema_fixed_low,bimodal,30,100,42,1000,7.328,6.374,1.3049029109779111,56.024,0.5602400000000012,14.99,0.11031746650235318,0.023127332896864382,12.382421209932613
ema_fixed_high,bimodal,30,100,42,1000,7.089,6.374,1.2635245754245759,53.916,0.5391600000000003,12.632,0.13908145839777317,0.021659525762147046,13.310754391294406
ema_adaptive,bimodal,30,100,42,1000,7.257,6.374,1.293508294483295,55.284,0.5528400000000008,15.227,0.11135951425358093,0.02330757249680346,12.066397761086543
ema_ad_low,bimodal,30,100,42,1000,6.981,6.374,1.237745587745587,53.18,0.5318,9.185,0.1844231168007005,0.015879496164914995,6.452919537977788
ema_ad_med,bimodal,30,100,42,1000,7.222,6.374,1.289590143190145,55.184,0.5518400000000002,11.593,0.14301162339913703,0.020038827405226164,8.507663196389789
ema_no_coll,bimodal,30,100,42,1000,6.509,6.374,1.162905219780221,49.356,0.4935599999999996,7.454,0.23737772043936495,0.011966324892990286,4.879102008218413
consec_L2,bimodal,30,100,42,1000,6.975,6.374,1.2392185786435816,53.228,0.5322799999999996,13.271,0.13378495458092496,0.022506229382694906,7.3002362256873
consec_L4,bimodal,30,100,42,1000,7.22,6.374,1.286729625929628,55.072,0.5507200000000008,17.226,0.09443206941096967,0.026526954022406818,3.589837589792556
dcf_self_excl,bimodal,30,100,42,1000,5.66,6.374,1.0111772477522476,42.784,0.4278399999999994,14.137,0.17453666960576308,0.0,0.0
pnd,bimodal,30,100,42,1000,5.995,6.374,1.0696668914418914,45.5,0.4549999999999992,6.16,0.27769897082111394,0.0,0.0
pnd_cd,bimodal,30,100,42,1000,6.074,6.374,1.0837056499056514,45.632,0.4563199999999995,6.546,0.26857786641754544,0.0,0.0
and,bimodal,30,100,42,1000,0.067,6.374,0.011622655122655118,0.292,0.0029200000000000016,0.018,0.9905555555555573,0.0,0.0
oracle,bimodal,30,100,123,1000,6.35,6.37,1.143575735375736,48.16,0.4815999999999989,5.999,0.2795350463419299,0.0,0.0
mfg_no_excl,bimodal,30,100,123,1000,5.997,6.37,1.0675599206349193,47.1,0.47100000000000064,6.358,0.2973149789295681,0.0,0.0
self_excl_only,bimodal,30,100,123,1000,6.333,6.37,1.1409878649128662,48.652,0.48651999999999995,6.858,0.2545729443105349,0.0,0.0
ema_fixed_low,bimodal,30,100,123,1000,7.258,6.37,1.2993295426795433,55.68,0.5568,15.179,0.10990686449595718,0.023503412130828363,12.432089688383867
ema_fixed_high,bimodal,30,100,123,1000,6.965,6.37,1.2617018231768231,53.348,0.533480000000001,12.549,0.141388510225643,0.02167787075548231,13.287677745708818
ema_adaptive,bimodal,30,100,123,1000,7.083,6.37,1.2652784826284842,55.068,0.5506800000000004,14.994,0.11318420815808726,0.023894836773948054,11.89672518100937
ema_ad_low,bimodal,30,100,123,1000,6.923,6.37,1.2359810273060288,53.396,0.5339599999999997,9.161,0.18584115267157295,0.01574185713707165,6.442044931672431
ema_ad_med,bimodal,30,100,123,1000,7.123,6.37,1.2779695637695647,54.612,0.5461200000000007,11.578,0.14818920713391867,0.019919258556099852,8.762773043622499
ema_no_coll,bimodal,30,100,123,1000,6.511,6.37,1.171305328005328,49.636,0.4963600000000004,7.432,0.23744430112859063,0.012260251186132656,4.606132696279181
consec_L2,bimodal,30,100,123,1000,6.99,6.37,1.2469297147297176,53.488,0.5348799999999999,13.066,0.13393765950808761,0.022669471043435176,7.213043677218245
consec_L4,bimodal,30,100,123,1000,7.181,6.37,1.2806663641913667,55.556,0.5555599999999997,16.951,0.09399637565924333,0.026291882966094447,3.6186558224828045
dcf_self_excl,bimodal,30,100,123,1000,5.539,6.37,0.9864032967032955,42.348,0.42347999999999986,14.126,0.17483529330726597,0.0,0.0
pnd,bimodal,30,100,123,1000,6.09,6.37,1.0929826229326236,46.088,0.46087999999999935,6.124,0.274296562492139,0.0,0.0
pnd_cd,bimodal,30,100,123,1000,6.089,6.37,1.0885611610611614,46.092,0.4609199999999989,6.444,0.2672686206105192,0.0,0.0
and,bimodal,30,100,123,1000,0.081,6.37,0.015111147186147174,0.356,0.003560000000000003,0.012,0.9897070707070724,0.0,0.0
oracle,bimodal,30,100,456,1000,6.457,6.49,1.1271294982794986,48.636,0.4863600000000002,6.094,0.2766255796919298,0.0,0.0
mfg_no_excl,bimodal,30,100,456,1000,6.067,6.49,1.0549276723276722,46.3,0.4629999999999993,6.495,0.29761867448342877,0.0,0.0
self_excl_only,bimodal,30,100,456,1000,6.422,6.49,1.1214031468531462,48.616,0.48616000000000054,7.021,0.2507732876247894,0.0,0.0
ema_fixed_low,bimodal,30,100,456,1000,7.311,6.49,1.2817878926628938,56.02,0.5602000000000008,15.165,0.11010775016528765,0.02311081530620045,12.48066803427513
ema_fixed_high,bimodal,30,100,456,1000,7.036,6.49,1.2283400543900556,53.488,0.5348800000000001,12.576,0.14123980990919294,0.02130145473781629,13.255172645552058
ema_adaptive,bimodal,30,100,456,1000,7.327,6.49,1.2808706071706069,55.86,0.5586000000000013,14.95,0.10946660308767285,0.024096411483238364,11.612155021129455
ema_ad_low,bimodal,30,100,456,1000,6.943,6.49,1.2161243062493077,52.716,0.5271599999999999,9.057,0.18904782077019877,0.01579836429620257,6.1420196236006195
ema_ad_med,bimodal,30,100,456,1000,7.107,6.49,1.2504027417027421,53.916,0.5391599999999999,11.812,0.14937602622155005,0.019606306800222777,8.914782326556093
ema_no_coll,bimodal,30,100,456,1000,6.512,6.49,1.1351509324009323,49.144,0.49144000000000015,7.431,0.24021270188582577,0.011723195935198726,4.7843419609752855
consec_L2,bimodal,30,100,456,1000,7.061,6.49,1.2331782301032326,53.476,0.5347599999999999,13.097,0.13406267688455695,0.022611395238139875,7.166674384171545
consec_L4,bimodal,30,100,456,1000,7.388,6.49,1.2913655372405384,56.272,0.5627200000000004,17.028,0.0917550000015904,0.026134808283725195,3.5244678956937636
dcf_self_excl,bimodal,30,100,456,1000,5.669,6.49,0.9962399572649556,42.62,0.4262,14.259,0.1733746430197482,0.0,0.0
pnd,bimodal,30,100,456,1000,5.965,6.49,1.0396678932178935,45.228,0.45227999999999924,6.171,0.28153285878452605,0.0,0.0
pnd_cd,bimodal,30,100,456,1000,6.232,6.49,1.0853192529692524,46.336,0.4633599999999993,6.415,0.26624482506312597,0.0,0.0
and,bimodal,30,100,456,1000,0.09,6.49,0.01592622655122654,0.424,0.0042400000000000024,0.016,0.9882424242424261,0.0,0.0
oracle,bimodal,30,100,789,1000,6.389,6.325,1.1380577478077483,48.188,0.48188000000000003,6.079,0.2769607441905423,0.0,0.0
mfg_no_excl,bimodal,30,100,789,1000,6.165,6.325,1.092887437562439,47.564,0.4756400000000002,6.502,0.29349902298032154,0.0,0.0
self_excl_only,bimodal,30,100,789,1000,6.515,6.325,1.1667044400044397,49.028,0.49028,7.083,0.24872944107808437,0.0,0.0
ema_fixed_low,bimodal,30,100,789,1000,7.244,6.325,1.2843281662781676,55.304,0.5530400000000008,15.467,0.10964981396249705,0.023400494168649807,12.558295296183964
ema_fixed_high,bimodal,30,100,789,1000,7.201,6.325,1.2824641192141204,54.244,0.5424400000000001,12.7,0.13779848303622252,0.02150559851560342,12.948042647584272
ema_adaptive,bimodal,30,100,789,1000,7.265,6.325,1.2933212287712297,55.42,0.5542000000000001,15.178,0.11051495201610177,0.023514190495895936,11.91026564564374
ema_ad_low,bimodal,30,100,789,1000,6.899,6.325,1.2227559107559125,51.964,0.5196399999999994,9.108,0.1931641156716474,0.01575389940566211,6.3362778051159685
ema_ad_med,bimodal,30,100,789,1000,7.262,6.325,1.2933543012543016,55.04,0.5503999999999993,11.562,0.14471399091769763,0.019493244630310366,8.81093353082795
ema_no_coll,bimodal,30,100,789,1000,6.579,6.325,1.1683816045066056,49.26,0.4925999999999998,7.493,0.23795167337412268,0.012194230845362013,4.694048625077562
consec_L2,bimodal,30,100,789,1000,7.126,6.325,1.2688165029415033,54.272,0.54272,13.184,0.1323003315532088,0.022494605382916456,7.113817211053881
consec_L4,bimodal,30,100,789,1000,7.306,6.325,1.294928951603953,55.624,0.5562400000000003,17.156,0.09288695669940912,0.026234085297862312,3.601025522155874
dcf_self_excl,bimodal,30,100,789,1000,5.594,6.325,0.9944769425019421,42.104,0.4210399999999996,14.304,0.17413620124072296,0.0,0.0
pnd,bimodal,30,100,789,1000,6.063,6.325,1.080489804639804,45.044,0.4504399999999993,6.215,0.27992973004452587,0.0,0.0
pnd_cd,bimodal,30,100,789,1000,6.208,6.325,1.104581596181597,46.848,0.46847999999999956,6.398,0.2658195770652232,0.0,0.0
and,bimodal,30,100,789,1000,0.075,6.325,0.014416341991341989,0.332,0.003320000000000002,0.013,0.990222222222224,0.0,0.0
oracle,bimodal,30,100,1234,1000,6.327,6.443,1.1145283466533455,48.3,0.482999999999999,6.073,0.2778903034636556,0.0,0.0
mfg_no_excl,bimodal,30,100,1234,1000,6.191,6.443,1.0835239454989443,48.212,0.4821200000000004,6.436,0.28925306024090813,0.0,0.0
self_excl_only,bimodal,30,100,1234,1000,6.413,6.443,1.1288858474858483,48.564,0.4856399999999996,6.95,0.25242632532033266,0.0,0.0
ema_fixed_low,bimodal,30,100,1234,1000,7.303,6.443,1.2890918137418155,55.764,0.5576400000000006,15.195,0.11017875576022904,0.023573580634230325,12.314043395164314
ema_fixed_high,bimodal,30,100,1234,1000,7.016,6.443,1.2347486707736712,53.168,0.5316800000000005,12.561,0.1417732087475549,0.021849907237115242,13.092262109614559
ema_adaptive,bimodal,30,100,1234,1000,7.23,6.443,1.2764213564213562,56.16,0.5616000000000005,14.955,0.11012311576796152,0.02338972259474168,11.74009113949631
ema_ad_low,bimodal,30,100,1234,1000,6.904,6.443,1.1993193584193593,52.936,0.5293599999999995,9.117,0.1880846035759963,0.015637131100746698,6.298620117069505
ema_ad_med,bimodal,30,100,1234,1000,7.22,6.443,1.2659306637806638,54.84,0.548399999999999,11.492,0.14742834495674173,0.019662871818670675,8.63133498733658
ema_no_coll,bimodal,30,100,1234,1000,6.617,6.443,1.167419394494395,50.012,0.5001199999999997,7.284,0.23658921619971784,0.012246832941986974,4.575076735943849
consec_L2,bimodal,30,100,1234,1000,7.01,6.443,1.2273212537462552,53.544,0.5354399999999998,13.281,0.13288554030932428,0.022464186298947416,7.385193224757878
consec_L4,bimodal,30,100,1234,1000,7.226,6.443,1.272768453768454,55.424,0.5542400000000003,17.184,0.09413664276888005,0.026040714664319408,3.716218722487483
dcf_self_excl,bimodal,30,100,1234,1000,5.624,6.443,0.9869822483072485,43.176,0.43175999999999987,14.047,0.17448897459797696,0.0,0.0
pnd,bimodal,30,100,1234,1000,6.049,6.443,1.0595964257964248,45.46,0.4545999999999992,6.227,0.277199452612357,0.0,0.0
pnd_cd,bimodal,30,100,1234,1000,6.058,6.443,1.0595482017982014,45.624,0.45623999999999987,6.47,0.2703993235375978,0.0,0.0
and,bimodal,30,100,1234,1000,0.085,6.443,0.014561183261183254,0.356,0.0035600000000000024,0.025,0.9877979797979818,0.0,0.0
oracle,bimodal,30,200,42,1000,12.6,12.544,1.0585621372140512,97.992,0.48995999999999973,12.114,0.26798191883649164,0.0,0.0
mfg_no_excl,bimodal,30,200,42,1000,12.28,12.544,1.0352647177748209,96.552,0.4827599999999996,12.318,0.28062131156764486,0.0,0.0
self_excl_only,bimodal,30,200,42,1000,12.618,12.544,1.0628520856502863,97.68,0.48839999999999995,12.775,0.25819131512705973,0.0,0.0
ema_fixed_low,bimodal,30,200,42,1000,14.105,12.544,1.1823132277115123,109.956,0.5497800000000002,25.18,0.13897933083113692,0.02319939400503106,12.72950090647567
ema_fixed_high,bimodal,30,200,42,1000,14.221,12.544,1.1957884858982721,110.668,0.5533400000000002,25.956,0.13179918364829746,0.025038063314563718,12.42820555171906
ema_adaptive,bimodal,30,200,42,1000,14.007,12.544,1.1764276114628838,108.884,0.5444200000000012,26.29,0.1352993193460467,0.024501652629763993,12.57288896893188
ema_ad_low,bimodal,30,200,42,1000,14.04,12.544,1.177279058891672,109.176,0.545880000000001,19.815,0.17009012231447102,0.019420557758001455,8.202127970839477
ema_ad_med,bimodal,30,200,42,1000,14.21,12.544,1.1942723270141544,110.832,0.5541600000000013,22.729,0.14812582083400602,0.021824921400876978,10.301611132133896
ema_no_coll,bimodal,30,200,42,1000,13.29,12.544,1.11740904750751,103.256,0.5162800000000004,15.562,0.21928139403795935,0.015498122790585045,5.272380503434644
consec_L2,bimodal,30,200,42,1000,14.157,12.544,1.1918366550568538,110.716,0.553580000000001,27.722,0.12218001236602992,0.026289556674421587,7.108987581914195
consec_L4,bimodal,30,200,42,1000,14.621,12.544,1.2287424254771502,114.22,0.5711000000000006,38.259,0.07781582132287097,0.03168782495140444,3.983795459134342
dcf_self_excl,bimodal,30,200,42,1000,10.495,12.544,0.8834533517799477,81.34,0.4066999999999991,27.382,0.18785936458917352,0.0,0.0
pnd,bimodal,30,200,42,1000,11.76,12.544,0.9878475787561023,90.984,0.4549199999999992,11.628,0.2860113985719511,0.0,0.0
pnd_cd,bimodal,30,200,42,1000,11.928,12.544,1.0055184298152366,92.488,0.46243999999999896,12.388,0.2733527399986842,0.0,0.0
and,bimodal,30,200,42,1000,0.164,12.544,0.014599988633657364,0.744,0.003720000000000003,0.033,0.9890611111111131,0.0,0.0
oracle,bimodal,30,200,123,1000,12.403,12.481,1.0474310783936807,97.004,0.48501999999999973,11.768,0.27575892600831875,0.0,0.0
mfg_no_excl,bimodal,30,200,123,1000,12.104,12.481,1.0234920856567862,95.928,0.4796400000000003,12.199,0.28465618279448884,0.0,0.0
self_excl_only,bimodal,30,200,123,1000,12.547,12.481,1.0614734694320727,98.668,0.4933400000000003,12.795,0.2580103812455622,0.0,0.0
ema_fixed_low,bimodal,30,200,123,1000,14.126,12.481,1.1926032152523518,110.752,0.5537600000000005,25.502,0.13615389222986204,0.023653405842605724,12.712288333746798
ema_fixed_high,bimodal,30,200,123,1000,14.077,12.481,1.1924286324235367,110.276,0.5513800000000003,25.683,0.13255066668537802,0.025137599116998324,12.4118448151682
ema_adaptive,bimodal,30,200,123,1000,13.899,12.481,1.1754218712981135,109.556,0.5477800000000005,26.113,0.13466745687511816,0.024286152856642443,12.57041597792393
ema_ad_low,bimodal,30,200,123,1000,13.866,12.481,1.1696024673975085,109.0,0.5450000000000005,19.593,0.17223932711336334,0.019537588742846196,8.201984580498252
ema_ad_med,bimodal,30,200,123,1000,14.199,12.481,1.1982995146141386,111.78,0.5589000000000004,22.712,0.1470165805979004,0.0221684625113802,10.302885895193683
ema_no_coll,bimodal,30,200,123,1000,13.181,12.481,1.1165047729433268,103.324,0.5166200000000013,15.517,0.2198171046284997,0.015473603545848208,5.152127750732697
consec_L2,bimodal,30,200,123,1000,14.201,12.481,1.1958894920728542,111.332,0.5566600000000003,27.567,0.12130360926846542,0.026153910523882436,7.147185212527944
consec_L4,bimodal,30,200,123,1000,14.505,12.481,1.225784261200281,115.052,0.5752600000000001,37.543,0.07824069179185252,0.03119586276891588,3.999151003417284
dcf_self_excl,bimodal,30,200,123,1000,10.346,12.481,0.8742460545082262,81.072,0.40535999999999933,27.138,0.18858994260320688,0.0,0.0
pnd,bimodal,30,200,123,1000,11.872,12.481,1.0043227002135535,92.52,0.46259999999999984,11.641,0.2816303180753049,0.0,0.0
pnd_cd,bimodal,30,200,123,1000,11.943,12.481,1.0093172096141305,92.964,0.4648199999999995,12.357,0.27248643522794214,0.0,0.0
and,bimodal,30,200,123,1000,0.168,12.481,0.015071371009451499,0.768,0.003840000000000003,0.034,0.9887833333333355,0.0,0.0
oracle,bimodal,30,200,456,1000,12.7,12.658,1.058456384710061,97.936,0.48967999999999934,11.985,0.26997211417631817,0.0,0.0
mfg_no_excl,bimodal,30,200,456,1000,12.271,12.658,1.0219764605750286,95.5,0.47749999999999865,12.467,0.28299073168893246,0.0,0.0
self_excl_only,bimodal,30,200,456,1000,12.632,12.658,1.053098591548629,97.672,0.48836000000000024,12.986,0.2567069409633177,0.0,0.0
ema_fixed_low,bimodal,30,200,456,1000,14.015,12.658,1.1725606529306616,109.092,0.5454600000000012,25.386,0.1407231400096269,0.023477188556280195,12.819000718483043
ema_fixed_high,bimodal,30,200,456,1000,14.232,12.658,1.188375518208143,110.688,0.5534400000000004,25.719,0.1326293213144731,0.024701166300403074,12.40403280721209
ema_adaptive,bimodal,30,200,456,1000,14.319,12.658,1.1917877646948856,111.34,0.5567000000000013,26.065,0.13068543630105645,0.024816993902048893,12.291112992651518
ema_ad_low,bimodal,30,200,456,1000,13.919,12.658,1.1630003079093263,108.716,0.5435800000000012,19.624,0.17208856758052993,0.01928245209986674,8.017497135058896
ema_ad_med,bimodal,30,200,456,1000,14.073,12.658,1.1754155680233078,109.18,0.545900000000001,22.884,0.15171713102238343,0.021858054832212277,10.520186269412427
ema_no_coll,bimodal,30,200,456,1000,13.223,12.658,1.1019158990304507,101.78,0.5089000000000008,15.779,0.2205391358087169,0.015418559049377726,5.404146864875181
consec_L2,bimodal,30,200,456,1000,14.369,12.658,1.199834894796467,111.604,0.5580200000000004,27.762,0.12007122529074903,0.026489838790510454,7.020270838913044
consec_L4,bimodal,30,200,456,1000,14.774,12.658,1.2314015080937313,115.064,0.5753200000000009,37.873,0.07744176582635968,0.03161255379145601,3.9652038897280977
dcf_self_excl,bimodal,30,200,456,1000,10.553,12.658,0.8808274906981555,81.356,0.4067799999999997,27.664,0.18584548790111521,0.0,0.0
pnd,bimodal,30,200,456,1000,11.76,12.658,0.9833440401188068,91.248,0.45623999999999904,11.758,0.28606407666870276,0.0,0.0
pnd_cd,bimodal,30,200,456,1000,12.195,12.658,1.0180667828172856,93.724,0.4686199999999991,12.382,0.2699846460624748,0.0,0.0
and,bimodal,30,200,456,1000,0.149,12.658,0.012706837400645446,0.692,0.0034600000000000026,0.046,0.9891780701754406,0.0,0.0
oracle,bimodal,30,200,789,1000,12.483,12.51,1.0532643280441905,96.572,0.48285999999999946,11.772,0.27600252069708103,0.0,0.0
mfg_no_excl,bimodal,30,200,789,1000,12.412,12.51,1.0444262212406576,97.312,0.4865600000000003,12.287,0.28075371761398904,0.0,0.0
self_excl_only,bimodal,30,200,789,1000,12.861,12.51,1.08825031421126,99.084,0.4954199999999998,13.231,0.25259380960315936,0.0,0.0
ema_fixed_low,bimodal,30,200,789,1000,13.987,12.51,1.1797606056758636,108.772,0.5438600000000003,25.551,0.14062397865185258,0.023209460662192087,12.867002638179716
ema_fixed_high,bimodal,30,200,789,1000,14.189,12.51,1.1987379107194605,110.172,0.5508600000000008,25.838,0.1340118585836717,0.025143544063210035,12.227176840624196
ema_adaptive,bimodal,30,200,789,1000,14.131,12.51,1.1916325632300953,110.172,0.5508600000000001,26.174,0.13325416388848677,0.024517283894886315,12.393133223926943
ema_ad_low,bimodal,30,200,789,1000,14.0,12.51,1.1810848816694597,108.624,0.54312,19.911,0.17186605253077028,0.019600829015496486,8.17505693908172
ema_ad_med,bimodal,30,200,789,1000,14.246,12.51,1.20020288222027,110.656,0.5532800000000007,22.818,0.14969585286529158,0.021842628046510187,10.358490901313058
ema_no_coll,bimodal,30,200,789,1000,13.344,12.51,1.1255925139033294,103.032,0.5151600000000012,15.871,0.2174470766984916,0.015356086944241199,5.336982457743307
consec_L2,bimodal,30,200,789,1000,14.352,12.51,1.2115145160873304,111.6,0.5580000000000009,27.786,0.1212590935415637,0.02637707591498871,7.041538465573342
consec_L4,bimodal,30,200,789,1000,14.696,12.51,1.2396427543291717,114.712,0.5735600000000006,37.865,0.07844966565479083,0.031542213483360726,3.9867205539312867
dcf_self_excl,bimodal,30,200,789,1000,10.495,12.51,0.8854705363527529,80.9,0.40449999999999875,27.451,0.1876166351892355,0.0,0.0
pnd,bimodal,30,200,789,1000,11.86,12.51,1.0006175722243318,90.856,0.45427999999999985,11.814,0.28516998915702335,0.0,0.0
pnd_cd,bimodal,30,200,789,1000,12.114,12.51,1.0212311695548957,93.872,0.46935999999999983,12.421,0.27054162653560926,0.0,0.0
and,bimodal,30,200,789,1000,0.164,12.51,0.014377796425280944,0.728,0.0036400000000000026,0.027,0.989400000000002,0.0,0.0
oracle,bimodal,30,200,1234,1000,12.539,12.657,1.0495483176541007,97.516,0.48757999999999935,12.019,0.27146870627358827,0.0,0.0
mfg_no_excl,bimodal,30,200,1234,1000,12.422,12.657,1.0382239458926539,97.848,0.48924000000000045,12.499,0.27659339492556184,0.0,0.0
self_excl_only,bimodal,30,200,1234,1000,12.604,12.657,1.0537966637587959,97.792,0.48896000000000023,12.979,0.2566696040975858,0.0,0.0
ema_fixed_low,bimodal,30,200,1234,1000,13.981,12.657,1.1696577555173924,108.892,0.54446,25.339,0.14041108512714537,0.023439185305609764,12.759743750968253
ema_fixed_high,bimodal,30,200,1234,1000,14.124,12.657,1.181443100271762,110.216,0.5510800000000005,25.639,0.13309441001081715,0.024993667717301167,12.341907792169739
ema_adaptive,bimodal,30,200,1234,1000,14.076,12.657,1.1793939299207161,110.288,0.5514400000000003,26.011,0.13396908913785066,0.024389043446861075,12.3902906290655
ema_ad_low,bimodal,30,200,1234,1000,13.825,12.657,1.1582487990376311,108.3,0.5415000000000006,19.723,0.17357307978402836,0.01917536455049705,8.253788131314439
ema_ad_med,bimodal,30,200,1234,1000,14.217,12.657,1.1865895685631955,110.348,0.55174,22.743,0.14935101516657537,0.022033015289189023,10.36303004740932
ema_no_coll,bimodal,30,200,1234,1000,13.294,12.657,1.1125753788540325,103.768,0.5188400000000007,15.466,0.21834296255202232,0.015703780960613985,5.105602698126679
consec_L2,bimodal,30,200,1234,1000,14.25,12.657,1.188053874751615,111.432,0.55716,27.692,0.12114810657887039,0.026052777196587634,7.135359779075384
consec_L4,bimodal,30,200,1234,1000,14.797,12.657,1.238639236727626,115.18,0.5759000000000003,37.909,0.07765789380147331,0.03154385200350281,3.988076889372047
dcf_self_excl,bimodal,30,200,1234,1000,10.646,12.657,0.8909223824544463,83.352,0.4167599999999987,27.361,0.1849720172668714,0.0,0.0
pnd,bimodal,30,200,1234,1000,11.831,12.657,0.9856962738518946,91.988,0.4599399999999993,11.798,0.2829945454158467,0.0,0.0
pnd_cd,bimodal,30,200,1234,1000,11.963,12.657,0.9993266712377087,92.324,0.46162000000000025,12.466,0.27316852380975354,0.0,0.0
and,bimodal,30,200,1234,1000,0.158,12.657,0.013674246831599766,0.712,0.003560000000000003,0.029,0.989611111111113,0.0,0.0
oracle,bimodal,50,20,42,1000,1.373,1.441,0.8432000000000003,8.684,0.4342,1.441,0.30144375901875853,0.0,0.0
mfg_no_excl,bimodal,50,20,42,1000,1.183,1.441,0.7202000000000002,8.116,0.40580000000000077,1.831,0.377963636363635,0.0,0.0
self_excl_only,bimodal,50,20,42,1000,1.507,1.441,0.9268999999999996,9.396,0.469800000000001,2.161,0.1979835137085139,0.0,0.0
ema_fixed_low,bimodal,50,20,42,1000,1.394,1.441,0.8310166666666666,8.712,0.43560000000000076,2.725,0.16791020923520938,0.015456432082361173,7.002267532467527
ema_fixed_high,bimodal,50,20,42,1000,1.415,1.441,0.8402333333333333,8.972,0.44860000000000033,2.38,0.1771435425685425,0.014446986207828314,13.253974458874444
ema_adaptive,bimodal,50,20,42,1000,1.381,1.441,0.8113166666666669,8.804,0.44020000000000115,2.467,0.17146787934287935,0.014415306459908872,12.112584723609718
ema_ad_low,bimodal,50,20,42,1000,1.436,1.441,0.886666666666667,8.936,0.44680000000000075,1.981,0.2125751082251083,0.01163415748003791,10.464720995670993
ema_ad_med,bimodal,50,20,42,1000,1.452,1.441,0.855833333333334,8.968,0.4484000000000005,2.111,0.19627341269841278,0.012624392321158582,10.73016349206348
ema_no_coll,bimodal,50,20,42,1000,1.448,1.441,0.8832166666666666,8.84,0.4419999999999996,1.918,0.2267306998557001,0.010940947526665292,10.067809920634927
consec_L2,bimodal,50,20,42,1000,1.46,1.441,0.887866666666667,9.144,0.45720000000000044,2.278,0.17895259740259753,0.014528039103711728,5.427454653679657
consec_L4,bimodal,50,20,42,1000,1.354,1.441,0.818616666666667,8.896,0.4448000000000008,2.578,0.1675489538239539,0.015310147881202385,1.4124482683982678
dcf_self_excl,bimodal,50,20,42,1000,1.343,1.441,0.8224500000000005,8.412,0.42060000000000075,2.974,0.16776093073593096,0.0,0.0
pnd,bimodal,50,20,42,1000,1.443,1.441,0.8657666666666668,8.94,0.44699999999999956,1.783,0.22086666666666696,0.0,0.0
pnd_cd,bimodal,50,20,42,1000,1.392,1.441,0.8356000000000006,8.512,0.4256000000000004,1.815,0.23216071428571447,0.0,0.0
and,bimodal,50,20,42,1000,0.0,1.441,0.0,0.0,0.0,0.0,1.0,0.0,0.0
oracle,bimodal,50,20,123,1000,1.407,1.434,0.8587500000000002,8.564,0.4282000000000001,1.385,0.3011365079365075,0.0,0.0
mfg_no_excl,bimodal,50,20,123,1000,1.128,1.434,0.667416666666667,7.696,0.3848000000000003,1.844,0.38856013708513654,0.0,0.0
self_excl_only,bimodal,50,20,123,1000,1.477,1.434,0.8776666666666667,9.028,0.45139999999999986,2.109,0.20805137085137132,0.0,0.0
ema_fixed_low,bimodal,50,20,123,1000,1.43,1.434,0.8609166666666669,8.864,0.4432000000000001,2.637,0.16558904428904428,0.014968078562351538,6.582304131979133
ema_fixed_high,bimodal,50,20,123,1000,1.397,1.434,0.8528333333333336,8.772,0.43860000000000005,2.446,0.1745611471861471,0.014185037432374224,13.975759956709934
ema_adaptive,bimodal,50,20,123,1000,1.424,1.434,0.8540000000000003,8.752,0.4375999999999995,2.341,0.18373196248196266,0.014517347338107696,11.481250613275604
ema_ad_low,bimodal,50,20,123,1000,1.518,1.434,0.9087500000000003,9.312,0.4656000000000004,2.005,0.2025623376623379,0.011573268675950136,10.010082178932171
ema_ad_med,bimodal,50,20,123,1000,1.412,1.434,0.8458333333333341,8.656,0.4328000000000006,2.11,0.20629816017316022,0.012565976934064386,10.9371264069264
ema_no_coll,bimodal,50,20,123,1000,1.461,1.434,0.8895,8.996,0.44980000000000003,1.915,0.21071868686868708,0.011074599425328926,9.823449675324678
consec_L2,bimodal,50,20,123,1000,1.423,1.434,0.86325,8.868,0.44340000000000035,2.337,0.18059642857142869,0.014891180219003918,5.700269372294373
consec_L4,bimodal,50,20,123,1000,1.389,1.434,0.8385833333333336,8.884,0.44420000000000054,2.56,0.17176302308802316,0.015385036656691446,1.4165499999999989
dcf_self_excl,bimodal,50,20,123,1000,1.309,1.434,0.7749166666666667,8.46,0.42300000000000015,3.011,0.1647512987012988,0.0,0.0
pnd,bimodal,50,20,123,1000,1.398,1.434,0.8645833333333333,8.832,0.4416000000000007,1.843,0.22467658730158735,0.0,0.0
pnd_cd,bimodal,50,20,123,1000,1.391,1.434,0.840583333333333,8.628,0.4313999999999999,1.844,0.2229293650793655,0.0,0.0
and,bimodal,50,20,123,1000,0.0,1.434,0.0,0.0,0.0,0.0,1.0,0.0,0.0
oracle,bimodal,50,20,456,1000,1.467,1.511,0.8956500000000001,8.956,0.44780000000000025,1.394,0.2901909812409807,0.0,0.0
mfg_no_excl,bimodal,50,20,456,1000,1.155,1.511,0.7186166666666673,8.084,0.4042000000000008,1.782,0.37548282550782475,0.0,0.0
self_excl_only,bimodal,50,20,456,1000,1.436,1.511,0.8863166666666668,8.904,0.44520000000000004,2.112,0.21288113275613282,0.0,0.0
ema_fixed_low,bimodal,50,20,456,1000,1.43,1.511,0.8676500000000001,9.2,0.4600000000000013,2.63,0.16370021645021646,0.015210167329168923,6.387442532467528
ema_fixed_high,bimodal,50,20,456,1000,1.396,1.511,0.8392833333333333,8.704,0.4352000000000005,2.429,0.18199282106782094,0.014415215727770127,13.880411940836915
ema_adaptive,bimodal,50,20,456,1000,1.43,1.511,0.870366666666667,9.16,0.45800000000000035,2.377,0.17767316017316012,0.014176934711876523,11.23655378787877
ema_ad_low,bimodal,50,20,456,1000,1.457,1.511,0.8642833333333331,9.004,0.4502000000000005,1.971,0.2118382034632034,0.011565650095753164,10.309406349206345
ema_ad_med,bimodal,50,20,456,1000,1.476,1.511,0.8954500000000003,9.24,0.4620000000000005,2.112,0.1882254689754691,0.012475134819204538,10.47502225829725
ema_no_coll,bimodal,50,20,456,1000,1.473,1.511,0.9013166666666665,8.996,0.44980000000000014,1.912,0.21712142857142894,0.010775153786218183,10.131238564213566
consec_L2,bimodal,50,20,456,1000,1.415,1.511,0.8546500000000006,8.724,0.43619999999999987,2.384,0.17759310966810987,0.014727285659131582,5.6358755411255395
consec_L4,bimodal,50,20,456,1000,1.438,1.511,0.871983333333333,8.912,0.4456000000000007,2.67,0.16027586580086578,0.015226095117555623,1.3905843434343437
dcf_self_excl,bimodal,50,20,456,1000,1.283,1.511,0.7953333333333336,8.028,0.4014000000000005,2.986,0.17665768398268394,0.0,0.0
pnd,bimodal,50,20,456,1000,1.421,1.511,0.8499000000000001,8.748,0.43740000000000007,1.899,0.22324606782106823,0.0,0.0
pnd_cd,bimodal,50,20,456,1000,1.431,1.511,0.8751166666666668,8.868,0.4434,1.788,0.21903611111111118,0.0,0.0
and,bimodal,50,20,456,1000,0.0,1.511,0.0,0.0,0.0,0.0,1.0,0.0,0.0
oracle,bimodal,50,20,789,1000,1.397,1.462,0.8521666666666668,8.708,0.4353999999999996,1.315,0.30624848484848427,0.0,0.0
mfg_no_excl,bimodal,50,20,789,1000,1.14,1.462,0.7012000000000004,7.816,0.3908000000000005,1.812,0.3806770285270276,0.0,0.0
self_excl_only,bimodal,50,20,789,1000,1.403,1.462,0.86195,8.788,0.43940000000000035,2.101,0.20847326839826855,0.0,0.0
ema_fixed_low,bimodal,50,20,789,1000,1.433,1.462,0.8947833333333333,9.14,0.457000000000001,2.669,0.15851305916305913,0.015282171441375173,6.640797907647904
ema_fixed_high,bimodal,50,20,789,1000,1.479,1.462,0.9171499999999999,9.244,0.4622000000000011,2.389,0.1691646825396824,0.014511875615252265,12.931756096681074
ema_adaptive,bimodal,50,20,789,1000,1.385,1.462,0.8555500000000006,8.628,0.4314000000000001,2.361,0.1843297258297258,0.014972829855095487,11.262083838383823
ema_ad_low,bimodal,50,20,789,1000,1.417,1.462,0.8804000000000007,8.732,0.43660000000000043,1.964,0.2216647907647909,0.01139208975212631,10.344871897546884
ema_ad_med,bimodal,50,20,789,1000,1.425,1.462,0.8677833333333337,8.924,0.44620000000000054,2.178,0.1985684343434345,0.012607765894524217,10.746794227994226
ema_no_coll,bimodal,50,20,789,1000,1.459,1.462,0.8914833333333336,8.988,0.44940000000000035,1.903,0.22346559551559558,0.011040862908535868,9.905003044178043
consec_L2,bimodal,50,20,789,1000,1.444,1.462,0.896166666666667,8.952,0.44760000000000044,2.361,0.17888113275613274,0.014621555879431336,5.8114051948051975
consec_L4,bimodal,50,20,789,1000,1.455,1.462,0.8925833333333332,9.124,0.45620000000000044,2.49,0.16848344155844158,0.015544464464810141,1.1753252886002883
dcf_self_excl,bimodal,50,20,789,1000,1.257,1.462,0.7702500000000001,8.38,0.4190000000000008,2.987,0.1663916056166056,0.0,0.0
pnd,bimodal,50,20,789,1000,1.36,1.462,0.8452833333333332,8.464,0.4231999999999998,1.854,0.22966468253968292,0.0,0.0
pnd_cd,bimodal,50,20,789,1000,1.368,1.462,0.8387833333333337,8.52,0.42600000000000016,1.801,0.23693095238095302,0.0,0.0
and,bimodal,50,20,789,1000,0.0,1.462,0.0,0.0,0.0,0.0,1.0,0.0,0.0
oracle,bimodal,50,20,1234,1000,1.466,1.468,0.881916666666667,9.208,0.4604000000000006,1.414,0.28908023088023066,0.0,0.0
mfg_no_excl,bimodal,50,20,1234,1000,1.146,1.468,0.6982499999999999,7.968,0.3984000000000008,1.797,0.3809437062937054,0.0,0.0
self_excl_only,bimodal,50,20,1234,1000,1.452,1.468,0.8875833333333336,8.928,0.44640000000000046,2.072,0.21361378066378073,0.0,0.0
ema_fixed_low,bimodal,50,20,1234,1000,1.427,1.468,0.8604166666666665,9.212,0.46060000000000123,2.552,0.16225209235209226,0.015421776173565027,6.320725072150074
ema_fixed_high,bimodal,50,20,1234,1000,1.439,1.468,0.8921666666666667,8.988,0.44940000000000097,2.439,0.17280054112554105,0.014584286336578758,13.671852489177464
ema_adaptive,bimodal,50,20,1234,1000,1.451,1.468,0.8806666666666665,9.06,0.45300000000000046,2.409,0.16983827561327555,0.01451747157465408,11.408665476190464
ema_ad_low,bimodal,50,20,1234,1000,1.454,1.468,0.8722500000000002,9.008,0.45040000000000024,2.044,0.20496349206349204,0.011342224940236704,10.345260714285711
ema_ad_med,bimodal,50,20,1234,1000,1.453,1.468,0.8850833333333336,9.044,0.45220000000000077,2.202,0.19461554834054842,0.012502867868963244,11.37527474747474
ema_no_coll,bimodal,50,20,1234,1000,1.455,1.468,0.8916666666666667,8.948,0.44740000000000035,1.88,0.22359935064935083,0.011240663969253873,9.577566053391061
consec_L2,bimodal,50,20,1234,1000,1.436,1.468,0.8855833333333332,8.92,0.44600000000000034,2.368,0.18057644300144288,0.014235270088815146,5.8131367965367975
consec_L4,bimodal,50,20,1234,1000,1.405,1.468,0.8628333333333337,8.788,0.439400000000001,2.676,0.16664044011544,0.015620153418565996,1.4139073232323218
dcf_self_excl,bimodal,50,20,1234,1000,1.281,1.468,0.7912499999999998,8.332,0.41660000000000047,2.983,0.16919562104562058,0.0,0.0
pnd,bimodal,50,20,1234,1000,1.391,1.468,0.8513333333333338,8.524,0.4262000000000004,1.776,0.22940793650793712,0.0,0.0
pnd_cd,bimodal,50,20,1234,1000,1.415,1.468,0.8581666666666666,8.884,0.44419999999999993,1.743,0.22221190476190508,0.0,0.0
and,bimodal,50,20,1234,1000,0.0,1.468,0.0,0.0,0.0,0.0,1.0,0.0,0.0
oracle,bimodal,50,50,42,1000,3.304,3.309,1.189255555555555,23.576,0.47152000000000005,3.238,0.2861264361455536,0.0,0.0
mfg_no_excl,bimodal,50,50,42,1000,2.953,3.309,1.0804789682539684,22.548,0.45095999999999997,3.606,0.32217975268195836,0.0,0.0
self_excl_only,bimodal,50,50,42,1000,3.378,3.309,1.2220257936507932,24.704,0.49407999999999974,3.908,0.24024771359531452,0.0,0.0
ema_fixed_low,bimodal,50,50,42,1000,3.511,3.309,1.2659968253968261,25.46,0.5091999999999999,7.273,0.13408871975580108,0.013838572121060096,14.431640945513577
ema_fixed_high,bimodal,50,50,42,1000,3.51,3.309,1.2647369047619044,25.312,0.5062399999999994,6.001,0.15828038360418448,0.012264702090894556,19.779661307182675
ema_adaptive,bimodal,50,50,42,1000,3.53,3.309,1.29459126984127,25.936,0.5187199999999991,6.458,0.14183379992601397,0.012738581064459336,17.257502372118253
ema_ad_low,bimodal,50,50,42,1000,3.402,3.309,1.2383634920634912,24.488,0.48975999999999953,4.107,0.22828636722754422,0.007932705950700676,11.591210500447259
ema_ad_med,bimodal,50,50,42,1000,3.413,3.309,1.2219535714285712,24.5,0.4899999999999992,4.939,0.19438480786760912,0.010042524284735559,13.38985866295186
ema_no_coll,bimodal,50,50,42,1000,3.284,3.309,1.1844071428571432,23.608,0.4721599999999994,3.617,0.2607495960738611,0.006486594117605337,10.439223851638562
consec_L2,bimodal,50,50,42,1000,3.425,3.309,1.2422234126984126,24.764,0.4952799999999989,6.173,0.157915967370264,0.012826814608165187,9.852539573618683
consec_L4,bimodal,50,50,42,1000,3.479,3.309,1.2598321428571433,25.924,0.5184799999999996,7.043,0.13187032092005102,0.013811333322103632,3.5622382467592604
dcf_self_excl,bimodal,50,50,42,1000,3.033,3.309,1.0989765873015862,21.676,0.4335200000000002,7.524,0.16136472333547378,0.0,0.0
pnd,bimodal,50,50,42,1000,3.156,3.309,1.1612880952380942,22.624,0.45247999999999994,3.386,0.2678189255189263,0.0,0.0
pnd_cd,bimodal,50,50,42,1000,3.186,3.309,1.1429519841269853,22.488,0.44975999999999866,3.465,0.2683185384060392,0.0,0.0
and,bimodal,50,50,42,1000,0.0,3.309,0.0,0.0,0.0,0.0,1.0,0.0,0.0
oracle,bimodal,50,50,123,1000,3.264,3.35,1.1538904761904765,23.4,0.46800000000000014,3.24,0.2907231051628113,0.0,0.0
mfg_no_excl,bimodal,50,50,123,1000,2.944,3.35,1.026205952380952,22.288,0.44576000000000005,3.656,0.3293618178390233,0.0,0.0
self_excl_only,bimodal,50,50,123,1000,3.385,3.35,1.1829285714285718,24.108,0.48215999999999987,3.86,0.24510930180500662,0.0,0.0
ema_fixed_low,bimodal,50,50,123,1000,3.578,3.35,1.228421428571427,25.944,0.5188799999999993,7.139,0.1302080447114426,0.013385252781074098,14.56029331798162
ema_fixed_high,bimodal,50,50,123,1000,3.418,3.35,1.195597619047619,25.192,0.5038399999999988,5.943,0.15902764982265805,0.012216807638960395,19.58501910412861
ema_adaptive,bimodal,50,50,123,1000,3.565,3.35,1.2242773809523808,25.724,0.5144799999999994,6.406,0.14398622553916737,0.013268976946794873,16.66033018663911
ema_ad_low,bimodal,50,50,123,1000,3.386,3.35,1.1700119047619044,24.408,0.4881599999999987,4.218,0.22557854490281024,0.008027090553213566,11.679502144832288
ema_ad_med,bimodal,50,50,123,1000,3.425,3.35,1.1930059523809513,24.468,0.4893599999999982,4.986,0.19474461225049525,0.010106417332054737,13.585131533988903
ema_no_coll,bimodal,50,50,123,1000,3.326,3.35,1.167440476190476,23.728,0.47455999999999926,3.647,0.2578833527583534,0.0068523512599085335,10.425893348318354
consec_L2,bimodal,50,50,123,1000,3.471,3.35,1.2054999999999996,24.916,0.4983199999999981,6.079,0.15605422617458298,0.012804342946619031,9.920454872307769
consec_L4,bimodal,50,50,123,1000,3.518,3.35,1.2484916666666666,25.712,0.5142399999999991,7.2,0.1275692545255935,0.014129606071286986,3.8160979671065163
dcf_self_excl,bimodal,50,50,123,1000,3.012,3.35,1.0624404761904767,21.88,0.4375999999999995,7.624,0.15726981392491457,0.0,0.0
pnd,bimodal,50,50,123,1000,3.215,3.35,1.1204547619047625,23.124,0.46247999999999967,3.444,0.2619051837051842,0.0,0.0
pnd_cd,bimodal,50,50,123,1000,3.083,3.35,1.0879666666666663,22.38,0.4475999999999992,3.548,0.26696852314352376,0.0,0.0
and,bimodal,50,50,123,1000,0.0,3.35,0.0,0.0,0.0,0.0,1.0,0.0,0.0
oracle,bimodal,50,50,456,1000,3.254,3.359,1.164113095238095,23.416,0.46831999999999935,3.183,0.2961717846481008,0.0,0.0
mfg_no_excl,bimodal,50,50,456,1000,2.967,3.359,1.0686845238095228,22.444,0.4488799999999999,3.423,0.3341044937905233,0.0,0.0
self_excl_only,bimodal,50,50,456,1000,3.295,3.359,1.1908892857142865,23.612,0.4722400000000001,3.976,0.24937263177998525,0.0,0.0
ema_fixed_low,bimodal,50,50,456,1000,3.509,3.359,1.2562630952380949,25.892,0.5178399999999991,7.224,0.13031312515015325,0.01311456096120942,14.233790034797131
ema_fixed_high,bimodal,50,50,456,1000,3.398,3.359,1.2254857142857145,24.72,0.4943999999999989,6.195,0.1608123689391113,0.012331137543209606,20.21517228580244
ema_adaptive,bimodal,50,50,456,1000,3.555,3.359,1.2755416666666661,26.116,0.5223199999999991,6.353,0.14295902866894322,0.012785660951367645,16.29695067080416
ema_ad_low,bimodal,50,50,456,1000,3.363,3.359,1.2060892857142855,24.372,0.4874399999999992,4.192,0.22731828073457364,0.008026919263562242,11.667722567001281
ema_ad_med,bimodal,50,50,456,1000,3.512,3.359,1.2825321428571423,25.344,0.5068799999999986,4.876,0.1907425103491287,0.009935954416207763,13.197605900227215
ema_no_coll,bimodal,50,50,456,1000,3.347,3.359,1.193495238095237,23.82,0.47640000000000005,3.806,0.25073480792083797,0.006781097706171621,10.811159091970111
consec_L2,bimodal,50,50,456,1000,3.504,3.359,1.255346428571429,25.64,0.5127999999999993,5.958,0.15347157376077747,0.012607682932782496,9.514376650078498
consec_L4,bimodal,50,50,456,1000,3.559,3.359,1.2720380952380952,25.868,0.5173599999999998,7.252,0.12707936287680774,0.014108941784404512,3.6566699774272617
dcf_self_excl,bimodal,50,50,456,1000,2.973,3.359,1.0724809523809524,21.404,0.4280799999999998,7.659,0.16219779436100673,0.0,0.0
pnd,bimodal,50,50,456,1000,3.122,3.359,1.1132642857142847,22.472,0.4494399999999994,3.449,0.26797916250416315,0.0,0.0
pnd_cd,bimodal,50,50,456,1000,3.186,3.359,1.1590940476190474,22.704,0.45407999999999915,3.507,0.2632920995671,0.0,0.0
and,bimodal,50,50,456,1000,0.0,3.359,0.0,0.0,0.0,0.0,1.0,0.0,0.0
oracle,bimodal,50,50,789,1000,3.239,3.335,1.1804642857142844,23.356,0.4671199999999993,3.197,0.2911096440109603,0.0,0.0
mfg_no_excl,bimodal,50,50,789,1000,2.914,3.335,1.0477571428571426,22.448,0.4489600000000002,3.554,0.3232512973137977,0.0,0.0
self_excl_only,bimodal,50,50,789,1000,3.316,3.335,1.1969809523809536,23.752,0.4750400000000007,3.973,0.24674128687789748,0.0,0.0
ema_fixed_low,bimodal,50,50,789,1000,3.486,3.335,1.264985714285715,25.84,0.5167999999999994,7.225,0.12916295211608586,0.013750111590637134,14.028989267779107
ema_fixed_high,bimodal,50,50,789,1000,3.466,3.335,1.241978571428571,25.072,0.5014399999999998,5.947,0.16002367973873463,0.012311161874077011,19.378312126848048
ema_adaptive,bimodal,50,50,789,1000,3.415,3.335,1.2350928571428565,24.892,0.4978399999999995,6.65,0.14738896550589828,0.013018204430129913,17.091136732954514
ema_ad_low,bimodal,50,50,789,1000,3.331,3.335,1.2089380952380937,24.036,0.4807199999999997,4.056,0.23476882904677063,0.008009208334726868,11.395840436605875
ema_ad_med,bimodal,50,50,789,1000,3.47,3.335,1.2447452380952386,25.008,0.5001599999999994,4.947,0.1909103138605468,0.009930088325209759,13.524913271059866
ema_no_coll,bimodal,50,50,789,1000,3.282,3.335,1.192714285714284,23.52,0.47039999999999876,3.745,0.25369187756687805,0.00689201986990586,10.583031505993993
consec_L2,bimodal,50,50,789,1000,3.419,3.335,1.236059523809523,24.588,0.49175999999999825,6.129,0.1602496112461677,0.012655614528549738,10.070586078614372
consec_L4,bimodal,50,50,789,1000,3.501,3.335,1.273784523809523,25.964,0.5192799999999999,7.218,0.12587250794291874,0.014255892730436995,3.4955210269862405
dcf_self_excl,bimodal,50,50,789,1000,2.987,3.335,1.0706285714285708,21.836,0.4367200000000005,7.624,0.15873373086434137,0.0,0.0
pnd,bimodal,50,50,789,1000,3.153,3.335,1.1448047619047637,22.532,0.450639999999999,3.433,0.2678247016872022,0.0,0.0
pnd_cd,bimodal,50,50,789,1000,3.144,3.335,1.1408369047619042,22.632,0.4526399999999995,3.426,0.268446327283828,0.0,0.0
and,bimodal,50,50,789,1000,0.0,3.335,0.0,0.0,0.0,0.0,1.0,0.0,0.0
oracle,bimodal,50,50,1234,1000,3.326,3.363,1.2028119047619052,24.336,0.4867199999999999,3.156,0.28253000651309496,0.0,0.0
mfg_no_excl,bimodal,50,50,1234,1000,2.985,3.363,1.0752095238095236,22.484,0.44967999999999986,3.543,0.3201660270528068,0.0,0.0
self_excl_only,bimodal,50,50,1234,1000,3.313,3.363,1.2031833333333335,23.516,0.47032000000000007,4.017,0.24950185353861903,0.0,0.0
ema_fixed_low,bimodal,50,50,1234,1000,3.564,3.363,1.284585714285713,26.112,0.5222399999999994,7.149,0.13064292495411656,0.013395859856440966,13.901429607810675
ema_fixed_high,bimodal,50,50,1234,1000,3.491,3.363,1.2603559523809524,25.172,0.5034399999999989,6.037,0.1588603429422322,0.01239378090704816,19.622045430743132
ema_adaptive,bimodal,50,50,1234,1000,3.552,3.363,1.2862797619047603,26.024,0.520479999999999,6.386,0.14146341258071207,0.012822495550887186,16.690922960905635
ema_ad_low,bimodal,50,50,1234,1000,3.356,3.363,1.2117797619047617,24.144,0.4828799999999987,4.219,0.22352911224482505,0.007921918927499747,12.292083998840004
ema_ad_med,bimodal,50,50,1234,1000,3.491,3.363,1.2629309523809518,25.34,0.5067999999999995,4.899,0.19136944739986564,0.009793762808047808,13.78683182625337
ema_no_coll,bimodal,50,50,1234,1000,3.308,3.363,1.1982440476190475,23.408,0.4681599999999996,3.615,0.2609189168674469,0.006980713389067206,10.398599833091735
consec_L2,bimodal,50,50,1234,1000,3.444,3.363,1.2428452380952388,24.92,0.4983999999999981,6.06,0.1586983655747276,0.012524047848918038,9.949262521809672
consec_L4,bimodal,50,50,1234,1000,3.496,3.363,1.2521488095238091,25.592,0.5118399999999995,7.392,0.12665086429103195,0.013938413898065495,3.934749381526438
dcf_self_excl,bimodal,50,50,1234,1000,3.047,3.363,1.0980595238095232,22.084,0.4416799999999996,7.618,0.15685127471427832,0.0,0.0
pnd,bimodal,50,50,1234,1000,3.088,3.363,1.1140690476190485,22.12,0.4423999999999994,3.456,0.2714735986235993,0.0,0.0
pnd_cd,bimodal,50,50,1234,1000,3.185,3.363,1.1487976190476192,22.764,0.4552799999999991,3.553,0.2617067022846441,0.0,0.0
and,bimodal,50,50,1234,1000,0.0,3.363,0.0,0.0,0.0,0.0,1.0,0.0,0.0
oracle,bimodal,50,100,42,1000,6.354,6.367,1.1477863386613407,48.152,0.4815199999999994,6.185,0.2757760657324912,0.0,0.0
mfg_no_excl,bimodal,50,100,42,1000,6.037,6.367,1.090819083694084,47.14,0.47139999999999976,6.554,0.2933698940557059,0.0,0.0
self_excl_only,bimodal,50,100,42,1000,6.397,6.367,1.1567943029193026,48.892,0.4889199999999992,6.934,0.251959273202142,0.0,0.0
ema_fixed_low,bimodal,50,100,42,1000,7.169,6.367,1.304208547008547,54.812,0.5481200000000007,14.751,0.11845881046605022,0.012623326593161288,21.833975487005702
ema_fixed_high,bimodal,50,100,42,1000,7.063,6.367,1.291459326784328,53.556,0.53556,12.178,0.14533910777111145,0.011673987086318918,22.709307355789125
ema_adaptive,bimodal,50,100,42,1000,7.167,6.367,1.3015717282717298,55.068,0.5506800000000001,14.301,0.11903317011158042,0.012487569507146851,20.753219841036998
ema_ad_low,bimodal,50,100,42,1000,6.772,6.367,1.22899678099678,51.584,0.5158400000000002,8.588,0.20162734729060347,0.007451522875322395,11.702205057461892
ema_ad_med,bimodal,50,100,42,1000,7.007,6.367,1.2771641636141642,53.612,0.53612,10.83,0.16112887786028926,0.009865160095258983,15.77458149371442
ema_no_coll,bimodal,50,100,42,1000,6.375,6.367,1.158976301476302,48.14,0.48140000000000016,6.806,0.2555345216954573,0.005563291852829447,8.687653148833046
consec_L2,bimodal,50,100,42,1000,6.92,6.367,1.2521552752802756,52.936,0.5293599999999996,12.936,0.13863935574246938,0.012342234481522855,12.641800093623173
consec_L4,bimodal,50,100,42,1000,7.212,6.367,1.3004153651903656,55.424,0.554240000000001,16.674,0.09704427333291317,0.01443220421977581,6.1084125764789325
dcf_self_excl,bimodal,50,100,42,1000,5.663,6.367,1.0215547036297035,43.1,0.43099999999999977,14.458,0.17008231658787706,0.0,0.0
pnd,bimodal,50,100,42,1000,5.907,6.367,1.0757038517038506,44.676,0.44675999999999927,6.038,0.28519481176452843,0.0,0.0
pnd_cd,bimodal,50,100,42,1000,6.012,6.367,1.0776011294261298,44.704,0.4470399999999993,6.156,0.27963283861316823,0.0,0.0
and,bimodal,50,100,42,1000,0.009,6.367,0.0018011904761904762,0.036,0.00035999999999999997,0.002,0.9987777777777781,0.0,0.0
oracle,bimodal,50,100,123,1000,6.254,6.348,1.102822136197137,47.64,0.4764,6.224,0.2784614513196411,0.0,0.0
mfg_no_excl,bimodal,50,100,123,1000,6.069,6.348,1.0703416444666451,47.164,0.47164000000000017,6.543,0.2951215962277682,0.0,0.0
self_excl_only,bimodal,50,100,123,1000,6.447,6.348,1.1369087051837052,48.644,0.4864400000000007,6.986,0.2507584011773679,0.0,0.0
ema_fixed_low,bimodal,50,100,123,1000,7.155,6.348,1.2553803862803852,54.804,0.548040000000001,14.451,0.1197965068937656,0.012439042433393463,21.51783292431764
ema_fixed_high,bimodal,50,100,123,1000,6.915,6.348,1.2198270979020989,53.7,0.5369999999999999,12.168,0.14454357744038174,0.011699799645750587,22.627848077502108
ema_adaptive,bimodal,50,100,123,1000,7.173,6.348,1.2629520562770569,54.996,0.5499599999999997,14.326,0.11808526647708124,0.01283438347719484,20.777876298281928
ema_ad_low,bimodal,50,100,123,1000,6.793,6.348,1.1861483849483851,51.868,0.5186799999999995,8.539,0.20187100815026332,0.007759879813585532,11.34483276122076
ema_ad_med,bimodal,50,100,123,1000,6.98,6.348,1.226531940281942,53.024,0.5302399999999997,10.85,0.16102531429652814,0.010044877687051755,15.487315256897848
ema_no_coll,bimodal,50,100,123,1000,6.327,6.348,1.1115133644133657,47.588,0.4758799999999996,6.87,0.25867290909224266,0.005628252430501369,8.644928207256548
consec_L2,bimodal,50,100,123,1000,6.96,6.348,1.217744916194916,53.36,0.5335999999999994,12.824,0.13722902877568274,0.012177422183272649,12.624799219737755
consec_L4,bimodal,50,100,123,1000,7.108,6.348,1.2579393689643679,54.44,0.5444000000000002,16.858,0.09834749683946523,0.014377930621830223,6.442323679340287
dcf_self_excl,bimodal,50,100,123,1000,5.676,6.348,1.0073296398046396,43.24,0.4323999999999998,14.737,0.1675645539246121,0.0,0.0
pnd,bimodal,50,100,123,1000,6.03,6.348,1.0637335886335872,45.336,0.4533599999999995,6.133,0.2790452276851497,0.0,0.0
pnd_cd,bimodal,50,100,123,1000,5.937,6.348,1.044222097347098,45.068,0.4506799999999993,6.146,0.2791659709989843,0.0,0.0
and,bimodal,50,100,123,1000,0.011,6.348,0.002176190476190476,0.044,0.00043999999999999996,0.0,0.998777777777778,0.0,0.0
oracle,bimodal,50,100,456,1000,6.236,6.478,1.0820993201243214,47.464,0.4746400000000004,6.243,0.28110042328904,0.0,0.0
mfg_no_excl,bimodal,50,100,456,1000,5.992,6.478,1.0380749833499847,46.64,0.46639999999999965,6.383,0.30260577729652405,0.0,0.0
self_excl_only,bimodal,50,100,456,1000,6.402,6.478,1.106668273393274,48.48,0.4847999999999998,6.997,0.25394925155973985,0.0,0.0
ema_fixed_low,bimodal,50,100,456,1000,7.137,6.478,1.2327890498390524,55.028,0.5502800000000003,14.506,0.11900905161117888,0.012283197223744739,21.48849227511296
ema_fixed_high,bimodal,50,100,456,1000,6.838,6.478,1.1812947996448004,52.24,0.5223999999999996,12.653,0.14677529380121176,0.011861768864274588,23.316351389240637
ema_adaptive,bimodal,50,100,456,1000,7.194,6.478,1.2383222249972268,55.184,0.5518400000000007,14.172,0.11964918269278609,0.012695982752283218,20.470103896744106
ema_ad_low,bimodal,50,100,456,1000,6.735,6.478,1.1620702075702092,51.556,0.5155599999999995,8.523,0.20529666864109575,0.007542523767857274,11.510445767531213
ema_ad_med,bimodal,50,100,456,1000,7.129,6.478,1.2280608641358652,53.956,0.5395600000000003,10.675,0.1612020514747463,0.009938137716503547,15.21808702868845
ema_no_coll,bimodal,50,100,456,1000,6.49,6.478,1.1246683677433682,48.968,0.4896799999999999,7.015,0.24896224112176893,0.0057018473723153265,8.746552818198124
consec_L2,bimodal,50,100,456,1000,6.992,6.478,1.2109608141858146,53.592,0.5359199999999997,12.963,0.1356009212262927,0.012336670509089643,12.492513898156496
consec_L4,bimodal,50,100,456,1000,7.221,6.478,1.2437557276057294,55.164,0.5516400000000006,16.775,0.09758070910366322,0.014207453595639429,6.1377808858869685
dcf_self_excl,bimodal,50,100,456,1000,5.678,6.478,0.9873272560772568,42.984,0.4298399999999996,14.526,0.16995940301475013,0.0,0.0
pnd,bimodal,50,100,456,1000,5.989,6.478,1.0313620324120312,45.364,0.4536399999999993,6.135,0.2795347091265929,0.0,0.0
pnd_cd,bimodal,50,100,456,1000,6.052,6.478,1.053637343212343,45.456,0.4545599999999995,6.151,0.27628125845266505,0.0,0.0
and,bimodal,50,100,456,1000,0.013,6.478,0.002486904761904762,0.052,0.00052,0.001,0.9984444444444448,0.0,0.0
oracle,bimodal,50,100,789,1000,6.314,6.395,1.1204634199134194,48.016,0.48015999999999975,6.089,0.2786133226467904,0.0,0.0
mfg_no_excl,bimodal,50,100,789,1000,5.971,6.395,1.0543264846264848,46.908,0.4690799999999999,6.479,0.29832615692857706,0.0,0.0
self_excl_only,bimodal,50,100,789,1000,6.297,6.395,1.1108713647463655,47.74,0.4774,7.004,0.25481445938990455,0.0,0.0
ema_fixed_low,bimodal,50,100,789,1000,7.203,6.395,1.272949381174382,55.316,0.5531600000000007,14.607,0.11573497065171608,0.012621097240435081,21.570927669945775
ema_fixed_high,bimodal,50,100,789,1000,6.954,6.395,1.2314474969474978,52.88,0.5287999999999997,12.289,0.14634968031046797,0.011725528955646951,22.7509822894293
ema_adaptive,bimodal,50,100,789,1000,7.075,6.395,1.2539058746808749,54.068,0.5406800000000008,14.297,0.12200123207315794,0.012574234693263924,21.18577139319006
ema_ad_low,bimodal,50,100,789,1000,6.741,6.395,1.1995962370962365,50.876,0.5087599999999995,8.489,0.20626085042354247,0.00767902357464997,11.313600950318405
ema_ad_med,bimodal,50,100,789,1000,7.069,6.395,1.2491201076701082,53.692,0.5369200000000003,10.946,0.15824578174377196,0.010052648754367446,15.675412047295296
ema_no_coll,bimodal,50,100,789,1000,6.362,6.395,1.1233977161727167,48.696,0.4869599999999994,6.848,0.2517480629786639,0.005720495910644424,8.52044040481783
consec_L2,bimodal,50,100,789,1000,6.953,6.395,1.2328661921411945,52.884,0.5288400000000004,12.972,0.13758650294666663,0.012349561555753497,12.5960688284922
consec_L4,bimodal,50,100,789,1000,7.117,6.395,1.2603723387723398,55.076,0.5507600000000008,16.761,0.09799404851506993,0.01434479692097455,6.14550667058418
dcf_self_excl,bimodal,50,100,789,1000,5.622,6.395,0.994935381285381,43.168,0.43168,14.595,0.16782534939876392,0.0,0.0
pnd,bimodal,50,100,789,1000,5.901,6.395,1.0438814491064508,44.468,0.44467999999999913,6.141,0.28401188925278126,0.0,0.0
pnd_cd,bimodal,50,100,789,1000,5.958,6.395,1.0503686424686431,45.088,0.450879999999999,6.241,0.2782763158006432,0.0,0.0
and,bimodal,50,100,789,1000,0.011,6.395,0.0018107142857142857,0.044,0.00043999999999999996,0.002,0.9985555555555558,0.0,0.0
oracle,bimodal,50,100,1234,1000,6.491,6.472,1.1393120546120548,49.628,0.49627999999999955,6.107,0.2701170997234142,0.0,0.0
mfg_no_excl,bimodal,50,100,1234,1000,6.175,6.472,1.0841866577866572,47.564,0.4756399999999992,6.663,0.2891115856972483,0.0,0.0
self_excl_only,bimodal,50,100,1234,1000,6.353,6.472,1.1172848179598185,48.228,0.48227999999999976,6.782,0.2562935881736848,0.0,0.0
ema_fixed_low,bimodal,50,100,1234,1000,7.238,6.472,1.2672199439449445,55.208,0.5520800000000003,14.533,0.11722655015201394,0.01251689001675214,21.478298933639767
ema_fixed_high,bimodal,50,100,1234,1000,6.951,6.472,1.2249506798756804,52.82,0.5282000000000001,12.414,0.14574526912549451,0.011882232966991852,22.86565417778753
ema_adaptive,bimodal,50,100,1234,1000,7.209,6.472,1.2683124264624268,55.492,0.5549200000000014,14.198,0.11770387182036716,0.012617343056930724,20.578132069919675
ema_ad_low,bimodal,50,100,1234,1000,6.694,6.472,1.167949525474524,50.864,0.5086399999999998,8.607,0.20530773379985678,0.00758186916110088,11.741200588208565
ema_ad_med,bimodal,50,100,1234,1000,7.015,6.472,1.2327153124653132,54.06,0.5405999999999997,10.807,0.16025227906791986,0.009729125239564353,15.659216359837755
ema_no_coll,bimodal,50,100,1234,1000,6.278,6.472,1.099526415251416,47.512,0.4751199999999991,6.727,0.2599622433023977,0.005671392904043916,8.50481093441304
consec_L2,bimodal,50,100,1234,1000,6.922,6.472,1.2093009074259067,52.816,0.5281600000000001,12.909,0.139486306244037,0.0120981909983007,12.726074480520355
consec_L4,bimodal,50,100,1234,1000,7.214,6.472,1.2598044289044301,55.152,0.5515200000000007,16.946,0.09687511349279003,0.014136287204517858,6.3366577376813105
dcf_self_excl,bimodal,50,100,1234,1000,5.674,6.472,0.9984274586524585,43.248,0.4324800000000001,14.595,0.1684364514632452,0.0,0.0
pnd,bimodal,50,100,1234,1000,5.873,6.472,1.025438186813187,44.324,0.44323999999999886,6.11,0.2858591964403328,0.0,0.0
pnd_cd,bimodal,50,100,1234,1000,5.997,6.472,1.0541785076035066,45.3,0.45299999999999935,6.271,0.27655961197960677,0.0,0.0
and,bimodal,50,100,1234,1000,0.009,6.472,0.0019218253968253966,0.036,0.00035999999999999997,0.001,0.998888888888889,0.0,0.0
oracle,bimodal,50,200,42,1000,12.444,12.534,1.04820652699038,97.128,0.4856399999999999,12.086,0.2719643334297434,0.0,0.0
mfg_no_excl,bimodal,50,200,42,1000,12.174,12.534,1.0296889365313049,95.696,0.4784799999999998,12.677,0.2791563477755953,0.0,0.0
self_excl_only,bimodal,50,200,42,1000,12.607,12.534,1.0637701266131545,98.452,0.4922599999999994,12.931,0.25691609987763536,0.0,0.0
ema_fixed_low,bimodal,50,200,42,1000,13.646,12.534,1.150962270076843,106.976,0.534880000000001,24.426,0.15034206747359913,0.011652635048623863,23.981602826048814
ema_fixed_high,bimodal,50,200,42,1000,14.0,12.534,1.1802536213700312,109.008,0.5450400000000002,25.11,0.13928272473513398,0.012272319464971601,22.94731538087193
ema_adaptive,bimodal,50,200,42,1000,14.006,12.534,1.1808184941468916,109.312,0.5465600000000008,25.838,0.13613692738420058,0.01236647018550717,22.626964109905405
ema_ad_low,bimodal,50,200,42,1000,13.736,12.534,1.1566764623182106,106.784,0.5339200000000001,18.186,0.18616377334536213,0.008237197776928488,13.987732424546941
ema_ad_med,bimodal,50,200,42,1000,13.947,12.534,1.1799534273707029,109.124,0.54562,21.574,0.1591347491972893,0.010258558136536927,18.596113147036835
ema_no_coll,bimodal,50,200,42,1000,12.687,12.534,1.0700678961612866,98.124,0.49061999999999983,13.491,0.2499291282359441,0.005680299436815149,8.476830281908349
consec_L2,bimodal,50,200,42,1000,13.97,12.534,1.1777259059748317,108.648,0.5432400000000001,27.141,0.1286174808327537,0.013073683451513956,13.231057013135006
consec_L4,bimodal,50,200,42,1000,14.513,12.534,1.2196711618335245,113.196,0.5659800000000001,37.035,0.08324106896510361,0.015575022751216923,7.404752914701911
dcf_self_excl,bimodal,50,200,42,1000,10.851,12.534,0.9148480574636922,84.196,0.420979999999999,28.168,0.17813117188725158,0.0,0.0
pnd,bimodal,50,200,42,1000,11.567,12.534,0.9775359323777347,90.188,0.45093999999999884,11.281,0.2936474622453795,0.0,0.0
pnd_cd,bimodal,50,200,42,1000,11.66,12.534,0.9831135733384262,90.04,0.45019999999999927,11.717,0.286435589515058,0.0,0.0
and,bimodal,50,200,42,1000,0.018,12.534,0.001570997058497058,0.072,0.00036,0.001,0.9989444444444446,0.0,0.0
oracle,bimodal,50,200,123,1000,12.354,12.599,1.038523643776504,95.928,0.47963999999999934,12.234,0.2735332611895158,0.0,0.0
mfg_no_excl,bimodal,50,200,123,1000,12.216,12.599,1.0264657375354858,96.776,0.48387999999999987,12.442,0.2791937121650258,0.0,0.0
self_excl_only,bimodal,50,200,123,1000,12.461,12.599,1.041206224198993,96.724,0.4836199999999997,12.915,0.26056675783715577,0.0,0.0
ema_fixed_low,bimodal,50,200,123,1000,13.749,12.599,1.1539044027561247,107.364,0.5368200000000003,24.256,0.14948727232170195,0.011557859600736155,23.71165840370153
ema_fixed_high,bimodal,50,200,123,1000,13.851,12.599,1.1581851920588795,109.476,0.5473800000000004,24.627,0.14037662348471203,0.012085955942553501,22.804799407746174
ema_adaptive,bimodal,50,200,123,1000,14.013,12.599,1.1729154954843832,110.268,0.5513399999999999,25.863,0.13312169465963347,0.01250371039233485,22.58849363591562
ema_ad_low,bimodal,50,200,123,1000,13.535,12.599,1.1300859786573054,106.356,0.5317799999999996,17.825,0.1896477657605205,0.008304352188088702,13.82852541251204
ema_ad_med,bimodal,50,200,123,1000,13.757,12.599,1.1536318884651409,107.516,0.5375800000000005,21.84,0.16036931770887689,0.010255055795239906,18.768167287162875
ema_no_coll,bimodal,50,200,123,1000,12.747,12.599,1.06712282807417,98.508,0.4925399999999993,13.445,0.24771003400173966,0.005828669631803935,8.218476400716145
consec_L2,bimodal,50,200,123,1000,14.016,12.599,1.1711443274292745,110.32,0.5516000000000003,26.735,0.12730130401601322,0.012907450407573701,13.150310704185175
consec_L4,bimodal,50,200,123,1000,14.505,12.599,1.2167588657762067,113.508,0.5675400000000014,36.555,0.08364106592974169,0.015656044767968672,7.421639666128508
dcf_self_excl,bimodal,50,200,123,1000,10.805,12.599,0.9050649072007911,84.428,0.422139999999999,28.371,0.17665535320042905,0.0,0.0
pnd,bimodal,50,200,123,1000,11.544,12.599,0.9688243513988514,89.32,0.44659999999999933,11.312,0.29493669445793885,0.0,0.0
pnd_cd,bimodal,50,200,123,1000,11.594,12.599,0.9717331774113469,90.264,0.4513199999999991,11.695,0.28827214592548867,0.0,0.0
and,bimodal,50,200,123,1000,0.019,12.599,0.001561421911421911,0.076,0.0003800000000000001,0.001,0.998888888888889,0.0,0.0
oracle,bimodal,50,200,456,1000,12.4,12.705,1.0298307110373282,96.216,0.48107999999999945,12.208,0.2731470302794028,0.0,0.0
mfg_no_excl,bimodal,50,200,456,1000,12.223,12.705,1.0118809900067245,96.284,0.4814199999999994,12.298,0.28202080073911573,0.0,0.0
self_excl_only,bimodal,50,200,456,1000,12.553,12.705,1.0394273109845102,97.364,0.48682,12.901,0.2601957368494744,0.0,0.0
ema_fixed_low,bimodal,50,200,456,1000,13.778,12.705,1.139700098310701,107.744,0.5387200000000001,24.145,0.14985203982420203,0.011598146224493233,23.565972794631595
ema_fixed_high,bimodal,50,200,456,1000,13.983,12.705,1.1614065282412807,109.228,0.5461400000000005,25.055,0.1395876716052901,0.012180759195239605,23.208325428938558
ema_adaptive,bimodal,50,200,456,1000,14.123,12.705,1.1671153969826187,110.572,0.55286,25.966,0.13244261121609613,0.012424145203047259,22.422897890563764
ema_ad_low,bimodal,50,200,456,1000,13.66,12.705,1.1309468714421111,106.8,0.5340000000000007,17.965,0.18882514094201724,0.008261611295515614,13.895396188717804
ema_ad_med,bimodal,50,200,456,1000,14.15,12.705,1.1698163782897535,109.84,0.5492000000000002,21.885,0.15622487814064465,0.010410167573492819,18.425574149646277
ema_no_coll,bimodal,50,200,456,1000,12.751,12.705,1.0554996172214428,98.844,0.49421999999999927,13.685,0.24633271468115323,0.005648872668324316,8.597738182781939
consec_L2,bimodal,50,200,456,1000,14.038,12.705,1.1630590248932358,110.48,0.5524,26.825,0.12663511514878165,0.012940065100528128,13.09684288518439
consec_L4,bimodal,50,200,456,1000,14.679,12.705,1.2177997193939543,114.732,0.5736600000000018,36.884,0.08161442378004098,0.015522464756278836,7.247410685895657
dcf_self_excl,bimodal,50,200,456,1000,10.829,12.705,0.8998424301274909,83.78,0.41889999999999944,28.271,0.17817412164909885,0.0,0.0
pnd,bimodal,50,200,456,1000,11.606,12.705,0.9629288263379204,89.696,0.44847999999999955,11.361,0.2935104992460029,0.0,0.0
pnd_cd,bimodal,50,200,456,1000,11.69,12.705,0.9689399337805288,90.36,0.4517999999999994,11.631,0.2863977468416411,0.0,0.0
and,bimodal,50,200,456,1000,0.015,12.705,0.0012482710100357158,0.06,0.0003,0.001,0.9991111111111113,0.0,0.0
oracle,bimodal,50,200,789,1000,12.4,12.497,1.0497381790344753,96.528,0.48264000000000035,12.009,0.2746870892992521,0.0,0.0
mfg_no_excl,bimodal,50,200,789,1000,12.003,12.497,1.0146595896425314,94.908,0.47454000000000024,12.632,0.28327877628152115,0.0,0.0
self_excl_only,bimodal,50,200,789,1000,12.369,12.497,1.0438080686259348,96.412,0.48205999999999993,12.913,0.261418420169919,0.0,0.0
ema_fixed_low,bimodal,50,200,789,1000,13.899,12.497,1.1763112185751399,108.508,0.5425400000000011,24.352,0.14668835017572482,0.011660963559913692,23.607668526221165
ema_fixed_high,bimodal,50,200,789,1000,13.923,12.497,1.1763412995146374,107.964,0.5398200000000002,25.112,0.14124494892580344,0.012279565284461455,23.00713590390899
ema_adaptive,bimodal,50,200,789,1000,13.872,12.497,1.172360531509627,107.944,0.5397200000000012,25.819,0.13786587290651026,0.012411269195307778,22.7315723531913
ema_ad_low,bimodal,50,200,789,1000,13.613,12.497,1.1484051385464855,105.844,0.52922,18.212,0.18789257070216986,0.00851962010252415,13.932914450477682
ema_ad_med,bimodal,50,200,789,1000,13.984,12.497,1.1774749631108414,108.68,0.5433999999999999,21.711,0.15888340981696591,0.010363753850274665,18.56911127288873
ema_no_coll,bimodal,50,200,789,1000,12.58,12.497,1.0639123216843107,98.088,0.4904399999999998,13.642,0.24837747640676533,0.005850676357955652,8.764129129948271
consec_L2,bimodal,50,200,789,1000,14.076,12.497,1.190206362244266,109.544,0.5477200000000009,27.041,0.12748674542032834,0.01308774849060208,13.098257601247917
consec_L4,bimodal,50,200,789,1000,14.511,12.497,1.2246379416324085,113.884,0.5694200000000003,36.897,0.08276945649696836,0.01547689121713523,7.332876194405772
dcf_self_excl,bimodal,50,200,789,1000,10.783,12.497,0.9120261566700147,84.116,0.4205799999999993,28.31,0.177001207522984,0.0,0.0
pnd,bimodal,50,200,789,1000,11.595,12.497,0.9770776373870662,89.868,0.44933999999999874,11.393,0.2927966661480568,0.0,0.0
pnd_cd,bimodal,50,200,789,1000,11.617,12.497,0.9802675301254583,90.46,0.45229999999999854,11.635,0.28842547168078314,0.0,0.0
and,bimodal,50,200,789,1000,0.011,12.497,0.0009974839487997382,0.044,0.00021999999999999998,0.006,0.9990555555555558,0.0,0.0
oracle,bimodal,50,200,1234,1000,12.612,12.698,1.0491570198795832,98.864,0.49431999999999976,11.991,0.2682102938776875,0.0,0.0
mfg_no_excl,bimodal,50,200,1234,1000,12.203,12.698,1.0138156898374862,95.668,0.4783399999999994,12.861,0.2791837788727509,0.0,0.0
self_excl_only,bimodal,50,200,1234,1000,12.568,12.698,1.046142429314862,97.472,0.4873600000000001,12.729,0.2592403412108702,0.0,0.0
ema_fixed_low,bimodal,50,200,1234,1000,13.797,12.698,1.1459026999294057,107.284,0.5364199999999996,24.333,0.14834798824285497,0.01169247578366531,23.598837810519733
ema_fixed_high,bimodal,50,200,1234,1000,13.958,12.698,1.1585203441401988,109.336,0.5466799999999998,24.968,0.1398500012452808,0.012299562460395623,22.90188103684411
ema_adaptive,bimodal,50,200,1234,1000,14.078,12.698,1.1700271954502255,110.52,0.5526000000000001,25.617,0.13432326572654313,0.012347387413912676,22.411064288799963
ema_ad_low,bimodal,50,200,1234,1000,13.591,12.698,1.1262268374843913,105.308,0.5265400000000001,18.16,0.19020463422347383,0.00834035358473482,14.209812040177008
ema_ad_med,bimodal,50,200,1234,1000,13.924,12.698,1.156716819824858,108.336,0.5416800000000003,21.711,0.16044383390615294,0.010243489859084378,18.623794416104605
ema_no_coll,bimodal,50,200,1234,1000,12.524,12.698,1.0370064609987306,97.568,0.4878399999999995,13.515,0.25240068008448574,0.005731945408342686,8.320452947694104
consec_L2,bimodal,50,200,1234,1000,13.954,12.698,1.1578106757152682,108.6,0.5430000000000001,27.216,0.12906075840349346,0.013016787306720554,13.278388860000417
consec_L4,bimodal,50,200,1234,1000,14.579,12.698,1.2056407954093649,114.124,0.5706200000000007,36.854,0.08240997689672909,0.01540049601310319,7.382589022758737
dcf_self_excl,bimodal,50,200,1234,1000,10.817,12.698,0.8976370220686191,84.484,0.4224199999999995,28.275,0.17775426093023522,0.0,0.0
pnd,bimodal,50,200,1234,1000,11.434,12.698,0.9477811387794091,89.112,0.4455599999999994,11.303,0.29559485419746134,0.0,0.0
pnd_cd,bimodal,50,200,1234,1000,11.629,12.698,0.9677120774015175,89.916,0.4495799999999993,11.737,0.28814964556037576,0.0,0.0
and,bimodal,50,200,1234,1000,0.018,12.698,0.0014918623043623045,0.072,0.00036,0.002,0.998888888888889,0.0,0.0
