access,w_eff,n_vis,n_nat,eps,T,rho,idle,cv,sv
rts,210,5,0,0.05,0.5929603174603174,1.0,0.9405241935483871,0.0017531556802244039,0.0577226507713885
rts,210,5,0,0.0638469417991665,0.6237619047619047,1.0,0.9297473104828622,0.0021015761821366026,0.06815111333500125
rts,210,5,0,0.0815286395421231,0.6385952380952381,1.0,0.918278367803242,0.004248183342649525,0.07747344885410844
rts,210,5,0,0.10410708607622314,0.6490873015873015,1.0,0.9032605254827477,0.006964229186451409,0.08977524533080089
rts,210,5,0,0.13293838131178873,0.6613571428571429,1.0,0.886396526772793,0.008972503617945007,0.10463096960926194
rts,210,5,0,0.16975418188978358,0.6736428571428571,1.0,0.8632656458055925,0.01281624500665779,0.12391810918774966
rts,210,5,0,0.21676570742564272,0.6755952380952381,1.0,0.83630531182187,0.025285404283422963,0.13840928389470705
rts,210,5,0,0.2767965501212033,0.6825238095238095,1.0,0.8046098540917742,0.03552548107422288,0.15986466483400297
rts,210,5,0,0.35345226451597084,0.6816190476190476,1.0,0.7631578947368421,0.05729665071770335,0.17954545454545454
rts,210,5,0,0.4513369232266959,0.6805714285714286,1.0,0.7136867730592372,0.08371652691371383,0.20259670002704896
rts,210,5,0,0.5763296453813948,0.672063492063492,1.0,0.6556251865114892,0.12503730229782153,0.21933751119068934
rts,210,5,0,0.7359377065160035,0.6502460317460318,1.0,0.5921761165663605,0.17643332277478618,0.23139056065885333
rts,210,5,0,0.9397474383147868,0.6283888888888889,1.0,0.5185750636132316,0.2407124681933842,0.2407124681933842
rts,210,5,0,1.2,0.5861031746031746,1.0,0.44285956868738324,0.33112582781456956,0.2260146034980472
rts,210,5,5,0.05,0.7336587301587302,0.16116225484363,0.6935883014623172,0.005849268841394826,0.0140607424071991
rts,210,5,5,0.0638469417991665,0.7333650793650793,0.16808796156010564,0.6950878370817948,0.005818507329081347,0.014658162694416471
rts,210,5,5,0.0815286395421231,0.7329523809523809,0.18044005544005545,0.6960008911663139,0.0059039768296758385,0.01581820207196168
rts,210,5,5,0.10410708607622314,0.733,0.21841096602351717,0.6964543736801156,0.006891185950872513,0.019339779926642216
rts,210,5,5,0.13293838131178873,0.736436507936508,0.23161729046998092,0.6905768132495717,0.009480296973158196,0.0211307824100514
rts,210,5,5,0.16975418188978358,0.7341984126984127,0.26042871504394166,0.6880356530682208,0.01211290138269912,0.024797166038167066
rts,210,5,5,0.21676570742564272,0.7342777777777778,0.3036997805856094,0.6866306472008277,0.014369467754914359,0.029198758477985975
rts,210,5,5,0.2767965501212033,0.7298095238095238,0.38450998303536477,0.6810056510206435,0.021104832199284974,0.03609733594741091
rts,210,5,5,0.35345226451597084,0.7316666666666667,0.529037856600499,0.6747286455875413,0.028079282680509673,0.0512033978291647
rts,210,5,5,0.4513369232266959,0.7309365079365079,0.6487220135073508,0.6576279467448394,0.04018566019298889,0.06559179186515207
rts,210,5,5,0.5763296453813948,0.7296904761904762,0.7983598177091831,0.6381839051141436,0.05688049993623262,0.08519321515112868
rts,210,5,5,0.7359377065160035,0.7167936507936508,1.0012400903494398,0.6110750032497075,0.08904198622124009,0.10620044196022357
rts,210,5,5,0.9397474383147868,0.7030873015873016,1.1349490343044848,0.5756966773847803,0.12312433011789925,0.12339228295819936
rts,210,5,5,1.2,0.677936507936508,1.2077733551861392,0.542765787370104,0.16759925393018918,0.12723154809485746
rts,210,5,10,0.05,0.7128888888888889,0.14161026006412542,0.5989113117365905,0.007966011683483803,0.009957514604354753
rts,210,5,10,0.0638469417991665,0.7133650793650793,0.14765698010769437,0.5978144989339019,0.008528784648187633,0.010261194029850746
rts,210,5,10,0.0815286395421231,0.7124047619047619,0.15591056448648108,0.5992846734666843,0.009007815604715856,0.010729897999735064
rts,210,5,10,0.10410708607622314,0.7133730158730158,0.16017133003281972,0.5976536461805093,0.008932142381015865,0.010931875749900012
rts,210,5,10,0.13293838131178873,0.7131587301587302,0.1639586903781522,0.5952604096933994,0.009907618155040836,0.01111259874146472
rts,210,5,10,0.16975418188978358,0.7113253968253969,0.19842235040780123,0.598334655035686,0.010441448585778482,0.013481363996827915
rts,210,5,10,0.21676570742564272,0.7120793650793651,0.23750027863846104,0.5943017656500803,0.012306046013911182,0.016452648475120384
rts,210,5,10,0.2767965501212033,0.7106507936507936,0.2991557034687633,0.5920543927476336,0.015064658045593921,0.020530595920543928
rts,210,5,10,0.35345226451597084,0.7128571428571429,0.38563794255177025,0.5875491658754917,0.0211582802115828,0.028075410280754103
rts,210,5,10,0.4513369232266959,0.7090873015873016,0.4935250993340422,0.5872249060654858,0.030595813204508857,0.03542673107890499
rts,210,5,10,0.5763296453813948,0.7105952380952381,0.6460713687384821,0.5758910141736617,0.041282509976606575,0.04871336177239576
rts,210,5,10,0.7359377065160035,0.6998015873015873,0.7836574992911823,0.5576976039658497,0.06293032222528229,0.05879922886257229
rts,210,5,10,0.9397474383147868,0.6898888888888889,1.0629731035593495,0.5416895982388552,0.09190974133186572,0.0802146395156852
rts,210,5,10,1.2,0.6725555555555556,1.3548181539260344,0.5115830115830116,0.1361003861003861,0.09845559845559845
rts,210,5,20,0.05,0.6314603174603175,0.23503091850585692,0.5097670924117205,0.008014024542950162,0.008264462809917356
rts,210,5,20,0.0638469417991665,0.6332698412698413,0.2382444355323842,0.5101809954751131,0.007667169431875314,0.008295625942684766
rts,210,5,20,0.0815286395421231,0.6323968253968254,0.2644888431515273,0.509284818067754,0.007653701380175659,0.00903387703889586
rts,210,5,20,0.10410708607622314,0.6356428571428572,0.30059557253624003,0.5079224236278362,0.007478767904677399,0.010267461021675752
rts,210,5,20,0.13293838131178873,0.6368253968253968,0.2978564307078764,0.5084465896100597,0.00800203226216182,0.010288327194208052
rts,210,5,20,0.16975418188978358,0.6333888888888889,0.30385805756387285,0.5110999623730089,0.009155901166436725,0.010410134202934905
rts,210,5,20,0.21676570742564272,0.6322777777777778,0.32409906234701946,0.5116308154077038,0.010880440220110055,0.01113056528264132
rts,210,5,20,0.2767965501212033,0.6329920634920635,0.36216256880273834,0.5123780945236309,0.012128032008002,0.012503125781445362
rts,210,5,20,0.35345226451597084,0.636968253968254,0.38195569289042836,0.511933324914762,0.014774592751610052,0.013259249905291072
rts,210,5,20,0.4513369232266959,0.635547619047619,0.4346957379587657,0.5095316247948491,0.017295795985355383,0.015149602322939023
rts,210,5,20,0.5763296453813948,0.6384047619047619,0.5338828180360272,0.5065697155249395,0.023855083556576093,0.019390228345452225
rts,210,5,20,0.7359377065160035,0.6353888888888889,0.5823829925429995,0.5050196975473377,0.035201423306646336,0.02160376159613674
rts,210,5,20,0.9397474383147868,0.6323333333333333,0.7360619524562592,0.4971326621638843,0.0539059513189754,0.029183127309799925
rts,210,5,20,1.2,0.6275238095238095,1.2329893256437496,0.4865974092599718,0.08387841477491342,0.04540207772220085
rts,210,20,0,0.05,0.6766111111111112,1.0,0.8823529411764706,0.009260631204622907,0.1083864276189065
rts,210,20,0,0.0638469417991665,0.6751587301587302,1.0,0.8698598130841122,0.012694704049844237,0.11744548286604362
rts,210,20,0,0.0815286395421231,0.6908809523809524,1.0,0.8534190633417326,0.014249717612303415,0.13233121904596404
rts,210,20,0,0.10410708607622314,0.6920793650793651,1.0,0.8381227841015115,0.01838029483112521,0.1434969210673633
rts,210,20,0,0.13293838131178873,0.6984761904761905,1.0,0.8174177215189874,0.02430379746835443,0.15827848101265823
rts,210,20,0,0.16975418188978358,0.7098888888888889,1.0,0.7885493501931858,0.027748507200561996,0.1837021426062522
rts,210,20,0,0.21676570742564272,0.7040238095238095,1.0,0.7588372952334032,0.0453257790368272,0.19583692572976968
rts,210,20,0,0.2767965501212033,0.7078888888888889,1.0,0.7278957269551196,0.057780166621875836,0.21432410642300456
rts,210,20,0,0.35345226451597084,0.6972063492063492,1.0,0.6910661192127991,0.08282599461984992,0.22610788616735097
rts,210,20,0,0.4513369232266959,0.6925873015873016,1.0,0.6474339035769829,0.10917573872472784,0.24339035769828926
rts,210,20,0,0.5763296453813948,0.6745634920634921,1.0,0.5980392156862745,0.15348762455801992,0.24847315975570555
rts,210,20,0,0.7359377065160035,0.6696269841269842,1.0,0.5491507977354606,0.18665294218562362,0.2641962600789158
rts,210,20,0,0.9397474383147868,0.6488492063492064,1.0,0.49764274489261395,0.24305919329491882,0.2592980618124673
rts,210,20,0,1.2,0.6242301587301587,1.0,0.44208250765627816,0.30138713745271123,0.2565303548910106
rts,210,20,5,0.05,0.7411349206349206,0.3238009059464784,0.6743393009377664,0.020582145901838995,0.048836926074777735
rts,210,20,5,0.0638469417991665,0.7366825396825397,0.33619454439680246,0.6741923862135223,0.024138345142308153,0.049717785516992914
rts,210,20,5,0.0815286395421231,0.7380238095238095,0.34948274564205134,0.6711629602624863,0.024182768258597644,0.05261878721594362
rts,210,20,5,0.10410708607622314,0.7386825396825397,0.3607344693469712,0.6677712322042219,0.02663230240549828,0.05670103092783505
rts,210,20,5,0.13293838131178873,0.7368968253968254,0.40460855798123835,0.6642416769420468,0.029469790382244142,0.06374845869297165
rts,210,20,5,0.16975418188978358,0.7368888888888889,0.44727673186282957,0.6614143920595533,0.036228287841191066,0.06997518610421836
rts,210,20,5,0.21676570742564272,0.7331666666666666,0.47160339471091917,0.6538797950768462,0.043108834187179805,0.07572160439835061
rts,210,20,5,0.2767965501212033,0.7334603174603175,0.5337414516966759,0.6490074598558604,0.05221899102288532,0.08547224680743457
rts,210,20,5,0.35345226451597084,0.7275714285714285,0.5973885725505595,0.6325479593150508,0.0657911677610403,0.099523625595468
rts,210,20,5,0.4513369232266959,0.7312539682539683,0.6576955219344895,0.6189775160599572,0.0726713062098501,0.11415952890792291
rts,210,20,5,0.5763296453813948,0.7145476190476191,0.7158764008752346,0.5994442238983724,0.10348021701733492,0.12081513828238719
rts,210,20,5,0.7359377065160035,0.7009285714285715,0.8069227894969258,0.5751267680811316,0.13223912463303977,0.1347744862556712
rts,210,20,5,0.9397474383147868,0.694468253968254,0.8651131961189902,0.5543137522148017,0.15605833446912906,0.14624505928853754
rts,210,20,5,1.2,0.6779206349206349,0.8899470837528389,0.5230938921825452,0.18833586102302496,0.15000689369915896
rts,210,20,10,0.05,0.7147222222222223,0.29941702293043143,0.5788890428037125,0.02479567807175509,0.04238814240199473
rts,210,20,10,0.0638469417991665,0.7166031746031746,0.31162229211890313,0.5770684586308273,0.0250594988100238,0.044379112417751644
rts,210,20,10,0.0815286395421231,0.7165476190476191,0.3121282605083901,0.5769284614307714,0.0253394932101358,0.04493910121797564
rts,210,20,10,0.10410708607622314,0.7178412698412698,0.31627565009729347,0.5765930510620341,0.03136868757912505,0.04529469686313124
rts,210,20,10,0.13293838131178873,0.7168253968253968,0.34786315323294953,0.572695285010556,0.03406052076002815,0.05137227304714989
rts,210,20,10,0.16975418188978358,0.710031746031746,0.35477957614235894,0.5717842323651452,0.038174273858921165,0.05172890733056708
rts,210,20,10,0.21676570742564272,0.7053888888888888,0.37368782277028323,0.5708817498291182,0.04565960355434039,0.05386192754613807
rts,210,20,10,0.2767965501212033,0.7131825396825396,0.38484437075038114,0.5657708628005658,0.048797736916548796,0.05898161244695898
rts,210,20,10,0.35345226451597084,0.713468253968254,0.44342414096132243,0.5575513723236097,0.05733582411265987,0.06681994539445323
rts,210,20,10,0.4513369232266959,0.7045555555555556,0.5192229706896164,0.5501837715578174,0.0720949957591179,0.07888040712468193
rts,210,20,10,0.5763296453813948,0.6987460317460318,0.5813986506440109,0.546855301863006,0.09230984731755147,0.08642667040201708
rts,210,20,10,0.7359377065160035,0.6903412698412699,0.663733143257878,0.5290304396843292,0.1161217587373168,0.09751972942502818
rts,210,20,10,0.9397474383147868,0.6838174603174603,0.7704645953505648,0.5108231273141555,0.13728282540586728,0.11606379948732555
rts,210,20,10,1.2,0.661952380952381,0.8377994388892887,0.48027153160797625,0.18455663979635129,0.12233064630179606
rts,210,20,20,0.05,0.6518174603174604,0.3502051650452337,0.49906266738082483,0.029994643813604713,0.03240492769148366
rts,210,20,20,0.0638469417991665,0.6521349206349206,0.350570166364444,0.4985242822645559,0.02991682318218406,0.03313657096860746
rts,210,20,20,0.0815286395421231,0.6509603174603175,0.3413516050767486,0.4981934965877158,0.0322494312859628,0.03251706142111602
rts,210,20,20,0.10410708607622314,0.6513650793650794,0.3619992201969003,0.4970509383378016,0.03324396782841823,0.034450402144772116
rts,210,20,20,0.13293838131178873,0.6459126984126984,0.3846654788966026,0.49682791435368756,0.0338355802273328,0.03528945281522601
rts,210,20,20,0.16975418188978358,0.6471428571428571,0.3939416237429482,0.4964830789648308,0.03702720637027206,0.035965494359654945
rts,210,20,20,0.21676570742564272,0.6472936507936508,0.39615493078630193,0.49774356251659146,0.0400849482346695,0.036633926201221134
rts,210,20,20,0.2767965501212033,0.6513888888888889,0.41929942126104175,0.49344328781938623,0.040286602676760846,0.04123293226983912
rts,210,20,20,0.35345226451597084,0.648968253968254,0.4284945579063226,0.4929350020185709,0.04521598708114655,0.04144798815771767
rts,210,20,20,0.4513369232266959,0.6471031746031746,0.4618384742748513,0.49115992499330297,0.05116528261451915,0.04420037503348513
rts,210,20,20,0.5763296453813948,0.6502698412698412,0.5293040740107892,0.48405560098119377,0.06350504224584355,0.054101935132188604
rts,210,20,20,0.7359377065160035,0.639436507936508,0.607106951805285,0.4810379241516966,0.0835662009314704,0.058815701929474384
rts,210,20,20,0.9397474383147868,0.6322777777777778,0.7022230032510324,0.47479437516582645,0.10480233483682674,0.06606526930220218
rts,210,20,20,1.2,0.6241904761904762,0.8051571559353067,0.4598326915416279,0.13597131854999336,0.07462488381357057
rts,210,50,0,0.05,0.7037460317460318,1.0,0.8003721133851374,0.02889350990478275,0.1707343767100799
rts,210,50,0,0.0638469417991665,0.7072063492063492,1.0,0.789289871944121,0.03154831199068685,0.17916181606519208
rts,210,50,0,0.0815286395421231,0.7072539682539682,1.0,0.7678110003691399,0.03875968992248062,0.1934293097083795
rts,210,50,0,0.10410708607622314,0.7079761904761904,1.0,0.7509105098855359,0.042273673257023935,0.20681581685744016
rts,210,50,0,0.13293838131178873,0.7100238095238095,1.0,0.7314009661835749,0.04941338854382333,0.2191856452726018
rts,210,50,0,0.16975418188978358,0.7100238095238095,1.0,0.7077546296296297,0.06177662037037037,0.23046875
rts,210,50,0,0.21676570742564272,0.7092539682539682,1.0,0.68,0.07384615384615385,0.24615384615384617
rts,210,50,0,0.2767965501212033,0.7056984126984127,1.0,0.6450394218134035,0.09822601839684625,0.25673455978975035
rts,210,50,0,0.35345226451597084,0.7062222222222222,1.0,0.6124476987447699,0.11227336122733612,0.275278940027894
rts,210,50,0,0.4513369232266959,0.6909444444444445,1.0,0.5818815331010453,0.14825783972125436,0.2698606271777004
rts,210,50,0,0.5763296453813948,0.6856746031746032,1.0,0.5392641405820977,0.17664287021782904,0.2840929892000732
rts,210,50,0,0.7359377065160035,0.6783095238095238,1.0,0.5092278719397364,0.20772128060263653,0.2830508474576271
rts,210,50,0,0.9397474383147868,0.6497380952380952,1.0,0.47689228529839883,0.25382096069869,0.2692867540029112
rts,210,50,0,1.2,0.6286031746031746,1.0,0.43304791400983783,0.3104390599380579,0.2565130260521042
rts,210,50,5,0.05,0.7451904761904762,0.5304236692440412,0.630022014309301,0.04774353329664282,0.10594386351128234
rts,210,50,5,0.0638469417991665,0.7454444444444445,0.529516853693333,0.6268221574344023,0.05428293766486186,0.10634457864778564
rts,210,50,5,0.0815286395421231,0.7424126984126984,0.536241768579492,0.6276173532229369,0.05652114410838922,0.10797865060900506
rts,210,50,5,0.10410708607622314,0.7434047619047619,0.5424313273334829,0.6228373702422145,0.058546712802768165,0.11072664359861592
rts,210,50,5,0.13293838131178873,0.7383888888888889,0.5981738448144287,0.6210051898388419,0.06500956022944551,0.11977601748156241
rts,210,50,5,0.16975418188978358,0.732579365079365,0.6119386815448784,0.6147451621695285,0.07495230307985827,0.12251294630689562
rts,210,50,5,0.21676570742564272,0.7345079365079366,0.6234775467865324,0.6046772160761799,0.08220137235681277,0.1270130233860804
rts,210,50,5,0.2767965501212033,0.7282539682539683,0.6697700523103749,0.5995569094433675,0.08958737191913597,0.1340348933813348
rts,210,50,5,0.35345226451597084,0.7246825396825397,0.6983933851713942,0.589131042190556,0.10310142497904443,0.1399832355406538
rts,210,50,5,0.4513369232266959,0.7223492063492063,0.7484607102047992,0.5761457443780245,0.1138627953316254,0.15229148875604895
rts,210,50,5,0.5763296453813948,0.7061746031746031,0.7574198116388322,0.5607658157602664,0.13540510543840178,0.1509433962264151
rts,210,50,5,0.7359377065160035,0.6994444444444444,0.7923794394644276,0.5394438138479001,0.15820090805902384,0.1627412031782066
rts,210,50,5,0.9397474383147868,0.6793650793650794,0.8249228971962617,0.5307597872050198,0.18169417541945165,0.15632246623925794
rts,210,50,5,1.2,0.6566269841269842,0.8509361213513024,0.5066344993968637,0.21766519233346737,0.15520707679935666
rts,210,50,10,0.05,0.7098650793650794,0.448992095524524,0.5482519503033805,0.06818838485986708,0.08119040739670616
rts,210,50,10,0.0638469417991665,0.711484126984127,0.46252077593226765,0.5495586745767617,0.06873100853711474,0.08522645058602228
rts,210,50,10,0.0815286395421231,0.7143730158730158,0.4869138216440213,0.5498251748251748,0.06745337995337995,0.09076340326340326
rts,210,50,10,0.10410708607622314,0.7119920634920635,0.47500529477990433,0.5472246439988375,0.06785818076140657,0.08820110433013659
rts,210,50,10,0.13293838131178873,0.7112936507936508,0.474775448266628,0.5424893959338891,0.07269270147725611,0.09053678513968115
rts,210,50,10,0.16975418188978358,0.7148412698412698,0.5012901076940157,0.5374943870678042,0.07678491243825775,0.09788953749438707
rts,210,50,10,0.21676570742564272,0.7136111111111111,0.5069054106656287,0.5334533453345335,0.08205820582058206,0.09885988598859886
rts,210,50,10,0.2767965501212033,0.7090793650793651,0.5497537607449857,0.537273930304367,0.09307454786060873,0.10322011468901632
rts,210,50,10,0.35345226451597084,0.7080634920634921,0.5669521162123385,0.524671052631579,0.10092703349282296,0.11139354066985646
rts,210,50,10,0.4513369232266959,0.6951825396825397,0.6016097176715034,0.5192056819828961,0.11885780547905493,0.11378460646470503
rts,210,50,10,0.5763296453813948,0.6848968253968254,0.6455890703037185,0.505800464037123,0.13935614849187936,0.1216647331786543
rts,210,50,10,0.7359377065160035,0.6783809523809524,0.6975010529271374,0.49985714285714283,0.15357142857142858,0.128
rts,210,50,10,0.9397474383147868,0.6697063492063492,0.7160352203642913,0.48728934590117107,0.1803770351328192,0.12767780634104542
rts,210,50,10,1.2,0.6567936507936508,0.7822127700710522,0.4741306191687871,0.20610687022900764,0.13273960983884647
rts,210,50,20,0.05,0.6487301587301587,0.4795693662833374,0.4747194902341044,0.07438703421526527,0.06649120376783488
rts,210,50,20,0.0638469417991665,0.6466428571428572,0.4937295187598954,0.4728178171254669,0.07497579194909393,0.06805920597593028
rts,210,50,20,0.0815286395421231,0.647,0.49843723166752535,0.4767729521715228,0.07586586036283673,0.06734469488730072
rts,210,50,20,0.10410708607622314,0.6486190476190477,0.48718889949342925,0.4738082039911308,0.07691241685144125,0.06721175166297118
rts,210,50,20,0.13293838131178873,0.6470714285714285,0.4974892985490182,0.4726416401163596,0.08089763125086577,0.07064690400332456
rts,210,50,20,0.16975418188978358,0.6437063492063492,0.5025928711455239,0.4779231398201145,0.08462796402289452,0.07045516489506677
rts,210,50,20,0.21676570742564272,0.6368571428571429,0.5270499975076017,0.47571121846484166,0.08977455716586151,0.07045088566827697
rts,210,50,20,0.2767965501212033,0.6384761904761905,0.5237992243436754,0.4719405003380663,0.09181879648411088,0.07045300878972278
rts,210,50,20,0.35345226451597084,0.6470873015873015,0.553385745649001,0.4697390338700722,0.09994447529150471,0.07648528595224875
rts,210,50,20,0.4513369232266959,0.6329761904761905,0.5822406118738637,0.47050938337801607,0.10737265415549598,0.07667560321715818
rts,210,50,20,0.5763296453813948,0.6355396825396825,0.6077599340642873,0.4651950162513543,0.11606175514626219,0.08261105092091008
rts,210,50,20,0.7359377065160035,0.6423571428571428,0.6124145940669903,0.4589385474860335,0.12960893854748604,0.086731843575419
rts,210,50,20,0.9397474383147868,0.6247301587301587,0.6894176533360434,0.45349306770763226,0.15883699017364383,0.09166778839682325
rts,210,50,20,1.2,0.6128650793650794,0.6909441732171301,0.4479070381618909,0.1832827149082266,0.08966063647167569
rts,420,5,0,0.05,0.6741349206349206,1.0,0.9254296825994229,0.0039141889348889725,0.07065612846568813
rts,420,5,0,0.0638469417991665,0.6905753968253968,1.0,0.9086270871985158,0.007508116883116883,0.08386479591836735
rts,420,5,0,0.0815286395421231,0.7067936507936508,1.0,0.8893867924528301,0.010444743935309973,0.10016846361185984
rts,420,5,0,0.10410708607622314,0.7183095238095238,1.0,0.8652874103679323,0.016104384624426944,0.11860820500764077
rts,420,5,0,0.13293838131178873,0.7270555555555556,1.0,0.8375507226553595,0.02475721515524552,0.13769206218939498
rts,420,5,0,0.16975418188978358,0.7253293650793651,1.0,0.8001353602665556,0.04133694294044148,0.1585276967930029
rts,420,5,0,0.21676570742564272,0.731718253968254,1.0,0.7623697136695818,0.055349227267281656,0.18228105906313646
rts,420,5,0,0.2767965501212033,0.7276785714285714,1.0,0.7129157314833707,0.07991566347004013,0.20716860504658913
rts,420,5,0,0.35345226451597084,0.7160873015873016,1.0,0.6509581686675118,0.12467377525911565,0.2243680560733726
rts,420,5,0,0.4513369232266959,0.6973611111111111,1.0,0.5808976201884682,0.18463504232550712,0.2344673374860246
rts,420,5,0,0.5763296453813948,0.6714761904761904,1.0,0.5075213675213676,0.24991452991452992,0.24256410256410257
rts,420,5,0,0.7359377065160035,0.6197539682539682,1.0,0.4127037191809444,0.36606769745089845,0.22122858336815712
rts,420,5,0,0.9397474383147868,0.5860039682539683,1.0,0.3428352620830497,0.44298842750170186,0.21417631041524846
rts,420,5,0,1.2,0.4417857142857143,1.0,0.22872991859376127,0.6315827389957496,0.13968734241048916
rts,420,5,5,0.05,0.7478849206349206,0.12442496564385278,0.7001252460189659,0.005308045565694519,0.011331782668336614
rts,420,5,5,0.0638469417991665,0.7465277777777778,0.1360797342192691,0.7007762043017124,0.006102980387509629,0.01244296972210701
rts,420,5,5,0.0815286395421231,0.749984126984127,0.14572795191432622,0.6957630205171785,0.006009469467038971,0.01450770911739711
rts,420,5,5,0.10410708607622314,0.7501785714285715,0.17139834430955592,0.6934882298991134,0.008804646896973403,0.016997859981656985
rts,420,5,5,0.13293838131178873,0.7487222222222222,0.23475974941434613,0.6868380303499535,0.012016104056983586,0.023846392071848868
rts,420,5,5,0.16975418188978358,0.75175,0.2954904165412978,0.6804339550818425,0.015670600177642432,0.030389544474051518
rts,420,5,5,0.21676570742564272,0.7495515873015873,0.422135986065743,0.6707073312270294,0.023212328325488425,0.04313624347153266
rts,420,5,5,0.2767965501212033,0.7523571428571428,0.5921284428832136,0.6555473023161591,0.03673441825916672,0.06279964886217841
rts,420,5,5,0.35345226451597084,0.7447420634920635,0.7927640868522712,0.6341918110888628,0.05917282331008769,0.0876199682386246
rts,420,5,5,0.4513369232266959,0.7389682539682539,0.9972827838041026,0.6007839152210206,0.08964215721855266,0.11511940190172026
rts,420,5,5,0.5763296453813948,0.7262420634920634,1.1725177992820182,0.5498265895953757,0.1382658959537572,0.14073217726396917
rts,420,5,5,0.7359377065160035,0.6947460317460318,1.3287486577257877,0.4920055883266066,0.2117354858739522,0.15259236262030426
rts,420,5,5,0.9397474383147868,0.6625634920634921,1.4198699136351114,0.4341972137909565,0.28367966378706516,0.15775546735154486
rts,420,5,5,1.2,0.52625,1.4289937035780267,0.31989754650849284,0.47910488002156915,0.11202480452952278
rts,420,5,10,0.05,0.7192460317460317,0.10478896551724139,0.5978544904414799,0.005157474900288819,0.007151698528400495
rts,420,5,10,0.0638469417991665,0.718218253968254,0.11027620157908403,0.5978767123287672,0.0058219178082191785,0.007671232876712329
rts,420,5,10,0.0815286395421231,0.7194484126984128,0.11721943067054237,0.595731454620804,0.006285398535709352,0.008288437629506838
rts,420,5,10,0.10410708607622314,0.7177380952380953,0.1303698789185603,0.5975492880613362,0.008556955093099672,0.008899233296823659
rts,420,5,10,0.13293838131178873,0.7155753968253968,0.1492471925689727,0.594998975199836,0.010179681628749061,0.010248001639680262
rts,420,5,10,0.16975418188978358,0.7155833333333333,0.20324743382854482,0.5935872841874487,0.011647026582625376,0.014113455741298986
rts,420,5,10,0.21676570742564272,0.7167142857142857,0.30969703009766797,0.5929033145372026,0.015128593040847202,0.02090496492917068
rts,420,5,10,0.2767965501212033,0.7221507936507936,0.4196623841918432,0.5828155131776301,0.023355474608956504,0.030283551174916077
rts,420,5,10,0.35345226451597084,0.7177619047619047,0.6146254892854773,0.577103801794105,0.03844510892780863,0.045066211020931224
rts,420,5,10,0.4513369232266959,0.7151468253968254,0.8599133267116864,0.5566942390747383,0.06602737720518263,0.06478295878779006
rts,420,5,10,0.5763296453813948,0.7162738095238095,1.1796001130187646,0.5303450400492914,0.09357670979667283,0.09434688847812693
rts,420,5,10,0.7359377065160035,0.6938095238095238,1.4775051475634866,0.48740083994400374,0.15850054440815056,0.11378130346865764
rts,420,5,10,0.9397474383147868,0.6678531746031746,1.713878276163257,0.4281289707750953,0.24047013977128334,0.13254447268106734
rts,420,5,10,1.2,0.5690873015873016,1.8338051739767103,0.3341957740405347,0.4049159120310479,0.11190168175937905
rts,420,5,20,0.05,0.6321904761904762,0.19179346188611024,0.5208307346887864,0.006486216789322689,0.006236746912810278
rts,420,5,20,0.0638469417991665,0.6321230158730159,0.20518534793935778,0.5202221944825864,0.006865559855199101,0.006678317313693671
rts,420,5,20,0.0815286395421231,0.6322063492063492,0.21043084184890404,0.5204017968555029,0.0072373346643374095,0.00680059895183429
rts,420,5,20,0.10410708607622314,0.6313373015873016,0.21370610382345362,0.5194959136564976,0.00835984777590617,0.006987335454488739
rts,420,5,20,0.13293838131178873,0.633531746031746,0.23485750078296272,0.5191256830601093,0.009672759248790906,0.007725645374034295
rts,420,5,20,0.16975418188978358,0.6321150793650794,0.2576070511573013,0.5202322967403522,0.00986636692893718,0.008430123641813413
rts,420,5,20,0.21676570742564272,0.6309722222222223,0.3333542970346844,0.5204107031736155,0.01225886745488488,0.010640945861854387
rts,420,5,20,0.2767965501212033,0.6346269841269842,0.387554243837775,0.5171695492993309,0.015275849008963515,0.013066532003534907
rts,420,5,20,0.35345226451597084,0.6347777777777778,0.4991123002675602,0.5155933062880325,0.02022058823529412,0.017051217038539554
rts,420,5,20,0.4513369232266959,0.6340793650793651,0.6813715673267079,0.5124166402032391,0.034423626548110514,0.023626548110511274
rts,420,5,20,0.5763296453813948,0.6404047619047619,0.9954022133819137,0.5017426185309397,0.04997698428355363,0.03531268494772145
rts,420,5,20,0.7359377065160035,0.640154761904762,1.4852559214971577,0.48515920129519696,0.08364813815434431,0.05558553696708041
rts,420,5,20,0.9397474383147868,0.6410555555555556,1.9531588525868793,0.45605717520520805,0.13225304273988112,0.07663458816869516
rts,420,5,20,1.2,0.596781746031746,2.3960861499178794,0.3882959926496572,0.24962894904233515,0.0909604919075553
rts,420,20,0,0.05,0.7198849206349206,1.0,0.877772864617879,0.009506964404156533,0.11272017097796448
rts,420,20,0,0.0638469417991665,0.733718253968254,1.0,0.8576866764275256,0.012633340305375445,0.12967998326709892
rts,420,20,0,0.0815286395421231,0.7373452380952381,1.0,0.8367516246485689,0.02009494400147486,0.14315343134995623
rts,420,20,0,0.10410708607622314,0.7397857142857143,1.0,0.809007333953104,0.028612746617085013,0.16237991942981098
rts,420,20,0,0.13293838131178873,0.743015873015873,1.0,0.7734669060165614,0.04256181597081476,0.18397127801262378
rts,420,20,0,0.16975418188978358,0.7406587301587302,1.0,0.739413680781759,0.0606757360924826,0.19991058312575843
rts,420,20,0,0.21676570742564272,0.7408333333333333,1.0,0.6968520609824957,0.0803218520609825,0.22282608695652173
rts,420,20,0,0.2767965501212033,0.7331349206349206,1.0,0.6538752077353075,0.11096842423326786,0.23515636803142467
rts,420,20,0,0.35345226451597084,0.72025,1.0,0.6059928086296444,0.1477427087495006,0.24626448262085499
rts,420,20,0,0.4513369232266959,0.7183730158730158,1.0,0.5595787274784576,0.17381843502480634,0.266602837496736
rts,420,20,0,0.5763296453813948,0.6971150793650793,1.0,0.5131115804294263,0.2248328053502288,0.26205561422034496
rts,420,20,0,0.7359377065160035,0.6833690476190476,1.0,0.45925723149922437,0.2736563555068893,0.2670864129938863
rts,420,20,0,0.9397474383147868,0.6395436507936508,1.0,0.39530541477727393,0.35991820040899797,0.2447763848137281
rts,420,20,0,1.2,0.561063492063492,1.0,0.30362462760675274,0.4953657729228732,0.20100959947037406
rts,420,20,5,0.05,0.7539880952380953,0.2246322465198284,0.6789917047135232,0.017876663880136326,0.03620345958459263
rts,420,20,5,0.0638469417991665,0.7563888888888889,0.25317402025077385,0.6737574683211871,0.017792659707176153,0.0426761210688727
rts,420,20,5,0.0815286395421231,0.7528095238095238,0.2993679760473991,0.6751843705524647,0.022900763358778626,0.04871264070384267
rts,420,20,5,0.10410708607622314,0.7546825396825397,0.33521532232621726,0.6641776118407894,0.027335155677045135,0.05667044469631309
rts,420,20,5,0.13293838131178873,0.7526547619047619,0.393751746463576,0.6596528848086846,0.033036252764189505,0.06694364403940227
rts,420,20,5,0.16975418188978358,0.7483253968253968,0.4433046272629893,0.6452732593752127,0.04634860137480433,0.07847274212209895
rts,420,20,5,0.21676570742564272,0.7492222222222222,0.528266085464291,0.6301902808233713,0.05856971068826484,0.09485746622338544
rts,420,20,5,0.2767965501212033,0.7482460317460318,0.6208301954836177,0.6083129946009911,0.07558612528659123,0.11722505731824569
rts,420,20,5,0.35345226451597084,0.738186507936508,0.7104363438929595,0.5812670093740551,0.10697006350166315,0.1370577562745691
rts,420,20,5,0.4513369232266959,0.7313373015873016,0.7946141282820665,0.5566986386138614,0.13142017326732675,0.15392945544554457
rts,420,20,5,0.5763296453813948,0.7221031746031746,0.8688520085728416,0.5256073277578653,0.1654320987654321,0.17100756670649145
rts,420,20,5,0.7359377065160035,0.702297619047619,0.9299832183479396,0.49112473135397594,0.21037968638064156,0.17694818116691874
rts,420,20,5,0.9397474383147868,0.6762420634920635,0.960306725425877,0.4526506213622778,0.26380368098159507,0.17673430863614914
rts,420,20,5,1.2,0.5976944444444444,0.9844043580159209,0.37003663003663,0.3972161172161172,0.14673992673992675
rts,420,20,10,0.05,0.7210357142857143,0.1976819059884095,0.5870194003527337,0.01890652557319224,0.02800705467372134
rts,420,20,10,0.0638469417991665,0.722563492063492,0.2094147820260756,0.5842952828844236,0.021875445347014393,0.029784808322645004
rts,420,20,10,0.0815286395421231,0.723718253968254,0.22075152020265715,0.5837334288785382,0.023862414905051952,0.03203152991759226
rts,420,20,10,0.10410708607622314,0.7236904761904762,0.2562510281296266,0.5814622913068509,0.026194588370754175,0.03684513529073115
rts,420,20,10,0.13293838131178873,0.7236587301587302,0.2935808995295073,0.5760261532873229,0.032183073011260444,0.043225572103160186
rts,420,20,10,0.16975418188978358,0.7196944444444444,0.3360139609512415,0.57503234152652,0.03809113123472761,0.04994969095874659
rts,420,20,10,0.21676570742564272,0.7205119047619047,0.4043256282735489,0.5680788897005113,0.049525200876552225,0.05945945945945946
rts,420,20,10,0.2767965501212033,0.7273928571428572,0.48365820526668957,0.5531702829103734,0.05826880318945028,0.0755194357126428
rts,420,20,10,0.35345226451597084,0.7187222222222223,0.594308682737221,0.5420033541698429,0.0807287696295167,0.09201097728312242
rts,420,20,10,0.4513369232266959,0.7178452380952381,0.7036600938655699,0.5233791748526523,0.10844793713163065,0.11151277013752456
rts,420,20,10,0.5763296453813948,0.7080674603174603,0.8020069157610981,0.49900438072481085,0.14217443249701314,0.1272799681401832
rts,420,20,10,0.7359377065160035,0.6939920634920634,0.9022163009045893,0.4737763629128532,0.18288897731794668,0.142300039793076
rts,420,20,10,0.9397474383147868,0.6698531746031746,0.9821359809955984,0.4379141685074156,0.24376775007888923,0.15059955822025875
rts,420,20,10,1.2,0.6149642857142857,1.053526143601061,0.37044072948328266,0.35030395136778114,0.1411854103343465
rts,420,20,20,0.05,0.6401904761904762,0.24821481701874443,0.5139765554553652,0.0208682210485637,0.02106144531753188
rts,420,20,20,0.0638469417991665,0.6394920634920634,0.2666923153296267,0.5130451587966244,0.022096244282677317,0.02222508535721188
rts,420,20,20,0.0815286395421231,0.6393174603174603,0.27998609628323856,0.5120252756463989,0.02211619059900703,0.023147849635695404
rts,420,20,20,0.10410708607622314,0.6416349206349207,0.29387972194047945,0.5096786808316496,0.024571465815029656,0.02541875773968585
rts,420,20,20,0.13293838131178873,0.6453373015873016,0.30718524212144505,0.5070348107536825,0.02661998811017901,0.02741264284298831
rts,420,20,20,0.16975418188978358,0.642968253968254,0.35507443157972696,0.5101920815366523,0.03057624460995688,0.030837580033973605
rts,420,20,20,0.21676570742564272,0.6485952380952381,0.37406849968797035,0.504045469742561,0.034971581410899365,0.03436977599465062
rts,420,20,20,0.2767965501212033,0.6418888888888888,0.4263582185513984,0.5021116536887951,0.045994456909066915,0.037349874620562225
rts,420,20,20,0.35345226451597084,0.6503015873015873,0.5024286655764114,0.4959139199128303,0.05720512122037592,0.04596840098065922
rts,420,20,20,0.4513369232266959,0.650952380952381,0.5994757376249695,0.48920317350810627,0.07540531217661263,0.05677819937909624
rts,420,20,20,0.5763296453813948,0.6482063492063492,0.7417538016994393,0.47886144830473,0.09648388447048975,0.07108971675736012
rts,420,20,20,0.7359377065160035,0.6466428571428572,0.8763454717282178,0.4661521031015437,0.12696501911910493,0.08610678374167965
rts,420,20,20,0.9397474383147868,0.6361587301587301,0.986426468386646,0.4429174719060912,0.1785126333118603,0.0961992699162551
rts,420,20,20,1.2,0.608,1.1618760442773601,0.39802348897164136,0.2560154683471785,0.10863649384130622
rts,420,50,0,0.05,0.7450079365079365,1.0,0.816922290388548,0.022137014314928427,0.16094069529652352
rts,420,50,0,0.0638469417991665,0.7438690476190476,1.0,0.7970068027210885,0.029496598639455782,0.1734965986394558
rts,420,50,0,0.0815286395421231,0.7522103174603174,1.0,0.7684455040039122,0.036432544776575586,0.1951219512195122
rts,420,50,0,0.10410708607622314,0.7512182539682539,1.0,0.7440924092409241,0.0466006600660066,0.2093069306930693
rts,420,50,0,0.13293838131178873,0.7486031746031746,1.0,0.7140746993036505,0.061968066399381024,0.22395723429696843
rts,420,50,0,0.16975418188978358,0.7465714285714286,1.0,0.6719401142151566,0.08242012656274117,0.24563975922210218
rts,420,50,0,0.21676570742564272,0.7452460317460318,1.0,0.6376835642578611,0.10030697751597113,0.2620094582261678
rts,420,50,0,0.2767965501212033,0.7326150793650794,1.0,0.5984004084063643,0.13622053943673956,0.2653790521568961
rts,420,50,0,0.35345226451597084,0.7339246031746032,1.0,0.5558214450069029,0.15471698113207547,0.2894615738610216
rts,420,50,0,0.4513369232266959,0.7165079365079365,1.0,0.5194635872601975,0.19426336375488917,0.2862730489849134
rts,420,50,0,0.5763296453813948,0.702031746031746,1.0,0.4825102880658436,0.2345679012345679,0.2829218106995885
rts,420,50,0,0.7359377065160035,0.6883015873015873,1.0,0.4557186944730197,0.27064434676891425,0.27363695875806604
rts,420,50,0,0.9397474383147868,0.6627698412698413,1.0,0.42105263157894735,0.31878402903811254,0.2601633393829401
rts,420,50,0,1.2,0.614904761904762,1.0,0.35054759148784614,0.4168818448935981,0.23257056361855577
rts,420,50,5,0.05,0.7556190476190476,0.41070918410217633,0.6479844043723456,0.038432082434031886,0.08201629186103182
rts,420,50,5,0.0638469417991665,0.7548690476190476,0.43425328686253795,0.6427718040621266,0.04490828589500316,0.08742708552955232
rts,420,50,5,0.0815286395421231,0.7562539682539683,0.45900480648140374,0.6391063042550164,0.04589440728618187,0.0937811299274228
rts,420,50,5,0.10410708607622314,0.7567063492063492,0.5053458492841786,0.6291463147918641,0.05321863381205803,0.10337537362397026
rts,420,50,5,0.13293838131178873,0.7553690476190477,0.5165208848822976,0.6141797197032152,0.06400359739189088,0.11159409428164581
rts,420,50,5,0.16975418188978358,0.753968253968254,0.5817147368421053,0.5995695949581124,0.07455230189839367,0.13012066712781492
rts,420,50,5,0.21676570742564272,0.7528452380952381,0.657192555226996,0.5830894566163094,0.08945661630942023,0.14782883809222494
rts,420,50,5,0.2767965501212033,0.7478452380952381,0.6959539841979868,0.5655955544817589,0.11025207376983168,0.15808971571232988
rts,420,50,5,0.35345226451597084,0.740702380952381,0.7524389655892895,0.5442031954117165,0.13215895124948793,0.1740270380991397
rts,420,50,5,0.4513369232266959,0.7253253968253969,0.7946657767176198,0.5197790593777922,0.16529932580618958,0.18073267809276258
rts,420,50,5,0.5763296453813948,0.7209484126984127,0.8264939811425647,0.5018175809649703,0.18068407138136153,0.1915895571711831
rts,420,50,5,0.7359377065160035,0.7054563492063493,0.8656200253128955,0.4849468473585977,0.21593767751359247,0.19037572019800372
rts,420,50,5,0.9397474383147868,0.6904761904761905,0.8849183908045978,0.45949664157967146,0.24755199482074938,0.1908230152949745
rts,420,50,5,1.2,0.6419444444444444,0.910218211040366,0.4118638871857756,0.33077866339668915,0.1741263028816677
rts,420,50,10,0.05,0.7291904761904762,0.37202377065238684,0.5614195415429137,0.04531261899322215,0.07120554413220623
rts,420,50,10,0.0638469417991665,0.7274246031746032,0.3769004587831608,0.5611772737616627,0.04885079268755215,0.07236592581354775
rts,420,50,10,0.0815286395421231,0.7256269841269841,0.3927244091043323,0.558215286720703,0.05492008181198394,0.07628209984092114
rts,420,50,10,0.10410708607622314,0.7257460317460317,0.41689777350072177,0.5553014711487156,0.05953197652260081,0.07965546154432503
rts,420,50,10,0.13293838131178873,0.7284206349206349,0.4512502587681546,0.5461436274126749,0.06485895131671486,0.08869266234273658
rts,420,50,10,0.16975418188978358,0.724468253968254,0.49338650132007056,0.5411837909310103,0.07832309247880533,0.09800108890098778
rts,420,50,10,0.21676570742564272,0.7237579365079365,0.5629480171284137,0.5309042048687954,0.09160607018653177,0.11302560859943092
rts,420,50,10,0.2767965501212033,0.7193968253968254,0.5900710471735581,0.5194422310756972,0.10565737051792828,0.11872509960159362
rts,420,50,10,0.35345226451597084,0.7222103174603175,0.6530019725599873,0.5063301545544229,0.12405458730680698,0.13597500822097994
rts,420,50,10,0.4513369232266959,0.7130714285714286,0.7041103208788273,0.48993509161120696,0.1478103689097034,0.14411305562402432
rts,420,50,10,0.5763296453813948,0.7061904761904761,0.763452461227242,0.4751194595485253,0.17424616905585763,0.1573570604712473
rts,420,50,10,0.7359377065160035,0.7018253968253968,0.7988759470767838,0.45475227502527804,0.19733737782271654,0.16700370744860127
rts,420,50,10,0.9397474383147868,0.6781349206349206,0.8344736380127566,0.43918156919606893,0.236104398260029,0.16247784759142903
rts,420,50,10,1.2,0.6482698412698412,0.8870277417301241,0.4023332807819644,0.30190761469336275,0.16072836197382942
rts,420,50,20,0.05,0.6566587301587301,0.38447165182078585,0.49180213493337055,0.04828019256261774,0.052536105490825366
rts,420,50,20,0.0638469417991665,0.6566269841269842,0.39037045990209707,0.49211444521981856,0.04870900209351012,0.053384508025122124
rts,420,50,20,0.0815286395421231,0.65325,0.41814006888633753,0.48915310805173134,0.052078987623418165,0.057363370880267
rts,420,50,20,0.10410708607622314,0.6600198412698413,0.4341199458890726,0.48692996164227875,0.054553203580053986,0.060590993038783916
rts,420,50,20,0.13293838131178873,0.6607539682539683,0.4570031829920125,0.4880141843971631,0.05929078014184397,0.06354609929078014
rts,420,50,20,0.16975418188978358,0.656265873015873,0.46567339263147073,0.4847032285351755,0.0683067813337093,0.06351332299450162
rts,420,50,20,0.21676570742564272,0.6624126984126985,0.5025987251988882,0.4824908319551305,0.07715538937225858,0.07075573452218308
rts,420,50,20,0.2767965501212033,0.6592301587301588,0.5332903940382601,0.47837004089246,0.08738073032498744,0.07676303895544874
rts,420,50,20,0.35345226451597084,0.6652222222222223,0.5991314514782028,0.47254612546125463,0.10309963099630996,0.08612546125461254
rts,420,50,20,0.4513369232266959,0.661718253968254,0.6483961308042434,0.4636383812976252,0.11496633868461936,0.0945476067174669
rts,420,50,20,0.5763296453813948,0.6583134920634921,0.6864088730823714,0.4519748653500898,0.14340215439856374,0.10360562537402752
rts,420,50,20,0.7359377065160035,0.6545873015873016,0.7772157423797861,0.4460297303354,0.1623216553372675,0.11406588481362516
rts,420,50,20,0.9397474383147868,0.6457936507936508,0.8154565564704437,0.4320185268190647,0.19550276408187658,0.11878081577767817
rts,420,50,20,1.2,0.6295079365079365,0.8765753044706119,0.4126890446329768,0.24241977130210254,0.1217263002582073
rts,1680,5,0,0.05,0.7592708333333333,1.0,0.8199336949263732,0.035085458571043664,0.14498084650258308
rts,1680,5,0,0.0638469417991665,0.7578373015873016,1.0,0.7764565832014393,0.05572014122803458,0.1678232755705261
rts,1680,5,0,0.0815286395421231,0.7557222222222222,1.0,0.7277871660904482,0.08147160509139394,0.19074122881815786
rts,1680,5,0,0.10410708607622314,0.7504265873015873,1.0,0.6728042105999406,0.11297627166063404,0.2142195177394254
rts,1680,5,0,0.13293838131178873,0.7402242063492064,1.0,0.6124771348801387,0.15482815057283142,0.23269471454702995
rts,1680,5,0,0.16975418188978358,0.7315873015873016,1.0,0.5529678353370681,0.19506514760496002,0.2519670170579719
rts,1680,5,0,0.21676570742564272,0.7142480158730159,1.0,0.4898712901941705,0.2518023795833518,0.25832633022247775
rts,1680,5,0,0.2767965501212033,0.6980178571428571,1.0,0.428452289943707,0.30710959760928486,0.26443811244700816
rts,1680,5,0,0.35345226451597084,0.6437906746031746,1.0,0.34283926336492043,0.42048095834078314,0.23667977829429646
rts,1680,5,0,0.4513369232266959,0.5963343253968254,1.0,0.271280532938564,0.516741411590543,0.21197805547089302
rts,1680,5,0,0.5763296453813948,0.40900198412698413,1.0,0.16390524442010132,0.7203375325208818,0.11575722305901684
rts,1680,5,0,0.7359377065160035,0.36872916666666666,1.0,0.11806758734377365,0.7790711366044846,0.10286127605174183
rts,1680,5,0,0.9397474383147868,0.1844940476190476,1.0,0.07468925159999452,0.882155435870027,0.043155312529978486
rts,1680,5,0,1.2,0.31469246031746034,1.0,0.07370352925890436,0.8415000568449432,0.0847964138961524
rts,1680,5,5,0.05,0.7623353174603175,0.2030545238758306,0.7070296057247089,0.007374148387197356,0.019596838314391282
rts,1680,5,5,0.0638469417991665,0.7631230158730159,0.3177679439645983,0.6963398755847037,0.013534583916027711,0.032277250004018584
rts,1680,5,5,0.0815286395421231,0.7670128968253969,0.484980256069658,0.6804276148067575,0.021703660899418744,0.05137836092321289
rts,1680,5,5,0.10410708607622314,0.7674444444444445,0.6972015967238205,0.6540743563224648,0.03902890425126558,0.07921905902418667
rts,1680,5,5,0.13293838131178873,0.7632232142857143,0.9169081108342465,0.6161047960137029,0.06783322952351292,0.11211460604173155
rts,1680,5,5,0.16975418188978358,0.7574454365079365,1.0962023824336449,0.5715569300206866,0.1029734417117663,0.14190191612512276
rts,1680,5,5,0.21676570742564272,0.7464623015873015,1.2708303984136815,0.5224288960967322,0.15101167229319742,0.170031552701838
rts,1680,5,5,0.2767965501212033,0.7310238095238095,1.394456567762108,0.46689526614963295,0.2073504706234322,0.19119508434400387
rts,1680,5,5,0.35345226451597084,0.6958293650793651,1.4944225515971006,0.4006765559644351,0.2971360654613609,0.1942812735708898
rts,1680,5,5,0.4513369232266959,0.6436190476190476,1.5603235671303146,0.3269555677454745,0.40851343938562806,0.18042786615469006
rts,1680,5,5,0.5763296453813948,0.5081349206349206,1.5849863334634908,0.2242800259283267,0.5995555143994814,0.1214556903416983
rts,1680,5,5,0.7359377065160035,0.4261795634920635,1.624673816135888,0.1539661087431126,0.7064836954638389,0.09895346016564438
rts,1680,5,5,0.9397474383147868,0.2463263888888889,1.4755232644776215,0.09887930179510067,0.8296425383601819,0.04360946997067199
rts,1680,5,5,1.2,0.34397420634920634,1.7066098302405934,0.09960082098356417,0.7956429691161497,0.07796111640835852
rts,1680,5,10,0.05,0.7383621031746032,0.11067772539229769,0.6338744644167904,0.0043188064389477815,0.0075451084822724095
rts,1680,5,10,0.0638469417991665,0.738093253968254,0.18292387882763128,0.6315203044380068,0.006976704321442652,0.012770625846375372
rts,1680,5,10,0.0815286395421231,0.740625,0.3185372714486639,0.6233448373010283,0.0127658825186646,0.022626426257219327
rts,1680,5,10,0.10410708607622314,0.7407738095238096,0.5528806749698675,0.6128677332659945,0.023484424884111038,0.04060172074818275
rts,1680,5,10,0.13293838131178873,0.7415515873015873,0.8216443428889448,0.5899290134001443,0.04289564590213719,0.06364119500436549
rts,1680,5,10,0.16975418188978358,0.7407529761904762,1.1930186867449066,0.5597633612363168,0.07068979394719897,0.09705006439150032
rts,1680,5,10,0.21676570742564272,0.7375962301587301,1.4820261547793738,0.5197950828456905,0.10361605898870384,0.1286305275116284
rts,1680,5,10,0.2767965501212033,0.7276617063492063,1.7277414745808697,0.471379940032013,0.15747232680298487,0.15400049597583246
rts,1680,5,10,0.35345226451597084,0.7020684523809524,1.9248182454057952,0.41259555048488306,0.23582430119794637,0.16862521391899601
rts,1680,5,10,0.4513369232266959,0.6646448412698412,2.086909406802177,0.3503331912315735,0.3327873634140322,0.17043236330184658
rts,1680,5,10,0.5763296453813948,0.5430744047619047,2.110805434228626,0.24593582268216396,0.5302737768853535,0.12198324130208132
rts,1680,5,10,0.7359377065160035,0.45698214285714284,2.1773019160381906,0.17149144779217063,0.656569813211193,0.09815358190796536
rts,1680,5,10,0.9397474383147868,0.2781180555555556,1.9430126666262402,0.10692707190403043,0.7991807475678443,0.04511740179942945
rts,1680,5,10,1.2,0.37763789682539683,2.3788850388405374,0.10384296752159873,0.7666153820143033,0.08384195309990362
rts,1680,5,20,0.05,0.6846001984126984,0.10905304770337224,0.5681739043923792,0.00303437297915734,0.0039463430002155565
rts,1680,5,20,0.0638469417991665,0.6859454365079365,0.14911784655924723,0.5670954502227339,0.003737257453659676,0.0056392545506114755
rts,1680,5,20,0.0815286395421231,0.6871468253968254,0.2299377457972638,0.5636562763268744,0.006638584667228307,0.008795282224094356
rts,1680,5,20,0.10410708607622314,0.6865853174603175,0.35438202052369816,0.5616014866120449,0.011048230424866965,0.01373426809696765
rts,1680,5,20,0.13293838131178873,0.6884593253968254,0.6419973860428521,0.5518823020337517,0.019852877542189527,0.025564690610125486
rts,1680,5,20,0.16975418188978358,0.6906845238095238,1.0980379483201907,0.5383377440812531,0.03502968314140619,0.044632000572205136
rts,1680,5,20,0.21676570742564272,0.6920238095238095,1.6026793394116634,0.5160210872653854,0.06013983399386824,0.06791669782397368
rts,1680,5,20,0.2767965501212033,0.6888541666666667,2.17106276958084,0.4832277922638069,0.10190758131236889,0.09655537475248495
rts,1680,5,20,0.35345226451597084,0.6799573412698413,2.6105089459101802,0.44310668516855767,0.15410986858215656,0.11950044894294343
rts,1680,5,20,0.4513369232266959,0.6522857142857142,2.974864031245437,0.38791683820502265,0.23894606834088103,0.1310209962947715
rts,1680,5,20,0.5763296453813948,0.5672738095238096,3.0919428063769208,0.3011292584031225,0.401493046345068,0.11010269430444504
rts,1680,5,20,0.7359377065160035,0.48803174603174604,3.251855932479022,0.22473669228579563,0.537877170509536,0.09368773128380302
rts,1680,5,20,0.9397474383147868,0.3188323412698413,2.9623066559214393,0.14286565119637884,0.7158172153481932,0.04788493322017242
rts,1680,5,20,1.2,0.39046924603174604,3.6559466250670107,0.13018406142086028,0.7060381533509907,0.07949173567573005
rts,1680,20,0,0.05,0.7646736111111111,1.0,0.7745445484246082,0.05232847887479927,0.1731269727005925
rts,1680,20,0,0.0638469417991665,0.7627212301587302,1.0,0.7298880275624462,0.07390180878552971,0.19621016365202412
rts,1680,20,0,0.0815286395421231,0.7592123015873016,1.0,0.6832293795971137,0.09960340339291018,0.21716721700997607
rts,1680,20,0,0.10410708607622314,0.7550714285714286,1.0,0.6335976290366037,0.12872868634771564,0.2376736846156807
rts,1680,20,0,0.13293838131178873,0.7484097222222222,1.0,0.5850084187332405,0.1600806535431434,0.2549109277236161
rts,1680,20,0,0.16975418188978358,0.7436805555555556,1.0,0.5407834868494062,0.1883253800909999,0.27089113305959384
rts,1680,20,0,0.21676570742564272,0.734406746031746,1.0,0.49979216700535745,0.22298171069647146,0.27722612229817106
rts,1680,20,0,0.2767965501212033,0.7292986111111112,1.0,0.4630418562110381,0.24817676366524657,0.2887813801237153
rts,1680,20,0,0.35345226451597084,0.7224285714285714,1.0,0.43299935837322934,0.27390059720645576,0.2931000444203149
rts,1680,20,0,0.4513369232266959,0.7136468253968254,1.0,0.4018476328768495,0.30490949603184536,0.2932428710913051
rts,1680,20,0,0.5763296453813948,0.6848164682539682,1.0,0.3591616386154335,0.3670518113198329,0.2737865500647336
rts,1680,20,0,0.7359377065160035,0.5941488095238096,1.0,0.2662285553169801,0.5219164118246687,0.21185503285835122
rts,1680,20,0,0.9397474383147868,0.4118353174603175,1.0,0.1540769257448063,0.728019977109562,0.11790309714563174
rts,1680,20,0,1.2,0.3535357142857143,1.0,0.10051408732808119,0.8013085859260248,0.09817732674589398
rts,1680,20,5,0.05,0.7670714285714286,0.30521864750494043,0.6846117599542257,0.020817205748712597,0.05131096226986638
rts,1680,20,5,0.0638469417991665,0.7681994047619047,0.3982833878955762,0.6667078639782478,0.0313217274621279,0.07088880257071224
rts,1680,20,5,0.0815286395421231,0.7684980158730159,0.502000268509745,0.6417638894099111,0.047642270322992085,0.09481562066249015
rts,1680,20,5,0.10410708607622314,0.7644900793650794,0.613698829233097,0.6126570296014358,0.07176523951328219,0.12146251996765732
rts,1680,20,5,0.13293838131178873,0.7612301587301588,0.7260790804358025,0.5782787056804387,0.09969023399891164,0.15117836661224832
rts,1680,20,5,0.16975418188978358,0.7545456349206349,0.8036378720506139,0.5401907356948229,0.13289970994110925,0.17418915355541884
rts,1680,20,5,0.21676570742564272,0.7485734126984127,0.8719247059883747,0.5036878748190529,0.16516164610188186,0.19553778635601204
rts,1680,20,5,0.2767965501212033,0.7402271825396826,0.9340108342971711,0.4726784957876406,0.19941638819598062,0.21181813903139265
rts,1680,20,5,0.35345226451597084,0.730639880952381,0.995994487328323,0.448025613660619,0.23220680659314596,0.22516304992292185
rts,1680,20,5,0.4513369232266959,0.7222103174603175,1.0315915234866508,0.42336939573488136,0.2613284717058076,0.23309425000599707
rts,1680,20,5,0.5763296453813948,0.703405753968254,1.0659024333141052,0.3913641755634638,0.30799525504151837,0.2323843416370107
rts,1680,20,5,0.7359377065160035,0.6373660714285714,1.0841232596328203,0.3232935654214747,0.428189582110959,0.19651433166003868
rts,1680,20,5,0.9397474383147868,0.4691755952380952,1.0830774809749455,0.20274525064562918,0.645965259843634,0.11729224891215906
rts,1680,20,5,1.2,0.3851279761904762,1.1024602726881654,0.13191984701089216,0.7499792134364347,0.092990770765777
rts,1680,20,10,0.05,0.7411378968253969,0.19294855749216605,0.6200522545900503,0.015800792705685796,0.02760250964221602
rts,1680,20,10,0.0638469417991665,0.7426468253968254,0.2750618497758447,0.6137549836897427,0.022055092424791593,0.04021384559623052
rts,1680,20,10,0.0815286395421231,0.7434404761904762,0.36796225720187675,0.5996218432334276,0.03276110601493906,0.056386543609712264
rts,1680,20,10,0.10410708607622314,0.744204365079365,0.49351003388619463,0.5804220398593201,0.050156311059007426,0.07842907385697538
rts,1680,20,10,0.13293838131178873,0.7426200396825396,0.6188593848731099,0.5548446443172527,0.07391659852820932,0.10294358135731807
rts,1680,20,10,0.16975418188978358,0.7384652777777778,0.7486569233435388,0.5256404800408545,0.1052217209975317,0.12939399097795556
rts,1680,20,10,0.21676570742564272,0.7343085317460317,0.8767662861751757,0.49381427270506184,0.13908446793860915,0.15556493347844436
rts,1680,20,10,0.2767965501212033,0.7306130952380953,0.9540197811687835,0.4635727967138209,0.17079362148939609,0.17446288048369604
rts,1680,20,10,0.35345226451597084,0.7222619047619048,1.0330084885445854,0.4389240728190507,0.20476268374190834,0.19046061087611882
rts,1680,20,10,0.4513369232266959,0.7140128968253968,1.100216054743131,0.41614965440777524,0.23946120638814844,0.20247222287749758
rts,1680,20,10,0.5763296453813948,0.704280753968254,1.1529788777529706,0.3910285347715555,0.27679441184157383,0.21131412007888048
rts,1680,20,10,0.7359377065160035,0.6292063492063492,1.1970697212411705,0.3178605089538172,0.4184088767029389,0.17622740125096392
rts,1680,20,10,0.9397474383147868,0.4705545634920635,1.1769421001477909,0.2010222372087245,0.6307523026957957,0.10847072603687863
rts,1680,20,10,1.2,0.4013859126984127,1.2173075924932713,0.13604045409037688,0.7283093787649964,0.09083504437392884
rts,1680,20,20,0.05,0.6879930555555556,0.1713345551602963,0.5608413469706752,0.011451289544327024,0.016191511774100376
rts,1680,20,20,0.0638469417991665,0.6895763888888888,0.2181146983209441,0.5577074963085059,0.014714467222966245,0.02103293156141616
rts,1680,20,20,0.0815286395421231,0.688578373015873,0.2937787337898563,0.5539104024297646,0.02067370746186236,0.02826672188858977
rts,1680,20,20,0.10410708607622314,0.6892847222222223,0.4034116341560653,0.5450469458803672,0.0323346344551113,0.04007103421598621
rts,1680,20,20,0.13293838131178873,0.6929623015873015,0.5460167843941212,0.5300471542932339,0.04675220236137003,0.057042073326753664
rts,1680,20,20,0.16975418188978358,0.6953492063492064,0.7179560344237222,0.5114707282246549,0.06709186101856258,0.0782294145644931
rts,1680,20,20,0.21676570742564272,0.6970486111111112,0.8839452054794521,0.48777325674166266,0.09414392851444073,0.10034705600765917
rts,1680,20,20,0.2767965501212033,0.6916289682539682,1.061707321971077,0.4664089521871821,0.12874872838250254,0.12219735503560529
rts,1680,20,20,0.35345226451597084,0.6921547619047619,1.168363690568331,0.44416517055655297,0.15437744217974442,0.14043721617911079
rts,1680,20,20,0.4513369232266959,0.6841795634920635,1.2960024824078196,0.42428632296548785,0.1922028121005539,0.15462292288027268
rts,1680,20,20,0.5763296453813948,0.6740744047619047,1.3812503035467507,0.39996135431650814,0.2360392468385684,0.1638362281812912
rts,1680,20,20,0.7359377065160035,0.636813492063492,1.4384023878811294,0.3513209199524594,0.32732125357075836,0.15667549365082675
rts,1680,20,20,0.9397474383147868,0.5017400793650794,1.4582544082696332,0.24177260519247987,0.5374753804834378,0.10811101163831692
rts,1680,20,20,1.2,0.4259861111111111,1.5171008444458935,0.168906375078773,0.6575034489806346,0.09144482482584777
rts,1680,50,0,0.05,0.7724246031746032,1.0,0.7336443336282474,0.062961473497949,0.2033941928738036
rts,1680,50,0,0.0638469417991665,0.7697093253968254,1.0,0.6900289275383023,0.08605049819649298,0.2239205742652048
rts,1680,50,0,0.0815286395421231,0.7639613095238095,1.0,0.6431889149102263,0.11377829820452771,0.2430327868852459
rts,1680,50,0,0.10410708607622314,0.7608869047619048,1.0,0.5978127251918104,0.13905726760205164,0.26313000720613794
rts,1680,50,0,0.13293838131178873,0.7522708333333333,1.0,0.5541201975728047,0.17180341058936593,0.2740763918378294
rts,1680,50,0,0.16975418188978358,0.7465079365079365,1.0,0.5154223254286585,0.19986864635376353,0.28470902821757793
rts,1680,50,0,0.21676570742564272,0.7404791666666667,1.0,0.4816406819175288,0.22405167808052845,0.29430764000194276
rts,1680,50,0,0.2767965501212033,0.7360753968253968,1.0,0.45021862592350603,0.2483791526360758,0.30140222144041817
rts,1680,50,0,0.35345226451597084,0.7308571428571429,1.0,0.4281238856909989,0.26835107737761704,0.30352503693138405
rts,1680,50,0,0.4513369232266959,0.7247946428571429,1.0,0.40701066054051266,0.2877055316073411,0.3052838078521463
rts,1680,50,0,0.5763296453813948,0.7134593253968254,1.0,0.39213494563560614,0.31124885682349357,0.2966161975409003
rts,1680,50,0,0.7359377065160035,0.6961934523809524,1.0,0.36574756893233007,0.3497487688423368,0.2845036622253331
rts,1680,50,0,0.9397474383147868,0.6166210317460318,1.0,0.29087630243120494,0.4852613767922344,0.22386232077656068
rts,1680,50,0,1.2,0.46882936507936507,1.0,0.1727819295386863,0.6841789814762788,0.14303908898503492
rts,1680,50,5,0.05,0.7713630952380952,0.41816988067402844,0.6558523822638391,0.03846506931056642,0.0871201689158175
rts,1680,50,5,0.0638469417991665,0.7692996031746032,0.49253843554872373,0.6338560036804172,0.053040177886827175,0.10774804477840821
rts,1680,50,5,0.0815286395421231,0.7667549603174603,0.5801888757635314,0.6088744458486289,0.07512386913000742,0.13213375860062987
rts,1680,50,5,0.10410708607622314,0.7623888888888889,0.6587506896659415,0.5774704222980085,0.10085891120373879,0.15713022609574334
rts,1680,50,5,0.13293838131178873,0.7575079365079365,0.7197479464828279,0.5431493384578004,0.12793497227928347,0.1793563492589402
rts,1680,50,5,0.16975418188978358,0.7512380952380953,0.782443796484111,0.5103438795848703,0.15801049279479484,0.2011500836216179
rts,1680,50,5,0.21676570742564272,0.7445119047619048,0.8371613446542692,0.48323786271011365,0.18818668419569912,0.2169217766926472
rts,1680,50,5,0.2767965501212033,0.7410833333333333,0.8687430724004434,0.459030241594864,0.21053266719764438,0.22947891777085896
rts,1680,50,5,0.35345226451597084,0.7322777777777778,0.9036131552992944,0.43757125876331177,0.23731897241831015,0.23855614584091406
rts,1680,50,5,0.4513369232266959,0.7256765873015874,0.9279882485146593,0.42186169824629677,0.25940700021890883,0.24328071412935082
rts,1680,50,5,0.5763296453813948,0.7205744047619047,0.9481178898558387,0.40839293997021703,0.2766398945389742,0.2476137001684447
rts,1680,50,5,0.7359377065160035,0.7024027777777778,0.9674401360409705,0.3922106158718155,0.31188259204991253,0.23895164720896156
rts,1680,50,5,0.9397474383147868,0.6234305555555556,0.9766316369040989,0.323887489504618,0.4432619647355164,0.18971452560873217
rts,1680,50,5,1.2,0.49178472222222225,0.9847030273199131,0.2084447211337752,0.6301680887684477,0.13154136302047095
rts,1680,50,10,0.05,0.743968253968254,0.3031843396628973,0.6021876691617046,0.034084333526216565,0.05715565676740149
rts,1680,50,10,0.0638469417991665,0.7441805555555555,0.35989889806354597,0.5882183244864989,0.04490730056158166,0.07046695899684591
rts,1680,50,10,0.0815286395421231,0.74425,0.4496344994161588,0.5711839091904809,0.06063925121975505,0.09098874838195758
rts,1680,50,10,0.10410708607622314,0.7451825396825397,0.5354248985547378,0.5489627853643282,0.07801521943083499,0.11354112373605754
rts,1680,50,10,0.13293838131178873,0.7397936507936508,0.6306021627652499,0.5242227507445737,0.10869704955968375,0.13768721475862955
rts,1680,50,10,0.16975418188978358,0.7379970238095238,0.7064843305762459,0.497228430934287,0.13497988377291015,0.1584711667411712
rts,1680,50,10,0.21676570742564272,0.7323472222222223,0.7757541932739642,0.4713889589110159,0.16515800811238168,0.17730366432156197
rts,1680,50,10,0.2767965501212033,0.7274940476190476,0.8306777178671073,0.4474887987051068,0.19594642145018648,0.19320181097375028
rts,1680,50,10,0.35345226451597084,0.7239851190476191,0.8836425373778565,0.42931186853607856,0.22031671722358898,0.20632001337568967
rts,1680,50,10,0.4513369232266959,0.7178789682539682,0.9197962472119421,0.41385839605004554,0.244331527731173,0.21535400987488615
rts,1680,50,10,0.5763296453813948,0.7121607142857143,0.9624783731601514,0.40168849234901904,0.267544490814026,0.2231975823859548
rts,1680,50,10,0.7359377065160035,0.6949246031746031,0.9777302550807726,0.38403681296862957,0.30401065146808065,0.21641634159445003
rts,1680,50,10,0.9397474383147868,0.6441855158730159,0.9990337866661327,0.33802236864921104,0.3963499219698283,0.1898950927692041
rts,1680,50,10,1.2,0.5028958333333333,1.0041391228184384,0.2146843422638361,0.6052470566422545,0.1286919440066747
rts,1680,50,20,0.05,0.691594246031746,0.23871374943159568,0.5467983771388252,0.0260010583877227,0.03413300405715294
rts,1680,50,20,0.0638469417991665,0.6930535714285714,0.2898324930789954,0.5429764901194237,0.03359574430104072,0.04182509505703422
rts,1680,50,20,0.0815286395421231,0.6947777777777778,0.36178434351511274,0.5340875912408759,0.04251824817518248,0.053138686131386864
rts,1680,50,20,0.10410708607622314,0.6956170634920635,0.4471828997321665,0.5229767059877557,0.05679781991936688,0.06781021352844557
rts,1680,50,20,0.13293838131178873,0.6965019841269842,0.550090161435974,0.5075342070319265,0.07520735908242403,0.08608048034178165
rts,1680,50,20,0.16975418188978358,0.6975109126984127,0.6513597813085362,0.48817530484762606,0.09898816532620193,0.10555411419562137
rts,1680,50,20,0.21676570742564272,0.6961785714285714,0.7409876479875966,0.4687904368722657,0.12487933123831824,0.1236880481442685
rts,1680,50,20,0.2767965501212033,0.6958174603174603,0.839951296294184,0.44949580544021694,0.15229641555800355,0.14365308024743667
rts,1680,50,20,0.35345226451597084,0.6957787698412699,0.9044621406012732,0.4313229911103364,0.1753529719365522,0.16003573296147813
rts,1680,50,20,0.4513369232266959,0.6897916666666667,0.9516480418806,0.4175420168067227,0.20481004901960784,0.16784838935574228
rts,1680,50,20,0.5763296453813948,0.6838253968253968,0.9952589308511873,0.40633747375787266,0.2314555633310007,0.17389783065080475
rts,1680,50,20,0.7359377065160035,0.672592261904762,1.034851830382626,0.38994352736750654,0.2691572545612511,0.176498696785404
rts,1680,50,20,0.9397474383147868,0.6230238095238095,1.0626176736602082,0.34685964841053957,0.3660630912265032,0.15659128740205433
rts,1680,50,20,1.2,0.5128968253968254,1.085059574468085,0.24468511833132772,0.5434853954709551,0.11896947817525434
basic,210,5,0,0.05,0.6747142857142857,1.0,0.9374398073836276,0.002608346709470305,0.059951845906902085
basic,210,5,0,0.0638469417991665,0.7062619047619048,1.0,0.9254926949160257,0.0030949888489372355,0.07141231623503709
basic,210,5,0,0.0815286395421231,0.7152301587301587,1.0,0.9139505916545568,0.004722856549719743,0.08132655179572348
basic,210,5,0,0.10410708607622314,0.7182222222222222,1.0,0.8983684366656779,0.0071195490952239695,0.09451201423909819
basic,210,5,0,0.13293838131178873,0.7233253968253969,1.0,0.8817175079828793,0.00991915211631225,0.10836333990080847
basic,210,5,0,0.16975418188978358,0.7177857142857142,1.0,0.8595359811246559,0.015572158867479355,0.12489186000786473
basic,210,5,0,0.21676570742564272,0.6909603174603175,1.0,0.833424858136555,0.025169320885960095,0.1414058209774849
basic,210,5,0,0.2767965501212033,0.6626507936507936,1.0,0.8076963405683129,0.036174897766593266,0.15612876166509385
basic,210,5,0,0.35345226451597084,0.6737698412698413,1.0,0.7733268197361993,0.043111871030776745,0.18356130923302394
basic,210,5,0,0.4513369232266959,0.6513412698412698,1.0,0.7385089686098655,0.05885650224215247,0.20263452914798205
basic,210,5,0,0.5763296453813948,0.5910793650793651,1.0,0.6981346309813463,0.0867802108678021,0.21508515815085158
basic,210,5,0,0.7359377065160035,0.5328809523809523,1.0,0.6591326718118339,0.11705255420801176,0.22381477398015434
basic,210,5,0,0.9397474383147868,0.44822222222222224,1.0,0.6255794353139486,0.16266329540665825,0.21175726927939317
basic,210,5,0,1.2,0.408468253968254,1.0,0.5729142046797447,0.20420704325218625,0.222878752068069
basic,210,5,5,0.05,0.7763968253968254,0.16645881463005746,0.6995068107092531,0.006810709253170503,0.01573508689525599
basic,210,5,5,0.0638469417991665,0.774420634920635,0.164813429394222,0.6998477573486357,0.007260803372760276,0.015692704063707694
basic,210,5,5,0.0815286395421231,0.7654603174603175,0.17576310550763105,0.6980778246601032,0.008438818565400843,0.017346460384435068
basic,210,5,5,0.10410708607622314,0.7667460317460317,0.18273470655211677,0.6960207205085943,0.00894749234753944,0.01789498469507888
basic,210,5,5,0.13293838131178873,0.7647619047619048,0.1979659609796596,0.694592355934209,0.010176310495799314,0.020352620991598628
basic,210,5,5,0.16975418188978358,0.7613333333333333,0.22908848302893836,0.6910179640718563,0.013293413173652695,0.023233532934131735
basic,210,5,5,0.21676570742564272,0.773063492063492,0.3089132086319118,0.6793893129770993,0.015267175572519083,0.031642452597882294
basic,210,5,5,0.2767965501212033,0.7512857142857143,0.39128689442437303,0.680337904015671,0.019711067580803134,0.03978942213516161
basic,210,5,5,0.35345226451597084,0.7378174603174603,0.5422040552896251,0.6711932604048787,0.027285301144222306,0.05532503457814661
basic,210,5,5,0.4513369232266959,0.712579365079365,0.6456089547251768,0.6627020038784744,0.041111829347123464,0.06619263089851325
basic,210,5,5,0.5763296453813948,0.6870873015873016,0.7602139235096392,0.6497413558399129,0.05336237408113259,0.08099646065886197
basic,210,5,5,0.7359377065160035,0.652063492063492,0.881840311587147,0.6369014084507042,0.06619718309859154,0.09380281690140845
basic,210,5,5,0.9397474383147868,0.5799444444444445,0.9433853817415461,0.6225402504472272,0.09376863446630888,0.09481216457960644
basic,210,5,5,1.2,0.5392380952380952,1.0172789355940186,0.6037225580655424,0.11342666242443525,0.10054088450524976
basic,210,5,10,0.05,0.6702460317460317,0.1847225018057809,0.5985587113183553,0.006923837784371909,0.011728133389854458
basic,210,5,10,0.0638469417991665,0.6735714285714286,0.18649699540473666,0.5975937721160651,0.007077140835102618,0.012172682236376504
basic,210,5,10,0.0815286395421231,0.6685079365079365,0.17939737866843958,0.5996338543867061,0.007745387973524856,0.011688494578228419
basic,210,5,10,0.10410708607622314,0.6675952380952381,0.191447626520204,0.5987297106563162,0.008468595624558928,0.012561750176429076
basic,210,5,10,0.13293838131178873,0.6612380952380953,0.2168731096067982,0.5975661525399746,0.009056176595443612,0.01386727041177303
basic,210,5,10,0.16975418188978358,0.6580555555555555,0.23123680878007596,0.598923665203229,0.009771986970684038,0.014728791955813624
basic,210,5,10,0.21676570742564272,0.655968253968254,0.25567439384406915,0.5987531878719183,0.012184754888070274,0.01686030036837631
basic,210,5,10,0.2767965501212033,0.667404761904762,0.2879312190075274,0.5944707062025498,0.013321873657069187,0.019767941555651054
basic,210,5,10,0.35345226451597084,0.6563650793650794,0.3189644748615511,0.5870480615652679,0.017714534630463193,0.023522578771598666
basic,210,5,10,0.4513369232266959,0.6455952380952381,0.4273649271620874,0.586709886547812,0.026963312214527774,0.03079416531604538
basic,210,5,10,0.5763296453813948,0.6495,0.5487371237948605,0.5739490641301013,0.032218471923903036,0.04065664314206812
basic,210,5,10,0.7359377065160035,0.6175079365079366,0.6464925584145182,0.5671618204804045,0.04914664981036662,0.04835651074589128
basic,210,5,10,0.9397474383147868,0.5888412698412698,0.7911017063374397,0.5581052286510408,0.07310277003769874,0.06031798065890837
basic,210,5,10,1.2,0.5361984126984127,0.9981202172851202,0.5455652173913044,0.10278260869565217,0.07095652173913043
basic,210,5,20,0.05,0.49093650793650795,0.16933945488053284,0.5034436418612465,0.0067193011926759616,0.0060473710734083655
basic,210,5,20,0.0638469417991665,0.49284126984126986,0.17488485941576218,0.5027773102171351,0.006901195085002525,0.0062279077596364245
basic,210,5,20,0.0815286395421231,0.4864047619047619,0.17010132654559695,0.5042835545103309,0.007391231311943558,0.0060473710734083655
basic,210,5,20,0.10410708607622314,0.4859126984126984,0.1702735810534912,0.5044515370401478,0.007559213841760457,0.0060473710734083655
basic,210,5,20,0.13293838131178873,0.48333333333333334,0.1733990147783251,0.5054557663253315,0.008729226120530469,0.006211180124223602
basic,210,5,20,0.16975418188978358,0.48424603174603176,0.21199704990576085,0.505130361648444,0.009251471825063078,0.007401177460050462
basic,210,5,20,0.21676570742564272,0.4747142857142857,0.2173404219747885,0.5045531197301855,0.01163575042158516,0.007419898819561552
basic,210,5,20,0.2767965501212033,0.4703650793650794,0.2503121519927108,0.5035545023696683,0.011679079214624239,0.008632362897765741
basic,210,5,20,0.35345226451597084,0.48103968253968254,0.27717741004108165,0.5002554931016863,0.012433997615397718,0.010219724067450179
basic,210,5,20,0.4513369232266959,0.4753174603174603,0.3080647854399733,0.4969863957292922,0.015670742207680385,0.011537799207852592
basic,210,5,20,0.5763296453813948,0.460015873015873,0.34427728511783584,0.4986187845303867,0.020718232044198894,0.01225828729281768
basic,210,5,20,0.7359377065160035,0.4597698412698413,0.49334553175329265,0.49843260188087773,0.027516544757924068,0.017763845350052248
basic,210,5,20,0.9397474383147868,0.4633174603174603,0.6046798451471445,0.4902417188898836,0.03921217547000895,0.022381378692927483
basic,210,5,20,1.2,0.4464920634920635,0.6840804863308328,0.4888485947416138,0.05385312783318223,0.025929283771532186
basic,210,20,0,0.05,0.7386587301587302,1.0,0.8794578684372647,0.009377780820042439,0.11116435074269286
basic,210,20,0,0.0638469417991665,0.7390238095238095,1.0,0.8699977890780456,0.011717886358611542,0.11828432456334291
basic,210,20,0,0.0815286395421231,0.7453492063492063,1.0,0.8558572907541611,0.013378991797403839,0.13076371744843512
basic,210,20,0,0.10410708607622314,0.7473650793650793,1.0,0.8365290288058503,0.01765807544814055,0.14581289574600909
basic,210,20,0,0.13293838131178873,0.7281984126984127,1.0,0.823765402617251,0.023688986531664916,0.15254561085108415
basic,210,20,0,0.16975418188978358,0.7242539682539683,1.0,0.7920485919381557,0.03136388735505246,0.17658752070679182
basic,210,20,0,0.21676570742564272,0.7037619047619048,1.0,0.7670503775219706,0.04171308330238891,0.19123653917564054
basic,210,20,0,0.2767965501212033,0.6796984126984127,1.0,0.7424945414847162,0.05158296943231441,0.20592248908296942
basic,210,20,0,0.35345226451597084,0.6575952380952381,1.0,0.7107673824898634,0.0666766781799069,0.22255593933022977
basic,210,20,0,0.4513369232266959,0.617436507936508,1.0,0.6780578582304179,0.08814075452546101,0.23380138724412114
basic,210,20,0,0.5763296453813948,0.5673650793650794,1.0,0.6435772964899178,0.11706497386109037,0.2393577296489918
basic,210,20,0,0.7359377065160035,0.5422936507936508,1.0,0.6036827788240218,0.14103368905628794,0.2552835321196903
basic,210,20,0,0.9397474383147868,0.4891190476190476,1.0,0.5751378676470589,0.17325367647058823,0.2516084558823529
basic,210,20,0,1.2,0.43915873015873014,1.0,0.5351120060407752,0.2139441228290964,0.2509438711301284
basic,210,20,5,0.05,0.7526587301587302,0.31628618126219216,0.6709518244383846,0.025321386832878847,0.0510323334631866
basic,210,20,5,0.0638469417991665,0.756436507936508,0.32573627388234305,0.6674060542797495,0.025704592901878914,0.054149269311064716
basic,210,20,5,0.0815286395421231,0.7496190476190476,0.34070215559225847,0.667097942812783,0.02691163151766076,0.056281537068184756
basic,210,20,5,0.10410708607622314,0.7352460317460318,0.3577789531632862,0.6645262744070239,0.03171275062246101,0.05936312409906958
basic,210,20,5,0.13293838131178873,0.7379682539682539,0.38618203131721585,0.6625823451910409,0.03241106719367589,0.06403162055335969
basic,210,20,5,0.16975418188978358,0.7419603174603174,0.42457774877790494,0.6534427111350188,0.03308230231307154,0.07369553523399677
basic,210,20,5,0.21676570742564272,0.7214206349206349,0.4644165502370763,0.6501437765301931,0.043269889086676706,0.08065178693687526
basic,210,20,5,0.2767965501212033,0.6962142857142857,0.5164267067929733,0.6477917762702479,0.05108680603627302,0.08735982278831511
basic,210,20,5,0.35345226451597084,0.682047619047619,0.5531604179757499,0.6383589155071009,0.05766747955816956,0.0935303399799168
basic,210,20,5,0.4513369232266959,0.6456031746031746,0.582327342463059,0.6254432624113475,0.0734338061465721,0.09973404255319149
basic,210,20,5,0.5763296453813948,0.6308968253968253,0.6420691130036607,0.6093023255813953,0.08542635658914728,0.1144186046511628
basic,210,20,5,0.7359377065160035,0.5951269841269842,0.6944796361987571,0.597143320889466,0.10063301412108423,0.12108423957149814
basic,210,20,5,0.9397474383147868,0.529452380952381,0.742062778252462,0.5845682166581502,0.1299608243910748,0.12263668880940215
basic,210,20,5,1.2,0.4886031746031746,0.7818489701773763,0.5715048975957258,0.14692787177203917,0.12413178984861976
basic,210,20,10,0.05,0.6476349206349207,0.27747481679370606,0.5826339081336792,0.02899435373111552,0.037845261712192886
basic,210,20,10,0.0638469417991665,0.6407619047619048,0.2834609096313912,0.5846013390139988,0.030584297017650638,0.038192331101643336
basic,210,20,10,0.0815286395421231,0.636468253968254,0.29410811147827176,0.5838926174496645,0.031879194630872486,0.03981086028065894
basic,210,20,10,0.10410708607622314,0.6381349206349206,0.2950003109259375,0.5804077878276866,0.03326690173233175,0.041851908630998004
basic,210,20,10,0.13293838131178873,0.6395079365079365,0.3066345652659535,0.5780499147419005,0.034413269260579755,0.04340412339172221
basic,210,20,10,0.16975418188978358,0.6256111111111111,0.33283646466312306,0.5746151429469054,0.038956958843858,0.04696826892868363
basic,210,20,10,0.21676570742564272,0.634563492063492,0.3567506722531424,0.5712696647068171,0.040362307325599873,0.05228031145717464
basic,210,20,10,0.2767965501212033,0.6201349206349206,0.4130821505816707,0.5708818370275873,0.04656354648381438,0.06123425291022166
basic,210,20,10,0.35345226451597084,0.619436507936508,0.42112006559981546,0.5625915676379619,0.05404525476151718,0.06202181344619893
basic,210,20,10,0.4513369232266959,0.6166825396825397,0.4833273274819181,0.5536884557217274,0.061334229541253574,0.07225676356914804
basic,210,20,10,0.5763296453813948,0.5729206349206349,0.5403183354574168,0.5525634386328327,0.08078715691351632,0.07681684791990333
basic,210,20,10,0.7359377065160035,0.5621825396825397,0.5946213030281641,0.5373781148429035,0.09841097869266884,0.08974358974358974
basic,210,20,10,0.9397474383147868,0.5180476190476191,0.6389833624414009,0.5327326222876058,0.11971312982714233,0.0910261125413755
basic,210,20,10,1.2,0.49722222222222223,0.712122905027933,0.5199468085106383,0.1354483282674772,0.10410334346504559
basic,210,20,20,0.05,0.4703253968253968,0.34143872023759303,0.493133357426816,0.036320925189736175,0.03108059269967474
basic,210,20,20,0.0638469417991665,0.4693888888888889,0.342796273438953,0.49302915082382764,0.037298569617961255,0.031142495020822017
basic,210,20,20,0.0815286395421231,0.4685793650793651,0.3341406818990193,0.49166666666666664,0.0375,0.03061594202898551
basic,210,20,20,0.10410708607622314,0.4724761904761905,0.34092588859772893,0.48796059832178035,0.037212696096315216,0.03137541043414812
basic,210,20,20,0.13293838131178873,0.4721904761904762,0.34217426381605487,0.4874041621029573,0.03815261044176707,0.03176341730558598
basic,210,20,20,0.16975418188978358,0.47719047619047616,0.3510295047067824,0.485808459989013,0.03863761215894525,0.033144112799853506
basic,210,20,20,0.21676570742564272,0.47724603174603175,0.3679843014650857,0.48558839728290804,0.04075637965852763,0.03396364971543969
basic,210,20,20,0.2767965501212033,0.4683650793650794,0.3857389771918528,0.4846026184768578,0.04351834777798266,0.03503595795685045
basic,210,20,20,0.35345226451597084,0.4805634920634921,0.4350052022262225,0.48417721518987344,0.04635145197319434,0.040766939687267315
basic,210,20,20,0.4513369232266959,0.4692936507936508,0.45316331535066207,0.4843837665980924,0.05311389564241631,0.04320179539928932
basic,210,20,20,0.5763296453813948,0.4481349206349206,0.48631895864694946,0.48333647147429865,0.061193748823197135,0.04537751835812465
basic,210,20,20,0.7359377065160035,0.4434047619047619,0.5252644579283682,0.47689641894493645,0.07162110127069696,0.04890257989988448
basic,210,20,20,0.9397474383147868,0.435515873015873,0.5188883826879271,0.4718707416780222,0.08623710336772435,0.05100253065991824
basic,210,20,20,1.2,0.41638888888888886,0.6071857428762032,0.4696485623003195,0.10962460063897764,0.05750798722044728
basic,210,50,0,0.05,0.7379126984126985,1.0,0.8028841056091612,0.025023857491252254,0.17209203689958646
basic,210,50,0,0.0638469417991665,0.7326031746031746,1.0,0.7906431442608307,0.028360875390799463,0.1809959803483698
basic,210,50,0,0.0815286395421231,0.7348968253968254,1.0,0.7735444695797119,0.03202762233599238,0.19442790808429575
basic,210,50,0,0.10410708607622314,0.7167301587301588,1.0,0.761994473750314,0.037678975131876416,0.2003265511178096
basic,210,50,0,0.13293838131178873,0.7132460317460317,1.0,0.7421536796536796,0.04234307359307359,0.21550324675324675
basic,210,50,0,0.16975418188978358,0.6875634920634921,1.0,0.727194615494773,0.05312902763855076,0.21967635686667622
basic,210,50,0,0.21676570742564272,0.6471269841269841,1.0,0.706711615078149,0.0698743487588109,0.22341403616304015
basic,210,50,0,0.2767965501212033,0.6251349206349206,1.0,0.673073593073593,0.08606060606060606,0.24086580086580087
basic,210,50,0,0.35345226451597084,0.5902619047619048,1.0,0.6494327692021573,0.10749488562395387,0.2430723451738888
basic,210,50,0,0.4513369232266959,0.557031746031746,1.0,0.6228190550872378,0.127818074887277,0.2493628700254852
basic,210,50,0,0.5763296453813948,0.5490079365079366,1.0,0.5851851851851851,0.1437908496732026,0.2710239651416122
basic,210,50,0,0.7359377065160035,0.5052857142857143,1.0,0.5549010367577757,0.17695570216776627,0.2681432610744581
basic,210,50,0,0.9397474383147868,0.45805555555555555,1.0,0.5246268656716417,0.21069651741293532,0.2646766169154229
basic,210,50,0,1.2,0.4077777777777778,1.0,0.5013528138528138,0.2481060606060606,0.25054112554112556
basic,210,50,5,0.05,0.7118492063492063,0.5150045154025398,0.6305280283981659,0.051471675787605385,0.10323916580387517
basic,210,50,5,0.0638469417991665,0.6945873015873016,0.5077184122123449,0.6252053158130506,0.054502015827982676,0.10243392563834552
basic,210,50,5,0.0815286395421231,0.6886666666666666,0.5325692619739086,0.623821636989376,0.057908125093520876,0.10743677988927129
basic,210,50,5,0.10410708607622314,0.6835,0.5483842500667666,0.6203047216774777,0.061547744757882036,0.11268667974053402
basic,210,50,5,0.13293838131178873,0.6956825396825397,0.5806196951720362,0.6167360147942672,0.06256742179072276,0.12189859762675297
basic,210,50,5,0.16975418188978358,0.6779603174603175,0.6169673273006099,0.6137640449438202,0.0686641697877653,0.1270287141073658
basic,210,50,5,0.21676570742564272,0.6851111111111111,0.6151533756545109,0.6037705703786548,0.07157692922192044,0.13260904297811152
basic,210,50,5,0.2767965501212033,0.6474841269841269,0.6173283649779979,0.600453661697991,0.08311730395333765,0.12815942968243682
basic,210,50,5,0.35345226451597084,0.6341349206349206,0.6694359269596125,0.589,0.09416666666666666,0.141
basic,210,50,5,0.4513369232266959,0.604984126984127,0.6920672193944483,0.5838594096570551,0.10510151851219929,0.14349087186486947
basic,210,50,5,0.5763296453813948,0.5969682539682539,0.729657794676806,0.5773985721748215,0.11126588890823612,0.152011144001393
basic,210,50,5,0.7359377065160035,0.5343888888888889,0.7412457487413304,0.5654138055655945,0.14040477050957717,0.14745211420310805
basic,210,50,5,0.9397474383147868,0.48444444444444446,0.7464285714285714,0.5560119492158327,0.1633681852128454,0.13872292755787902
basic,210,50,5,1.2,0.4701904761904762,0.7873826885422996,0.5402232486528099,0.16859122401847576,0.14876828329484218
basic,210,50,10,0.05,0.6178968253968254,0.44707725900712864,0.552099533437014,0.06324520476931052,0.08398133748055987
basic,210,50,10,0.0638469417991665,0.6100793650793651,0.4502770911929231,0.5496872828353023,0.06445448227936067,0.08495482974287699
basic,210,50,10,0.0815286395421231,0.6048174603174603,0.4627448922015037,0.5472619462853157,0.06696895709801186,0.08911754447157308
basic,210,50,10,0.10410708607622314,0.6112063492063492,0.4769490469017815,0.5427718250483049,0.06920779905146672,0.09432636571227823
basic,210,50,10,0.13293838131178873,0.6058809523809524,0.4828545604589932,0.5414001421464109,0.07462686567164178,0.0925728500355366
basic,210,50,10,0.16975418188978358,0.611015873015873,0.4954122720423962,0.5361456643230575,0.07589688119704345,0.09771047413016044
basic,210,50,10,0.21676570742564272,0.6034761904761905,0.5163260475025645,0.534837183918501,0.07913407313079862,0.10132799708932144
basic,210,50,10,0.2767965501212033,0.5751666666666667,0.5256612990023595,0.5309718100890207,0.0918026706231454,0.1005192878338279
basic,210,50,10,0.35345226451597084,0.5951587301587301,0.5624429923989865,0.51455938697318,0.0925287356321839,0.11551724137931034
basic,210,50,10,0.4513369232266959,0.5817301587301588,0.5676662391879723,0.5166634559815064,0.10094394143710268,0.1161625890965132
basic,210,50,10,0.5763296453813948,0.5384444444444444,0.6360474028653971,0.5165473195277724,0.119798722663054,0.11960518676214438
basic,210,50,10,0.7359377065160035,0.5324920634920635,0.6429427370554744,0.5036933519664604,0.13415851467358755,0.12537432621281694
basic,210,50,10,0.9397474383147868,0.4908888888888889,0.6510056263338291,0.4982691916106699,0.15353288535939727,0.1209529627367135
basic,210,50,10,1.2,0.45806349206349206,0.66320604338485,0.4825234441602728,0.1773231031543052,0.1199914748508099
basic,210,50,20,0.05,0.4465793650793651,0.46098562263413245,0.46526526526526524,0.08048048048048048,0.06326326326326326
basic,210,50,20,0.0638469417991665,0.44882539682539685,0.4633576177677182,0.4656,0.08,0.0636
basic,210,50,20,0.0815286395421231,0.4481984126984127,0.46207214066899227,0.46546546546546547,0.08108108108108109,0.06326326326326326
basic,210,50,20,0.10410708607622314,0.45646031746031746,0.46675592029766666,0.464551114681663,0.08114079132355895,0.06607752560755172
basic,210,50,20,0.13293838131178873,0.4581904761904762,0.495839395829003,0.46569814366424533,0.08192090395480225,0.07062146892655367
basic,210,50,20,0.16975418188978358,0.4532936507936508,0.5160010505121246,0.46700302724520687,0.08678102926337034,0.07124117053481333
basic,210,50,20,0.21676570742564272,0.44776984126984126,0.49933887520161646,0.47093023255813954,0.09021651964715317,0.06776263031275061
basic,210,50,20,0.2767965501212033,0.44177777777777777,0.49293259557344066,0.4654752233956133,0.09524776604386677,0.06600324939073923
basic,210,50,20,0.35345226451597084,0.4474365079365079,0.4977739148943718,0.4618852459016393,0.09918032786885246,0.06782786885245902
basic,210,50,20,0.4513369232266959,0.43084920634920637,0.5073700886031647,0.45973918443386463,0.10846615607534672,0.06768784930656178
basic,210,50,20,0.5763296453813948,0.43418253968253967,0.5465699087868098,0.453456608531204,0.11367934440008405,0.07585627232611893
basic,210,50,20,0.7359377065160035,0.4183730158730159,0.5724290998766954,0.4493901134175048,0.1294671517226621,0.07960624866252942
basic,210,50,20,0.9397474383147868,0.3863809523809524,0.5622545394790897,0.452769428939459,0.15156719622155432,0.0738514383855732
basic,210,50,20,1.2,0.37446031746031744,0.5719342121995676,0.45184381778741867,0.1650759219088937,0.0718004338394794
basic,420,5,0,0.05,0.7358849206349206,1.0,0.9216690193076058,0.005024284039524368,0.07330669665286982
basic,420,5,0,0.0638469417991665,0.748436507936508,1.0,0.9041901012373453,0.007395950506186726,0.08841394825646794
basic,420,5,0,0.0815286395421231,0.7563531746031746,1.0,0.885883347421809,0.010371285519214513,0.10374536705897652
basic,420,5,0,0.10410708607622314,0.7470674603174603,1.0,0.8638442191906105,0.015814343418946726,0.1203414373904428
basic,420,5,0,0.13293838131178873,0.7253690476190476,1.0,0.8394413006377437,0.024027665498967034,0.13653103386328933
basic,420,5,0,0.16975418188978358,0.7077857142857142,1.0,0.8088512241054614,0.03363674408872149,0.1575120318058171
basic,420,5,0,0.21676570742564272,0.68175,1.0,0.7754801497208075,0.04773884764067006,0.17678100263852242
basic,420,5,0,0.2767965501212033,0.6508253968253969,1.0,0.7390188248716486,0.06553051911009698,0.19545065601825443
basic,420,5,0,0.35345226451597084,0.6025595238095238,1.0,0.6997294860234445,0.089843429789327,0.21042708418722847
basic,420,5,0,0.4513369232266959,0.566297619047619,1.0,0.6555032925682032,0.11843838193791158,0.22605832549388524
basic,420,5,0,0.5763296453813948,0.49414285714285716,1.0,0.6126912303382892,0.1603102779573368,0.22699849170437406
basic,420,5,0,0.7359377065160035,0.4477777777777778,1.0,0.5664506663406285,0.19929086685413866,0.2342584668052329
basic,420,5,0,0.9397474383147868,0.3843888888888889,1.0,0.5175582990397806,0.254320987654321,0.2281207133058985
basic,420,5,0,1.2,0.3198373015873016,1.0,0.4681414550553046,0.31889702445863843,0.21296152048605702
basic,420,5,5,0.05,0.7701190476190476,0.11153707425155872,0.6943212875797146,0.004008502884907379,0.010810810810810811
basic,420,5,5,0.0638469417991665,0.7682460317460318,0.12359631814378248,0.6937904111260217,0.00439185067707698,0.012077589361961693
basic,420,5,5,0.0815286395421231,0.7668769841269841,0.1433043730239634,0.6929765476700753,0.005694691078317311,0.013777478415283815
basic,420,5,5,0.10410708607622314,0.7612936507936507,0.15665690189005765,0.6907210147158426,0.007634997844960286,0.01533156825318638
basic,420,5,5,0.13293838131178873,0.7639087301587302,0.22383834186125035,0.6840515885498585,0.010883925762818497,0.022837370242214532
basic,420,5,5,0.16975418188978358,0.7553095238095238,0.2706238375941746,0.6789143515554986,0.014786839073102036,0.02822942004864934
basic,420,5,5,0.21676570742564272,0.7366944444444444,0.38020544366458925,0.6711920529801324,0.022980132450331127,0.03940397350993378
basic,420,5,5,0.2767965501212033,0.7255396825396825,0.535791638408191,0.6546559276529603,0.032358343931044226,0.05871131835523527
basic,420,5,5,0.35345226451597084,0.6931984126984126,0.6925683798358196,0.6392337976983646,0.052468201090248336,0.07715021199273167
basic,420,5,5,0.4513369232266959,0.6575873015873016,0.8784638408805638,0.6146462556888705,0.07372776168804303,0.10186181216383947
basic,420,5,5,0.5763296453813948,0.6136190476190476,1.0322442961353406,0.5921607319042067,0.09911202798457261,0.11992106915418423
basic,420,5,5,0.7359377065160035,0.5492777777777778,1.144981144070858,0.5654609789659918,0.13318262237074896,0.13210143503046984
basic,420,5,5,0.9397474383147868,0.4922222222222222,1.2482263785875525,0.5390933333333333,0.16746666666666668,0.13898666666666668
basic,420,5,5,1.2,0.4255436507936508,1.2816285423874223,0.5112280701754386,0.21099415204678362,0.13625730994152047
basic,420,5,10,0.05,0.6324722222222222,0.10886982927915775,0.5915883531042982,0.004852873209058696,0.007548913880757973
basic,420,5,10,0.0638469417991665,0.625968253968254,0.11169363018561722,0.5929292151274744,0.005853808826927521,0.007548332434722329
basic,420,5,10,0.0815286395421231,0.6296150793650793,0.1111412238518117,0.5913413219945883,0.006494008504058756,0.007421724004638578
basic,420,5,10,0.10410708607622314,0.6328412698412699,0.12103388597657329,0.5897216607059556,0.007152853366505987,0.008085834240398071
basic,420,5,10,0.13293838131178873,0.6380753968253968,0.15519139276718805,0.5907747355320473,0.0075451151213441195,0.01050093341630367
basic,420,5,10,0.16975418188978358,0.6349325396825397,0.1900276869808691,0.5924284825870647,0.009794776119402986,0.012593283582089552
basic,420,5,10,0.21676570742564272,0.634468253968254,0.23784446418072877,0.5880632411067194,0.013438735177865613,0.016363636363636365
basic,420,5,10,0.2767965501212033,0.6314722222222222,0.31475953773934684,0.5822365765038353,0.01703673798950343,0.022204279370205894
basic,420,5,10,0.35345226451597084,0.6333571428571428,0.4420510507123792,0.576497963932519,0.02775700157899111,0.032992603673231945
basic,420,5,10,0.4513369232266959,0.6033015873015873,0.6792780467270049,0.5709713692587146,0.046795259925611975,0.049476688867745006
basic,420,5,10,0.5763296453813948,0.597281746031746,0.9396339235292164,0.5558305830583058,0.06921525485881921,0.07334066740007333
basic,420,5,10,0.7359377065160035,0.5629126984126984,1.1807633200332739,0.5312777942484436,0.1002075303883783,0.09388279474256349
basic,420,5,10,0.9397474383147868,0.5200714285714285,1.393215217689878,0.5083858562119432,0.1335327422283944,0.11323576540967846
basic,420,5,10,1.2,0.4472738095238095,1.4897926592318544,0.4860392967942089,0.1785591175456739,0.11042169366884982
basic,420,5,20,0.05,0.4427142857142857,0.1674375246495285,0.5151707848837209,0.006268168604651163,0.005268895348837209
basic,420,5,20,0.0638469417991665,0.4423293650793651,0.15820825894659404,0.5147686994456058,0.0067254385167681546,0.00490775243115514
basic,420,5,20,0.0815286395421231,0.4424047619047619,0.16374253269468814,0.5155200580867672,0.006716282446905065,0.005264113269195862
basic,420,5,20,0.10410708607622314,0.44339285714285714,0.16472009665726942,0.5165790904149302,0.007428882043848523,0.0053451712266714985
basic,420,5,20,0.13293838131178873,0.44665873015873014,0.1742212903569715,0.5154601673335758,0.007911967988359404,0.005820298290287377
basic,420,5,20,0.16975418188978358,0.4492777777777778,0.1834072320655726,0.5141186146394956,0.008955496664534405,0.006122635474732706
basic,420,5,20,0.21676570742564272,0.4520079365079365,0.23765209909925727,0.5124597701149425,0.010298850574712644,0.008091954022988505
basic,420,5,20,0.2767965501212033,0.4505436507936508,0.29977011899204664,0.5116945548673385,0.012665249144864565,0.010354072293611908
basic,420,5,20,0.35345226451597084,0.44760714285714287,0.34575387643288386,0.5114354778728152,0.015526217924879137,0.011993306061732985
basic,420,5,20,0.4513369232266959,0.4556150793650794,0.3939816226102861,0.5086748569820876,0.01969426990527994,0.01425490012191691
basic,420,5,20,0.5763296453813948,0.44749603174603175,0.5988791245821103,0.5041179850603332,0.0319862095384026,0.021834897529208964
basic,420,5,20,0.7359377065160035,0.4464484126984127,0.7450779965334873,0.4988684443569812,0.04850929843550133,0.02843648528977664
basic,420,5,20,0.9397474383147868,0.4389920634920635,1.0637643953500986,0.48794195789903944,0.06989576946658492,0.04199877375843041
basic,420,5,20,1.2,0.40684126984126984,1.4810190784596777,0.47440347071583516,0.110412147505423,0.05715835140997831
basic,420,20,0,0.05,0.7752738095238095,1.0,0.8736715743388765,0.011051089220774635,0.11527733644034883
basic,420,20,0,0.0638469417991665,0.7654047619047619,1.0,0.8570978539082497,0.015475487300649734,0.1274266587911006
basic,420,20,0,0.0815286395421231,0.7593571428571428,1.0,0.8341525003381882,0.02083239392163052,0.14501510574018128
basic,420,20,0,0.10410708607622314,0.7503055555555556,1.0,0.8128637214715855,0.02596022468498558,0.16117605384342898
basic,420,20,0,0.13293838131178873,0.733579365079365,1.0,0.7848049758763006,0.03563331976980759,0.17956170435389177
basic,420,20,0,0.16975418188978358,0.6974603174603174,1.0,0.7501486816890239,0.05233595453644353,0.19751536377453247
basic,420,20,0,0.21676570742564272,0.6439960317460317,1.0,0.722275867191562,0.07256926390848993,0.205154868899948
basic,420,20,0,0.2767965501212033,0.630297619047619,1.0,0.6829351245642378,0.08919309582518493,0.22787177961057734
basic,420,20,0,0.35345226451597084,0.5981230158730159,1.0,0.6479977332829618,0.11106913486966377,0.2409331318473744
basic,420,20,0,0.4513369232266959,0.5562896825396826,1.0,0.60966894377299,0.13914871255911718,0.2511823436678928
basic,420,20,0,0.5763296453813948,0.5033214285714286,1.0,0.5780113177041228,0.17473149324402357,0.24725718905185357
basic,420,20,0,0.7359377065160035,0.46928968253968256,1.0,0.5377895936194454,0.20559564501835675,0.25661476136219774
basic,420,20,0,0.9397474383147868,0.4233849206349206,1.0,0.5023506637168141,0.2470962389380531,0.25055309734513276
basic,420,20,0,1.2,0.3713492063492064,1.0,0.4634109464771696,0.29407317810704564,0.2425158754157847
basic,420,20,5,0.05,0.7480039682539682,0.24379698350636878,0.6710465193443493,0.017187603689694075,0.040878624991704825
basic,420,20,5,0.0638469417991665,0.7447380952380952,0.27284013768556115,0.6721991701244814,0.019876857181100254,0.0453085263016999
basic,420,20,5,0.0815286395421231,0.741515873015873,0.29844216587642214,0.6658707960979603,0.023535029674602633,0.05048093321508971
basic,420,20,5,0.10410708607622314,0.7413849206349207,0.3235579058925542,0.6569332769078855,0.027860064889265058,0.056566511496685006
basic,420,20,5,0.13293838131178873,0.7210912698412698,0.37603527501857303,0.6572278068809287,0.03383831233187031,0.06569446410873567
basic,420,20,5,0.16975418188978358,0.7150119047619048,0.4396779940393933,0.6426808287830055,0.042710748747101505,0.07831550602139277
basic,420,20,5,0.21676570742564272,0.688468253968254,0.4988356946061535,0.6288432806479516,0.05685303137532437,0.09208146575450185
basic,420,20,5,0.2767965501212033,0.686968253968254,0.587525127660066,0.6116878767582049,0.0658070997990623,0.11336235766912257
basic,420,20,5,0.35345226451597084,0.6389523809523809,0.6722235678441894,0.5943868430461209,0.08902395423668216,0.1285305684662138
basic,420,20,5,0.4513369232266959,0.6051349206349206,0.7370453919498472,0.575094696969697,0.11070075757575758,0.14327651515151515
basic,420,20,5,0.5763296453813948,0.5640396825396825,0.7870959912198003,0.5603070175438597,0.13407097288676237,0.15021929824561403
basic,420,20,5,0.7359377065160035,0.5346111111111111,0.8458436632472796,0.5370488322717623,0.1567940552016985,0.1646496815286624
basic,420,20,5,0.9397474383147868,0.4926230158730159,0.8831288615364786,0.5200678349349915,0.18304126625211983,0.16540418315432448
basic,420,20,5,1.2,0.4155238095238095,0.9026902360760943,0.505443234836703,0.2208398133748056,0.15205168082306497
basic,420,20,10,0.05,0.629234126984127,0.19389595565281553,0.5804447351209941,0.020846958796599084,0.02787769784172662
basic,420,20,10,0.0638469417991665,0.6370317460317461,0.19885754865073632,0.5795510404718991,0.020891364902506964,0.02924791086350975
basic,420,20,10,0.0815286395421231,0.6380555555555556,0.21714969836432613,0.5770027338248696,0.02361030569132632,0.03156325076629939
basic,420,20,10,0.10410708607622314,0.6276150793650793,0.24543971572910805,0.5764471389419483,0.02574536998588157,0.036707914625031146
basic,420,20,10,0.13293838131178873,0.627281746031746,0.27294638620907796,0.5745879582912883,0.030524722502522705,0.040951900437268755
basic,420,20,10,0.16975418188978358,0.6346230158730158,0.30159449742066596,0.571159767362299,0.03583646938077318,0.046527540198426275
basic,420,20,10,0.21676570742564272,0.6203055555555556,0.3460947945520961,0.5685323167561948,0.04349332871252816,0.05328365967769884
basic,420,20,10,0.2767965501212033,0.6038412698412698,0.4207980652962515,0.5602230817666637,0.059008725375550956,0.06539534046955114
basic,420,20,10,0.35345226451597084,0.5923611111111111,0.5145369284876905,0.5538791096209369,0.07162149576231722,0.07860668715656143
basic,420,20,10,0.4513369232266959,0.5736230158730159,0.5928794283065727,0.5371489859594384,0.09194617784711388,0.09555382215288612
basic,420,20,10,0.5763296453813948,0.560047619047619,0.705180256780886,0.5212158937649134,0.11256354393609296,0.11681709720925407
basic,420,20,10,0.7359377065160035,0.5154126984126984,0.7480598072125897,0.5054980947196516,0.1431682090364725,0.11899836690255852
basic,420,20,10,0.9397474383147868,0.47226587301587303,0.8457201435161456,0.4911249423697556,0.17634854771784234,0.13047487321346243
basic,420,20,10,1.2,0.4368452380952381,0.8994004632783759,0.4678448699067256,0.20716740304369172,0.13745704467353953
basic,420,20,20,0.05,0.4712698412698413,0.23494442573256988,0.5058678780995647,0.01855006625023661,0.02195722127579027
basic,420,20,20,0.0638469417991665,0.468265873015873,0.2474513359829835,0.5047093521073162,0.019408238987727144,0.023308914470554658
basic,420,20,20,0.0815286395421231,0.467765873015873,0.2600846645231894,0.5026819923371647,0.02136015325670498,0.02432950191570881
basic,420,20,20,0.10410708607622314,0.46067857142857144,0.27459492983952244,0.503063373540111,0.022975301550832855,0.02546429255217308
basic,420,20,20,0.13293838131178873,0.4574642857142857,0.27747850903444626,0.5017797017797018,0.025204425204425205,0.025685425685425686
basic,420,20,20,0.16975418188978358,0.4539484126984127,0.2948205778224573,0.5004841208365608,0.02701394268009295,0.02769171185127808
basic,420,20,20,0.21676570742564272,0.46482936507936506,0.3224088033669976,0.49936665692292703,0.0317645912501218,0.030985092078339667
basic,420,20,20,0.2767965501212033,0.462468253968254,0.35952703746288894,0.4968937974558722,0.03668277290208066,0.03471058081057095
basic,420,20,20,0.35345226451597084,0.45734920634920634,0.4059625863325582,0.49384076114171255,0.045468202303455184,0.03945918878317476
basic,420,20,20,0.4513369232266959,0.4613888888888889,0.4671024339898512,0.48930971288943187,0.05630217878232539,0.04601914070454083
basic,420,20,20,0.5763296453813948,0.44492063492063494,0.5030859793078845,0.4873280231716148,0.07737664218475225,0.04913623668149374
basic,420,20,20,0.7359377065160035,0.43197619047619046,0.6180896213415642,0.47993562231759657,0.0990343347639485,0.05987124463519313
basic,420,20,20,0.9397474383147868,0.422015873015873,0.7206905630571332,0.467826474852236,0.12635218021634884,0.07382625181220029
basic,420,20,20,1.2,0.3907103174603175,0.8591190241623416,0.4589456496384418,0.15710286913925822,0.08327501749475158
basic,420,50,0,0.05,0.7751587301587302,1.0,0.814757610482786,0.021922176274226497,0.1633202132429874
basic,420,50,0,0.0638469417991665,0.7705039682539683,1.0,0.790713211959245,0.027225655587105393,0.18206113245364958
basic,420,50,0,0.0815286395421231,0.7473253968253968,1.0,0.7712271318300614,0.035616604874490976,0.19315626329544763
basic,420,50,0,0.10410708607622314,0.7399761904761905,1.0,0.7485364555614689,0.042642362959020755,0.20882118147951037
basic,420,50,0,0.13293838131178873,0.7055714285714285,1.0,0.7257958767392729,0.05631237706709405,0.217891746193633
basic,420,50,0,0.16975418188978358,0.692765873015873,1.0,0.692289078883691,0.06783352153573156,0.23987739958057752
basic,420,50,0,0.21676570742564272,0.6571666666666667,1.0,0.6647209693110463,0.08676041390289202,0.24851861678606174
basic,420,50,0,0.2767965501212033,0.622547619047619,1.0,0.6275071633237822,0.10987056614958997,0.2626222705266278
basic,420,50,0,0.35345226451597084,0.57925,1.0,0.5969360233034847,0.13539756176502318,0.26766641493149207
basic,420,50,0,0.4513369232266959,0.5466587301587301,1.0,0.5628010809540595,0.16284807895664435,0.2743508400892962
basic,420,50,0,0.5763296453813948,0.4963095238095238,1.0,0.5349593495934959,0.19599749843652284,0.26904315196998124
basic,420,50,0,0.7359377065160035,0.4790277777777778,1.0,0.502835538752363,0.21860653524169593,0.27855792600594115
basic,420,50,0,0.9397474383147868,0.42404761904761906,1.0,0.47909407665505227,0.2590011614401858,0.2619047619047619
basic,420,50,0,1.2,0.3788690476190476,1.0,0.453816499614495,0.29498843484965304,0.25119506553585197
basic,420,50,5,0.05,0.7186746031746032,0.40961646770399657,0.6372774708410067,0.043354818907305095,0.08525168815224064
basic,420,50,5,0.0638469417991665,0.7103015873015873,0.43049062548883776,0.6388462718625345,0.045259281988339985,0.08883092973304695
basic,420,50,5,0.0815286395421231,0.7151984126984127,0.4621794373855629,0.6292250455157128,0.049315285363729915,0.09863057072745983
basic,420,50,5,0.10410708607622314,0.7038809523809524,0.494552875779409,0.6192254607453114,0.055208248761873836,0.1083867824957376
basic,420,50,5,0.13293838131178873,0.6943809523809524,0.536402756823481,0.616340735830295,0.06330792177659927,0.116340735830295
basic,420,50,5,0.16975418188978358,0.6747619047619048,0.5918419195483416,0.6084114560935753,0.07482583641524039,0.1290100627848972
basic,420,50,5,0.21676570742564272,0.6692023809523809,0.6387199876659609,0.5888999367260237,0.08279851758112627,0.14697640784597307
basic,420,50,5,0.2767965501212033,0.6432023809523809,0.6734833762115408,0.5718229414564493,0.09814374107567825,0.15735364112327463
basic,420,50,5,0.35345226451597084,0.6127698412698412,0.7048297478273258,0.5600794438927508,0.11678252234359483,0.16385302879841113
basic,420,50,5,0.4513369232266959,0.5797936507936507,0.7443377501574178,0.5447690857681433,0.13404544978531782,0.17289768562153104
basic,420,50,5,0.5763296453813948,0.5382817460317461,0.7765693306892154,0.5341736390307509,0.15723133760730196,0.17266108877539932
basic,420,50,5,0.7359377065160035,0.5146468253968254,0.7882636420414678,0.5094684006388318,0.17624914442162903,0.18240930869267624
basic,420,50,5,0.9397474383147868,0.46178174603174604,0.8435296341809245,0.5050791400897708,0.20269312544294826,0.1780061422159225
basic,420,50,5,1.2,0.40991666666666665,0.8461243574477972,0.49661121380160195,0.2308071472581639,0.16648182378311768
basic,420,50,10,0.05,0.6212420634920635,0.35314047000057486,0.5575405822073093,0.04860796227441734,0.06910311054683957
basic,420,50,10,0.0638469417991665,0.6213055555555556,0.3638804616494964,0.5551310043668122,0.049763464337700146,0.07259825327510917
basic,420,50,10,0.0815286395421231,0.6293174603174603,0.3916488006658763,0.5504892006645745,0.051873730847332475,0.07947203249030829
basic,420,50,10,0.10410708607622314,0.6159484126984127,0.3992372067852518,0.5487212992346463,0.059828262086988986,0.0794287847675938
basic,420,50,10,0.13293838131178873,0.6109404761904762,0.42148132270698957,0.5441079347108218,0.06594961788848004,0.08491367110104726
basic,420,50,10,0.16975418188978358,0.615281746031746,0.4538687270639983,0.5385506127569236,0.07324133938048828,0.09398822734729326
basic,420,50,10,0.21676570742564272,0.5906746031746032,0.4893033254954652,0.5359375,0.08349609375,0.09931640625
basic,420,50,10,0.2767965501212033,0.5765515873015873,0.5524141206268798,0.5289811472121941,0.09917769755314881,0.11211391897312475
basic,420,50,10,0.35345226451597084,0.5628095238095238,0.5932058549792707,0.5132575757575758,0.11205808080808081,0.12394781144781145
basic,420,50,10,0.4513369232266959,0.5354087301587301,0.634735367580027,0.5063894303660386,0.1322287199480182,0.13006281134936107
basic,420,50,10,0.5763296453813948,0.509015873015873,0.6818105276287888,0.49374083681064623,0.15777602345776476,0.13995714446825308
basic,420,50,10,0.7359377065160035,0.5033333333333333,0.725023651844844,0.4762758455838413,0.17497310864109,0.14915740408748657
basic,420,50,10,0.9397474383147868,0.4608452380952381,0.7690113921107695,0.46809815950920247,0.1954601226993865,0.15104294478527608
basic,420,50,10,1.2,0.42001984126984127,0.7707232273607634,0.4575579913331634,0.22852408870762173,0.14542442008666837
basic,420,50,20,0.05,0.4766984126984127,0.3711174746936601,0.4872004915011264,0.04945730083964776,0.05304116321933238
basic,420,50,20,0.0638469417991665,0.47375396825396826,0.3728494128289749,0.48695830766071063,0.051139864448552064,0.053809817210926265
basic,420,50,20,0.0815286395421231,0.4716626984126984,0.37940248529770565,0.48624987125347613,0.05386754557626944,0.05510351220517046
basic,420,50,20,0.10410708607622314,0.4704325396825397,0.386393811841517,0.48681499793984345,0.055315203955500616,0.056551297898640294
basic,420,50,20,0.13293838131178873,0.4683968253968254,0.40796367210003726,0.4861125451729479,0.05771812080536913,0.05906040268456376
basic,420,50,20,0.16975418188978358,0.4549087301587302,0.4098502228774305,0.48753894080996885,0.06905503634475597,0.05867082035306334
basic,420,50,20,0.21676570742564272,0.45561904761904765,0.4415360228539576,0.4838709677419355,0.0749185667752443,0.06294000210150258
basic,420,50,20,0.2767965501212033,0.4592777777777778,0.47831135841296724,0.47569030860855444,0.08197076340010828,0.06962642122360585
basic,420,50,20,0.35345226451597084,0.45159920634920636,0.5191181251812342,0.4737815491731941,0.09160139251523064,0.07647954743255005
basic,420,50,20,0.4513369232266959,0.4385674603174603,0.5336566563215375,0.4687187465273919,0.10612290254472719,0.07789754417157461
basic,420,50,20,0.5763296453813948,0.4258452380952381,0.595443236141008,0.4625641025641026,0.11931623931623932,0.08467236467236468
basic,420,50,20,0.7359377065160035,0.41199206349206347,0.6323611565949413,0.45569324292728547,0.15314472761281273,0.09293897591769933
basic,420,50,20,0.9397474383147868,0.39608333333333334,0.652542254015008,0.44827170902083585,0.16704805491990846,0.09442370227628567
basic,420,50,20,1.2,0.3631706349206349,0.6784230596925228,0.4431663574520717,0.1971552257266543,0.09387755102040816
basic,1680,5,0,0.05,0.718390873015873,1.0,0.8278856951711944,0.03221991255107161,0.13989439227773398
basic,1680,5,0,0.0638469417991665,0.6894533730158731,1.0,0.7955241793152136,0.04593010942463819,0.15854571126014824
basic,1680,5,0,0.0815286395421231,0.6504126984126984,1.0,0.7598635174081558,0.06476297744062014,0.17537350515122405
basic,1680,5,0,0.10410708607622314,0.620563492063492,1.0,0.718301956155796,0.08608246425323607,0.195615579590968
basic,1680,5,0,0.13293838131178873,0.576108134920635,1.0,0.6762900913814729,0.11380129009138147,0.20990861852714568
basic,1680,5,0,0.16975418188978358,0.5355555555555556,1.0,0.6302870187498397,0.14492010157231897,0.22479287967784134
basic,1680,5,0,0.21676570742564272,0.5162787698412699,1.0,0.5810842252210331,0.17374360167519776,0.2451721731037692
basic,1680,5,0,0.2767965501212033,0.45925297619047617,1.0,0.5360307531925984,0.21967031535053427,0.24429893145686735
basic,1680,5,0,0.35345226451597084,0.413327380952381,1.0,0.4879412409559307,0.2657677409924724,0.24629101805159687
basic,1680,5,0,0.4513369232266959,0.3872847222222222,1.0,0.43932498288291916,0.30653671110395103,0.2541383060131298
basic,1680,5,0,0.5763296453813948,0.311640873015873,1.0,0.3871486661602395,0.38518253720005363,0.22766879663970688
basic,1680,5,0,0.7359377065160035,0.2321527777777778,1.0,0.33554900294867307,0.47563596381628265,0.18881503323504423
basic,1680,5,0,0.9397474383147868,0.16372420634920634,1.0,0.2861974212640034,0.5719192559712535,0.1418833227647432
basic,1680,5,0,1.2,0.16936309523809523,1.0,0.23908321902149063,0.5999085505258345,0.1610082304526749
basic,1680,5,5,0.05,0.7785059523809523,0.18118751067240618,0.704462314970596,0.007455199345547718,0.018074613734236807
basic,1680,5,5,0.0638469417991665,0.7714196428571428,0.30270669285009727,0.6962999871415713,0.01281020959238781,0.031117397454031116
basic,1680,5,5,0.0815286395421231,0.7556160714285715,0.478580365805785,0.6824160016440045,0.021731684762133097,0.051015515292667055
basic,1680,5,5,0.10410708607622314,0.7348035714285714,0.6566623733262048,0.6594345455567422,0.034511831825080094,0.07498173233657467
basic,1680,5,5,0.13293838131178873,0.7026001984126984,0.830737862898728,0.6316370299421147,0.0536167909049265,0.09938366718027734
basic,1680,5,5,0.16975418188978358,0.6578948412698413,0.9891519064838243,0.6012709416522242,0.07865973425765453,0.12406701328711728
basic,1680,5,5,0.21676570742564272,0.6245853174603174,1.1135420008831256,0.5602061533656099,0.10770992763808632,0.1496433963246395
basic,1680,5,5,0.2767965501212033,0.5708005952380952,1.227946684464003,0.5283094670990329,0.141762562056992,0.16592533073148333
basic,1680,5,5,0.35345226451597084,0.5114781746031746,1.3154915918304013,0.49137052604763726,0.1865049038339065,0.17567825754680932
basic,1680,5,5,0.4513369232266959,0.4692609126984127,1.3925182076678329,0.4546087925869156,0.22632899045495716,0.18710374137810912
basic,1680,5,5,0.5763296453813948,0.3869623015873016,1.4497228617282558,0.4149083628523025,0.29593408285846295,0.1780378869551825
basic,1680,5,5,0.7359377065160035,0.3160644841269841,1.4591029934744328,0.3619655722852582,0.37145692221407306,0.1638552137710859
basic,1680,5,5,0.9397474383147868,0.21677876984126984,1.4076691089317341,0.3127517414585604,0.478747097569066,0.1207411268540018
basic,1680,5,5,1.2,0.20641567460317461,1.5069472814045475,0.2769664618793433,0.5142008258636318,0.13103031523819117
basic,1680,5,10,0.05,0.6704265873015873,0.09346394590035366,0.6307860138807907,0.003874583858408411,0.006488987529858747
basic,1680,5,10,0.0638469417991665,0.6728462301587301,0.15028552303130654,0.6287044072948328,0.005452127659574468,0.010562310030395136
basic,1680,5,10,0.0815286395421231,0.6676914682539683,0.2291789555638431,0.6259813731527094,0.009505849753694581,0.016279248768472906
basic,1680,5,10,0.10410708607622314,0.6595089285714286,0.38286513684875567,0.615247623811906,0.016368184092046024,0.02783391695847924
basic,1680,5,10,0.13293838131178873,0.6505684523809524,0.6175734591085635,0.6005496828752642,0.029682875264270613,0.04634249471458774
basic,1680,5,10,0.16975418188978358,0.6339236111111111,0.9116644105196441,0.5777128776124851,0.046317422652185816,0.0729442365611025
basic,1680,5,10,0.21676570742564272,0.6051706349206349,1.1617050156390367,0.5503109312954222,0.0722009939811693,0.09697560000998975
basic,1680,5,10,0.2767965501212033,0.5632996031746031,1.3984459480879035,0.520634833466048,0.10409401685933167,0.11878415112990472
basic,1680,5,10,0.35345226451597084,0.5182321428571428,1.5686284644452866,0.4883025930509856,0.14163673136716273,0.1358106680351375
basic,1680,5,10,0.4513369232266959,0.473609126984127,1.742684301149146,0.45441293400477073,0.18678770209382453,0.1495163000265041
basic,1680,5,10,0.5763296453813948,0.41711607142857143,1.8672289173819665,0.4160035044170256,0.24326494852887492,0.1560195663283931
basic,1680,5,10,0.7359377065160035,0.3283809523809524,1.888612964037123,0.36530765382691344,0.330040020010005,0.14198766049691514
basic,1680,5,10,0.9397474383147868,0.23825099206349207,1.8333881585795957,0.3180743008209267,0.4295255322109364,0.11247159222670562
basic,1680,5,10,1.2,0.2187063492063492,1.9806673440505136,0.2738476953907816,0.482064128256513,0.12039078156312626
basic,1680,5,20,0.05,0.49054464285714283,0.08211839367078623,0.5560493827160494,0.0022222222222222222,0.0029405162738496073
basic,1680,5,20,0.0638469417991665,0.49068055555555556,0.0961472363861336,0.5551080108010801,0.0027677767776777677,0.0034203420342034203
basic,1680,5,20,0.0815286395421231,0.493171626984127,0.11502322390905964,0.5544985234112582,0.003809824387384747,0.004147974480939606
basic,1680,5,20,0.10410708607622314,0.49123809523809525,0.1623691353237689,0.5515996457846098,0.0050861697055016915,0.005949002066256443
basic,1680,5,20,0.13293838131178873,0.4935079365079365,0.2579926666881091,0.5499794511164894,0.008356545961002786,0.00954381478606329
basic,1680,5,20,0.16975418188978358,0.4874920634920635,0.4824966625423287,0.5478718493213923,0.014657003046810082,0.01774997691810544
basic,1680,5,20,0.21676570742564272,0.4892232142857143,0.7862926529544528,0.5350218886804252,0.026073988550536394,0.02999470823110598
basic,1680,5,20,0.2767965501212033,0.4821676587301587,1.2092382079111157,0.5205614318531795,0.04571731502284603,0.048847600535177844
basic,1680,5,20,0.35345226451597084,0.464985119047619,1.691095678518471,0.5000813757934139,0.07285846036998861,0.07082406553463896
basic,1680,5,20,0.4513369232266959,0.4433878968253968,2.1086511461398185,0.47495535583594367,0.10260839017535642,0.09063497174975849
basic,1680,5,20,0.5763296453813948,0.4044652777777778,2.4434818653866435,0.44784964979558206,0.144899058726587,0.10430070040883593
basic,1680,5,20,0.7359377065160035,0.36136904761904765,2.6245264371602697,0.41000982731994945,0.202126912817633,0.11094342271514811
basic,1680,5,20,0.9397474383147868,0.27991170634920637,2.6126613054711836,0.36410892078851614,0.2939341836938702,0.09716502059258667
basic,1680,5,20,1.2,0.2411875,2.8514048791322697,0.3133208255159475,0.3718395425712499,0.10350218886804252
basic,1680,20,0,0.05,0.703595238095238,1.0,0.7890881243768874,0.0450663930991634,0.1658454825239492
basic,1680,20,0,0.0638469417991665,0.6775803571428571,1.0,0.7551887344672453,0.05938822270165404,0.18542304283110064
basic,1680,20,0,0.0815286395421231,0.6456160714285715,1.0,0.7172833326916414,0.07942863743117853,0.20328802987718014
basic,1680,20,0,0.10410708607622314,0.6066626984126984,1.0,0.6796280457047613,0.1033401320262298,0.21703182226900894
basic,1680,20,0,0.13293838131178873,0.5792222222222222,1.0,0.6387067938021455,0.12686233611442194,0.23443087008343266
basic,1680,20,0,0.16975418188978358,0.5472876984126984,1.0,0.599364201796821,0.15339322736696615,0.24724257083621284
basic,1680,20,0,0.21676570742564272,0.5181517857142857,1.0,0.5619689244962369,0.18044428259286235,0.2575867929109007
basic,1680,20,0,0.2767965501212033,0.4898690476190476,1.0,0.5253112578430407,0.20952005518872574,0.26516868696823365
basic,1680,20,0,0.35345226451597084,0.47398511904761903,1.0,0.4886703719538264,0.23336183554225454,0.27796779250391906
basic,1680,20,0,0.4513369232266959,0.44961111111111113,1.0,0.45802718239616247,0.26165911600106595,0.2803137016027715
basic,1680,20,0,0.5763296453813948,0.41936805555555556,1.0,0.426459868794039,0.29452498582651654,0.2790151453794444
basic,1680,20,0,0.7359377065160035,0.36454166666666665,1.0,0.395659798334064,0.34353353792196406,0.26080666374397193
basic,1680,20,0,0.9397474383147868,0.29265376984126984,1.0,0.3515424475761538,0.41561334689331203,0.23284420553053417
basic,1680,20,0,1.2,0.2240575396825397,1.0,0.2946535733769776,0.5055646481178396,0.19978177850518275
basic,1680,20,5,0.05,0.7628234126984127,0.2851591050374158,0.6823678531054092,0.02105100887259772,0.048405330410057894
basic,1680,20,5,0.0638469417991665,0.7473105158730159,0.3789116793156411,0.6671456635622818,0.03006766589057043,0.06804787543655413
basic,1680,20,5,0.0815286395421231,0.7257837301587302,0.4742632485408494,0.6490293629889767,0.042239781484733195,0.08890839918056775
basic,1680,20,5,0.10410708607622314,0.690468253968254,0.5646454987988367,0.6259230098099717,0.06134956270082778,0.10946311152724873
basic,1680,20,5,0.13293838131178873,0.660985119047619,0.638400100259203,0.5950370457485593,0.08194754792426202,0.13105962601434787
basic,1680,20,5,0.16975418188978358,0.6248511904761904,0.7177542271969517,0.567312891017224,0.10573878118483046,0.15190134136608224
basic,1680,20,5,0.21676570742564272,0.5850694444444444,0.7880500211954218,0.5399568639533907,0.1345900675051119,0.1692389568919638
basic,1680,20,5,0.2767965501212033,0.5438680555555555,0.8467852263420275,0.5144026728471239,0.1638322848628962,0.18342714384613068
basic,1680,20,5,0.35345226451597084,0.5233978174603174,0.9010728129116635,0.48399313760398793,0.1890395882562393,0.2013401094098987
basic,1680,20,5,0.4513369232266959,0.4816944444444444,0.9490307858337383,0.4659180120831484,0.2216267877257057,0.20630098644912448
basic,1680,20,5,0.5763296453813948,0.4446230158730159,0.978889620241867,0.4453286070821427,0.2510218106847036,0.20848554996925525
basic,1680,20,5,0.7359377065160035,0.3971736111111111,1.0088178873038907,0.4168035672377376,0.29241961980755693,0.20671986231713996
basic,1680,20,5,0.9397474383147868,0.32601686507936506,1.030882464815519,0.37603449777855213,0.3596567645265267,0.19278682812091646
basic,1680,20,5,1.2,0.2482549603174603,1.0239079527335648,0.32341641217614026,0.4449315338390306,0.1638262240173382
basic,1680,20,10,0.05,0.6689017857142857,0.1643685678817892,0.6196142555999922,0.014480190705096633,0.02364112768179042
basic,1680,20,10,0.0638469417991665,0.6618829365079365,0.21765780646244332,0.6139792526941283,0.018894148454023568,0.03160439117735925
basic,1680,20,10,0.0815286395421231,0.6524831349206349,0.3024115748293683,0.6048742762786614,0.027882866877077108,0.04479234161737349
basic,1680,20,10,0.10410708607622314,0.6419583333333333,0.39363600960602324,0.5894558496710454,0.04000264043831276,0.06108213963517944
basic,1680,20,10,0.13293838131178873,0.6252242063492064,0.5047427430794668,0.5707179727827311,0.056006569685593616,0.08101830126701079
basic,1680,20,10,0.16975418188978358,0.5881398809523809,0.6208511499633125,0.549984783931832,0.08171028606208156,0.10057821059038345
basic,1680,20,10,0.21676570742564272,0.5723105158730158,0.7296602986016374,0.5241922211860223,0.10370837676230182,0.12458171046135279
basic,1680,20,10,0.2767965501212033,0.5427073412698412,0.8079696699929989,0.4984510075826867,0.13403947717817838,0.1417696869560086
basic,1680,20,10,0.35345226451597084,0.521015873015873,0.9082045530709237,0.473729216152019,0.15993665874901028,0.16278701504354712
basic,1680,20,10,0.4513369232266959,0.4910456349206349,0.9694297074189756,0.45295302013422817,0.192248322147651,0.17439597315436242
basic,1680,20,10,0.5763296453813948,0.4507549603174603,1.0316917605164175,0.4352193667471248,0.22660797955416725,0.1798594348999006
basic,1680,20,10,0.7359377065160035,0.4099662698412698,1.077934208679576,0.4107496571689776,0.26607496571689776,0.18307176596068872
basic,1680,20,10,0.9397474383147868,0.3348998015873016,1.1046436537817816,0.37291930713983945,0.335234474017744,0.17051119560625264
basic,1680,20,10,1.2,0.25936607142857143,1.1102791834486558,0.3224474113917971,0.4209009701277495,0.14969743540486025
basic,1680,20,20,0.05,0.49511805555555555,0.12256175875963525,0.5504005111937744,0.008352541135124033,0.011319290718638034
basic,1680,20,20,0.0638469417991665,0.49747619047619046,0.14008407517309596,0.5490825688073394,0.011055045871559633,0.013096330275229358
basic,1680,20,20,0.0815286395421231,0.4968958333333333,0.1696404862729126,0.5467532767747751,0.014008645599759588,0.016181603828105136
basic,1680,20,20,0.10410708607622314,0.4917172619047619,0.22653439617795587,0.5418832772694127,0.01987720825198184,0.021218037684364047
basic,1680,20,20,0.13293838131178873,0.4915833333333333,0.31810879971585176,0.5369406118776244,0.02778644271145771,0.03035392921415717
basic,1680,20,20,0.16975418188978358,0.49290873015873016,0.45086665646912966,0.5275179411036872,0.03783716901756991,0.045087849542192526
basic,1680,20,20,0.21676570742564272,0.4864672619047619,0.6006089416121658,0.514882804397428,0.056238332296204105,0.061553619580999794
basic,1680,20,20,0.2767965501212033,0.4759325396825397,0.7392921165631383,0.4968582795993963,0.07718479901221018,0.07877623816710111
basic,1680,20,20,0.35345226451597084,0.4517093253968254,0.8786641570928769,0.48198757763975153,0.10348114979055323,0.09443882709807887
basic,1680,20,20,0.4513369232266959,0.43344444444444447,1.0015517999047863,0.4630446773303916,0.13237727523441808,0.10902739474168045
basic,1680,20,20,0.5763296453813948,0.4191121031746032,1.1211106245487792,0.44440478894260405,0.16294085201648226,0.1257259660621005
basic,1680,20,20,0.7359377065160035,0.3908065476190476,1.2209893560580098,0.42648329244272437,0.20166557241093333,0.134800787864128
basic,1680,20,20,0.9397474383147868,0.3440803571428571,1.264372190650832,0.39945234254848266,0.25075959338309767,0.13372594620953523
basic,1680,20,20,1.2,0.27331845238095237,1.305145097185169,0.34992641329755,0.3418751623236084,0.126179551553978
basic,1680,50,0,0.05,0.7038948412698413,1.0,0.7497072251735434,0.05524533681834383,0.19504743800811283
basic,1680,50,0,0.0638469417991665,0.6664920634920635,1.0,0.7158718531940321,0.07403909171517792,0.21008905509078993
basic,1680,50,0,0.0815286395421231,0.6269206349206349,1.0,0.67937589514344,0.09676229330324204,0.223861811553318
basic,1680,50,0,0.10410708607622314,0.6069781746031746,1.0,0.6401299557857195,0.1155433959498742,0.24432664826440628
basic,1680,50,0,0.13293838131178873,0.5738571428571428,1.0,0.6037756408510174,0.14211773679479148,0.25410662235419107
basic,1680,50,0,0.16975418188978358,0.5425357142857142,1.0,0.5656132833422604,0.1682140094030828,0.2661727072546569
basic,1680,50,0,0.21676570742564272,0.5195982142857143,1.0,0.5308713773383735,0.1928532196051824,0.27627540305644405
basic,1680,50,0,0.2767965501212033,0.5009246031746032,1.0,0.49879326989380773,0.2155564749689698,0.2856502551372225
basic,1680,50,0,0.35345226451597084,0.4777420634920635,1.0,0.4709639527200646,0.23981352323617944,0.289222524043756
basic,1680,50,0,0.4513369232266959,0.44964583333333336,1.0,0.4478586889301175,0.2660791589363018,0.2860621521335807
basic,1680,50,0,0.5763296453813948,0.42771329365079364,1.0,0.42980206747335525,0.2870822982610786,0.28311563426556613
basic,1680,50,0,0.7359377065160035,0.40913392857142855,1.0,0.40893239779841184,0.30855846393008696,0.2825091382715012
basic,1680,50,0,0.9397474383147868,0.35664285714285715,1.0,0.3843613317861287,0.35218245112916186,0.26345621708470945
basic,1680,50,0,1.2,0.2922827380952381,1.0,0.3459218205895336,0.4189513953602433,0.23512678405022316
basic,1680,50,5,0.05,0.7383849206349207,0.39290802534489155,0.657677019342323,0.036839802963160195,0.08153445291846555
basic,1680,50,5,0.0638469417991665,0.7249394841269842,0.4599597120175603,0.6395530726256983,0.0473336719146775,0.10035551041137633
basic,1680,50,5,0.0815286395421231,0.6890376984126985,0.5249385933338133,0.6194292202546018,0.06557198069742559,0.11782431163613337
basic,1680,50,5,0.10410708607622314,0.6682281746031746,0.6064065715125584,0.593439032519164,0.08186925677284197,0.14290815597771747
basic,1680,50,5,0.13293838131178873,0.6278263888888889,0.658561837025894,0.5677768569356677,0.1068838702993888,0.15847404951828448
basic,1680,50,5,0.16975418188978358,0.5991696428571428,0.7097383448986113,0.5399736036617899,0.1314762292550055,0.176293841790458
basic,1680,50,5,0.21676570742564272,0.566343253968254,0.762553032718253,0.5169697151244645,0.15525866458976126,0.19126501512746008
basic,1680,50,5,0.2767965501212033,0.5351269841269841,0.8057635407706226,0.49353132368873875,0.1811548021158626,0.20467146772034925
basic,1680,50,5,0.35345226451597084,0.5038621031746032,0.838597499867098,0.47510477787091365,0.20600167644593462,0.2114333612740989
basic,1680,50,5,0.4513369232266959,0.480844246031746,0.8636987276429726,0.45631170291255313,0.22935038470997435,0.2183185187787654
basic,1680,50,5,0.5763296453813948,0.4505267857142857,0.892513613913166,0.4422380691168404,0.2520387639422198,0.21996708721886998
basic,1680,50,5,0.7359377065160035,0.4259484126984127,0.9118510047606182,0.4267803218531402,0.27605978364741407,0.2201368449218302
basic,1680,50,5,0.9397474383147868,0.3765575396825397,0.9284809126116395,0.4090062363327124,0.3132744796306795,0.20952458086984693
basic,1680,50,5,1.2,0.3028839285714286,0.9429590543289214,0.37618941255304894,0.37507259325441145,0.18972526245253518
basic,1680,50,10,0.05,0.6530347222222223,0.2504989677315464,0.6021453258029167,0.029587793981286352,0.046868414397707156
basic,1680,50,10,0.0638469417991665,0.6516755952380953,0.3114736279645419,0.5918180030158001,0.03579623680587425,0.05992263816954042
basic,1680,50,10,0.0815286395421231,0.6391438492063493,0.3832209816889844,0.5805185320430892,0.0469234982654738,0.07590834398393281
basic,1680,50,10,0.10410708607622314,0.6236825396825397,0.44999618242899314,0.5629540243755279,0.06284542053819235,0.09262700615421744
basic,1680,50,10,0.13293838131178873,0.6007361111111111,0.5281417308791132,0.5451494735763507,0.08207597919922126,0.11097164228808566
basic,1680,50,10,0.16975418188978358,0.5783849206349206,0.6056088039354249,0.5209106656768127,0.10467706013363029,0.1326954274244549
basic,1680,50,10,0.21676570742564272,0.5522152777777778,0.669970339523528,0.49967696464231176,0.13226829554798544,0.14806766122401033
basic,1680,50,10,0.2767965501212033,0.5255168650793651,0.7298415581032278,0.4786034633113243,0.15528840164444999,0.16354179643702504
basic,1680,50,10,0.35345226451597084,0.4992827380952381,0.7774700612187722,0.45911784068466094,0.18331138907175773,0.17577353522053982
basic,1680,50,10,0.4513369232266959,0.47768948412698414,0.830528066856209,0.44101620796168395,0.21216117724638184,0.18755422899385693
basic,1680,50,10,0.5763296453813948,0.4528323412698413,0.8639326987326241,0.43021918792669783,0.2344592166726554,0.1913402802730866
basic,1680,50,10,0.7359377065160035,0.42935119047619047,0.8935381458734802,0.4151539068666141,0.25944300372082535,0.19660239786522343
basic,1680,50,10,0.9397474383147868,0.38550694444444444,0.9181386084597944,0.3984745494783433,0.29607967119822953,0.1915902624091053
basic,1680,50,10,1.2,0.31776190476190475,0.9339764723512662,0.36705316123386567,0.3539269306497484,0.17729162108947713
basic,1680,50,20,0.05,0.49359821428571427,0.18736842951520158,0.5414522449364997,0.021174637646947735,0.025211274255228743
basic,1680,50,20,0.0638469417991665,0.4950545634920635,0.20123202709337396,0.5373084371339087,0.024888230090611328,0.027613742319554355
basic,1680,50,20,0.0815286395421231,0.49683234126984127,0.2557088858582248,0.5329722377401569,0.029341041024021762,0.035607587865244955
basic,1680,50,20,0.10410708607622314,0.48233234126984126,0.30809496679288595,0.5294045093492525,0.038556416202082,0.0429226898218955
basic,1680,50,20,0.13293838131178873,0.4869265873015873,0.3799198079955666,0.5202792214409457,0.04944970956893916,0.05462142056455722
basic,1680,50,20,0.16975418188978358,0.4833373015873016,0.4788897463896027,0.5098769344530714,0.06533565731791052,0.07154175249564253
basic,1680,50,20,0.21676570742564272,0.47816369047619045,0.5582177186616292,0.494132660138153,0.08358531916664355,0.08633173357006131
basic,1680,50,20,0.2767965501212033,0.46566765873015875,0.6499866849313901,0.4783849087362813,0.10255887747081599,0.10250065500276556
basic,1680,50,20,0.35345226451597084,0.44833531746031746,0.7232433915587203,0.46350041285666227,0.12881127863237407,0.11581393926419768
basic,1680,50,20,0.4513369232266959,0.43449305555555556,0.7971230840538942,0.4487660858123937,0.15397451943134047,0.13013061198292739
basic,1680,50,20,0.5763296453813948,0.41961607142857144,0.8607107309450012,0.43450661651104994,0.18213877880029555,0.1421038489957681
basic,1680,50,20,0.7359377065160035,0.3937083333333333,0.8943909408403005,0.4243676872416451,0.21362012190849855,0.14362782876760316
basic,1680,50,20,0.9397474383147868,0.36180555555555555,0.9267792706333973,0.4105789744721548,0.25064371367615684,0.14338262340910762
basic,1680,50,20,1.2,0.31108035714285714,0.9646533936709305,0.3882357629617822,0.2996453194117881,0.14015860997090823
